time_s,ref_speed_kmh,segment,expected_phase,segment_desc
0.0,0.00,0,STOP_HOLD,start
0.1,0.09,1,STOP_HOLD,発進: クリープ→緩加速(低率p10級)・低速巡航20
0.2,0.18,1,STOP_HOLD,発進: クリープ→緩加速(低率p10級)・低速巡航20
0.3,0.27,1,STOP_HOLD,発進: クリープ→緩加速(低率p10級)・低速巡航20
0.4,0.36,1,STOP_HOLD,発進: クリープ→緩加速(低率p10級)・低速巡航20
0.5,0.45,1,STOP_HOLD,発進: クリープ→緩加速(低率p10級)・低速巡航20
0.6,0.54,1,DRIVE,発進: クリープ→緩加速(低率p10級)・低速巡航20
0.7,0.63,1,DRIVE,発進: クリープ→緩加速(低率p10級)・低速巡航20
0.8,0.72,1,DRIVE,発進: クリープ→緩加速(低率p10級)・低速巡航20
0.9,0.81,1,DRIVE,発進: クリープ→緩加速(低率p10級)・低速巡航20
1.0,0.90,1,DRIVE,発進: クリープ→緩加速(低率p10級)・低速巡航20
1.1,0.99,1,DRIVE,発進: クリープ→緩加速(低率p10級)・低速巡航20
1.2,1.08,1,DRIVE,発進: クリープ→緩加速(低率p10級)・低速巡航20
1.3,1.17,1,DRIVE,発進: クリープ→緩加速(低率p10級)・低速巡航20
1.4,1.26,1,DRIVE,発進: クリープ→緩加速(低率p10級)・低速巡航20
1.5,1.35,1,DRIVE,発進: クリープ→緩加速(低率p10級)・低速巡航20
1.6,1.44,1,DRIVE,発進: クリープ→緩加速(低率p10級)・低速巡航20
1.7,1.53,1,DRIVE,発進: クリープ→緩加速(低率p10級)・低速巡航20
1.8,1.62,1,DRIVE,発進: クリープ→緩加速(低率p10級)・低速巡航20
1.9,1.71,1,DRIVE,発進: クリープ→緩加速(低率p10級)・低速巡航20
2.0,1.80,1,DRIVE,発進: クリープ→緩加速(低率p10級)・低速巡航20
2.1,1.89,1,DRIVE,発進: クリープ→緩加速(低率p10級)・低速巡航20
2.2,1.98,1,DRIVE,発進: クリープ→緩加速(低率p10級)・低速巡航20
2.3,2.07,1,DRIVE,発進: クリープ→緩加速(低率p10級)・低速巡航20
2.4,2.16,1,DRIVE,発進: クリープ→緩加速(低率p10級)・低速巡航20
2.5,2.25,1,DRIVE,発進: クリープ→緩加速(低率p10級)・低速巡航20
2.6,2.34,1,DRIVE,発進: クリープ→緩加速(低率p10級)・低速巡航20
2.7,2.43,1,DRIVE,発進: クリープ→緩加速(低率p10級)・低速巡航20
2.8,2.52,1,DRIVE,発進: クリープ→緩加速(低率p10級)・低速巡航20
2.9,2.61,1,DRIVE,発進: クリープ→緩加速(低率p10級)・低速巡航20
3.0,2.70,1,DRIVE,発進: クリープ→緩加速(低率p10級)・低速巡航20
3.1,2.79,1,DRIVE,発進: クリープ→緩加速(低率p10級)・低速巡航20
3.2,2.88,1,DRIVE,発進: クリープ→緩加速(低率p10級)・低速巡航20
3.3,2.97,1,DRIVE,発進: クリープ→緩加速(低率p10級)・低速巡航20
3.4,3.06,1,DRIVE,発進: クリープ→緩加速(低率p10級)・低速巡航20
3.5,3.15,1,DRIVE,発進: クリープ→緩加速(低率p10級)・低速巡航20
3.6,3.24,1,DRIVE,発進: クリープ→緩加速(低率p10級)・低速巡航20
3.7,3.33,1,DRIVE,発進: クリープ→緩加速(低率p10級)・低速巡航20
3.8,3.42,1,DRIVE,発進: クリープ→緩加速(低率p10級)・低速巡航20
3.9,3.51,1,DRIVE,発進: クリープ→緩加速(低率p10級)・低速巡航20
4.0,3.60,1,DRIVE,発進: クリープ→緩加速(低率p10級)・低速巡航20
4.1,3.69,1,DRIVE,発進: クリープ→緩加速(低率p10級)・低速巡航20
4.2,3.78,1,DRIVE,発進: クリープ→緩加速(低率p10級)・低速巡航20
4.3,3.87,1,DRIVE,発進: クリープ→緩加速(低率p10級)・低速巡航20
4.4,3.96,1,DRIVE,発進: クリープ→緩加速(低率p10級)・低速巡航20
4.5,4.05,1,DRIVE,発進: クリープ→緩加速(低率p10級)・低速巡航20
4.6,4.14,1,DRIVE,発進: クリープ→緩加速(低率p10級)・低速巡航20
4.7,4.23,1,DRIVE,発進: クリープ→緩加速(低率p10級)・低速巡航20
4.8,4.32,1,DRIVE,発進: クリープ→緩加速(低率p10級)・低速巡航20
4.9,4.41,1,DRIVE,発進: クリープ→緩加速(低率p10級)・低速巡航20
5.0,4.50,1,DRIVE,発進: クリープ→緩加速(低率p10級)・低速巡航20
5.1,4.59,1,DRIVE,発進: クリープ→緩加速(低率p10級)・低速巡航20
5.2,4.68,1,DRIVE,発進: クリープ→緩加速(低率p10級)・低速巡航20
5.3,4.77,1,DRIVE,発進: クリープ→緩加速(低率p10級)・低速巡航20
5.4,4.86,1,DRIVE,発進: クリープ→緩加速(低率p10級)・低速巡航20
5.5,4.95,1,DRIVE,発進: クリープ→緩加速(低率p10級)・低速巡航20
5.6,5.05,1,DRIVE,発進: クリープ→緩加速(低率p10級)・低速巡航20
5.7,5.14,1,DRIVE,発進: クリープ→緩加速(低率p10級)・低速巡航20
5.8,5.23,1,DRIVE,発進: クリープ→緩加速(低率p10級)・低速巡航20
5.9,5.32,1,DRIVE,発進: クリープ→緩加速(低率p10級)・低速巡航20
6.0,5.41,1,DRIVE,発進: クリープ→緩加速(低率p10級)・低速巡航20
6.1,5.50,1,DRIVE,発進: クリープ→緩加速(低率p10級)・低速巡航20
6.2,5.59,1,DRIVE,発進: クリープ→緩加速(低率p10級)・低速巡航20
6.3,5.68,1,DRIVE,発進: クリープ→緩加速(低率p10級)・低速巡航20
6.4,5.77,1,DRIVE,発進: クリープ→緩加速(低率p10級)・低速巡航20
6.5,5.86,1,DRIVE,発進: クリープ→緩加速(低率p10級)・低速巡航20
6.6,5.95,1,DRIVE,発進: クリープ→緩加速(低率p10級)・低速巡航20
6.7,6.04,1,DRIVE,発進: クリープ→緩加速(低率p10級)・低速巡航20
6.8,6.13,1,DRIVE,発進: クリープ→緩加速(低率p10級)・低速巡航20
6.9,6.22,1,DRIVE,発進: クリープ→緩加速(低率p10級)・低速巡航20
7.0,6.31,1,DRIVE,発進: クリープ→緩加速(低率p10級)・低速巡航20
7.1,6.40,1,DRIVE,発進: クリープ→緩加速(低率p10級)・低速巡航20
7.2,6.49,1,DRIVE,発進: クリープ→緩加速(低率p10級)・低速巡航20
7.3,6.58,1,DRIVE,発進: クリープ→緩加速(低率p10級)・低速巡航20
7.4,6.67,1,DRIVE,発進: クリープ→緩加速(低率p10級)・低速巡航20
7.5,6.76,1,DRIVE,発進: クリープ→緩加速(低率p10級)・低速巡航20
7.6,6.85,1,DRIVE,発進: クリープ→緩加速(低率p10級)・低速巡航20
7.7,6.94,1,DRIVE,発進: クリープ→緩加速(低率p10級)・低速巡航20
7.8,7.03,1,DRIVE,発進: クリープ→緩加速(低率p10級)・低速巡航20
7.9,7.12,1,DRIVE,発進: クリープ→緩加速(低率p10級)・低速巡航20
8.0,7.21,1,DRIVE,発進: クリープ→緩加速(低率p10級)・低速巡航20
8.1,7.30,1,DRIVE,発進: クリープ→緩加速(低率p10級)・低速巡航20
8.2,7.39,1,DRIVE,発進: クリープ→緩加速(低率p10級)・低速巡航20
8.3,7.48,1,DRIVE,発進: クリープ→緩加速(低率p10級)・低速巡航20
8.4,7.57,1,DRIVE,発進: クリープ→緩加速(低率p10級)・低速巡航20
8.5,7.66,1,DRIVE,発進: クリープ→緩加速(低率p10級)・低速巡航20
8.6,7.75,1,DRIVE,発進: クリープ→緩加速(低率p10級)・低速巡航20
8.7,7.84,1,DRIVE,発進: クリープ→緩加速(低率p10級)・低速巡航20
8.8,7.93,1,DRIVE,発進: クリープ→緩加速(低率p10級)・低速巡航20
8.9,8.02,1,DRIVE,発進: クリープ→緩加速(低率p10級)・低速巡航20
9.0,8.11,1,DRIVE,発進: クリープ→緩加速(低率p10級)・低速巡航20
9.1,8.20,1,DRIVE,発進: クリープ→緩加速(低率p10級)・低速巡航20
9.2,8.29,1,DRIVE,発進: クリープ→緩加速(低率p10級)・低速巡航20
9.3,8.38,1,DRIVE,発進: クリープ→緩加速(低率p10級)・低速巡航20
9.4,8.47,1,DRIVE,発進: クリープ→緩加速(低率p10級)・低速巡航20
9.5,8.56,1,DRIVE,発進: クリープ→緩加速(低率p10級)・低速巡航20
9.6,8.65,1,DRIVE,発進: クリープ→緩加速(低率p10級)・低速巡航20
9.7,8.74,1,DRIVE,発進: クリープ→緩加速(低率p10級)・低速巡航20
9.8,8.83,1,DRIVE,発進: クリープ→緩加速(低率p10級)・低速巡航20
9.9,8.92,1,DRIVE,発進: クリープ→緩加速(低率p10級)・低速巡航20
10.0,9.01,1,DRIVE,発進: クリープ→緩加速(低率p10級)・低速巡航20
10.1,9.10,1,DRIVE,発進: クリープ→緩加速(低率p10級)・低速巡航20
10.2,9.19,1,DRIVE,発進: クリープ→緩加速(低率p10級)・低速巡航20
10.3,9.28,1,DRIVE,発進: クリープ→緩加速(低率p10級)・低速巡航20
10.4,9.37,1,DRIVE,発進: クリープ→緩加速(低率p10級)・低速巡航20
10.5,9.46,1,DRIVE,発進: クリープ→緩加速(低率p10級)・低速巡航20
10.6,9.55,1,DRIVE,発進: クリープ→緩加速(低率p10級)・低速巡航20
10.7,9.64,1,DRIVE,発進: クリープ→緩加速(低率p10級)・低速巡航20
10.8,9.73,1,DRIVE,発進: クリープ→緩加速(低率p10級)・低速巡航20
10.9,9.82,1,DRIVE,発進: クリープ→緩加速(低率p10級)・低速巡航20
11.0,9.91,1,DRIVE,発進: クリープ→緩加速(低率p10級)・低速巡航20
11.1,10.00,1,DRIVE,発進: クリープ→緩加速(低率p10級)・低速巡航20
11.2,10.09,1,DRIVE,発進: クリープ→緩加速(低率p10級)・低速巡航20
11.3,10.18,1,DRIVE,発進: クリープ→緩加速(低率p10級)・低速巡航20
11.4,10.27,1,DRIVE,発進: クリープ→緩加速(低率p10級)・低速巡航20
11.5,10.36,1,DRIVE,発進: クリープ→緩加速(低率p10級)・低速巡航20
11.6,10.45,1,DRIVE,発進: クリープ→緩加速(低率p10級)・低速巡航20
11.7,10.54,1,DRIVE,発進: クリープ→緩加速(低率p10級)・低速巡航20
11.8,10.63,1,DRIVE,発進: クリープ→緩加速(低率p10級)・低速巡航20
11.9,10.72,1,DRIVE,発進: クリープ→緩加速(低率p10級)・低速巡航20
12.0,10.81,1,DRIVE,発進: クリープ→緩加速(低率p10級)・低速巡航20
12.1,10.90,1,DRIVE,発進: クリープ→緩加速(低率p10級)・低速巡航20
12.2,10.99,1,DRIVE,発進: クリープ→緩加速(低率p10級)・低速巡航20
12.3,11.08,1,DRIVE,発進: クリープ→緩加速(低率p10級)・低速巡航20
12.4,11.17,1,DRIVE,発進: クリープ→緩加速(低率p10級)・低速巡航20
12.5,11.26,1,DRIVE,発進: クリープ→緩加速(低率p10級)・低速巡航20
12.6,11.35,1,DRIVE,発進: クリープ→緩加速(低率p10級)・低速巡航20
12.7,11.44,1,DRIVE,発進: クリープ→緩加速(低率p10級)・低速巡航20
12.8,11.53,1,DRIVE,発進: クリープ→緩加速(低率p10級)・低速巡航20
12.9,11.62,1,DRIVE,発進: クリープ→緩加速(低率p10級)・低速巡航20
13.0,11.71,1,DRIVE,発進: クリープ→緩加速(低率p10級)・低速巡航20
13.1,11.80,1,DRIVE,発進: クリープ→緩加速(低率p10級)・低速巡航20
13.2,11.89,1,DRIVE,発進: クリープ→緩加速(低率p10級)・低速巡航20
13.3,11.98,1,DRIVE,発進: クリープ→緩加速(低率p10級)・低速巡航20
13.4,12.07,1,DRIVE,発進: クリープ→緩加速(低率p10級)・低速巡航20
13.5,12.16,1,DRIVE,発進: クリープ→緩加速(低率p10級)・低速巡航20
13.6,12.25,1,DRIVE,発進: クリープ→緩加速(低率p10級)・低速巡航20
13.7,12.34,1,DRIVE,発進: クリープ→緩加速(低率p10級)・低速巡航20
13.8,12.43,1,DRIVE,発進: クリープ→緩加速(低率p10級)・低速巡航20
13.9,12.52,1,DRIVE,発進: クリープ→緩加速(低率p10級)・低速巡航20
14.0,12.61,1,DRIVE,発進: クリープ→緩加速(低率p10級)・低速巡航20
14.1,12.70,1,DRIVE,発進: クリープ→緩加速(低率p10級)・低速巡航20
14.2,12.79,1,DRIVE,発進: クリープ→緩加速(低率p10級)・低速巡航20
14.3,12.88,1,DRIVE,発進: クリープ→緩加速(低率p10級)・低速巡航20
14.4,12.97,1,DRIVE,発進: クリープ→緩加速(低率p10級)・低速巡航20
14.5,13.06,1,DRIVE,発進: クリープ→緩加速(低率p10級)・低速巡航20
14.6,13.15,1,DRIVE,発進: クリープ→緩加速(低率p10級)・低速巡航20
14.7,13.24,1,DRIVE,発進: クリープ→緩加速(低率p10級)・低速巡航20
14.8,13.33,1,DRIVE,発進: クリープ→緩加速(低率p10級)・低速巡航20
14.9,13.42,1,DRIVE,発進: クリープ→緩加速(低率p10級)・低速巡航20
15.0,13.51,1,DRIVE,発進: クリープ→緩加速(低率p10級)・低速巡航20
15.1,13.60,1,DRIVE,発進: クリープ→緩加速(低率p10級)・低速巡航20
15.2,13.69,1,DRIVE,発進: クリープ→緩加速(低率p10級)・低速巡航20
15.3,13.78,1,DRIVE,発進: クリープ→緩加速(低率p10級)・低速巡航20
15.4,13.87,1,DRIVE,発進: クリープ→緩加速(低率p10級)・低速巡航20
15.5,13.96,1,DRIVE,発進: クリープ→緩加速(低率p10級)・低速巡航20
15.6,14.05,1,DRIVE,発進: クリープ→緩加速(低率p10級)・低速巡航20
15.7,14.14,1,DRIVE,発進: クリープ→緩加速(低率p10級)・低速巡航20
15.8,14.23,1,DRIVE,発進: クリープ→緩加速(低率p10級)・低速巡航20
15.9,14.32,1,DRIVE,発進: クリープ→緩加速(低率p10級)・低速巡航20
16.0,14.41,1,DRIVE,発進: クリープ→緩加速(低率p10級)・低速巡航20
16.1,14.50,1,DRIVE,発進: クリープ→緩加速(低率p10級)・低速巡航20
16.2,14.59,1,DRIVE,発進: クリープ→緩加速(低率p10級)・低速巡航20
16.3,14.68,1,DRIVE,発進: クリープ→緩加速(低率p10級)・低速巡航20
16.4,14.77,1,DRIVE,発進: クリープ→緩加速(低率p10級)・低速巡航20
16.5,14.86,1,DRIVE,発進: クリープ→緩加速(低率p10級)・低速巡航20
16.6,14.95,1,DRIVE,発進: クリープ→緩加速(低率p10級)・低速巡航20
16.7,15.05,1,DRIVE,発進: クリープ→緩加速(低率p10級)・低速巡航20
16.8,15.14,1,DRIVE,発進: クリープ→緩加速(低率p10級)・低速巡航20
16.9,15.23,1,DRIVE,発進: クリープ→緩加速(低率p10級)・低速巡航20
17.0,15.32,1,DRIVE,発進: クリープ→緩加速(低率p10級)・低速巡航20
17.1,15.41,1,DRIVE,発進: クリープ→緩加速(低率p10級)・低速巡航20
17.2,15.50,1,DRIVE,発進: クリープ→緩加速(低率p10級)・低速巡航20
17.3,15.59,1,DRIVE,発進: クリープ→緩加速(低率p10級)・低速巡航20
17.4,15.68,1,DRIVE,発進: クリープ→緩加速(低率p10級)・低速巡航20
17.5,15.77,1,DRIVE,発進: クリープ→緩加速(低率p10級)・低速巡航20
17.6,15.86,1,DRIVE,発進: クリープ→緩加速(低率p10級)・低速巡航20
17.7,15.95,1,DRIVE,発進: クリープ→緩加速(低率p10級)・低速巡航20
17.8,16.04,1,DRIVE,発進: クリープ→緩加速(低率p10級)・低速巡航20
17.9,16.13,1,DRIVE,発進: クリープ→緩加速(低率p10級)・低速巡航20
18.0,16.22,1,DRIVE,発進: クリープ→緩加速(低率p10級)・低速巡航20
18.1,16.31,1,DRIVE,発進: クリープ→緩加速(低率p10級)・低速巡航20
18.2,16.40,1,DRIVE,発進: クリープ→緩加速(低率p10級)・低速巡航20
18.3,16.49,1,DRIVE,発進: クリープ→緩加速(低率p10級)・低速巡航20
18.4,16.58,1,DRIVE,発進: クリープ→緩加速(低率p10級)・低速巡航20
18.5,16.67,1,DRIVE,発進: クリープ→緩加速(低率p10級)・低速巡航20
18.6,16.76,1,DRIVE,発進: クリープ→緩加速(低率p10級)・低速巡航20
18.7,16.85,1,DRIVE,発進: クリープ→緩加速(低率p10級)・低速巡航20
18.8,16.94,1,DRIVE,発進: クリープ→緩加速(低率p10級)・低速巡航20
18.9,17.03,1,DRIVE,発進: クリープ→緩加速(低率p10級)・低速巡航20
19.0,17.12,1,DRIVE,発進: クリープ→緩加速(低率p10級)・低速巡航20
19.1,17.21,1,DRIVE,発進: クリープ→緩加速(低率p10級)・低速巡航20
19.2,17.30,1,DRIVE,発進: クリープ→緩加速(低率p10級)・低速巡航20
19.3,17.39,1,DRIVE,発進: クリープ→緩加速(低率p10級)・低速巡航20
19.4,17.48,1,DRIVE,発進: クリープ→緩加速(低率p10級)・低速巡航20
19.5,17.57,1,DRIVE,発進: クリープ→緩加速(低率p10級)・低速巡航20
19.6,17.66,1,DRIVE,発進: クリープ→緩加速(低率p10級)・低速巡航20
19.7,17.75,1,DRIVE,発進: クリープ→緩加速(低率p10級)・低速巡航20
19.8,17.84,1,DRIVE,発進: クリープ→緩加速(低率p10級)・低速巡航20
19.9,17.93,1,DRIVE,発進: クリープ→緩加速(低率p10級)・低速巡航20
20.0,18.02,1,DRIVE,発進: クリープ→緩加速(低率p10級)・低速巡航20
20.1,18.11,1,DRIVE,発進: クリープ→緩加速(低率p10級)・低速巡航20
20.2,18.20,1,DRIVE,発進: クリープ→緩加速(低率p10級)・低速巡航20
20.3,18.29,1,DRIVE,発進: クリープ→緩加速(低率p10級)・低速巡航20
20.4,18.38,1,DRIVE,発進: クリープ→緩加速(低率p10級)・低速巡航20
20.5,18.47,1,DRIVE,発進: クリープ→緩加速(低率p10級)・低速巡航20
20.6,18.56,1,DRIVE,発進: クリープ→緩加速(低率p10級)・低速巡航20
20.7,18.65,1,DRIVE,発進: クリープ→緩加速(低率p10級)・低速巡航20
20.8,18.74,1,DRIVE,発進: クリープ→緩加速(低率p10級)・低速巡航20
20.9,18.83,1,DRIVE,発進: クリープ→緩加速(低率p10級)・低速巡航20
21.0,18.92,1,DRIVE,発進: クリープ→緩加速(低率p10級)・低速巡航20
21.1,19.01,1,DRIVE,発進: クリープ→緩加速(低率p10級)・低速巡航20
21.2,19.10,1,DRIVE,発進: クリープ→緩加速(低率p10級)・低速巡航20
21.3,19.19,1,DRIVE,発進: クリープ→緩加速(低率p10級)・低速巡航20
21.4,19.28,1,DRIVE,発進: クリープ→緩加速(低率p10級)・低速巡航20
21.5,19.37,1,DRIVE,発進: クリープ→緩加速(低率p10級)・低速巡航20
21.6,19.46,1,DRIVE,発進: クリープ→緩加速(低率p10級)・低速巡航20
21.7,19.55,1,DRIVE,発進: クリープ→緩加速(低率p10級)・低速巡航20
21.8,19.64,1,DRIVE,発進: クリープ→緩加速(低率p10級)・低速巡航20
21.9,19.73,1,DRIVE,発進: クリープ→緩加速(低率p10級)・低速巡航20
22.0,19.82,1,DRIVE,発進: クリープ→緩加速(低率p10級)・低速巡航20
22.1,19.91,1,DRIVE,発進: クリープ→緩加速(低率p10級)・低速巡航20
22.2,20.00,1,DRIVE,発進: クリープ→緩加速(低率p10級)・低速巡航20
22.3,20.00,1,DRIVE,発進: クリープ→緩加速(低率p10級)・低速巡航20
22.4,20.00,1,DRIVE,発進: クリープ→緩加速(低率p10級)・低速巡航20
22.5,20.00,1,DRIVE,発進: クリープ→緩加速(低率p10級)・低速巡航20
22.6,20.00,1,DRIVE,発進: クリープ→緩加速(低率p10級)・低速巡航20
22.7,20.00,1,DRIVE,発進: クリープ→緩加速(低率p10級)・低速巡航20
22.8,20.00,1,DRIVE,発進: クリープ→緩加速(低率p10級)・低速巡航20
22.9,20.00,1,DRIVE,発進: クリープ→緩加速(低率p10級)・低速巡航20
23.0,20.00,1,DRIVE,発進: クリープ→緩加速(低率p10級)・低速巡航20
23.1,20.00,1,DRIVE,発進: クリープ→緩加速(低率p10級)・低速巡航20
23.2,20.00,1,DRIVE,発進: クリープ→緩加速(低率p10級)・低速巡航20
23.3,20.00,1,DRIVE,発進: クリープ→緩加速(低率p10級)・低速巡航20
23.4,20.00,1,DRIVE,発進: クリープ→緩加速(低率p10級)・低速巡航20
23.5,20.00,1,DRIVE,発進: クリープ→緩加速(低率p10級)・低速巡航20
23.6,20.00,1,DRIVE,発進: クリープ→緩加速(低率p10級)・低速巡航20
23.7,20.00,1,DRIVE,発進: クリープ→緩加速(低率p10級)・低速巡航20
23.8,20.00,1,DRIVE,発進: クリープ→緩加速(低率p10級)・低速巡航20
23.9,20.00,1,DRIVE,発進: クリープ→緩加速(低率p10級)・低速巡航20
24.0,20.00,1,DRIVE,発進: クリープ→緩加速(低率p10級)・低速巡航20
24.1,20.00,1,DRIVE,発進: クリープ→緩加速(低率p10級)・低速巡航20
24.2,20.00,1,DRIVE,発進: クリープ→緩加速(低率p10級)・低速巡航20
24.3,20.00,1,DRIVE,発進: クリープ→緩加速(低率p10級)・低速巡航20
24.4,20.00,1,DRIVE,発進: クリープ→緩加速(低率p10級)・低速巡航20
24.5,20.00,1,DRIVE,発進: クリープ→緩加速(低率p10級)・低速巡航20
24.6,20.00,1,DRIVE,発進: クリープ→緩加速(低率p10級)・低速巡航20
24.7,20.00,1,DRIVE,発進: クリープ→緩加速(低率p10級)・低速巡航20
24.8,20.00,1,DRIVE,発進: クリープ→緩加速(低率p10級)・低速巡航20
24.9,20.00,1,DRIVE,発進: クリープ→緩加速(低率p10級)・低速巡航20
25.0,20.00,1,DRIVE,発進: クリープ→緩加速(低率p10級)・低速巡航20
25.1,20.00,1,DRIVE,発進: クリープ→緩加速(低率p10級)・低速巡航20
25.2,20.00,1,DRIVE,発進: クリープ→緩加速(低率p10級)・低速巡航20
25.3,20.00,1,DRIVE,発進: クリープ→緩加速(低率p10級)・低速巡航20
25.4,20.00,1,DRIVE,発進: クリープ→緩加速(低率p10級)・低速巡航20
25.5,20.00,1,DRIVE,発進: クリープ→緩加速(低率p10級)・低速巡航20
25.6,20.00,1,DRIVE,発進: クリープ→緩加速(低率p10級)・低速巡航20
25.7,20.00,1,DRIVE,発進: クリープ→緩加速(低率p10級)・低速巡航20
25.8,20.00,1,DRIVE,発進: クリープ→緩加速(低率p10級)・低速巡航20
25.9,20.00,1,DRIVE,発進: クリープ→緩加速(低率p10級)・低速巡航20
26.0,20.00,1,DRIVE,発進: クリープ→緩加速(低率p10級)・低速巡航20
26.1,20.00,1,DRIVE,発進: クリープ→緩加速(低率p10級)・低速巡航20
26.2,20.00,1,DRIVE,発進: クリープ→緩加速(低率p10級)・低速巡航20
26.3,20.00,1,DRIVE,発進: クリープ→緩加速(低率p10級)・低速巡航20
26.4,20.00,1,DRIVE,発進: クリープ→緩加速(低率p10級)・低速巡航20
26.5,20.00,1,DRIVE,発進: クリープ→緩加速(低率p10級)・低速巡航20
26.6,20.00,1,DRIVE,発進: クリープ→緩加速(低率p10級)・低速巡航20
26.7,20.00,1,DRIVE,発進: クリープ→緩加速(低率p10級)・低速巡航20
26.8,20.00,1,DRIVE,発進: クリープ→緩加速(低率p10級)・低速巡航20
26.9,20.00,1,DRIVE,発進: クリープ→緩加速(低率p10級)・低速巡航20
27.0,20.00,1,DRIVE,発進: クリープ→緩加速(低率p10級)・低速巡航20
27.1,20.00,1,DRIVE,発進: クリープ→緩加速(低率p10級)・低速巡航20
27.2,20.00,1,DRIVE,発進: クリープ→緩加速(低率p10級)・低速巡航20
27.3,20.00,1,DRIVE,発進: クリープ→緩加速(低率p10級)・低速巡航20
27.4,20.00,1,DRIVE,発進: クリープ→緩加速(低率p10級)・低速巡航20
27.5,20.00,1,DRIVE,発進: クリープ→緩加速(低率p10級)・低速巡航20
27.6,20.00,1,DRIVE,発進: クリープ→緩加速(低率p10級)・低速巡航20
27.7,20.00,1,DRIVE,発進: クリープ→緩加速(低率p10級)・低速巡航20
27.8,20.00,1,DRIVE,発進: クリープ→緩加速(低率p10級)・低速巡航20
27.9,20.00,1,DRIVE,発進: クリープ→緩加速(低率p10級)・低速巡航20
28.0,20.00,1,DRIVE,発進: クリープ→緩加速(低率p10級)・低速巡航20
28.1,20.00,1,DRIVE,発進: クリープ→緩加速(低率p10級)・低速巡航20
28.2,20.00,1,DRIVE,発進: クリープ→緩加速(低率p10級)・低速巡航20
28.3,20.17,2,DRIVE,中率加速(p50)→巡航47(WLTP Low/Mid代表)
28.4,20.34,2,DRIVE,中率加速(p50)→巡航47(WLTP Low/Mid代表)
28.5,20.51,2,DRIVE,中率加速(p50)→巡航47(WLTP Low/Mid代表)
28.6,20.68,2,DRIVE,中率加速(p50)→巡航47(WLTP Low/Mid代表)
28.7,20.85,2,DRIVE,中率加速(p50)→巡航47(WLTP Low/Mid代表)
28.8,21.02,2,DRIVE,中率加速(p50)→巡航47(WLTP Low/Mid代表)
28.9,21.19,2,DRIVE,中率加速(p50)→巡航47(WLTP Low/Mid代表)
29.0,21.36,2,DRIVE,中率加速(p50)→巡航47(WLTP Low/Mid代表)
29.1,21.53,2,DRIVE,中率加速(p50)→巡航47(WLTP Low/Mid代表)
29.2,21.70,2,DRIVE,中率加速(p50)→巡航47(WLTP Low/Mid代表)
29.3,21.87,2,DRIVE,中率加速(p50)→巡航47(WLTP Low/Mid代表)
29.4,22.04,2,DRIVE,中率加速(p50)→巡航47(WLTP Low/Mid代表)
29.5,22.21,2,DRIVE,中率加速(p50)→巡航47(WLTP Low/Mid代表)
29.6,22.38,2,DRIVE,中率加速(p50)→巡航47(WLTP Low/Mid代表)
29.7,22.55,2,DRIVE,中率加速(p50)→巡航47(WLTP Low/Mid代表)
29.8,22.72,2,DRIVE,中率加速(p50)→巡航47(WLTP Low/Mid代表)
29.9,22.89,2,DRIVE,中率加速(p50)→巡航47(WLTP Low/Mid代表)
30.0,23.06,2,DRIVE,中率加速(p50)→巡航47(WLTP Low/Mid代表)
30.1,23.23,2,DRIVE,中率加速(p50)→巡航47(WLTP Low/Mid代表)
30.2,23.40,2,DRIVE,中率加速(p50)→巡航47(WLTP Low/Mid代表)
30.3,23.57,2,DRIVE,中率加速(p50)→巡航47(WLTP Low/Mid代表)
30.4,23.74,2,DRIVE,中率加速(p50)→巡航47(WLTP Low/Mid代表)
30.5,23.91,2,DRIVE,中率加速(p50)→巡航47(WLTP Low/Mid代表)
30.6,24.08,2,DRIVE,中率加速(p50)→巡航47(WLTP Low/Mid代表)
30.7,24.25,2,DRIVE,中率加速(p50)→巡航47(WLTP Low/Mid代表)
30.8,24.42,2,DRIVE,中率加速(p50)→巡航47(WLTP Low/Mid代表)
30.9,24.58,2,DRIVE,中率加速(p50)→巡航47(WLTP Low/Mid代表)
31.0,24.75,2,DRIVE,中率加速(p50)→巡航47(WLTP Low/Mid代表)
31.1,24.92,2,DRIVE,中率加速(p50)→巡航47(WLTP Low/Mid代表)
31.2,25.09,2,DRIVE,中率加速(p50)→巡航47(WLTP Low/Mid代表)
31.3,25.26,2,DRIVE,中率加速(p50)→巡航47(WLTP Low/Mid代表)
31.4,25.43,2,DRIVE,中率加速(p50)→巡航47(WLTP Low/Mid代表)
31.5,25.60,2,DRIVE,中率加速(p50)→巡航47(WLTP Low/Mid代表)
31.6,25.77,2,DRIVE,中率加速(p50)→巡航47(WLTP Low/Mid代表)
31.7,25.94,2,DRIVE,中率加速(p50)→巡航47(WLTP Low/Mid代表)
31.8,26.11,2,DRIVE,中率加速(p50)→巡航47(WLTP Low/Mid代表)
31.9,26.28,2,DRIVE,中率加速(p50)→巡航47(WLTP Low/Mid代表)
32.0,26.45,2,DRIVE,中率加速(p50)→巡航47(WLTP Low/Mid代表)
32.1,26.62,2,DRIVE,中率加速(p50)→巡航47(WLTP Low/Mid代表)
32.2,26.79,2,DRIVE,中率加速(p50)→巡航47(WLTP Low/Mid代表)
32.3,26.96,2,DRIVE,中率加速(p50)→巡航47(WLTP Low/Mid代表)
32.4,27.13,2,DRIVE,中率加速(p50)→巡航47(WLTP Low/Mid代表)
32.5,27.30,2,DRIVE,中率加速(p50)→巡航47(WLTP Low/Mid代表)
32.6,27.47,2,DRIVE,中率加速(p50)→巡航47(WLTP Low/Mid代表)
32.7,27.64,2,DRIVE,中率加速(p50)→巡航47(WLTP Low/Mid代表)
32.8,27.81,2,DRIVE,中率加速(p50)→巡航47(WLTP Low/Mid代表)
32.9,27.98,2,DRIVE,中率加速(p50)→巡航47(WLTP Low/Mid代表)
33.0,28.15,2,DRIVE,中率加速(p50)→巡航47(WLTP Low/Mid代表)
33.1,28.32,2,DRIVE,中率加速(p50)→巡航47(WLTP Low/Mid代表)
33.2,28.49,2,DRIVE,中率加速(p50)→巡航47(WLTP Low/Mid代表)
33.3,28.66,2,DRIVE,中率加速(p50)→巡航47(WLTP Low/Mid代表)
33.4,28.83,2,DRIVE,中率加速(p50)→巡航47(WLTP Low/Mid代表)
33.5,29.00,2,DRIVE,中率加速(p50)→巡航47(WLTP Low/Mid代表)
33.6,29.17,2,DRIVE,中率加速(p50)→巡航47(WLTP Low/Mid代表)
33.7,29.34,2,DRIVE,中率加速(p50)→巡航47(WLTP Low/Mid代表)
33.8,29.51,2,DRIVE,中率加速(p50)→巡航47(WLTP Low/Mid代表)
33.9,29.68,2,DRIVE,中率加速(p50)→巡航47(WLTP Low/Mid代表)
34.0,29.85,2,DRIVE,中率加速(p50)→巡航47(WLTP Low/Mid代表)
34.1,30.02,2,DRIVE,中率加速(p50)→巡航47(WLTP Low/Mid代表)
34.2,30.19,2,DRIVE,中率加速(p50)→巡航47(WLTP Low/Mid代表)
34.3,30.36,2,DRIVE,中率加速(p50)→巡航47(WLTP Low/Mid代表)
34.4,30.53,2,DRIVE,中率加速(p50)→巡航47(WLTP Low/Mid代表)
34.5,30.70,2,DRIVE,中率加速(p50)→巡航47(WLTP Low/Mid代表)
34.6,30.87,2,DRIVE,中率加速(p50)→巡航47(WLTP Low/Mid代表)
34.7,31.04,2,DRIVE,中率加速(p50)→巡航47(WLTP Low/Mid代表)
34.8,31.21,2,DRIVE,中率加速(p50)→巡航47(WLTP Low/Mid代表)
34.9,31.38,2,DRIVE,中率加速(p50)→巡航47(WLTP Low/Mid代表)
35.0,31.55,2,DRIVE,中率加速(p50)→巡航47(WLTP Low/Mid代表)
35.1,31.72,2,DRIVE,中率加速(p50)→巡航47(WLTP Low/Mid代表)
35.2,31.89,2,DRIVE,中率加速(p50)→巡航47(WLTP Low/Mid代表)
35.3,32.06,2,DRIVE,中率加速(p50)→巡航47(WLTP Low/Mid代表)
35.4,32.23,2,DRIVE,中率加速(p50)→巡航47(WLTP Low/Mid代表)
35.5,32.40,2,DRIVE,中率加速(p50)→巡航47(WLTP Low/Mid代表)
35.6,32.57,2,DRIVE,中率加速(p50)→巡航47(WLTP Low/Mid代表)
35.7,32.74,2,DRIVE,中率加速(p50)→巡航47(WLTP Low/Mid代表)
35.8,32.91,2,DRIVE,中率加速(p50)→巡航47(WLTP Low/Mid代表)
35.9,33.08,2,DRIVE,中率加速(p50)→巡航47(WLTP Low/Mid代表)
36.0,33.25,2,DRIVE,中率加速(p50)→巡航47(WLTP Low/Mid代表)
36.1,33.42,2,DRIVE,中率加速(p50)→巡航47(WLTP Low/Mid代表)
36.2,33.58,2,DRIVE,中率加速(p50)→巡航47(WLTP Low/Mid代表)
36.3,33.75,2,DRIVE,中率加速(p50)→巡航47(WLTP Low/Mid代表)
36.4,33.92,2,DRIVE,中率加速(p50)→巡航47(WLTP Low/Mid代表)
36.5,34.09,2,DRIVE,中率加速(p50)→巡航47(WLTP Low/Mid代表)
36.6,34.26,2,DRIVE,中率加速(p50)→巡航47(WLTP Low/Mid代表)
36.7,34.43,2,DRIVE,中率加速(p50)→巡航47(WLTP Low/Mid代表)
36.8,34.60,2,DRIVE,中率加速(p50)→巡航47(WLTP Low/Mid代表)
36.9,34.77,2,DRIVE,中率加速(p50)→巡航47(WLTP Low/Mid代表)
37.0,34.94,2,DRIVE,中率加速(p50)→巡航47(WLTP Low/Mid代表)
37.1,35.11,2,DRIVE,中率加速(p50)→巡航47(WLTP Low/Mid代表)
37.2,35.28,2,DRIVE,中率加速(p50)→巡航47(WLTP Low/Mid代表)
37.3,35.45,2,DRIVE,中率加速(p50)→巡航47(WLTP Low/Mid代表)
37.4,35.62,2,DRIVE,中率加速(p50)→巡航47(WLTP Low/Mid代表)
37.5,35.79,2,DRIVE,中率加速(p50)→巡航47(WLTP Low/Mid代表)
37.6,35.96,2,DRIVE,中率加速(p50)→巡航47(WLTP Low/Mid代表)
37.7,36.13,2,DRIVE,中率加速(p50)→巡航47(WLTP Low/Mid代表)
37.8,36.30,2,DRIVE,中率加速(p50)→巡航47(WLTP Low/Mid代表)
37.9,36.47,2,DRIVE,中率加速(p50)→巡航47(WLTP Low/Mid代表)
38.0,36.64,2,DRIVE,中率加速(p50)→巡航47(WLTP Low/Mid代表)
38.1,36.81,2,DRIVE,中率加速(p50)→巡航47(WLTP Low/Mid代表)
38.2,36.98,2,DRIVE,中率加速(p50)→巡航47(WLTP Low/Mid代表)
38.3,37.15,2,DRIVE,中率加速(p50)→巡航47(WLTP Low/Mid代表)
38.4,37.32,2,DRIVE,中率加速(p50)→巡航47(WLTP Low/Mid代表)
38.5,37.49,2,DRIVE,中率加速(p50)→巡航47(WLTP Low/Mid代表)
38.6,37.66,2,DRIVE,中率加速(p50)→巡航47(WLTP Low/Mid代表)
38.7,37.83,2,DRIVE,中率加速(p50)→巡航47(WLTP Low/Mid代表)
38.8,38.00,2,DRIVE,中率加速(p50)→巡航47(WLTP Low/Mid代表)
38.9,38.17,2,DRIVE,中率加速(p50)→巡航47(WLTP Low/Mid代表)
39.0,38.34,2,DRIVE,中率加速(p50)→巡航47(WLTP Low/Mid代表)
39.1,38.51,2,DRIVE,中率加速(p50)→巡航47(WLTP Low/Mid代表)
39.2,38.68,2,DRIVE,中率加速(p50)→巡航47(WLTP Low/Mid代表)
39.3,38.85,2,DRIVE,中率加速(p50)→巡航47(WLTP Low/Mid代表)
39.4,39.02,2,DRIVE,中率加速(p50)→巡航47(WLTP Low/Mid代表)
39.5,39.19,2,DRIVE,中率加速(p50)→巡航47(WLTP Low/Mid代表)
39.6,39.36,2,DRIVE,中率加速(p50)→巡航47(WLTP Low/Mid代表)
39.7,39.53,2,DRIVE,中率加速(p50)→巡航47(WLTP Low/Mid代表)
39.8,39.70,2,DRIVE,中率加速(p50)→巡航47(WLTP Low/Mid代表)
39.9,39.87,2,DRIVE,中率加速(p50)→巡航47(WLTP Low/Mid代表)
40.0,40.04,2,DRIVE,中率加速(p50)→巡航47(WLTP Low/Mid代表)
40.1,40.21,2,DRIVE,中率加速(p50)→巡航47(WLTP Low/Mid代表)
40.2,40.38,2,DRIVE,中率加速(p50)→巡航47(WLTP Low/Mid代表)
40.3,40.55,2,DRIVE,中率加速(p50)→巡航47(WLTP Low/Mid代表)
40.4,40.72,2,DRIVE,中率加速(p50)→巡航47(WLTP Low/Mid代表)
40.5,40.89,2,DRIVE,中率加速(p50)→巡航47(WLTP Low/Mid代表)
40.6,41.06,2,DRIVE,中率加速(p50)→巡航47(WLTP Low/Mid代表)
40.7,41.23,2,DRIVE,中率加速(p50)→巡航47(WLTP Low/Mid代表)
40.8,41.40,2,DRIVE,中率加速(p50)→巡航47(WLTP Low/Mid代表)
40.9,41.57,2,DRIVE,中率加速(p50)→巡航47(WLTP Low/Mid代表)
41.0,41.74,2,DRIVE,中率加速(p50)→巡航47(WLTP Low/Mid代表)
41.1,41.91,2,DRIVE,中率加速(p50)→巡航47(WLTP Low/Mid代表)
41.2,42.08,2,DRIVE,中率加速(p50)→巡航47(WLTP Low/Mid代表)
41.3,42.25,2,DRIVE,中率加速(p50)→巡航47(WLTP Low/Mid代表)
41.4,42.42,2,DRIVE,中率加速(p50)→巡航47(WLTP Low/Mid代表)
41.5,42.58,2,DRIVE,中率加速(p50)→巡航47(WLTP Low/Mid代表)
41.6,42.75,2,DRIVE,中率加速(p50)→巡航47(WLTP Low/Mid代表)
41.7,42.92,2,DRIVE,中率加速(p50)→巡航47(WLTP Low/Mid代表)
41.8,43.09,2,DRIVE,中率加速(p50)→巡航47(WLTP Low/Mid代表)
41.9,43.26,2,DRIVE,中率加速(p50)→巡航47(WLTP Low/Mid代表)
42.0,43.43,2,DRIVE,中率加速(p50)→巡航47(WLTP Low/Mid代表)
42.1,43.60,2,DRIVE,中率加速(p50)→巡航47(WLTP Low/Mid代表)
42.2,43.77,2,DRIVE,中率加速(p50)→巡航47(WLTP Low/Mid代表)
42.3,43.94,2,DRIVE,中率加速(p50)→巡航47(WLTP Low/Mid代表)
42.4,44.11,2,DRIVE,中率加速(p50)→巡航47(WLTP Low/Mid代表)
42.5,44.28,2,DRIVE,中率加速(p50)→巡航47(WLTP Low/Mid代表)
42.6,44.45,2,DRIVE,中率加速(p50)→巡航47(WLTP Low/Mid代表)
42.7,44.62,2,DRIVE,中率加速(p50)→巡航47(WLTP Low/Mid代表)
42.8,44.79,2,DRIVE,中率加速(p50)→巡航47(WLTP Low/Mid代表)
42.9,44.96,2,DRIVE,中率加速(p50)→巡航47(WLTP Low/Mid代表)
43.0,45.13,2,DRIVE,中率加速(p50)→巡航47(WLTP Low/Mid代表)
43.1,45.30,2,DRIVE,中率加速(p50)→巡航47(WLTP Low/Mid代表)
43.2,45.47,2,DRIVE,中率加速(p50)→巡航47(WLTP Low/Mid代表)
43.3,45.64,2,DRIVE,中率加速(p50)→巡航47(WLTP Low/Mid代表)
43.4,45.81,2,DRIVE,中率加速(p50)→巡航47(WLTP Low/Mid代表)
43.5,45.98,2,DRIVE,中率加速(p50)→巡航47(WLTP Low/Mid代表)
43.6,46.15,2,DRIVE,中率加速(p50)→巡航47(WLTP Low/Mid代表)
43.7,46.32,2,DRIVE,中率加速(p50)→巡航47(WLTP Low/Mid代表)
43.8,46.49,2,DRIVE,中率加速(p50)→巡航47(WLTP Low/Mid代表)
43.9,46.66,2,DRIVE,中率加速(p50)→巡航47(WLTP Low/Mid代表)
44.0,46.83,2,DRIVE,中率加速(p50)→巡航47(WLTP Low/Mid代表)
44.1,47.00,2,DRIVE,中率加速(p50)→巡航47(WLTP Low/Mid代表)
44.2,47.00,2,DRIVE,中率加速(p50)→巡航47(WLTP Low/Mid代表)
44.3,47.00,2,DRIVE,中率加速(p50)→巡航47(WLTP Low/Mid代表)
44.4,47.00,2,DRIVE,中率加速(p50)→巡航47(WLTP Low/Mid代表)
44.5,47.00,2,DRIVE,中率加速(p50)→巡航47(WLTP Low/Mid代表)
44.6,47.00,2,DRIVE,中率加速(p50)→巡航47(WLTP Low/Mid代表)
44.7,47.00,2,DRIVE,中率加速(p50)→巡航47(WLTP Low/Mid代表)
44.8,47.00,2,DRIVE,中率加速(p50)→巡航47(WLTP Low/Mid代表)
44.9,47.00,2,DRIVE,中率加速(p50)→巡航47(WLTP Low/Mid代表)
45.0,47.00,2,DRIVE,中率加速(p50)→巡航47(WLTP Low/Mid代表)
45.1,47.00,2,DRIVE,中率加速(p50)→巡航47(WLTP Low/Mid代表)
45.2,47.00,2,DRIVE,中率加速(p50)→巡航47(WLTP Low/Mid代表)
45.3,47.00,2,DRIVE,中率加速(p50)→巡航47(WLTP Low/Mid代表)
45.4,47.00,2,DRIVE,中率加速(p50)→巡航47(WLTP Low/Mid代表)
45.5,47.00,2,DRIVE,中率加速(p50)→巡航47(WLTP Low/Mid代表)
45.6,47.00,2,DRIVE,中率加速(p50)→巡航47(WLTP Low/Mid代表)
45.7,47.00,2,DRIVE,中率加速(p50)→巡航47(WLTP Low/Mid代表)
45.8,47.00,2,DRIVE,中率加速(p50)→巡航47(WLTP Low/Mid代表)
45.9,47.00,2,DRIVE,中率加速(p50)→巡航47(WLTP Low/Mid代表)
46.0,47.00,2,DRIVE,中率加速(p50)→巡航47(WLTP Low/Mid代表)
46.1,47.00,2,DRIVE,中率加速(p50)→巡航47(WLTP Low/Mid代表)
46.2,47.00,2,DRIVE,中率加速(p50)→巡航47(WLTP Low/Mid代表)
46.3,47.00,2,DRIVE,中率加速(p50)→巡航47(WLTP Low/Mid代表)
46.4,47.00,2,DRIVE,中率加速(p50)→巡航47(WLTP Low/Mid代表)
46.5,47.00,2,DRIVE,中率加速(p50)→巡航47(WLTP Low/Mid代表)
46.6,47.00,2,DRIVE,中率加速(p50)→巡航47(WLTP Low/Mid代表)
46.7,47.00,2,DRIVE,中率加速(p50)→巡航47(WLTP Low/Mid代表)
46.8,47.00,2,DRIVE,中率加速(p50)→巡航47(WLTP Low/Mid代表)
46.9,47.00,2,DRIVE,中率加速(p50)→巡航47(WLTP Low/Mid代表)
47.0,47.00,2,DRIVE,中率加速(p50)→巡航47(WLTP Low/Mid代表)
47.1,47.00,2,DRIVE,中率加速(p50)→巡航47(WLTP Low/Mid代表)
47.2,47.00,2,DRIVE,中率加速(p50)→巡航47(WLTP Low/Mid代表)
47.3,47.00,2,DRIVE,中率加速(p50)→巡航47(WLTP Low/Mid代表)
47.4,47.00,2,DRIVE,中率加速(p50)→巡航47(WLTP Low/Mid代表)
47.5,47.00,2,DRIVE,中率加速(p50)→巡航47(WLTP Low/Mid代表)
47.6,47.00,2,DRIVE,中率加速(p50)→巡航47(WLTP Low/Mid代表)
47.7,47.00,2,DRIVE,中率加速(p50)→巡航47(WLTP Low/Mid代表)
47.8,47.00,2,DRIVE,中率加速(p50)→巡航47(WLTP Low/Mid代表)
47.9,47.00,2,DRIVE,中率加速(p50)→巡航47(WLTP Low/Mid代表)
48.0,47.00,2,DRIVE,中率加速(p50)→巡航47(WLTP Low/Mid代表)
48.1,47.00,2,DRIVE,中率加速(p50)→巡航47(WLTP Low/Mid代表)
48.2,47.00,2,DRIVE,中率加速(p50)→巡航47(WLTP Low/Mid代表)
48.3,47.00,2,DRIVE,中率加速(p50)→巡航47(WLTP Low/Mid代表)
48.4,47.00,2,DRIVE,中率加速(p50)→巡航47(WLTP Low/Mid代表)
48.5,47.00,2,DRIVE,中率加速(p50)→巡航47(WLTP Low/Mid代表)
48.6,47.00,2,DRIVE,中率加速(p50)→巡航47(WLTP Low/Mid代表)
48.7,47.00,2,DRIVE,中率加速(p50)→巡航47(WLTP Low/Mid代表)
48.8,47.00,2,DRIVE,中率加速(p50)→巡航47(WLTP Low/Mid代表)
48.9,47.00,2,DRIVE,中率加速(p50)→巡航47(WLTP Low/Mid代表)
49.0,47.00,2,DRIVE,中率加速(p50)→巡航47(WLTP Low/Mid代表)
49.1,47.00,2,DRIVE,中率加速(p50)→巡航47(WLTP Low/Mid代表)
49.2,47.00,2,DRIVE,中率加速(p50)→巡航47(WLTP Low/Mid代表)
49.3,47.00,2,DRIVE,中率加速(p50)→巡航47(WLTP Low/Mid代表)
49.4,47.00,2,DRIVE,中率加速(p50)→巡航47(WLTP Low/Mid代表)
49.5,47.00,2,DRIVE,中率加速(p50)→巡航47(WLTP Low/Mid代表)
49.6,47.00,2,DRIVE,中率加速(p50)→巡航47(WLTP Low/Mid代表)
49.7,47.00,2,DRIVE,中率加速(p50)→巡航47(WLTP Low/Mid代表)
49.8,47.00,2,DRIVE,中率加速(p50)→巡航47(WLTP Low/Mid代表)
49.9,47.00,2,DRIVE,中率加速(p50)→巡航47(WLTP Low/Mid代表)
50.0,47.00,2,DRIVE,中率加速(p50)→巡航47(WLTP Low/Mid代表)
50.1,47.00,2,DRIVE,中率加速(p50)→巡航47(WLTP Low/Mid代表)
50.2,47.00,2,DRIVE,中率加速(p50)→巡航47(WLTP Low/Mid代表)
50.3,47.00,2,DRIVE,中率加速(p50)→巡航47(WLTP Low/Mid代表)
50.4,47.00,2,DRIVE,中率加速(p50)→巡航47(WLTP Low/Mid代表)
50.5,47.00,2,DRIVE,中率加速(p50)→巡航47(WLTP Low/Mid代表)
50.6,47.00,2,DRIVE,中率加速(p50)→巡航47(WLTP Low/Mid代表)
50.7,47.00,2,DRIVE,中率加速(p50)→巡航47(WLTP Low/Mid代表)
50.8,47.00,2,DRIVE,中率加速(p50)→巡航47(WLTP Low/Mid代表)
50.9,47.00,2,DRIVE,中率加速(p50)→巡航47(WLTP Low/Mid代表)
51.0,47.00,2,DRIVE,中率加速(p50)→巡航47(WLTP Low/Mid代表)
51.1,47.00,2,DRIVE,中率加速(p50)→巡航47(WLTP Low/Mid代表)
51.2,47.00,2,DRIVE,中率加速(p50)→巡航47(WLTP Low/Mid代表)
51.3,47.00,2,DRIVE,中率加速(p50)→巡航47(WLTP Low/Mid代表)
51.4,47.00,2,DRIVE,中率加速(p50)→巡航47(WLTP Low/Mid代表)
51.5,47.00,2,DRIVE,中率加速(p50)→巡航47(WLTP Low/Mid代表)
51.6,47.00,2,DRIVE,中率加速(p50)→巡航47(WLTP Low/Mid代表)
51.7,47.00,2,DRIVE,中率加速(p50)→巡航47(WLTP Low/Mid代表)
51.8,47.00,2,DRIVE,中率加速(p50)→巡航47(WLTP Low/Mid代表)
51.9,47.00,2,DRIVE,中率加速(p50)→巡航47(WLTP Low/Mid代表)
52.0,47.00,2,DRIVE,中率加速(p50)→巡航47(WLTP Low/Mid代表)
52.1,47.00,2,DRIVE,中率加速(p50)→巡航47(WLTP Low/Mid代表)
52.2,46.92,3,DRIVE,緩減速0.8(エンブレ未満→アクセル調整=DRIVE)→巡航40
52.3,46.84,3,DRIVE,緩減速0.8(エンブレ未満→アクセル調整=DRIVE)→巡航40
52.4,46.76,3,DRIVE,緩減速0.8(エンブレ未満→アクセル調整=DRIVE)→巡航40
52.5,46.68,3,DRIVE,緩減速0.8(エンブレ未満→アクセル調整=DRIVE)→巡航40
52.6,46.60,3,DRIVE,緩減速0.8(エンブレ未満→アクセル調整=DRIVE)→巡航40
52.7,46.52,3,DRIVE,緩減速0.8(エンブレ未満→アクセル調整=DRIVE)→巡航40
52.8,46.44,3,DRIVE,緩減速0.8(エンブレ未満→アクセル調整=DRIVE)→巡航40
52.9,46.36,3,DRIVE,緩減速0.8(エンブレ未満→アクセル調整=DRIVE)→巡航40
53.0,46.28,3,DRIVE,緩減速0.8(エンブレ未満→アクセル調整=DRIVE)→巡航40
53.1,46.20,3,DRIVE,緩減速0.8(エンブレ未満→アクセル調整=DRIVE)→巡航40
53.2,46.12,3,DRIVE,緩減速0.8(エンブレ未満→アクセル調整=DRIVE)→巡航40
53.3,46.05,3,DRIVE,緩減速0.8(エンブレ未満→アクセル調整=DRIVE)→巡航40
53.4,45.97,3,DRIVE,緩減速0.8(エンブレ未満→アクセル調整=DRIVE)→巡航40
53.5,45.89,3,DRIVE,緩減速0.8(エンブレ未満→アクセル調整=DRIVE)→巡航40
53.6,45.81,3,DRIVE,緩減速0.8(エンブレ未満→アクセル調整=DRIVE)→巡航40
53.7,45.73,3,DRIVE,緩減速0.8(エンブレ未満→アクセル調整=DRIVE)→巡航40
53.8,45.65,3,DRIVE,緩減速0.8(エンブレ未満→アクセル調整=DRIVE)→巡航40
53.9,45.57,3,DRIVE,緩減速0.8(エンブレ未満→アクセル調整=DRIVE)→巡航40
54.0,45.49,3,DRIVE,緩減速0.8(エンブレ未満→アクセル調整=DRIVE)→巡航40
54.1,45.41,3,DRIVE,緩減速0.8(エンブレ未満→アクセル調整=DRIVE)→巡航40
54.2,45.33,3,DRIVE,緩減速0.8(エンブレ未満→アクセル調整=DRIVE)→巡航40
54.3,45.25,3,DRIVE,緩減速0.8(エンブレ未満→アクセル調整=DRIVE)→巡航40
54.4,45.17,3,DRIVE,緩減速0.8(エンブレ未満→アクセル調整=DRIVE)→巡航40
54.5,45.09,3,DRIVE,緩減速0.8(エンブレ未満→アクセル調整=DRIVE)→巡航40
54.6,45.01,3,DRIVE,緩減速0.8(エンブレ未満→アクセル調整=DRIVE)→巡航40
54.7,44.93,3,DRIVE,緩減速0.8(エンブレ未満→アクセル調整=DRIVE)→巡航40
54.8,44.85,3,DRIVE,緩減速0.8(エンブレ未満→アクセル調整=DRIVE)→巡航40
54.9,44.77,3,DRIVE,緩減速0.8(エンブレ未満→アクセル調整=DRIVE)→巡航40
55.0,44.69,3,DRIVE,緩減速0.8(エンブレ未満→アクセル調整=DRIVE)→巡航40
55.1,44.61,3,DRIVE,緩減速0.8(エンブレ未満→アクセル調整=DRIVE)→巡航40
55.2,44.53,3,DRIVE,緩減速0.8(エンブレ未満→アクセル調整=DRIVE)→巡航40
55.3,44.45,3,DRIVE,緩減速0.8(エンブレ未満→アクセル調整=DRIVE)→巡航40
55.4,44.38,3,DRIVE,緩減速0.8(エンブレ未満→アクセル調整=DRIVE)→巡航40
55.5,44.30,3,DRIVE,緩減速0.8(エンブレ未満→アクセル調整=DRIVE)→巡航40
55.6,44.22,3,DRIVE,緩減速0.8(エンブレ未満→アクセル調整=DRIVE)→巡航40
55.7,44.14,3,DRIVE,緩減速0.8(エンブレ未満→アクセル調整=DRIVE)→巡航40
55.8,44.06,3,DRIVE,緩減速0.8(エンブレ未満→アクセル調整=DRIVE)→巡航40
55.9,43.98,3,DRIVE,緩減速0.8(エンブレ未満→アクセル調整=DRIVE)→巡航40
56.0,43.90,3,DRIVE,緩減速0.8(エンブレ未満→アクセル調整=DRIVE)→巡航40
56.1,43.82,3,DRIVE,緩減速0.8(エンブレ未満→アクセル調整=DRIVE)→巡航40
56.2,43.74,3,DRIVE,緩減速0.8(エンブレ未満→アクセル調整=DRIVE)→巡航40
56.3,43.66,3,DRIVE,緩減速0.8(エンブレ未満→アクセル調整=DRIVE)→巡航40
56.4,43.58,3,DRIVE,緩減速0.8(エンブレ未満→アクセル調整=DRIVE)→巡航40
56.5,43.50,3,DRIVE,緩減速0.8(エンブレ未満→アクセル調整=DRIVE)→巡航40
56.6,43.42,3,DRIVE,緩減速0.8(エンブレ未満→アクセル調整=DRIVE)→巡航40
56.7,43.34,3,DRIVE,緩減速0.8(エンブレ未満→アクセル調整=DRIVE)→巡航40
56.8,43.26,3,DRIVE,緩減速0.8(エンブレ未満→アクセル調整=DRIVE)→巡航40
56.9,43.18,3,DRIVE,緩減速0.8(エンブレ未満→アクセル調整=DRIVE)→巡航40
57.0,43.10,3,DRIVE,緩減速0.8(エンブレ未満→アクセル調整=DRIVE)→巡航40
57.1,43.02,3,DRIVE,緩減速0.8(エンブレ未満→アクセル調整=DRIVE)→巡航40
57.2,42.94,3,DRIVE,緩減速0.8(エンブレ未満→アクセル調整=DRIVE)→巡航40
57.3,42.86,3,DRIVE,緩減速0.8(エンブレ未満→アクセル調整=DRIVE)→巡航40
57.4,42.78,3,DRIVE,緩減速0.8(エンブレ未満→アクセル調整=DRIVE)→巡航40
57.5,42.70,3,DRIVE,緩減速0.8(エンブレ未満→アクセル調整=DRIVE)→巡航40
57.6,42.62,3,DRIVE,緩減速0.8(エンブレ未満→アクセル調整=DRIVE)→巡航40
57.7,42.55,3,DRIVE,緩減速0.8(エンブレ未満→アクセル調整=DRIVE)→巡航40
57.8,42.47,3,DRIVE,緩減速0.8(エンブレ未満→アクセル調整=DRIVE)→巡航40
57.9,42.39,3,DRIVE,緩減速0.8(エンブレ未満→アクセル調整=DRIVE)→巡航40
58.0,42.31,3,DRIVE,緩減速0.8(エンブレ未満→アクセル調整=DRIVE)→巡航40
58.1,42.23,3,DRIVE,緩減速0.8(エンブレ未満→アクセル調整=DRIVE)→巡航40
58.2,42.15,3,DRIVE,緩減速0.8(エンブレ未満→アクセル調整=DRIVE)→巡航40
58.3,42.07,3,DRIVE,緩減速0.8(エンブレ未満→アクセル調整=DRIVE)→巡航40
58.4,41.99,3,DRIVE,緩減速0.8(エンブレ未満→アクセル調整=DRIVE)→巡航40
58.5,41.91,3,DRIVE,緩減速0.8(エンブレ未満→アクセル調整=DRIVE)→巡航40
58.6,41.83,3,DRIVE,緩減速0.8(エンブレ未満→アクセル調整=DRIVE)→巡航40
58.7,41.75,3,DRIVE,緩減速0.8(エンブレ未満→アクセル調整=DRIVE)→巡航40
58.8,41.67,3,DRIVE,緩減速0.8(エンブレ未満→アクセル調整=DRIVE)→巡航40
58.9,41.59,3,DRIVE,緩減速0.8(エンブレ未満→アクセル調整=DRIVE)→巡航40
59.0,41.51,3,DRIVE,緩減速0.8(エンブレ未満→アクセル調整=DRIVE)→巡航40
59.1,41.43,3,DRIVE,緩減速0.8(エンブレ未満→アクセル調整=DRIVE)→巡航40
59.2,41.35,3,DRIVE,緩減速0.8(エンブレ未満→アクセル調整=DRIVE)→巡航40
59.3,41.27,3,DRIVE,緩減速0.8(エンブレ未満→アクセル調整=DRIVE)→巡航40
59.4,41.19,3,DRIVE,緩減速0.8(エンブレ未満→アクセル調整=DRIVE)→巡航40
59.5,41.11,3,DRIVE,緩減速0.8(エンブレ未満→アクセル調整=DRIVE)→巡航40
59.6,41.03,3,DRIVE,緩減速0.8(エンブレ未満→アクセル調整=DRIVE)→巡航40
59.7,40.95,3,DRIVE,緩減速0.8(エンブレ未満→アクセル調整=DRIVE)→巡航40
59.8,40.88,3,DRIVE,緩減速0.8(エンブレ未満→アクセル調整=DRIVE)→巡航40
59.9,40.80,3,DRIVE,緩減速0.8(エンブレ未満→アクセル調整=DRIVE)→巡航40
60.0,40.72,3,DRIVE,緩減速0.8(エンブレ未満→アクセル調整=DRIVE)→巡航40
60.1,40.64,3,DRIVE,緩減速0.8(エンブレ未満→アクセル調整=DRIVE)→巡航40
60.2,40.56,3,DRIVE,緩減速0.8(エンブレ未満→アクセル調整=DRIVE)→巡航40
60.3,40.48,3,DRIVE,緩減速0.8(エンブレ未満→アクセル調整=DRIVE)→巡航40
60.4,40.40,3,DRIVE,緩減速0.8(エンブレ未満→アクセル調整=DRIVE)→巡航40
60.5,40.32,3,DRIVE,緩減速0.8(エンブレ未満→アクセル調整=DRIVE)→巡航40
60.6,40.24,3,DRIVE,緩減速0.8(エンブレ未満→アクセル調整=DRIVE)→巡航40
60.7,40.16,3,DRIVE,緩減速0.8(エンブレ未満→アクセル調整=DRIVE)→巡航40
60.8,40.08,3,DRIVE,緩減速0.8(エンブレ未満→アクセル調整=DRIVE)→巡航40
60.9,40.00,3,DRIVE,緩減速0.8(エンブレ未満→アクセル調整=DRIVE)→巡航40
61.0,40.00,3,DRIVE,緩減速0.8(エンブレ未満→アクセル調整=DRIVE)→巡航40
61.1,40.00,3,DRIVE,緩減速0.8(エンブレ未満→アクセル調整=DRIVE)→巡航40
61.2,40.00,3,DRIVE,緩減速0.8(エンブレ未満→アクセル調整=DRIVE)→巡航40
61.3,40.00,3,DRIVE,緩減速0.8(エンブレ未満→アクセル調整=DRIVE)→巡航40
61.4,40.00,3,DRIVE,緩減速0.8(エンブレ未満→アクセル調整=DRIVE)→巡航40
61.5,40.00,3,DRIVE,緩減速0.8(エンブレ未満→アクセル調整=DRIVE)→巡航40
61.6,40.00,3,DRIVE,緩減速0.8(エンブレ未満→アクセル調整=DRIVE)→巡航40
61.7,40.00,3,DRIVE,緩減速0.8(エンブレ未満→アクセル調整=DRIVE)→巡航40
61.8,40.00,3,DRIVE,緩減速0.8(エンブレ未満→アクセル調整=DRIVE)→巡航40
61.9,40.00,3,DRIVE,緩減速0.8(エンブレ未満→アクセル調整=DRIVE)→巡航40
62.0,40.00,3,DRIVE,緩減速0.8(エンブレ未満→アクセル調整=DRIVE)→巡航40
62.1,40.00,3,DRIVE,緩減速0.8(エンブレ未満→アクセル調整=DRIVE)→巡航40
62.2,40.00,3,DRIVE,緩減速0.8(エンブレ未満→アクセル調整=DRIVE)→巡航40
62.3,40.00,3,DRIVE,緩減速0.8(エンブレ未満→アクセル調整=DRIVE)→巡航40
62.4,40.00,3,DRIVE,緩減速0.8(エンブレ未満→アクセル調整=DRIVE)→巡航40
62.5,40.00,3,DRIVE,緩減速0.8(エンブレ未満→アクセル調整=DRIVE)→巡航40
62.6,40.00,3,DRIVE,緩減速0.8(エンブレ未満→アクセル調整=DRIVE)→巡航40
62.7,40.00,3,DRIVE,緩減速0.8(エンブレ未満→アクセル調整=DRIVE)→巡航40
62.8,40.00,3,DRIVE,緩減速0.8(エンブレ未満→アクセル調整=DRIVE)→巡航40
62.9,40.00,3,DRIVE,緩減速0.8(エンブレ未満→アクセル調整=DRIVE)→巡航40
63.0,40.00,3,DRIVE,緩減速0.8(エンブレ未満→アクセル調整=DRIVE)→巡航40
63.1,40.00,3,DRIVE,緩減速0.8(エンブレ未満→アクセル調整=DRIVE)→巡航40
63.2,40.00,3,DRIVE,緩減速0.8(エンブレ未満→アクセル調整=DRIVE)→巡航40
63.3,40.00,3,DRIVE,緩減速0.8(エンブレ未満→アクセル調整=DRIVE)→巡航40
63.4,40.00,3,DRIVE,緩減速0.8(エンブレ未満→アクセル調整=DRIVE)→巡航40
63.5,40.00,3,DRIVE,緩減速0.8(エンブレ未満→アクセル調整=DRIVE)→巡航40
63.6,40.00,3,DRIVE,緩減速0.8(エンブレ未満→アクセル調整=DRIVE)→巡航40
63.7,40.00,3,DRIVE,緩減速0.8(エンブレ未満→アクセル調整=DRIVE)→巡航40
63.8,40.00,3,DRIVE,緩減速0.8(エンブレ未満→アクセル調整=DRIVE)→巡航40
63.9,40.00,3,DRIVE,緩減速0.8(エンブレ未満→アクセル調整=DRIVE)→巡航40
64.0,40.00,3,DRIVE,緩減速0.8(エンブレ未満→アクセル調整=DRIVE)→巡航40
64.1,40.00,3,DRIVE,緩減速0.8(エンブレ未満→アクセル調整=DRIVE)→巡航40
64.2,40.00,3,DRIVE,緩減速0.8(エンブレ未満→アクセル調整=DRIVE)→巡航40
64.3,40.00,3,DRIVE,緩減速0.8(エンブレ未満→アクセル調整=DRIVE)→巡航40
64.4,40.00,3,DRIVE,緩減速0.8(エンブレ未満→アクセル調整=DRIVE)→巡航40
64.5,40.00,3,DRIVE,緩減速0.8(エンブレ未満→アクセル調整=DRIVE)→巡航40
64.6,40.00,3,DRIVE,緩減速0.8(エンブレ未満→アクセル調整=DRIVE)→巡航40
64.7,40.00,3,DRIVE,緩減速0.8(エンブレ未満→アクセル調整=DRIVE)→巡航40
64.8,40.00,3,DRIVE,緩減速0.8(エンブレ未満→アクセル調整=DRIVE)→巡航40
64.9,40.00,3,DRIVE,緩減速0.8(エンブレ未満→アクセル調整=DRIVE)→巡航40
65.0,40.00,3,DRIVE,緩減速0.8(エンブレ未満→アクセル調整=DRIVE)→巡航40
65.1,40.00,3,DRIVE,緩減速0.8(エンブレ未満→アクセル調整=DRIVE)→巡航40
65.2,40.00,3,DRIVE,緩減速0.8(エンブレ未満→アクセル調整=DRIVE)→巡航40
65.3,40.00,3,DRIVE,緩減速0.8(エンブレ未満→アクセル調整=DRIVE)→巡航40
65.4,40.00,3,DRIVE,緩減速0.8(エンブレ未満→アクセル調整=DRIVE)→巡航40
65.5,40.00,3,DRIVE,緩減速0.8(エンブレ未満→アクセル調整=DRIVE)→巡航40
65.6,40.00,3,DRIVE,緩減速0.8(エンブレ未満→アクセル調整=DRIVE)→巡航40
65.7,40.00,3,DRIVE,緩減速0.8(エンブレ未満→アクセル調整=DRIVE)→巡航40
65.8,40.00,3,DRIVE,緩減速0.8(エンブレ未満→アクセル調整=DRIVE)→巡航40
65.9,40.00,3,DRIVE,緩減速0.8(エンブレ未満→アクセル調整=DRIVE)→巡航40
66.0,40.17,4,DRIVE,中率加速→巡航60(最頻帯50-70代表)
66.1,40.34,4,DRIVE,中率加速→巡航60(最頻帯50-70代表)
66.2,40.51,4,DRIVE,中率加速→巡航60(最頻帯50-70代表)
66.3,40.68,4,DRIVE,中率加速→巡航60(最頻帯50-70代表)
66.4,40.85,4,DRIVE,中率加速→巡航60(最頻帯50-70代表)
66.5,41.02,4,DRIVE,中率加速→巡航60(最頻帯50-70代表)
66.6,41.19,4,DRIVE,中率加速→巡航60(最頻帯50-70代表)
66.7,41.36,4,DRIVE,中率加速→巡航60(最頻帯50-70代表)
66.8,41.53,4,DRIVE,中率加速→巡航60(最頻帯50-70代表)
66.9,41.69,4,DRIVE,中率加速→巡航60(最頻帯50-70代表)
67.0,41.86,4,DRIVE,中率加速→巡航60(最頻帯50-70代表)
67.1,42.03,4,DRIVE,中率加速→巡航60(最頻帯50-70代表)
67.2,42.20,4,DRIVE,中率加速→巡航60(最頻帯50-70代表)
67.3,42.37,4,DRIVE,中率加速→巡航60(最頻帯50-70代表)
67.4,42.54,4,DRIVE,中率加速→巡航60(最頻帯50-70代表)
67.5,42.71,4,DRIVE,中率加速→巡航60(最頻帯50-70代表)
67.6,42.88,4,DRIVE,中率加速→巡航60(最頻帯50-70代表)
67.7,43.05,4,DRIVE,中率加速→巡航60(最頻帯50-70代表)
67.8,43.22,4,DRIVE,中率加速→巡航60(最頻帯50-70代表)
67.9,43.39,4,DRIVE,中率加速→巡航60(最頻帯50-70代表)
68.0,43.56,4,DRIVE,中率加速→巡航60(最頻帯50-70代表)
68.1,43.73,4,DRIVE,中率加速→巡航60(最頻帯50-70代表)
68.2,43.90,4,DRIVE,中率加速→巡航60(最頻帯50-70代表)
68.3,44.07,4,DRIVE,中率加速→巡航60(最頻帯50-70代表)
68.4,44.24,4,DRIVE,中率加速→巡航60(最頻帯50-70代表)
68.5,44.41,4,DRIVE,中率加速→巡航60(最頻帯50-70代表)
68.6,44.58,4,DRIVE,中率加速→巡航60(最頻帯50-70代表)
68.7,44.75,4,DRIVE,中率加速→巡航60(最頻帯50-70代表)
68.8,44.92,4,DRIVE,中率加速→巡航60(最頻帯50-70代表)
68.9,45.08,4,DRIVE,中率加速→巡航60(最頻帯50-70代表)
69.0,45.25,4,DRIVE,中率加速→巡航60(最頻帯50-70代表)
69.1,45.42,4,DRIVE,中率加速→巡航60(最頻帯50-70代表)
69.2,45.59,4,DRIVE,中率加速→巡航60(最頻帯50-70代表)
69.3,45.76,4,DRIVE,中率加速→巡航60(最頻帯50-70代表)
69.4,45.93,4,DRIVE,中率加速→巡航60(最頻帯50-70代表)
69.5,46.10,4,DRIVE,中率加速→巡航60(最頻帯50-70代表)
69.6,46.27,4,DRIVE,中率加速→巡航60(最頻帯50-70代表)
69.7,46.44,4,DRIVE,中率加速→巡航60(最頻帯50-70代表)
69.8,46.61,4,DRIVE,中率加速→巡航60(最頻帯50-70代表)
69.9,46.78,4,DRIVE,中率加速→巡航60(最頻帯50-70代表)
70.0,46.95,4,DRIVE,中率加速→巡航60(最頻帯50-70代表)
70.1,47.12,4,DRIVE,中率加速→巡航60(最頻帯50-70代表)
70.2,47.29,4,DRIVE,中率加速→巡航60(最頻帯50-70代表)
70.3,47.46,4,DRIVE,中率加速→巡航60(最頻帯50-70代表)
70.4,47.63,4,DRIVE,中率加速→巡航60(最頻帯50-70代表)
70.5,47.80,4,DRIVE,中率加速→巡航60(最頻帯50-70代表)
70.6,47.97,4,DRIVE,中率加速→巡航60(最頻帯50-70代表)
70.7,48.14,4,DRIVE,中率加速→巡航60(最頻帯50-70代表)
70.8,48.31,4,DRIVE,中率加速→巡航60(最頻帯50-70代表)
70.9,48.47,4,DRIVE,中率加速→巡航60(最頻帯50-70代表)
71.0,48.64,4,DRIVE,中率加速→巡航60(最頻帯50-70代表)
71.1,48.81,4,DRIVE,中率加速→巡航60(最頻帯50-70代表)
71.2,48.98,4,DRIVE,中率加速→巡航60(最頻帯50-70代表)
71.3,49.15,4,DRIVE,中率加速→巡航60(最頻帯50-70代表)
71.4,49.32,4,DRIVE,中率加速→巡航60(最頻帯50-70代表)
71.5,49.49,4,DRIVE,中率加速→巡航60(最頻帯50-70代表)
71.6,49.66,4,DRIVE,中率加速→巡航60(最頻帯50-70代表)
71.7,49.83,4,DRIVE,中率加速→巡航60(最頻帯50-70代表)
71.8,50.00,4,DRIVE,中率加速→巡航60(最頻帯50-70代表)
71.9,50.17,4,DRIVE,中率加速→巡航60(最頻帯50-70代表)
72.0,50.34,4,DRIVE,中率加速→巡航60(最頻帯50-70代表)
72.1,50.51,4,DRIVE,中率加速→巡航60(最頻帯50-70代表)
72.2,50.68,4,DRIVE,中率加速→巡航60(最頻帯50-70代表)
72.3,50.85,4,DRIVE,中率加速→巡航60(最頻帯50-70代表)
72.4,51.02,4,DRIVE,中率加速→巡航60(最頻帯50-70代表)
72.5,51.19,4,DRIVE,中率加速→巡航60(最頻帯50-70代表)
72.6,51.36,4,DRIVE,中率加速→巡航60(最頻帯50-70代表)
72.7,51.53,4,DRIVE,中率加速→巡航60(最頻帯50-70代表)
72.8,51.69,4,DRIVE,中率加速→巡航60(最頻帯50-70代表)
72.9,51.86,4,DRIVE,中率加速→巡航60(最頻帯50-70代表)
73.0,52.03,4,DRIVE,中率加速→巡航60(最頻帯50-70代表)
73.1,52.20,4,DRIVE,中率加速→巡航60(最頻帯50-70代表)
73.2,52.37,4,DRIVE,中率加速→巡航60(最頻帯50-70代表)
73.3,52.54,4,DRIVE,中率加速→巡航60(最頻帯50-70代表)
73.4,52.71,4,DRIVE,中率加速→巡航60(最頻帯50-70代表)
73.5,52.88,4,DRIVE,中率加速→巡航60(最頻帯50-70代表)
73.6,53.05,4,DRIVE,中率加速→巡航60(最頻帯50-70代表)
73.7,53.22,4,DRIVE,中率加速→巡航60(最頻帯50-70代表)
73.8,53.39,4,DRIVE,中率加速→巡航60(最頻帯50-70代表)
73.9,53.56,4,DRIVE,中率加速→巡航60(最頻帯50-70代表)
74.0,53.73,4,DRIVE,中率加速→巡航60(最頻帯50-70代表)
74.1,53.90,4,DRIVE,中率加速→巡航60(最頻帯50-70代表)
74.2,54.07,4,DRIVE,中率加速→巡航60(最頻帯50-70代表)
74.3,54.24,4,DRIVE,中率加速→巡航60(最頻帯50-70代表)
74.4,54.41,4,DRIVE,中率加速→巡航60(最頻帯50-70代表)
74.5,54.58,4,DRIVE,中率加速→巡航60(最頻帯50-70代表)
74.6,54.75,4,DRIVE,中率加速→巡航60(最頻帯50-70代表)
74.7,54.92,4,DRIVE,中率加速→巡航60(最頻帯50-70代表)
74.8,55.08,4,DRIVE,中率加速→巡航60(最頻帯50-70代表)
74.9,55.25,4,DRIVE,中率加速→巡航60(最頻帯50-70代表)
75.0,55.42,4,DRIVE,中率加速→巡航60(最頻帯50-70代表)
75.1,55.59,4,DRIVE,中率加速→巡航60(最頻帯50-70代表)
75.2,55.76,4,DRIVE,中率加速→巡航60(最頻帯50-70代表)
75.3,55.93,4,DRIVE,中率加速→巡航60(最頻帯50-70代表)
75.4,56.10,4,DRIVE,中率加速→巡航60(最頻帯50-70代表)
75.5,56.27,4,DRIVE,中率加速→巡航60(最頻帯50-70代表)
75.6,56.44,4,DRIVE,中率加速→巡航60(最頻帯50-70代表)
75.7,56.61,4,DRIVE,中率加速→巡航60(最頻帯50-70代表)
75.8,56.78,4,DRIVE,中率加速→巡航60(最頻帯50-70代表)
75.9,56.95,4,DRIVE,中率加速→巡航60(最頻帯50-70代表)
76.0,57.12,4,DRIVE,中率加速→巡航60(最頻帯50-70代表)
76.1,57.29,4,DRIVE,中率加速→巡航60(最頻帯50-70代表)
76.2,57.46,4,DRIVE,中率加速→巡航60(最頻帯50-70代表)
76.3,57.63,4,DRIVE,中率加速→巡航60(最頻帯50-70代表)
76.4,57.80,4,DRIVE,中率加速→巡航60(最頻帯50-70代表)
76.5,57.97,4,DRIVE,中率加速→巡航60(最頻帯50-70代表)
76.6,58.14,4,DRIVE,中率加速→巡航60(最頻帯50-70代表)
76.7,58.31,4,DRIVE,中率加速→巡航60(最頻帯50-70代表)
76.8,58.47,4,DRIVE,中率加速→巡航60(最頻帯50-70代表)
76.9,58.64,4,DRIVE,中率加速→巡航60(最頻帯50-70代表)
77.0,58.81,4,DRIVE,中率加速→巡航60(最頻帯50-70代表)
77.1,58.98,4,DRIVE,中率加速→巡航60(最頻帯50-70代表)
77.2,59.15,4,DRIVE,中率加速→巡航60(最頻帯50-70代表)
77.3,59.32,4,DRIVE,中率加速→巡航60(最頻帯50-70代表)
77.4,59.49,4,DRIVE,中率加速→巡航60(最頻帯50-70代表)
77.5,59.66,4,DRIVE,中率加速→巡航60(最頻帯50-70代表)
77.6,59.83,4,DRIVE,中率加速→巡航60(最頻帯50-70代表)
77.7,60.00,4,DRIVE,中率加速→巡航60(最頻帯50-70代表)
77.8,60.00,4,DRIVE,中率加速→巡航60(最頻帯50-70代表)
77.9,60.00,4,DRIVE,中率加速→巡航60(最頻帯50-70代表)
78.0,60.00,4,DRIVE,中率加速→巡航60(最頻帯50-70代表)
78.1,60.00,4,DRIVE,中率加速→巡航60(最頻帯50-70代表)
78.2,60.00,4,DRIVE,中率加速→巡航60(最頻帯50-70代表)
78.3,60.00,4,DRIVE,中率加速→巡航60(最頻帯50-70代表)
78.4,60.00,4,DRIVE,中率加速→巡航60(最頻帯50-70代表)
78.5,60.00,4,DRIVE,中率加速→巡航60(最頻帯50-70代表)
78.6,60.00,4,DRIVE,中率加速→巡航60(最頻帯50-70代表)
78.7,60.00,4,DRIVE,中率加速→巡航60(最頻帯50-70代表)
78.8,60.00,4,DRIVE,中率加速→巡航60(最頻帯50-70代表)
78.9,60.00,4,DRIVE,中率加速→巡航60(最頻帯50-70代表)
79.0,60.00,4,DRIVE,中率加速→巡航60(最頻帯50-70代表)
79.1,60.00,4,DRIVE,中率加速→巡航60(最頻帯50-70代表)
79.2,60.00,4,DRIVE,中率加速→巡航60(最頻帯50-70代表)
79.3,60.00,4,DRIVE,中率加速→巡航60(最頻帯50-70代表)
79.4,60.00,4,DRIVE,中率加速→巡航60(最頻帯50-70代表)
79.5,60.00,4,DRIVE,中率加速→巡航60(最頻帯50-70代表)
79.6,60.00,4,DRIVE,中率加速→巡航60(最頻帯50-70代表)
79.7,60.00,4,DRIVE,中率加速→巡航60(最頻帯50-70代表)
79.8,60.00,4,DRIVE,中率加速→巡航60(最頻帯50-70代表)
79.9,60.00,4,DRIVE,中率加速→巡航60(最頻帯50-70代表)
80.0,60.00,4,DRIVE,中率加速→巡航60(最頻帯50-70代表)
80.1,60.00,4,DRIVE,中率加速→巡航60(最頻帯50-70代表)
80.2,60.00,4,DRIVE,中率加速→巡航60(最頻帯50-70代表)
80.3,60.00,4,DRIVE,中率加速→巡航60(最頻帯50-70代表)
80.4,60.00,4,DRIVE,中率加速→巡航60(最頻帯50-70代表)
80.5,60.00,4,DRIVE,中率加速→巡航60(最頻帯50-70代表)
80.6,60.00,4,DRIVE,中率加速→巡航60(最頻帯50-70代表)
80.7,60.00,4,DRIVE,中率加速→巡航60(最頻帯50-70代表)
80.8,60.00,4,DRIVE,中率加速→巡航60(最頻帯50-70代表)
80.9,60.00,4,DRIVE,中率加速→巡航60(最頻帯50-70代表)
81.0,60.00,4,DRIVE,中率加速→巡航60(最頻帯50-70代表)
81.1,60.00,4,DRIVE,中率加速→巡航60(最頻帯50-70代表)
81.2,60.00,4,DRIVE,中率加速→巡航60(最頻帯50-70代表)
81.3,60.00,4,DRIVE,中率加速→巡航60(最頻帯50-70代表)
81.4,60.00,4,DRIVE,中率加速→巡航60(最頻帯50-70代表)
81.5,60.00,4,DRIVE,中率加速→巡航60(最頻帯50-70代表)
81.6,60.00,4,DRIVE,中率加速→巡航60(最頻帯50-70代表)
81.7,60.00,4,DRIVE,中率加速→巡航60(最頻帯50-70代表)
81.8,60.00,4,DRIVE,中率加速→巡航60(最頻帯50-70代表)
81.9,60.00,4,DRIVE,中率加速→巡航60(最頻帯50-70代表)
82.0,60.00,4,DRIVE,中率加速→巡航60(最頻帯50-70代表)
82.1,60.00,4,DRIVE,中率加速→巡航60(最頻帯50-70代表)
82.2,60.00,4,DRIVE,中率加速→巡航60(最頻帯50-70代表)
82.3,60.00,4,DRIVE,中率加速→巡航60(最頻帯50-70代表)
82.4,60.00,4,DRIVE,中率加速→巡航60(最頻帯50-70代表)
82.5,60.00,4,DRIVE,中率加速→巡航60(最頻帯50-70代表)
82.6,60.00,4,DRIVE,中率加速→巡航60(最頻帯50-70代表)
82.7,60.00,4,DRIVE,中率加速→巡航60(最頻帯50-70代表)
82.8,60.00,4,DRIVE,中率加速→巡航60(最頻帯50-70代表)
82.9,60.00,4,DRIVE,中率加速→巡航60(最頻帯50-70代表)
83.0,60.00,4,DRIVE,中率加速→巡航60(最頻帯50-70代表)
83.1,60.00,4,DRIVE,中率加速→巡航60(最頻帯50-70代表)
83.2,60.00,4,DRIVE,中率加速→巡航60(最頻帯50-70代表)
83.3,60.00,4,DRIVE,中率加速→巡航60(最頻帯50-70代表)
83.4,60.00,4,DRIVE,中率加速→巡航60(最頻帯50-70代表)
83.5,60.00,4,DRIVE,中率加速→巡航60(最頻帯50-70代表)
83.6,60.00,4,DRIVE,中率加速→巡航60(最頻帯50-70代表)
83.7,60.00,4,DRIVE,中率加速→巡航60(最頻帯50-70代表)
83.8,60.00,4,DRIVE,中率加速→巡航60(最頻帯50-70代表)
83.9,60.00,4,DRIVE,中率加速→巡航60(最頻帯50-70代表)
84.0,60.00,4,DRIVE,中率加速→巡航60(最頻帯50-70代表)
84.1,60.00,4,DRIVE,中率加速→巡航60(最頻帯50-70代表)
84.2,60.00,4,DRIVE,中率加速→巡航60(最頻帯50-70代表)
84.3,60.00,4,DRIVE,中率加速→巡航60(最頻帯50-70代表)
84.4,60.00,4,DRIVE,中率加速→巡航60(最頻帯50-70代表)
84.5,60.00,4,DRIVE,中率加速→巡航60(最頻帯50-70代表)
84.6,60.00,4,DRIVE,中率加速→巡航60(最頻帯50-70代表)
84.7,60.00,4,DRIVE,中率加速→巡航60(最頻帯50-70代表)
84.8,60.00,4,DRIVE,中率加速→巡航60(最頻帯50-70代表)
84.9,60.00,4,DRIVE,中率加速→巡航60(最頻帯50-70代表)
85.0,60.00,4,DRIVE,中率加速→巡航60(最頻帯50-70代表)
85.1,60.00,4,DRIVE,中率加速→巡航60(最頻帯50-70代表)
85.2,60.00,4,DRIVE,中率加速→巡航60(最頻帯50-70代表)
85.3,60.00,4,DRIVE,中率加速→巡航60(最頻帯50-70代表)
85.4,60.00,4,DRIVE,中率加速→巡航60(最頻帯50-70代表)
85.5,60.00,4,DRIVE,中率加速→巡航60(最頻帯50-70代表)
85.6,60.00,4,DRIVE,中率加速→巡航60(最頻帯50-70代表)
85.7,60.00,4,DRIVE,中率加速→巡航60(最頻帯50-70代表)
85.8,59.85,5,DRIVE,惰行減速1.5(エンジンブレーキ帯=COAST)→巡航52
85.9,59.70,5,DRIVE,惰行減速1.5(エンジンブレーキ帯=COAST)→巡航52
86.0,59.55,5,DRIVE,惰行減速1.5(エンジンブレーキ帯=COAST)→巡航52
86.1,59.40,5,DRIVE,惰行減速1.5(エンジンブレーキ帯=COAST)→巡航52
86.2,59.25,5,DRIVE,惰行減速1.5(エンジンブレーキ帯=COAST)→巡航52
86.3,59.09,5,COAST,惰行減速1.5(エンジンブレーキ帯=COAST)→巡航52
86.4,58.94,5,COAST,惰行減速1.5(エンジンブレーキ帯=COAST)→巡航52
86.5,58.79,5,COAST,惰行減速1.5(エンジンブレーキ帯=COAST)→巡航52
86.6,58.64,5,COAST,惰行減速1.5(エンジンブレーキ帯=COAST)→巡航52
86.7,58.49,5,COAST,惰行減速1.5(エンジンブレーキ帯=COAST)→巡航52
86.8,58.34,5,COAST,惰行減速1.5(エンジンブレーキ帯=COAST)→巡航52
86.9,58.19,5,COAST,惰行減速1.5(エンジンブレーキ帯=COAST)→巡航52
87.0,58.04,5,COAST,惰行減速1.5(エンジンブレーキ帯=COAST)→巡航52
87.1,57.89,5,COAST,惰行減速1.5(エンジンブレーキ帯=COAST)→巡航52
87.2,57.74,5,COAST,惰行減速1.5(エンジンブレーキ帯=COAST)→巡航52
87.3,57.58,5,COAST,惰行減速1.5(エンジンブレーキ帯=COAST)→巡航52
87.4,57.43,5,COAST,惰行減速1.5(エンジンブレーキ帯=COAST)→巡航52
87.5,57.28,5,COAST,惰行減速1.5(エンジンブレーキ帯=COAST)→巡航52
87.6,57.13,5,COAST,惰行減速1.5(エンジンブレーキ帯=COAST)→巡航52
87.7,56.98,5,COAST,惰行減速1.5(エンジンブレーキ帯=COAST)→巡航52
87.8,56.83,5,COAST,惰行減速1.5(エンジンブレーキ帯=COAST)→巡航52
87.9,56.68,5,COAST,惰行減速1.5(エンジンブレーキ帯=COAST)→巡航52
88.0,56.53,5,COAST,惰行減速1.5(エンジンブレーキ帯=COAST)→巡航52
88.1,56.38,5,COAST,惰行減速1.5(エンジンブレーキ帯=COAST)→巡航52
88.2,56.23,5,COAST,惰行減速1.5(エンジンブレーキ帯=COAST)→巡航52
88.3,56.08,5,COAST,惰行減速1.5(エンジンブレーキ帯=COAST)→巡航52
88.4,55.92,5,COAST,惰行減速1.5(エンジンブレーキ帯=COAST)→巡航52
88.5,55.77,5,COAST,惰行減速1.5(エンジンブレーキ帯=COAST)→巡航52
88.6,55.62,5,COAST,惰行減速1.5(エンジンブレーキ帯=COAST)→巡航52
88.7,55.47,5,COAST,惰行減速1.5(エンジンブレーキ帯=COAST)→巡航52
88.8,55.32,5,COAST,惰行減速1.5(エンジンブレーキ帯=COAST)→巡航52
88.9,55.17,5,COAST,惰行減速1.5(エンジンブレーキ帯=COAST)→巡航52
89.0,55.02,5,COAST,惰行減速1.5(エンジンブレーキ帯=COAST)→巡航52
89.1,54.87,5,COAST,惰行減速1.5(エンジンブレーキ帯=COAST)→巡航52
89.2,54.72,5,COAST,惰行減速1.5(エンジンブレーキ帯=COAST)→巡航52
89.3,54.57,5,COAST,惰行減速1.5(エンジンブレーキ帯=COAST)→巡航52
89.4,54.42,5,COAST,惰行減速1.5(エンジンブレーキ帯=COAST)→巡航52
89.5,54.26,5,COAST,惰行減速1.5(エンジンブレーキ帯=COAST)→巡航52
89.6,54.11,5,COAST,惰行減速1.5(エンジンブレーキ帯=COAST)→巡航52
89.7,53.96,5,COAST,惰行減速1.5(エンジンブレーキ帯=COAST)→巡航52
89.8,53.81,5,COAST,惰行減速1.5(エンジンブレーキ帯=COAST)→巡航52
89.9,53.66,5,COAST,惰行減速1.5(エンジンブレーキ帯=COAST)→巡航52
90.0,53.51,5,COAST,惰行減速1.5(エンジンブレーキ帯=COAST)→巡航52
90.1,53.36,5,COAST,惰行減速1.5(エンジンブレーキ帯=COAST)→巡航52
90.2,53.21,5,COAST,惰行減速1.5(エンジンブレーキ帯=COAST)→巡航52
90.3,53.06,5,COAST,惰行減速1.5(エンジンブレーキ帯=COAST)→巡航52
90.4,52.91,5,COAST,惰行減速1.5(エンジンブレーキ帯=COAST)→巡航52
90.5,52.75,5,COAST,惰行減速1.5(エンジンブレーキ帯=COAST)→巡航52
90.6,52.60,5,DRIVE,惰行減速1.5(エンジンブレーキ帯=COAST)→巡航52
90.7,52.45,5,DRIVE,惰行減速1.5(エンジンブレーキ帯=COAST)→巡航52
90.8,52.30,5,DRIVE,惰行減速1.5(エンジンブレーキ帯=COAST)→巡航52
90.9,52.15,5,DRIVE,惰行減速1.5(エンジンブレーキ帯=COAST)→巡航52
91.0,52.00,5,DRIVE,惰行減速1.5(エンジンブレーキ帯=COAST)→巡航52
91.1,52.00,5,DRIVE,惰行減速1.5(エンジンブレーキ帯=COAST)→巡航52
91.2,52.00,5,DRIVE,惰行減速1.5(エンジンブレーキ帯=COAST)→巡航52
91.3,52.00,5,DRIVE,惰行減速1.5(エンジンブレーキ帯=COAST)→巡航52
91.4,52.00,5,DRIVE,惰行減速1.5(エンジンブレーキ帯=COAST)→巡航52
91.5,52.00,5,DRIVE,惰行減速1.5(エンジンブレーキ帯=COAST)→巡航52
91.6,52.00,5,DRIVE,惰行減速1.5(エンジンブレーキ帯=COAST)→巡航52
91.7,52.00,5,DRIVE,惰行減速1.5(エンジンブレーキ帯=COAST)→巡航52
91.8,52.00,5,DRIVE,惰行減速1.5(エンジンブレーキ帯=COAST)→巡航52
91.9,52.00,5,DRIVE,惰行減速1.5(エンジンブレーキ帯=COAST)→巡航52
92.0,52.00,5,DRIVE,惰行減速1.5(エンジンブレーキ帯=COAST)→巡航52
92.1,52.00,5,DRIVE,惰行減速1.5(エンジンブレーキ帯=COAST)→巡航52
92.2,52.00,5,DRIVE,惰行減速1.5(エンジンブレーキ帯=COAST)→巡航52
92.3,52.00,5,DRIVE,惰行減速1.5(エンジンブレーキ帯=COAST)→巡航52
92.4,52.00,5,DRIVE,惰行減速1.5(エンジンブレーキ帯=COAST)→巡航52
92.5,52.00,5,DRIVE,惰行減速1.5(エンジンブレーキ帯=COAST)→巡航52
92.6,52.00,5,DRIVE,惰行減速1.5(エンジンブレーキ帯=COAST)→巡航52
92.7,52.00,5,DRIVE,惰行減速1.5(エンジンブレーキ帯=COAST)→巡航52
92.8,52.00,5,DRIVE,惰行減速1.5(エンジンブレーキ帯=COAST)→巡航52
92.9,52.00,5,DRIVE,惰行減速1.5(エンジンブレーキ帯=COAST)→巡航52
93.0,52.00,5,DRIVE,惰行減速1.5(エンジンブレーキ帯=COAST)→巡航52
93.1,52.00,5,DRIVE,惰行減速1.5(エンジンブレーキ帯=COAST)→巡航52
93.2,52.00,5,DRIVE,惰行減速1.5(エンジンブレーキ帯=COAST)→巡航52
93.3,52.00,5,DRIVE,惰行減速1.5(エンジンブレーキ帯=COAST)→巡航52
93.4,52.00,5,DRIVE,惰行減速1.5(エンジンブレーキ帯=COAST)→巡航52
93.5,52.00,5,DRIVE,惰行減速1.5(エンジンブレーキ帯=COAST)→巡航52
93.6,52.00,5,DRIVE,惰行減速1.5(エンジンブレーキ帯=COAST)→巡航52
93.7,52.00,5,DRIVE,惰行減速1.5(エンジンブレーキ帯=COAST)→巡航52
93.8,52.00,5,DRIVE,惰行減速1.5(エンジンブレーキ帯=COAST)→巡航52
93.9,52.00,5,DRIVE,惰行減速1.5(エンジンブレーキ帯=COAST)→巡航52
94.0,52.00,5,DRIVE,惰行減速1.5(エンジンブレーキ帯=COAST)→巡航52
94.1,52.00,5,DRIVE,惰行減速1.5(エンジンブレーキ帯=COAST)→巡航52
94.2,52.00,5,DRIVE,惰行減速1.5(エンジンブレーキ帯=COAST)→巡航52
94.3,52.00,5,DRIVE,惰行減速1.5(エンジンブレーキ帯=COAST)→巡航52
94.4,52.00,5,DRIVE,惰行減速1.5(エンジンブレーキ帯=COAST)→巡航52
94.5,52.00,5,DRIVE,惰行減速1.5(エンジンブレーキ帯=COAST)→巡航52
94.6,52.00,5,DRIVE,惰行減速1.5(エンジンブレーキ帯=COAST)→巡航52
94.7,52.00,5,DRIVE,惰行減速1.5(エンジンブレーキ帯=COAST)→巡航52
94.8,52.00,5,DRIVE,惰行減速1.5(エンジンブレーキ帯=COAST)→巡航52
94.9,52.00,5,DRIVE,惰行減速1.5(エンジンブレーキ帯=COAST)→巡航52
95.0,52.00,5,DRIVE,惰行減速1.5(エンジンブレーキ帯=COAST)→巡航52
95.1,52.37,6,DRIVE,高率加速(p90)→巡航80(70-90帯代表)
95.2,52.74,6,DRIVE,高率加速(p90)→巡航80(70-90帯代表)
95.3,53.11,6,DRIVE,高率加速(p90)→巡航80(70-90帯代表)
95.4,53.47,6,DRIVE,高率加速(p90)→巡航80(70-90帯代表)
95.5,53.84,6,DRIVE,高率加速(p90)→巡航80(70-90帯代表)
95.6,54.21,6,DRIVE,高率加速(p90)→巡航80(70-90帯代表)
95.7,54.58,6,DRIVE,高率加速(p90)→巡航80(70-90帯代表)
95.8,54.95,6,DRIVE,高率加速(p90)→巡航80(70-90帯代表)
95.9,55.32,6,DRIVE,高率加速(p90)→巡航80(70-90帯代表)
96.0,55.68,6,DRIVE,高率加速(p90)→巡航80(70-90帯代表)
96.1,56.05,6,DRIVE,高率加速(p90)→巡航80(70-90帯代表)
96.2,56.42,6,DRIVE,高率加速(p90)→巡航80(70-90帯代表)
96.3,56.79,6,DRIVE,高率加速(p90)→巡航80(70-90帯代表)
96.4,57.16,6,DRIVE,高率加速(p90)→巡航80(70-90帯代表)
96.5,57.53,6,DRIVE,高率加速(p90)→巡航80(70-90帯代表)
96.6,57.89,6,DRIVE,高率加速(p90)→巡航80(70-90帯代表)
96.7,58.26,6,DRIVE,高率加速(p90)→巡航80(70-90帯代表)
96.8,58.63,6,DRIVE,高率加速(p90)→巡航80(70-90帯代表)
96.9,59.00,6,DRIVE,高率加速(p90)→巡航80(70-90帯代表)
97.0,59.37,6,DRIVE,高率加速(p90)→巡航80(70-90帯代表)
97.1,59.74,6,DRIVE,高率加速(p90)→巡航80(70-90帯代表)
97.2,60.11,6,DRIVE,高率加速(p90)→巡航80(70-90帯代表)
97.3,60.47,6,DRIVE,高率加速(p90)→巡航80(70-90帯代表)
97.4,60.84,6,DRIVE,高率加速(p90)→巡航80(70-90帯代表)
97.5,61.21,6,DRIVE,高率加速(p90)→巡航80(70-90帯代表)
97.6,61.58,6,DRIVE,高率加速(p90)→巡航80(70-90帯代表)
97.7,61.95,6,DRIVE,高率加速(p90)→巡航80(70-90帯代表)
97.8,62.32,6,DRIVE,高率加速(p90)→巡航80(70-90帯代表)
97.9,62.68,6,DRIVE,高率加速(p90)→巡航80(70-90帯代表)
98.0,63.05,6,DRIVE,高率加速(p90)→巡航80(70-90帯代表)
98.1,63.42,6,DRIVE,高率加速(p90)→巡航80(70-90帯代表)
98.2,63.79,6,DRIVE,高率加速(p90)→巡航80(70-90帯代表)
98.3,64.16,6,DRIVE,高率加速(p90)→巡航80(70-90帯代表)
98.4,64.53,6,DRIVE,高率加速(p90)→巡航80(70-90帯代表)
98.5,64.89,6,DRIVE,高率加速(p90)→巡航80(70-90帯代表)
98.6,65.26,6,DRIVE,高率加速(p90)→巡航80(70-90帯代表)
98.7,65.63,6,DRIVE,高率加速(p90)→巡航80(70-90帯代表)
98.8,66.00,6,DRIVE,高率加速(p90)→巡航80(70-90帯代表)
98.9,66.37,6,DRIVE,高率加速(p90)→巡航80(70-90帯代表)
99.0,66.74,6,DRIVE,高率加速(p90)→巡航80(70-90帯代表)
99.1,67.11,6,DRIVE,高率加速(p90)→巡航80(70-90帯代表)
99.2,67.47,6,DRIVE,高率加速(p90)→巡航80(70-90帯代表)
99.3,67.84,6,DRIVE,高率加速(p90)→巡航80(70-90帯代表)
99.4,68.21,6,DRIVE,高率加速(p90)→巡航80(70-90帯代表)
99.5,68.58,6,DRIVE,高率加速(p90)→巡航80(70-90帯代表)
99.6,68.95,6,DRIVE,高率加速(p90)→巡航80(70-90帯代表)
99.7,69.32,6,DRIVE,高率加速(p90)→巡航80(70-90帯代表)
99.8,69.68,6,DRIVE,高率加速(p90)→巡航80(70-90帯代表)
99.9,70.05,6,DRIVE,高率加速(p90)→巡航80(70-90帯代表)
100.0,70.42,6,DRIVE,高率加速(p90)→巡航80(70-90帯代表)
100.1,70.79,6,DRIVE,高率加速(p90)→巡航80(70-90帯代表)
100.2,71.16,6,DRIVE,高率加速(p90)→巡航80(70-90帯代表)
100.3,71.53,6,DRIVE,高率加速(p90)→巡航80(70-90帯代表)
100.4,71.89,6,DRIVE,高率加速(p90)→巡航80(70-90帯代表)
100.5,72.26,6,DRIVE,高率加速(p90)→巡航80(70-90帯代表)
100.6,72.63,6,DRIVE,高率加速(p90)→巡航80(70-90帯代表)
100.7,73.00,6,DRIVE,高率加速(p90)→巡航80(70-90帯代表)
100.8,73.37,6,DRIVE,高率加速(p90)→巡航80(70-90帯代表)
100.9,73.74,6,DRIVE,高率加速(p90)→巡航80(70-90帯代表)
101.0,74.11,6,DRIVE,高率加速(p90)→巡航80(70-90帯代表)
101.1,74.47,6,DRIVE,高率加速(p90)→巡航80(70-90帯代表)
101.2,74.84,6,DRIVE,高率加速(p90)→巡航80(70-90帯代表)
101.3,75.21,6,DRIVE,高率加速(p90)→巡航80(70-90帯代表)
101.4,75.58,6,DRIVE,高率加速(p90)→巡航80(70-90帯代表)
101.5,75.95,6,DRIVE,高率加速(p90)→巡航80(70-90帯代表)
101.6,76.32,6,DRIVE,高率加速(p90)→巡航80(70-90帯代表)
101.7,76.68,6,DRIVE,高率加速(p90)→巡航80(70-90帯代表)
101.8,77.05,6,DRIVE,高率加速(p90)→巡航80(70-90帯代表)
101.9,77.42,6,DRIVE,高率加速(p90)→巡航80(70-90帯代表)
102.0,77.79,6,DRIVE,高率加速(p90)→巡航80(70-90帯代表)
102.1,78.16,6,DRIVE,高率加速(p90)→巡航80(70-90帯代表)
102.2,78.53,6,DRIVE,高率加速(p90)→巡航80(70-90帯代表)
102.3,78.89,6,DRIVE,高率加速(p90)→巡航80(70-90帯代表)
102.4,79.26,6,DRIVE,高率加速(p90)→巡航80(70-90帯代表)
102.5,79.63,6,DRIVE,高率加速(p90)→巡航80(70-90帯代表)
102.6,80.00,6,DRIVE,高率加速(p90)→巡航80(70-90帯代表)
102.7,80.00,6,DRIVE,高率加速(p90)→巡航80(70-90帯代表)
102.8,80.00,6,DRIVE,高率加速(p90)→巡航80(70-90帯代表)
102.9,80.00,6,DRIVE,高率加速(p90)→巡航80(70-90帯代表)
103.0,80.00,6,DRIVE,高率加速(p90)→巡航80(70-90帯代表)
103.1,80.00,6,DRIVE,高率加速(p90)→巡航80(70-90帯代表)
103.2,80.00,6,DRIVE,高率加速(p90)→巡航80(70-90帯代表)
103.3,80.00,6,DRIVE,高率加速(p90)→巡航80(70-90帯代表)
103.4,80.00,6,DRIVE,高率加速(p90)→巡航80(70-90帯代表)
103.5,80.00,6,DRIVE,高率加速(p90)→巡航80(70-90帯代表)
103.6,80.00,6,DRIVE,高率加速(p90)→巡航80(70-90帯代表)
103.7,80.00,6,DRIVE,高率加速(p90)→巡航80(70-90帯代表)
103.8,80.00,6,DRIVE,高率加速(p90)→巡航80(70-90帯代表)
103.9,80.00,6,DRIVE,高率加速(p90)→巡航80(70-90帯代表)
104.0,80.00,6,DRIVE,高率加速(p90)→巡航80(70-90帯代表)
104.1,80.00,6,DRIVE,高率加速(p90)→巡航80(70-90帯代表)
104.2,80.00,6,DRIVE,高率加速(p90)→巡航80(70-90帯代表)
104.3,80.00,6,DRIVE,高率加速(p90)→巡航80(70-90帯代表)
104.4,80.00,6,DRIVE,高率加速(p90)→巡航80(70-90帯代表)
104.5,80.00,6,DRIVE,高率加速(p90)→巡航80(70-90帯代表)
104.6,80.00,6,DRIVE,高率加速(p90)→巡航80(70-90帯代表)
104.7,80.00,6,DRIVE,高率加速(p90)→巡航80(70-90帯代表)
104.8,80.00,6,DRIVE,高率加速(p90)→巡航80(70-90帯代表)
104.9,80.00,6,DRIVE,高率加速(p90)→巡航80(70-90帯代表)
105.0,80.00,6,DRIVE,高率加速(p90)→巡航80(70-90帯代表)
105.1,80.00,6,DRIVE,高率加速(p90)→巡航80(70-90帯代表)
105.2,80.00,6,DRIVE,高率加速(p90)→巡航80(70-90帯代表)
105.3,80.00,6,DRIVE,高率加速(p90)→巡航80(70-90帯代表)
105.4,80.00,6,DRIVE,高率加速(p90)→巡航80(70-90帯代表)
105.5,80.00,6,DRIVE,高率加速(p90)→巡航80(70-90帯代表)
105.6,80.00,6,DRIVE,高率加速(p90)→巡航80(70-90帯代表)
105.7,80.00,6,DRIVE,高率加速(p90)→巡航80(70-90帯代表)
105.8,80.00,6,DRIVE,高率加速(p90)→巡航80(70-90帯代表)
105.9,80.00,6,DRIVE,高率加速(p90)→巡航80(70-90帯代表)
106.0,80.00,6,DRIVE,高率加速(p90)→巡航80(70-90帯代表)
106.1,80.00,6,DRIVE,高率加速(p90)→巡航80(70-90帯代表)
106.2,80.00,6,DRIVE,高率加速(p90)→巡航80(70-90帯代表)
106.3,80.00,6,DRIVE,高率加速(p90)→巡航80(70-90帯代表)
106.4,80.00,6,DRIVE,高率加速(p90)→巡航80(70-90帯代表)
106.5,80.00,6,DRIVE,高率加速(p90)→巡航80(70-90帯代表)
106.6,80.00,6,DRIVE,高率加速(p90)→巡航80(70-90帯代表)
106.7,80.00,6,DRIVE,高率加速(p90)→巡航80(70-90帯代表)
106.8,80.00,6,DRIVE,高率加速(p90)→巡航80(70-90帯代表)
106.9,80.00,6,DRIVE,高率加速(p90)→巡航80(70-90帯代表)
107.0,80.00,6,DRIVE,高率加速(p90)→巡航80(70-90帯代表)
107.1,80.00,6,DRIVE,高率加速(p90)→巡航80(70-90帯代表)
107.2,80.00,6,DRIVE,高率加速(p90)→巡航80(70-90帯代表)
107.3,80.00,6,DRIVE,高率加速(p90)→巡航80(70-90帯代表)
107.4,80.00,6,DRIVE,高率加速(p90)→巡航80(70-90帯代表)
107.5,80.00,6,DRIVE,高率加速(p90)→巡航80(70-90帯代表)
107.6,80.00,6,DRIVE,高率加速(p90)→巡航80(70-90帯代表)
107.7,80.00,6,DRIVE,高率加速(p90)→巡航80(70-90帯代表)
107.8,80.00,6,DRIVE,高率加速(p90)→巡航80(70-90帯代表)
107.9,80.00,6,DRIVE,高率加速(p90)→巡航80(70-90帯代表)
108.0,80.00,6,DRIVE,高率加速(p90)→巡航80(70-90帯代表)
108.1,80.00,6,DRIVE,高率加速(p90)→巡航80(70-90帯代表)
108.2,80.00,6,DRIVE,高率加速(p90)→巡航80(70-90帯代表)
108.3,80.00,6,DRIVE,高率加速(p90)→巡航80(70-90帯代表)
108.4,80.00,6,DRIVE,高率加速(p90)→巡航80(70-90帯代表)
108.5,80.00,6,DRIVE,高率加速(p90)→巡航80(70-90帯代表)
108.6,80.00,6,DRIVE,高率加速(p90)→巡航80(70-90帯代表)
108.7,80.25,7,DRIVE,中高率加速→巡航95(90-110帯代表)
108.8,80.50,7,DRIVE,中高率加速→巡航95(90-110帯代表)
108.9,80.75,7,DRIVE,中高率加速→巡航95(90-110帯代表)
109.0,81.00,7,DRIVE,中高率加速→巡航95(90-110帯代表)
109.1,81.25,7,DRIVE,中高率加速→巡航95(90-110帯代表)
109.2,81.50,7,DRIVE,中高率加速→巡航95(90-110帯代表)
109.3,81.75,7,DRIVE,中高率加速→巡航95(90-110帯代表)
109.4,82.00,7,DRIVE,中高率加速→巡航95(90-110帯代表)
109.5,82.25,7,DRIVE,中高率加速→巡航95(90-110帯代表)
109.6,82.50,7,DRIVE,中高率加速→巡航95(90-110帯代表)
109.7,82.75,7,DRIVE,中高率加速→巡航95(90-110帯代表)
109.8,83.00,7,DRIVE,中高率加速→巡航95(90-110帯代表)
109.9,83.25,7,DRIVE,中高率加速→巡航95(90-110帯代表)
110.0,83.50,7,DRIVE,中高率加速→巡航95(90-110帯代表)
110.1,83.75,7,DRIVE,中高率加速→巡航95(90-110帯代表)
110.2,84.00,7,DRIVE,中高率加速→巡航95(90-110帯代表)
110.3,84.25,7,DRIVE,中高率加速→巡航95(90-110帯代表)
110.4,84.50,7,DRIVE,中高率加速→巡航95(90-110帯代表)
110.5,84.75,7,DRIVE,中高率加速→巡航95(90-110帯代表)
110.6,85.00,7,DRIVE,中高率加速→巡航95(90-110帯代表)
110.7,85.25,7,DRIVE,中高率加速→巡航95(90-110帯代表)
110.8,85.50,7,DRIVE,中高率加速→巡航95(90-110帯代表)
110.9,85.75,7,DRIVE,中高率加速→巡航95(90-110帯代表)
111.0,86.00,7,DRIVE,中高率加速→巡航95(90-110帯代表)
111.1,86.25,7,DRIVE,中高率加速→巡航95(90-110帯代表)
111.2,86.50,7,DRIVE,中高率加速→巡航95(90-110帯代表)
111.3,86.75,7,DRIVE,中高率加速→巡航95(90-110帯代表)
111.4,87.00,7,DRIVE,中高率加速→巡航95(90-110帯代表)
111.5,87.25,7,DRIVE,中高率加速→巡航95(90-110帯代表)
111.6,87.50,7,DRIVE,中高率加速→巡航95(90-110帯代表)
111.7,87.75,7,DRIVE,中高率加速→巡航95(90-110帯代表)
111.8,88.00,7,DRIVE,中高率加速→巡航95(90-110帯代表)
111.9,88.25,7,DRIVE,中高率加速→巡航95(90-110帯代表)
112.0,88.50,7,DRIVE,中高率加速→巡航95(90-110帯代表)
112.1,88.75,7,DRIVE,中高率加速→巡航95(90-110帯代表)
112.2,89.00,7,DRIVE,中高率加速→巡航95(90-110帯代表)
112.3,89.25,7,DRIVE,中高率加速→巡航95(90-110帯代表)
112.4,89.50,7,DRIVE,中高率加速→巡航95(90-110帯代表)
112.5,89.75,7,DRIVE,中高率加速→巡航95(90-110帯代表)
112.6,90.00,7,DRIVE,中高率加速→巡航95(90-110帯代表)
112.7,90.25,7,DRIVE,中高率加速→巡航95(90-110帯代表)
112.8,90.50,7,DRIVE,中高率加速→巡航95(90-110帯代表)
112.9,90.75,7,DRIVE,中高率加速→巡航95(90-110帯代表)
113.0,91.00,7,DRIVE,中高率加速→巡航95(90-110帯代表)
113.1,91.25,7,DRIVE,中高率加速→巡航95(90-110帯代表)
113.2,91.50,7,DRIVE,中高率加速→巡航95(90-110帯代表)
113.3,91.75,7,DRIVE,中高率加速→巡航95(90-110帯代表)
113.4,92.00,7,DRIVE,中高率加速→巡航95(90-110帯代表)
113.5,92.25,7,DRIVE,中高率加速→巡航95(90-110帯代表)
113.6,92.50,7,DRIVE,中高率加速→巡航95(90-110帯代表)
113.7,92.75,7,DRIVE,中高率加速→巡航95(90-110帯代表)
113.8,93.00,7,DRIVE,中高率加速→巡航95(90-110帯代表)
113.9,93.25,7,DRIVE,中高率加速→巡航95(90-110帯代表)
114.0,93.50,7,DRIVE,中高率加速→巡航95(90-110帯代表)
114.1,93.75,7,DRIVE,中高率加速→巡航95(90-110帯代表)
114.2,94.00,7,DRIVE,中高率加速→巡航95(90-110帯代表)
114.3,94.25,7,DRIVE,中高率加速→巡航95(90-110帯代表)
114.4,94.50,7,DRIVE,中高率加速→巡航95(90-110帯代表)
114.5,94.75,7,DRIVE,中高率加速→巡航95(90-110帯代表)
114.6,95.00,7,DRIVE,中高率加速→巡航95(90-110帯代表)
114.7,95.00,7,DRIVE,中高率加速→巡航95(90-110帯代表)
114.8,95.00,7,DRIVE,中高率加速→巡航95(90-110帯代表)
114.9,95.00,7,DRIVE,中高率加速→巡航95(90-110帯代表)
115.0,95.00,7,DRIVE,中高率加速→巡航95(90-110帯代表)
115.1,95.00,7,DRIVE,中高率加速→巡航95(90-110帯代表)
115.2,95.00,7,DRIVE,中高率加速→巡航95(90-110帯代表)
115.3,95.00,7,DRIVE,中高率加速→巡航95(90-110帯代表)
115.4,95.00,7,DRIVE,中高率加速→巡航95(90-110帯代表)
115.5,95.00,7,DRIVE,中高率加速→巡航95(90-110帯代表)
115.6,95.00,7,DRIVE,中高率加速→巡航95(90-110帯代表)
115.7,95.00,7,DRIVE,中高率加速→巡航95(90-110帯代表)
115.8,95.00,7,DRIVE,中高率加速→巡航95(90-110帯代表)
115.9,95.00,7,DRIVE,中高率加速→巡航95(90-110帯代表)
116.0,95.00,7,DRIVE,中高率加速→巡航95(90-110帯代表)
116.1,95.00,7,DRIVE,中高率加速→巡航95(90-110帯代表)
116.2,95.00,7,DRIVE,中高率加速→巡航95(90-110帯代表)
116.3,95.00,7,DRIVE,中高率加速→巡航95(90-110帯代表)
116.4,95.00,7,DRIVE,中高率加速→巡航95(90-110帯代表)
116.5,95.00,7,DRIVE,中高率加速→巡航95(90-110帯代表)
116.6,95.00,7,DRIVE,中高率加速→巡航95(90-110帯代表)
116.7,95.00,7,DRIVE,中高率加速→巡航95(90-110帯代表)
116.8,95.00,7,DRIVE,中高率加速→巡航95(90-110帯代表)
116.9,95.00,7,DRIVE,中高率加速→巡航95(90-110帯代表)
117.0,95.00,7,DRIVE,中高率加速→巡航95(90-110帯代表)
117.1,95.00,7,DRIVE,中高率加速→巡航95(90-110帯代表)
117.2,95.00,7,DRIVE,中高率加速→巡航95(90-110帯代表)
117.3,95.00,7,DRIVE,中高率加速→巡航95(90-110帯代表)
117.4,95.00,7,DRIVE,中高率加速→巡航95(90-110帯代表)
117.5,95.00,7,DRIVE,中高率加速→巡航95(90-110帯代表)
117.6,95.00,7,DRIVE,中高率加速→巡航95(90-110帯代表)
117.7,95.00,7,DRIVE,中高率加速→巡航95(90-110帯代表)
117.8,95.00,7,DRIVE,中高率加速→巡航95(90-110帯代表)
117.9,95.00,7,DRIVE,中高率加速→巡航95(90-110帯代表)
118.0,95.00,7,DRIVE,中高率加速→巡航95(90-110帯代表)
118.1,95.00,7,DRIVE,中高率加速→巡航95(90-110帯代表)
118.2,95.00,7,DRIVE,中高率加速→巡航95(90-110帯代表)
118.3,95.00,7,DRIVE,中高率加速→巡航95(90-110帯代表)
118.4,95.00,7,DRIVE,中高率加速→巡航95(90-110帯代表)
118.5,95.00,7,DRIVE,中高率加速→巡航95(90-110帯代表)
118.6,95.00,7,DRIVE,中高率加速→巡航95(90-110帯代表)
118.7,95.00,7,DRIVE,中高率加速→巡航95(90-110帯代表)
118.8,95.00,7,DRIVE,中高率加速→巡航95(90-110帯代表)
118.9,95.00,7,DRIVE,中高率加速→巡航95(90-110帯代表)
119.0,95.00,7,DRIVE,中高率加速→巡航95(90-110帯代表)
119.1,95.00,7,DRIVE,中高率加速→巡航95(90-110帯代表)
119.2,95.00,7,DRIVE,中高率加速→巡航95(90-110帯代表)
119.3,95.00,7,DRIVE,中高率加速→巡航95(90-110帯代表)
119.4,95.00,7,DRIVE,中高率加速→巡航95(90-110帯代表)
119.5,95.00,7,DRIVE,中高率加速→巡航95(90-110帯代表)
119.6,95.00,7,DRIVE,中高率加速→巡航95(90-110帯代表)
119.7,95.00,7,DRIVE,中高率加速→巡航95(90-110帯代表)
119.8,95.00,7,DRIVE,中高率加速→巡航95(90-110帯代表)
119.9,95.00,7,DRIVE,中高率加速→巡航95(90-110帯代表)
120.0,95.00,7,DRIVE,中高率加速→巡航95(90-110帯代表)
120.1,95.00,7,DRIVE,中高率加速→巡航95(90-110帯代表)
120.2,95.00,7,DRIVE,中高率加速→巡航95(90-110帯代表)
120.3,95.00,7,DRIVE,中高率加速→巡航95(90-110帯代表)
120.4,95.00,7,DRIVE,中高率加速→巡航95(90-110帯代表)
120.5,95.00,7,DRIVE,中高率加速→巡航95(90-110帯代表)
120.6,95.00,7,DRIVE,中高率加速→巡航95(90-110帯代表)
120.7,95.00,7,DRIVE,中高率加速→巡航95(90-110帯代表)
120.8,95.00,7,DRIVE,中高率加速→巡航95(90-110帯代表)
120.9,95.00,7,DRIVE,中高率加速→巡航95(90-110帯代表)
121.0,95.00,7,DRIVE,中高率加速→巡航95(90-110帯代表)
121.1,95.00,7,DRIVE,中高率加速→巡航95(90-110帯代表)
121.2,95.00,7,DRIVE,中高率加速→巡航95(90-110帯代表)
121.3,95.00,7,DRIVE,中高率加速→巡航95(90-110帯代表)
121.4,95.00,7,DRIVE,中高率加速→巡航95(90-110帯代表)
121.5,95.00,7,DRIVE,中高率加速→巡航95(90-110帯代表)
121.6,95.00,7,DRIVE,中高率加速→巡航95(90-110帯代表)
121.7,95.00,7,DRIVE,中高率加速→巡航95(90-110帯代表)
121.8,95.00,7,DRIVE,中高率加速→巡航95(90-110帯代表)
121.9,95.00,7,DRIVE,中高率加速→巡航95(90-110帯代表)
122.0,95.00,7,DRIVE,中高率加速→巡航95(90-110帯代表)
122.1,95.00,7,DRIVE,中高率加速→巡航95(90-110帯代表)
122.2,95.00,7,DRIVE,中高率加速→巡航95(90-110帯代表)
122.3,95.00,7,DRIVE,中高率加速→巡航95(90-110帯代表)
122.4,95.00,7,DRIVE,中高率加速→巡航95(90-110帯代表)
122.5,95.00,7,DRIVE,中高率加速→巡航95(90-110帯代表)
122.6,95.00,7,DRIVE,中高率加速→巡航95(90-110帯代表)
122.7,95.12,8,DRIVE,高速域の緩い登り→最高速巡航131(WLTP_ExHi巡航・微小開度域)≥10s
122.8,95.24,8,DRIVE,高速域の緩い登り→最高速巡航131(WLTP_ExHi巡航・微小開度域)≥10s
122.9,95.36,8,DRIVE,高速域の緩い登り→最高速巡航131(WLTP_ExHi巡航・微小開度域)≥10s
123.0,95.48,8,DRIVE,高速域の緩い登り→最高速巡航131(WLTP_ExHi巡航・微小開度域)≥10s
123.1,95.60,8,DRIVE,高速域の緩い登り→最高速巡航131(WLTP_ExHi巡航・微小開度域)≥10s
123.2,95.72,8,DRIVE,高速域の緩い登り→最高速巡航131(WLTP_ExHi巡航・微小開度域)≥10s
123.3,95.84,8,DRIVE,高速域の緩い登り→最高速巡航131(WLTP_ExHi巡航・微小開度域)≥10s
123.4,95.96,8,DRIVE,高速域の緩い登り→最高速巡航131(WLTP_ExHi巡航・微小開度域)≥10s
123.5,96.08,8,DRIVE,高速域の緩い登り→最高速巡航131(WLTP_ExHi巡航・微小開度域)≥10s
123.6,96.20,8,DRIVE,高速域の緩い登り→最高速巡航131(WLTP_ExHi巡航・微小開度域)≥10s
123.7,96.32,8,DRIVE,高速域の緩い登り→最高速巡航131(WLTP_ExHi巡航・微小開度域)≥10s
123.8,96.44,8,DRIVE,高速域の緩い登り→最高速巡航131(WLTP_ExHi巡航・微小開度域)≥10s
123.9,96.56,8,DRIVE,高速域の緩い登り→最高速巡航131(WLTP_ExHi巡航・微小開度域)≥10s
124.0,96.68,8,DRIVE,高速域の緩い登り→最高速巡航131(WLTP_ExHi巡航・微小開度域)≥10s
124.1,96.80,8,DRIVE,高速域の緩い登り→最高速巡航131(WLTP_ExHi巡航・微小開度域)≥10s
124.2,96.92,8,DRIVE,高速域の緩い登り→最高速巡航131(WLTP_ExHi巡航・微小開度域)≥10s
124.3,97.04,8,DRIVE,高速域の緩い登り→最高速巡航131(WLTP_ExHi巡航・微小開度域)≥10s
124.4,97.16,8,DRIVE,高速域の緩い登り→最高速巡航131(WLTP_ExHi巡航・微小開度域)≥10s
124.5,97.28,8,DRIVE,高速域の緩い登り→最高速巡航131(WLTP_ExHi巡航・微小開度域)≥10s
124.6,97.40,8,DRIVE,高速域の緩い登り→最高速巡航131(WLTP_ExHi巡航・微小開度域)≥10s
124.7,97.52,8,DRIVE,高速域の緩い登り→最高速巡航131(WLTP_ExHi巡航・微小開度域)≥10s
124.8,97.64,8,DRIVE,高速域の緩い登り→最高速巡航131(WLTP_ExHi巡航・微小開度域)≥10s
124.9,97.76,8,DRIVE,高速域の緩い登り→最高速巡航131(WLTP_ExHi巡航・微小開度域)≥10s
125.0,97.88,8,DRIVE,高速域の緩い登り→最高速巡航131(WLTP_ExHi巡航・微小開度域)≥10s
125.1,98.00,8,DRIVE,高速域の緩い登り→最高速巡航131(WLTP_ExHi巡航・微小開度域)≥10s
125.2,98.12,8,DRIVE,高速域の緩い登り→最高速巡航131(WLTP_ExHi巡航・微小開度域)≥10s
125.3,98.24,8,DRIVE,高速域の緩い登り→最高速巡航131(WLTP_ExHi巡航・微小開度域)≥10s
125.4,98.36,8,DRIVE,高速域の緩い登り→最高速巡航131(WLTP_ExHi巡航・微小開度域)≥10s
125.5,98.48,8,DRIVE,高速域の緩い登り→最高速巡航131(WLTP_ExHi巡航・微小開度域)≥10s
125.6,98.60,8,DRIVE,高速域の緩い登り→最高速巡航131(WLTP_ExHi巡航・微小開度域)≥10s
125.7,98.72,8,DRIVE,高速域の緩い登り→最高速巡航131(WLTP_ExHi巡航・微小開度域)≥10s
125.8,98.84,8,DRIVE,高速域の緩い登り→最高速巡航131(WLTP_ExHi巡航・微小開度域)≥10s
125.9,98.96,8,DRIVE,高速域の緩い登り→最高速巡航131(WLTP_ExHi巡航・微小開度域)≥10s
126.0,99.08,8,DRIVE,高速域の緩い登り→最高速巡航131(WLTP_ExHi巡航・微小開度域)≥10s
126.1,99.20,8,DRIVE,高速域の緩い登り→最高速巡航131(WLTP_ExHi巡航・微小開度域)≥10s
126.2,99.32,8,DRIVE,高速域の緩い登り→最高速巡航131(WLTP_ExHi巡航・微小開度域)≥10s
126.3,99.44,8,DRIVE,高速域の緩い登り→最高速巡航131(WLTP_ExHi巡航・微小開度域)≥10s
126.4,99.56,8,DRIVE,高速域の緩い登り→最高速巡航131(WLTP_ExHi巡航・微小開度域)≥10s
126.5,99.68,8,DRIVE,高速域の緩い登り→最高速巡航131(WLTP_ExHi巡航・微小開度域)≥10s
126.6,99.80,8,DRIVE,高速域の緩い登り→最高速巡航131(WLTP_ExHi巡航・微小開度域)≥10s
126.7,99.92,8,DRIVE,高速域の緩い登り→最高速巡航131(WLTP_ExHi巡航・微小開度域)≥10s
126.8,100.04,8,DRIVE,高速域の緩い登り→最高速巡航131(WLTP_ExHi巡航・微小開度域)≥10s
126.9,100.16,8,DRIVE,高速域の緩い登り→最高速巡航131(WLTP_ExHi巡航・微小開度域)≥10s
127.0,100.28,8,DRIVE,高速域の緩い登り→最高速巡航131(WLTP_ExHi巡航・微小開度域)≥10s
127.1,100.40,8,DRIVE,高速域の緩い登り→最高速巡航131(WLTP_ExHi巡航・微小開度域)≥10s
127.2,100.52,8,DRIVE,高速域の緩い登り→最高速巡航131(WLTP_ExHi巡航・微小開度域)≥10s
127.3,100.64,8,DRIVE,高速域の緩い登り→最高速巡航131(WLTP_ExHi巡航・微小開度域)≥10s
127.4,100.76,8,DRIVE,高速域の緩い登り→最高速巡航131(WLTP_ExHi巡航・微小開度域)≥10s
127.5,100.88,8,DRIVE,高速域の緩い登り→最高速巡航131(WLTP_ExHi巡航・微小開度域)≥10s
127.6,101.00,8,DRIVE,高速域の緩い登り→最高速巡航131(WLTP_ExHi巡航・微小開度域)≥10s
127.7,101.12,8,DRIVE,高速域の緩い登り→最高速巡航131(WLTP_ExHi巡航・微小開度域)≥10s
127.8,101.24,8,DRIVE,高速域の緩い登り→最高速巡航131(WLTP_ExHi巡航・微小開度域)≥10s
127.9,101.36,8,DRIVE,高速域の緩い登り→最高速巡航131(WLTP_ExHi巡航・微小開度域)≥10s
128.0,101.48,8,DRIVE,高速域の緩い登り→最高速巡航131(WLTP_ExHi巡航・微小開度域)≥10s
128.1,101.60,8,DRIVE,高速域の緩い登り→最高速巡航131(WLTP_ExHi巡航・微小開度域)≥10s
128.2,101.72,8,DRIVE,高速域の緩い登り→最高速巡航131(WLTP_ExHi巡航・微小開度域)≥10s
128.3,101.84,8,DRIVE,高速域の緩い登り→最高速巡航131(WLTP_ExHi巡航・微小開度域)≥10s
128.4,101.96,8,DRIVE,高速域の緩い登り→最高速巡航131(WLTP_ExHi巡航・微小開度域)≥10s
128.5,102.08,8,DRIVE,高速域の緩い登り→最高速巡航131(WLTP_ExHi巡航・微小開度域)≥10s
128.6,102.20,8,DRIVE,高速域の緩い登り→最高速巡航131(WLTP_ExHi巡航・微小開度域)≥10s
128.7,102.32,8,DRIVE,高速域の緩い登り→最高速巡航131(WLTP_ExHi巡航・微小開度域)≥10s
128.8,102.44,8,DRIVE,高速域の緩い登り→最高速巡航131(WLTP_ExHi巡航・微小開度域)≥10s
128.9,102.56,8,DRIVE,高速域の緩い登り→最高速巡航131(WLTP_ExHi巡航・微小開度域)≥10s
129.0,102.68,8,DRIVE,高速域の緩い登り→最高速巡航131(WLTP_ExHi巡航・微小開度域)≥10s
129.1,102.80,8,DRIVE,高速域の緩い登り→最高速巡航131(WLTP_ExHi巡航・微小開度域)≥10s
129.2,102.92,8,DRIVE,高速域の緩い登り→最高速巡航131(WLTP_ExHi巡航・微小開度域)≥10s
129.3,103.04,8,DRIVE,高速域の緩い登り→最高速巡航131(WLTP_ExHi巡航・微小開度域)≥10s
129.4,103.16,8,DRIVE,高速域の緩い登り→最高速巡航131(WLTP_ExHi巡航・微小開度域)≥10s
129.5,103.28,8,DRIVE,高速域の緩い登り→最高速巡航131(WLTP_ExHi巡航・微小開度域)≥10s
129.6,103.40,8,DRIVE,高速域の緩い登り→最高速巡航131(WLTP_ExHi巡航・微小開度域)≥10s
129.7,103.52,8,DRIVE,高速域の緩い登り→最高速巡航131(WLTP_ExHi巡航・微小開度域)≥10s
129.8,103.64,8,DRIVE,高速域の緩い登り→最高速巡航131(WLTP_ExHi巡航・微小開度域)≥10s
129.9,103.76,8,DRIVE,高速域の緩い登り→最高速巡航131(WLTP_ExHi巡航・微小開度域)≥10s
130.0,103.88,8,DRIVE,高速域の緩い登り→最高速巡航131(WLTP_ExHi巡航・微小開度域)≥10s
130.1,104.00,8,DRIVE,高速域の緩い登り→最高速巡航131(WLTP_ExHi巡航・微小開度域)≥10s
130.2,104.12,8,DRIVE,高速域の緩い登り→最高速巡航131(WLTP_ExHi巡航・微小開度域)≥10s
130.3,104.24,8,DRIVE,高速域の緩い登り→最高速巡航131(WLTP_ExHi巡航・微小開度域)≥10s
130.4,104.36,8,DRIVE,高速域の緩い登り→最高速巡航131(WLTP_ExHi巡航・微小開度域)≥10s
130.5,104.48,8,DRIVE,高速域の緩い登り→最高速巡航131(WLTP_ExHi巡航・微小開度域)≥10s
130.6,104.60,8,DRIVE,高速域の緩い登り→最高速巡航131(WLTP_ExHi巡航・微小開度域)≥10s
130.7,104.72,8,DRIVE,高速域の緩い登り→最高速巡航131(WLTP_ExHi巡航・微小開度域)≥10s
130.8,104.84,8,DRIVE,高速域の緩い登り→最高速巡航131(WLTP_ExHi巡航・微小開度域)≥10s
130.9,104.96,8,DRIVE,高速域の緩い登り→最高速巡航131(WLTP_ExHi巡航・微小開度域)≥10s
131.0,105.08,8,DRIVE,高速域の緩い登り→最高速巡航131(WLTP_ExHi巡航・微小開度域)≥10s
131.1,105.20,8,DRIVE,高速域の緩い登り→最高速巡航131(WLTP_ExHi巡航・微小開度域)≥10s
131.2,105.32,8,DRIVE,高速域の緩い登り→最高速巡航131(WLTP_ExHi巡航・微小開度域)≥10s
131.3,105.44,8,DRIVE,高速域の緩い登り→最高速巡航131(WLTP_ExHi巡航・微小開度域)≥10s
131.4,105.56,8,DRIVE,高速域の緩い登り→最高速巡航131(WLTP_ExHi巡航・微小開度域)≥10s
131.5,105.68,8,DRIVE,高速域の緩い登り→最高速巡航131(WLTP_ExHi巡航・微小開度域)≥10s
131.6,105.80,8,DRIVE,高速域の緩い登り→最高速巡航131(WLTP_ExHi巡航・微小開度域)≥10s
131.7,105.92,8,DRIVE,高速域の緩い登り→最高速巡航131(WLTP_ExHi巡航・微小開度域)≥10s
131.8,106.04,8,DRIVE,高速域の緩い登り→最高速巡航131(WLTP_ExHi巡航・微小開度域)≥10s
131.9,106.16,8,DRIVE,高速域の緩い登り→最高速巡航131(WLTP_ExHi巡航・微小開度域)≥10s
132.0,106.28,8,DRIVE,高速域の緩い登り→最高速巡航131(WLTP_ExHi巡航・微小開度域)≥10s
132.1,106.40,8,DRIVE,高速域の緩い登り→最高速巡航131(WLTP_ExHi巡航・微小開度域)≥10s
132.2,106.52,8,DRIVE,高速域の緩い登り→最高速巡航131(WLTP_ExHi巡航・微小開度域)≥10s
132.3,106.64,8,DRIVE,高速域の緩い登り→最高速巡航131(WLTP_ExHi巡航・微小開度域)≥10s
132.4,106.76,8,DRIVE,高速域の緩い登り→最高速巡航131(WLTP_ExHi巡航・微小開度域)≥10s
132.5,106.88,8,DRIVE,高速域の緩い登り→最高速巡航131(WLTP_ExHi巡航・微小開度域)≥10s
132.6,107.00,8,DRIVE,高速域の緩い登り→最高速巡航131(WLTP_ExHi巡航・微小開度域)≥10s
132.7,107.12,8,DRIVE,高速域の緩い登り→最高速巡航131(WLTP_ExHi巡航・微小開度域)≥10s
132.8,107.24,8,DRIVE,高速域の緩い登り→最高速巡航131(WLTP_ExHi巡航・微小開度域)≥10s
132.9,107.36,8,DRIVE,高速域の緩い登り→最高速巡航131(WLTP_ExHi巡航・微小開度域)≥10s
133.0,107.48,8,DRIVE,高速域の緩い登り→最高速巡航131(WLTP_ExHi巡航・微小開度域)≥10s
133.1,107.60,8,DRIVE,高速域の緩い登り→最高速巡航131(WLTP_ExHi巡航・微小開度域)≥10s
133.2,107.72,8,DRIVE,高速域の緩い登り→最高速巡航131(WLTP_ExHi巡航・微小開度域)≥10s
133.3,107.84,8,DRIVE,高速域の緩い登り→最高速巡航131(WLTP_ExHi巡航・微小開度域)≥10s
133.4,107.96,8,DRIVE,高速域の緩い登り→最高速巡航131(WLTP_ExHi巡航・微小開度域)≥10s
133.5,108.08,8,DRIVE,高速域の緩い登り→最高速巡航131(WLTP_ExHi巡航・微小開度域)≥10s
133.6,108.20,8,DRIVE,高速域の緩い登り→最高速巡航131(WLTP_ExHi巡航・微小開度域)≥10s
133.7,108.32,8,DRIVE,高速域の緩い登り→最高速巡航131(WLTP_ExHi巡航・微小開度域)≥10s
133.8,108.44,8,DRIVE,高速域の緩い登り→最高速巡航131(WLTP_ExHi巡航・微小開度域)≥10s
133.9,108.56,8,DRIVE,高速域の緩い登り→最高速巡航131(WLTP_ExHi巡航・微小開度域)≥10s
134.0,108.68,8,DRIVE,高速域の緩い登り→最高速巡航131(WLTP_ExHi巡航・微小開度域)≥10s
134.1,108.80,8,DRIVE,高速域の緩い登り→最高速巡航131(WLTP_ExHi巡航・微小開度域)≥10s
134.2,108.92,8,DRIVE,高速域の緩い登り→最高速巡航131(WLTP_ExHi巡航・微小開度域)≥10s
134.3,109.04,8,DRIVE,高速域の緩い登り→最高速巡航131(WLTP_ExHi巡航・微小開度域)≥10s
134.4,109.16,8,DRIVE,高速域の緩い登り→最高速巡航131(WLTP_ExHi巡航・微小開度域)≥10s
134.5,109.28,8,DRIVE,高速域の緩い登り→最高速巡航131(WLTP_ExHi巡航・微小開度域)≥10s
134.6,109.40,8,DRIVE,高速域の緩い登り→最高速巡航131(WLTP_ExHi巡航・微小開度域)≥10s
134.7,109.52,8,DRIVE,高速域の緩い登り→最高速巡航131(WLTP_ExHi巡航・微小開度域)≥10s
134.8,109.64,8,DRIVE,高速域の緩い登り→最高速巡航131(WLTP_ExHi巡航・微小開度域)≥10s
134.9,109.76,8,DRIVE,高速域の緩い登り→最高速巡航131(WLTP_ExHi巡航・微小開度域)≥10s
135.0,109.88,8,DRIVE,高速域の緩い登り→最高速巡航131(WLTP_ExHi巡航・微小開度域)≥10s
135.1,110.00,8,DRIVE,高速域の緩い登り→最高速巡航131(WLTP_ExHi巡航・微小開度域)≥10s
135.2,110.12,8,DRIVE,高速域の緩い登り→最高速巡航131(WLTP_ExHi巡航・微小開度域)≥10s
135.3,110.24,8,DRIVE,高速域の緩い登り→最高速巡航131(WLTP_ExHi巡航・微小開度域)≥10s
135.4,110.36,8,DRIVE,高速域の緩い登り→最高速巡航131(WLTP_ExHi巡航・微小開度域)≥10s
135.5,110.48,8,DRIVE,高速域の緩い登り→最高速巡航131(WLTP_ExHi巡航・微小開度域)≥10s
135.6,110.60,8,DRIVE,高速域の緩い登り→最高速巡航131(WLTP_ExHi巡航・微小開度域)≥10s
135.7,110.72,8,DRIVE,高速域の緩い登り→最高速巡航131(WLTP_ExHi巡航・微小開度域)≥10s
135.8,110.84,8,DRIVE,高速域の緩い登り→最高速巡航131(WLTP_ExHi巡航・微小開度域)≥10s
135.9,110.96,8,DRIVE,高速域の緩い登り→最高速巡航131(WLTP_ExHi巡航・微小開度域)≥10s
136.0,111.08,8,DRIVE,高速域の緩い登り→最高速巡航131(WLTP_ExHi巡航・微小開度域)≥10s
136.1,111.20,8,DRIVE,高速域の緩い登り→最高速巡航131(WLTP_ExHi巡航・微小開度域)≥10s
136.2,111.32,8,DRIVE,高速域の緩い登り→最高速巡航131(WLTP_ExHi巡航・微小開度域)≥10s
136.3,111.44,8,DRIVE,高速域の緩い登り→最高速巡航131(WLTP_ExHi巡航・微小開度域)≥10s
136.4,111.56,8,DRIVE,高速域の緩い登り→最高速巡航131(WLTP_ExHi巡航・微小開度域)≥10s
136.5,111.68,8,DRIVE,高速域の緩い登り→最高速巡航131(WLTP_ExHi巡航・微小開度域)≥10s
136.6,111.80,8,DRIVE,高速域の緩い登り→最高速巡航131(WLTP_ExHi巡航・微小開度域)≥10s
136.7,111.92,8,DRIVE,高速域の緩い登り→最高速巡航131(WLTP_ExHi巡航・微小開度域)≥10s
136.8,112.04,8,DRIVE,高速域の緩い登り→最高速巡航131(WLTP_ExHi巡航・微小開度域)≥10s
136.9,112.16,8,DRIVE,高速域の緩い登り→最高速巡航131(WLTP_ExHi巡航・微小開度域)≥10s
137.0,112.28,8,DRIVE,高速域の緩い登り→最高速巡航131(WLTP_ExHi巡航・微小開度域)≥10s
137.1,112.40,8,DRIVE,高速域の緩い登り→最高速巡航131(WLTP_ExHi巡航・微小開度域)≥10s
137.2,112.52,8,DRIVE,高速域の緩い登り→最高速巡航131(WLTP_ExHi巡航・微小開度域)≥10s
137.3,112.64,8,DRIVE,高速域の緩い登り→最高速巡航131(WLTP_ExHi巡航・微小開度域)≥10s
137.4,112.76,8,DRIVE,高速域の緩い登り→最高速巡航131(WLTP_ExHi巡航・微小開度域)≥10s
137.5,112.88,8,DRIVE,高速域の緩い登り→最高速巡航131(WLTP_ExHi巡航・微小開度域)≥10s
137.6,113.00,8,DRIVE,高速域の緩い登り→最高速巡航131(WLTP_ExHi巡航・微小開度域)≥10s
137.7,113.12,8,DRIVE,高速域の緩い登り→最高速巡航131(WLTP_ExHi巡航・微小開度域)≥10s
137.8,113.24,8,DRIVE,高速域の緩い登り→最高速巡航131(WLTP_ExHi巡航・微小開度域)≥10s
137.9,113.36,8,DRIVE,高速域の緩い登り→最高速巡航131(WLTP_ExHi巡航・微小開度域)≥10s
138.0,113.48,8,DRIVE,高速域の緩い登り→最高速巡航131(WLTP_ExHi巡航・微小開度域)≥10s
138.1,113.60,8,DRIVE,高速域の緩い登り→最高速巡航131(WLTP_ExHi巡航・微小開度域)≥10s
138.2,113.72,8,DRIVE,高速域の緩い登り→最高速巡航131(WLTP_ExHi巡航・微小開度域)≥10s
138.3,113.84,8,DRIVE,高速域の緩い登り→最高速巡航131(WLTP_ExHi巡航・微小開度域)≥10s
138.4,113.96,8,DRIVE,高速域の緩い登り→最高速巡航131(WLTP_ExHi巡航・微小開度域)≥10s
138.5,114.08,8,DRIVE,高速域の緩い登り→最高速巡航131(WLTP_ExHi巡航・微小開度域)≥10s
138.6,114.20,8,DRIVE,高速域の緩い登り→最高速巡航131(WLTP_ExHi巡航・微小開度域)≥10s
138.7,114.32,8,DRIVE,高速域の緩い登り→最高速巡航131(WLTP_ExHi巡航・微小開度域)≥10s
138.8,114.44,8,DRIVE,高速域の緩い登り→最高速巡航131(WLTP_ExHi巡航・微小開度域)≥10s
138.9,114.56,8,DRIVE,高速域の緩い登り→最高速巡航131(WLTP_ExHi巡航・微小開度域)≥10s
139.0,114.68,8,DRIVE,高速域の緩い登り→最高速巡航131(WLTP_ExHi巡航・微小開度域)≥10s
139.1,114.80,8,DRIVE,高速域の緩い登り→最高速巡航131(WLTP_ExHi巡航・微小開度域)≥10s
139.2,114.92,8,DRIVE,高速域の緩い登り→最高速巡航131(WLTP_ExHi巡航・微小開度域)≥10s
139.3,115.04,8,DRIVE,高速域の緩い登り→最高速巡航131(WLTP_ExHi巡航・微小開度域)≥10s
139.4,115.16,8,DRIVE,高速域の緩い登り→最高速巡航131(WLTP_ExHi巡航・微小開度域)≥10s
139.5,115.28,8,DRIVE,高速域の緩い登り→最高速巡航131(WLTP_ExHi巡航・微小開度域)≥10s
139.6,115.40,8,DRIVE,高速域の緩い登り→最高速巡航131(WLTP_ExHi巡航・微小開度域)≥10s
139.7,115.52,8,DRIVE,高速域の緩い登り→最高速巡航131(WLTP_ExHi巡航・微小開度域)≥10s
139.8,115.64,8,DRIVE,高速域の緩い登り→最高速巡航131(WLTP_ExHi巡航・微小開度域)≥10s
139.9,115.76,8,DRIVE,高速域の緩い登り→最高速巡航131(WLTP_ExHi巡航・微小開度域)≥10s
140.0,115.88,8,DRIVE,高速域の緩い登り→最高速巡航131(WLTP_ExHi巡航・微小開度域)≥10s
140.1,116.00,8,DRIVE,高速域の緩い登り→最高速巡航131(WLTP_ExHi巡航・微小開度域)≥10s
140.2,116.12,8,DRIVE,高速域の緩い登り→最高速巡航131(WLTP_ExHi巡航・微小開度域)≥10s
140.3,116.24,8,DRIVE,高速域の緩い登り→最高速巡航131(WLTP_ExHi巡航・微小開度域)≥10s
140.4,116.36,8,DRIVE,高速域の緩い登り→最高速巡航131(WLTP_ExHi巡航・微小開度域)≥10s
140.5,116.48,8,DRIVE,高速域の緩い登り→最高速巡航131(WLTP_ExHi巡航・微小開度域)≥10s
140.6,116.60,8,DRIVE,高速域の緩い登り→最高速巡航131(WLTP_ExHi巡航・微小開度域)≥10s
140.7,116.72,8,DRIVE,高速域の緩い登り→最高速巡航131(WLTP_ExHi巡航・微小開度域)≥10s
140.8,116.84,8,DRIVE,高速域の緩い登り→最高速巡航131(WLTP_ExHi巡航・微小開度域)≥10s
140.9,116.96,8,DRIVE,高速域の緩い登り→最高速巡航131(WLTP_ExHi巡航・微小開度域)≥10s
141.0,117.08,8,DRIVE,高速域の緩い登り→最高速巡航131(WLTP_ExHi巡航・微小開度域)≥10s
141.1,117.20,8,DRIVE,高速域の緩い登り→最高速巡航131(WLTP_ExHi巡航・微小開度域)≥10s
141.2,117.32,8,DRIVE,高速域の緩い登り→最高速巡航131(WLTP_ExHi巡航・微小開度域)≥10s
141.3,117.44,8,DRIVE,高速域の緩い登り→最高速巡航131(WLTP_ExHi巡航・微小開度域)≥10s
141.4,117.56,8,DRIVE,高速域の緩い登り→最高速巡航131(WLTP_ExHi巡航・微小開度域)≥10s
141.5,117.68,8,DRIVE,高速域の緩い登り→最高速巡航131(WLTP_ExHi巡航・微小開度域)≥10s
141.6,117.80,8,DRIVE,高速域の緩い登り→最高速巡航131(WLTP_ExHi巡航・微小開度域)≥10s
141.7,117.92,8,DRIVE,高速域の緩い登り→最高速巡航131(WLTP_ExHi巡航・微小開度域)≥10s
141.8,118.04,8,DRIVE,高速域の緩い登り→最高速巡航131(WLTP_ExHi巡航・微小開度域)≥10s
141.9,118.16,8,DRIVE,高速域の緩い登り→最高速巡航131(WLTP_ExHi巡航・微小開度域)≥10s
142.0,118.28,8,DRIVE,高速域の緩い登り→最高速巡航131(WLTP_ExHi巡航・微小開度域)≥10s
142.1,118.40,8,DRIVE,高速域の緩い登り→最高速巡航131(WLTP_ExHi巡航・微小開度域)≥10s
142.2,118.52,8,DRIVE,高速域の緩い登り→最高速巡航131(WLTP_ExHi巡航・微小開度域)≥10s
142.3,118.64,8,DRIVE,高速域の緩い登り→最高速巡航131(WLTP_ExHi巡航・微小開度域)≥10s
142.4,118.76,8,DRIVE,高速域の緩い登り→最高速巡航131(WLTP_ExHi巡航・微小開度域)≥10s
142.5,118.88,8,DRIVE,高速域の緩い登り→最高速巡航131(WLTP_ExHi巡航・微小開度域)≥10s
142.6,119.00,8,DRIVE,高速域の緩い登り→最高速巡航131(WLTP_ExHi巡航・微小開度域)≥10s
142.7,119.12,8,DRIVE,高速域の緩い登り→最高速巡航131(WLTP_ExHi巡航・微小開度域)≥10s
142.8,119.24,8,DRIVE,高速域の緩い登り→最高速巡航131(WLTP_ExHi巡航・微小開度域)≥10s
142.9,119.36,8,DRIVE,高速域の緩い登り→最高速巡航131(WLTP_ExHi巡航・微小開度域)≥10s
143.0,119.48,8,DRIVE,高速域の緩い登り→最高速巡航131(WLTP_ExHi巡航・微小開度域)≥10s
143.1,119.60,8,DRIVE,高速域の緩い登り→最高速巡航131(WLTP_ExHi巡航・微小開度域)≥10s
143.2,119.72,8,DRIVE,高速域の緩い登り→最高速巡航131(WLTP_ExHi巡航・微小開度域)≥10s
143.3,119.84,8,DRIVE,高速域の緩い登り→最高速巡航131(WLTP_ExHi巡航・微小開度域)≥10s
143.4,119.96,8,DRIVE,高速域の緩い登り→最高速巡航131(WLTP_ExHi巡航・微小開度域)≥10s
143.5,120.08,8,DRIVE,高速域の緩い登り→最高速巡航131(WLTP_ExHi巡航・微小開度域)≥10s
143.6,120.20,8,DRIVE,高速域の緩い登り→最高速巡航131(WLTP_ExHi巡航・微小開度域)≥10s
143.7,120.32,8,DRIVE,高速域の緩い登り→最高速巡航131(WLTP_ExHi巡航・微小開度域)≥10s
143.8,120.44,8,DRIVE,高速域の緩い登り→最高速巡航131(WLTP_ExHi巡航・微小開度域)≥10s
143.9,120.56,8,DRIVE,高速域の緩い登り→最高速巡航131(WLTP_ExHi巡航・微小開度域)≥10s
144.0,120.68,8,DRIVE,高速域の緩い登り→最高速巡航131(WLTP_ExHi巡航・微小開度域)≥10s
144.1,120.80,8,DRIVE,高速域の緩い登り→最高速巡航131(WLTP_ExHi巡航・微小開度域)≥10s
144.2,120.92,8,DRIVE,高速域の緩い登り→最高速巡航131(WLTP_ExHi巡航・微小開度域)≥10s
144.3,121.04,8,DRIVE,高速域の緩い登り→最高速巡航131(WLTP_ExHi巡航・微小開度域)≥10s
144.4,121.16,8,DRIVE,高速域の緩い登り→最高速巡航131(WLTP_ExHi巡航・微小開度域)≥10s
144.5,121.28,8,DRIVE,高速域の緩い登り→最高速巡航131(WLTP_ExHi巡航・微小開度域)≥10s
144.6,121.40,8,DRIVE,高速域の緩い登り→最高速巡航131(WLTP_ExHi巡航・微小開度域)≥10s
144.7,121.52,8,DRIVE,高速域の緩い登り→最高速巡航131(WLTP_ExHi巡航・微小開度域)≥10s
144.8,121.64,8,DRIVE,高速域の緩い登り→最高速巡航131(WLTP_ExHi巡航・微小開度域)≥10s
144.9,121.76,8,DRIVE,高速域の緩い登り→最高速巡航131(WLTP_ExHi巡航・微小開度域)≥10s
145.0,121.88,8,DRIVE,高速域の緩い登り→最高速巡航131(WLTP_ExHi巡航・微小開度域)≥10s
145.1,122.00,8,DRIVE,高速域の緩い登り→最高速巡航131(WLTP_ExHi巡航・微小開度域)≥10s
145.2,122.12,8,DRIVE,高速域の緩い登り→最高速巡航131(WLTP_ExHi巡航・微小開度域)≥10s
145.3,122.24,8,DRIVE,高速域の緩い登り→最高速巡航131(WLTP_ExHi巡航・微小開度域)≥10s
145.4,122.36,8,DRIVE,高速域の緩い登り→最高速巡航131(WLTP_ExHi巡航・微小開度域)≥10s
145.5,122.48,8,DRIVE,高速域の緩い登り→最高速巡航131(WLTP_ExHi巡航・微小開度域)≥10s
145.6,122.60,8,DRIVE,高速域の緩い登り→最高速巡航131(WLTP_ExHi巡航・微小開度域)≥10s
145.7,122.72,8,DRIVE,高速域の緩い登り→最高速巡航131(WLTP_ExHi巡航・微小開度域)≥10s
145.8,122.84,8,DRIVE,高速域の緩い登り→最高速巡航131(WLTP_ExHi巡航・微小開度域)≥10s
145.9,122.96,8,DRIVE,高速域の緩い登り→最高速巡航131(WLTP_ExHi巡航・微小開度域)≥10s
146.0,123.08,8,DRIVE,高速域の緩い登り→最高速巡航131(WLTP_ExHi巡航・微小開度域)≥10s
146.1,123.20,8,DRIVE,高速域の緩い登り→最高速巡航131(WLTP_ExHi巡航・微小開度域)≥10s
146.2,123.32,8,DRIVE,高速域の緩い登り→最高速巡航131(WLTP_ExHi巡航・微小開度域)≥10s
146.3,123.44,8,DRIVE,高速域の緩い登り→最高速巡航131(WLTP_ExHi巡航・微小開度域)≥10s
146.4,123.56,8,DRIVE,高速域の緩い登り→最高速巡航131(WLTP_ExHi巡航・微小開度域)≥10s
146.5,123.68,8,DRIVE,高速域の緩い登り→最高速巡航131(WLTP_ExHi巡航・微小開度域)≥10s
146.6,123.80,8,DRIVE,高速域の緩い登り→最高速巡航131(WLTP_ExHi巡航・微小開度域)≥10s
146.7,123.92,8,DRIVE,高速域の緩い登り→最高速巡航131(WLTP_ExHi巡航・微小開度域)≥10s
146.8,124.04,8,DRIVE,高速域の緩い登り→最高速巡航131(WLTP_ExHi巡航・微小開度域)≥10s
146.9,124.16,8,DRIVE,高速域の緩い登り→最高速巡航131(WLTP_ExHi巡航・微小開度域)≥10s
147.0,124.28,8,DRIVE,高速域の緩い登り→最高速巡航131(WLTP_ExHi巡航・微小開度域)≥10s
147.1,124.40,8,DRIVE,高速域の緩い登り→最高速巡航131(WLTP_ExHi巡航・微小開度域)≥10s
147.2,124.52,8,DRIVE,高速域の緩い登り→最高速巡航131(WLTP_ExHi巡航・微小開度域)≥10s
147.3,124.64,8,DRIVE,高速域の緩い登り→最高速巡航131(WLTP_ExHi巡航・微小開度域)≥10s
147.4,124.76,8,DRIVE,高速域の緩い登り→最高速巡航131(WLTP_ExHi巡航・微小開度域)≥10s
147.5,124.88,8,DRIVE,高速域の緩い登り→最高速巡航131(WLTP_ExHi巡航・微小開度域)≥10s
147.6,125.00,8,DRIVE,高速域の緩い登り→最高速巡航131(WLTP_ExHi巡航・微小開度域)≥10s
147.7,125.12,8,DRIVE,高速域の緩い登り→最高速巡航131(WLTP_ExHi巡航・微小開度域)≥10s
147.8,125.24,8,DRIVE,高速域の緩い登り→最高速巡航131(WLTP_ExHi巡航・微小開度域)≥10s
147.9,125.36,8,DRIVE,高速域の緩い登り→最高速巡航131(WLTP_ExHi巡航・微小開度域)≥10s
148.0,125.48,8,DRIVE,高速域の緩い登り→最高速巡航131(WLTP_ExHi巡航・微小開度域)≥10s
148.1,125.60,8,DRIVE,高速域の緩い登り→最高速巡航131(WLTP_ExHi巡航・微小開度域)≥10s
148.2,125.72,8,DRIVE,高速域の緩い登り→最高速巡航131(WLTP_ExHi巡航・微小開度域)≥10s
148.3,125.84,8,DRIVE,高速域の緩い登り→最高速巡航131(WLTP_ExHi巡航・微小開度域)≥10s
148.4,125.96,8,DRIVE,高速域の緩い登り→最高速巡航131(WLTP_ExHi巡航・微小開度域)≥10s
148.5,126.08,8,DRIVE,高速域の緩い登り→最高速巡航131(WLTP_ExHi巡航・微小開度域)≥10s
148.6,126.20,8,DRIVE,高速域の緩い登り→最高速巡航131(WLTP_ExHi巡航・微小開度域)≥10s
148.7,126.32,8,DRIVE,高速域の緩い登り→最高速巡航131(WLTP_ExHi巡航・微小開度域)≥10s
148.8,126.44,8,DRIVE,高速域の緩い登り→最高速巡航131(WLTP_ExHi巡航・微小開度域)≥10s
148.9,126.56,8,DRIVE,高速域の緩い登り→最高速巡航131(WLTP_ExHi巡航・微小開度域)≥10s
149.0,126.68,8,DRIVE,高速域の緩い登り→最高速巡航131(WLTP_ExHi巡航・微小開度域)≥10s
149.1,126.80,8,DRIVE,高速域の緩い登り→最高速巡航131(WLTP_ExHi巡航・微小開度域)≥10s
149.2,126.92,8,DRIVE,高速域の緩い登り→最高速巡航131(WLTP_ExHi巡航・微小開度域)≥10s
149.3,127.04,8,DRIVE,高速域の緩い登り→最高速巡航131(WLTP_ExHi巡航・微小開度域)≥10s
149.4,127.16,8,DRIVE,高速域の緩い登り→最高速巡航131(WLTP_ExHi巡航・微小開度域)≥10s
149.5,127.28,8,DRIVE,高速域の緩い登り→最高速巡航131(WLTP_ExHi巡航・微小開度域)≥10s
149.6,127.40,8,DRIVE,高速域の緩い登り→最高速巡航131(WLTP_ExHi巡航・微小開度域)≥10s
149.7,127.52,8,DRIVE,高速域の緩い登り→最高速巡航131(WLTP_ExHi巡航・微小開度域)≥10s
149.8,127.64,8,DRIVE,高速域の緩い登り→最高速巡航131(WLTP_ExHi巡航・微小開度域)≥10s
149.9,127.76,8,DRIVE,高速域の緩い登り→最高速巡航131(WLTP_ExHi巡航・微小開度域)≥10s
150.0,127.88,8,DRIVE,高速域の緩い登り→最高速巡航131(WLTP_ExHi巡航・微小開度域)≥10s
150.1,128.00,8,DRIVE,高速域の緩い登り→最高速巡航131(WLTP_ExHi巡航・微小開度域)≥10s
150.2,128.12,8,DRIVE,高速域の緩い登り→最高速巡航131(WLTP_ExHi巡航・微小開度域)≥10s
150.3,128.24,8,DRIVE,高速域の緩い登り→最高速巡航131(WLTP_ExHi巡航・微小開度域)≥10s
150.4,128.36,8,DRIVE,高速域の緩い登り→最高速巡航131(WLTP_ExHi巡航・微小開度域)≥10s
150.5,128.48,8,DRIVE,高速域の緩い登り→最高速巡航131(WLTP_ExHi巡航・微小開度域)≥10s
150.6,128.60,8,DRIVE,高速域の緩い登り→最高速巡航131(WLTP_ExHi巡航・微小開度域)≥10s
150.7,128.72,8,DRIVE,高速域の緩い登り→最高速巡航131(WLTP_ExHi巡航・微小開度域)≥10s
150.8,128.84,8,DRIVE,高速域の緩い登り→最高速巡航131(WLTP_ExHi巡航・微小開度域)≥10s
150.9,128.96,8,DRIVE,高速域の緩い登り→最高速巡航131(WLTP_ExHi巡航・微小開度域)≥10s
151.0,129.08,8,DRIVE,高速域の緩い登り→最高速巡航131(WLTP_ExHi巡航・微小開度域)≥10s
151.1,129.20,8,DRIVE,高速域の緩い登り→最高速巡航131(WLTP_ExHi巡航・微小開度域)≥10s
151.2,129.32,8,DRIVE,高速域の緩い登り→最高速巡航131(WLTP_ExHi巡航・微小開度域)≥10s
151.3,129.44,8,DRIVE,高速域の緩い登り→最高速巡航131(WLTP_ExHi巡航・微小開度域)≥10s
151.4,129.56,8,DRIVE,高速域の緩い登り→最高速巡航131(WLTP_ExHi巡航・微小開度域)≥10s
151.5,129.68,8,DRIVE,高速域の緩い登り→最高速巡航131(WLTP_ExHi巡航・微小開度域)≥10s
151.6,129.80,8,DRIVE,高速域の緩い登り→最高速巡航131(WLTP_ExHi巡航・微小開度域)≥10s
151.7,129.92,8,DRIVE,高速域の緩い登り→最高速巡航131(WLTP_ExHi巡航・微小開度域)≥10s
151.8,130.04,8,DRIVE,高速域の緩い登り→最高速巡航131(WLTP_ExHi巡航・微小開度域)≥10s
151.9,130.16,8,DRIVE,高速域の緩い登り→最高速巡航131(WLTP_ExHi巡航・微小開度域)≥10s
152.0,130.28,8,DRIVE,高速域の緩い登り→最高速巡航131(WLTP_ExHi巡航・微小開度域)≥10s
152.1,130.40,8,DRIVE,高速域の緩い登り→最高速巡航131(WLTP_ExHi巡航・微小開度域)≥10s
152.2,130.52,8,DRIVE,高速域の緩い登り→最高速巡航131(WLTP_ExHi巡航・微小開度域)≥10s
152.3,130.64,8,DRIVE,高速域の緩い登り→最高速巡航131(WLTP_ExHi巡航・微小開度域)≥10s
152.4,130.76,8,DRIVE,高速域の緩い登り→最高速巡航131(WLTP_ExHi巡航・微小開度域)≥10s
152.5,130.88,8,DRIVE,高速域の緩い登り→最高速巡航131(WLTP_ExHi巡航・微小開度域)≥10s
152.6,131.00,8,DRIVE,高速域の緩い登り→最高速巡航131(WLTP_ExHi巡航・微小開度域)≥10s
152.7,131.00,8,DRIVE,高速域の緩い登り→最高速巡航131(WLTP_ExHi巡航・微小開度域)≥10s
152.8,131.00,8,DRIVE,高速域の緩い登り→最高速巡航131(WLTP_ExHi巡航・微小開度域)≥10s
152.9,131.00,8,DRIVE,高速域の緩い登り→最高速巡航131(WLTP_ExHi巡航・微小開度域)≥10s
153.0,131.00,8,DRIVE,高速域の緩い登り→最高速巡航131(WLTP_ExHi巡航・微小開度域)≥10s
153.1,131.00,8,DRIVE,高速域の緩い登り→最高速巡航131(WLTP_ExHi巡航・微小開度域)≥10s
153.2,131.00,8,DRIVE,高速域の緩い登り→最高速巡航131(WLTP_ExHi巡航・微小開度域)≥10s
153.3,131.00,8,DRIVE,高速域の緩い登り→最高速巡航131(WLTP_ExHi巡航・微小開度域)≥10s
153.4,131.00,8,DRIVE,高速域の緩い登り→最高速巡航131(WLTP_ExHi巡航・微小開度域)≥10s
153.5,131.00,8,DRIVE,高速域の緩い登り→最高速巡航131(WLTP_ExHi巡航・微小開度域)≥10s
153.6,131.00,8,DRIVE,高速域の緩い登り→最高速巡航131(WLTP_ExHi巡航・微小開度域)≥10s
153.7,131.00,8,DRIVE,高速域の緩い登り→最高速巡航131(WLTP_ExHi巡航・微小開度域)≥10s
153.8,131.00,8,DRIVE,高速域の緩い登り→最高速巡航131(WLTP_ExHi巡航・微小開度域)≥10s
153.9,131.00,8,DRIVE,高速域の緩い登り→最高速巡航131(WLTP_ExHi巡航・微小開度域)≥10s
154.0,131.00,8,DRIVE,高速域の緩い登り→最高速巡航131(WLTP_ExHi巡航・微小開度域)≥10s
154.1,131.00,8,DRIVE,高速域の緩い登り→最高速巡航131(WLTP_ExHi巡航・微小開度域)≥10s
154.2,131.00,8,DRIVE,高速域の緩い登り→最高速巡航131(WLTP_ExHi巡航・微小開度域)≥10s
154.3,131.00,8,DRIVE,高速域の緩い登り→最高速巡航131(WLTP_ExHi巡航・微小開度域)≥10s
154.4,131.00,8,DRIVE,高速域の緩い登り→最高速巡航131(WLTP_ExHi巡航・微小開度域)≥10s
154.5,131.00,8,DRIVE,高速域の緩い登り→最高速巡航131(WLTP_ExHi巡航・微小開度域)≥10s
154.6,131.00,8,DRIVE,高速域の緩い登り→最高速巡航131(WLTP_ExHi巡航・微小開度域)≥10s
154.7,131.00,8,DRIVE,高速域の緩い登り→最高速巡航131(WLTP_ExHi巡航・微小開度域)≥10s
154.8,131.00,8,DRIVE,高速域の緩い登り→最高速巡航131(WLTP_ExHi巡航・微小開度域)≥10s
154.9,131.00,8,DRIVE,高速域の緩い登り→最高速巡航131(WLTP_ExHi巡航・微小開度域)≥10s
155.0,131.00,8,DRIVE,高速域の緩い登り→最高速巡航131(WLTP_ExHi巡航・微小開度域)≥10s
155.1,131.00,8,DRIVE,高速域の緩い登り→最高速巡航131(WLTP_ExHi巡航・微小開度域)≥10s
155.2,131.00,8,DRIVE,高速域の緩い登り→最高速巡航131(WLTP_ExHi巡航・微小開度域)≥10s
155.3,131.00,8,DRIVE,高速域の緩い登り→最高速巡航131(WLTP_ExHi巡航・微小開度域)≥10s
155.4,131.00,8,DRIVE,高速域の緩い登り→最高速巡航131(WLTP_ExHi巡航・微小開度域)≥10s
155.5,131.00,8,DRIVE,高速域の緩い登り→最高速巡航131(WLTP_ExHi巡航・微小開度域)≥10s
155.6,131.00,8,DRIVE,高速域の緩い登り→最高速巡航131(WLTP_ExHi巡航・微小開度域)≥10s
155.7,131.00,8,DRIVE,高速域の緩い登り→最高速巡航131(WLTP_ExHi巡航・微小開度域)≥10s
155.8,131.00,8,DRIVE,高速域の緩い登り→最高速巡航131(WLTP_ExHi巡航・微小開度域)≥10s
155.9,131.00,8,DRIVE,高速域の緩い登り→最高速巡航131(WLTP_ExHi巡航・微小開度域)≥10s
156.0,131.00,8,DRIVE,高速域の緩い登り→最高速巡航131(WLTP_ExHi巡航・微小開度域)≥10s
156.1,131.00,8,DRIVE,高速域の緩い登り→最高速巡航131(WLTP_ExHi巡航・微小開度域)≥10s
156.2,131.00,8,DRIVE,高速域の緩い登り→最高速巡航131(WLTP_ExHi巡航・微小開度域)≥10s
156.3,131.00,8,DRIVE,高速域の緩い登り→最高速巡航131(WLTP_ExHi巡航・微小開度域)≥10s
156.4,131.00,8,DRIVE,高速域の緩い登り→最高速巡航131(WLTP_ExHi巡航・微小開度域)≥10s
156.5,131.00,8,DRIVE,高速域の緩い登り→最高速巡航131(WLTP_ExHi巡航・微小開度域)≥10s
156.6,131.00,8,DRIVE,高速域の緩い登り→最高速巡航131(WLTP_ExHi巡航・微小開度域)≥10s
156.7,131.00,8,DRIVE,高速域の緩い登り→最高速巡航131(WLTP_ExHi巡航・微小開度域)≥10s
156.8,131.00,8,DRIVE,高速域の緩い登り→最高速巡航131(WLTP_ExHi巡航・微小開度域)≥10s
156.9,131.00,8,DRIVE,高速域の緩い登り→最高速巡航131(WLTP_ExHi巡航・微小開度域)≥10s
157.0,131.00,8,DRIVE,高速域の緩い登り→最高速巡航131(WLTP_ExHi巡航・微小開度域)≥10s
157.1,131.00,8,DRIVE,高速域の緩い登り→最高速巡航131(WLTP_ExHi巡航・微小開度域)≥10s
157.2,131.00,8,DRIVE,高速域の緩い登り→最高速巡航131(WLTP_ExHi巡航・微小開度域)≥10s
157.3,131.00,8,DRIVE,高速域の緩い登り→最高速巡航131(WLTP_ExHi巡航・微小開度域)≥10s
157.4,131.00,8,DRIVE,高速域の緩い登り→最高速巡航131(WLTP_ExHi巡航・微小開度域)≥10s
157.5,131.00,8,DRIVE,高速域の緩い登り→最高速巡航131(WLTP_ExHi巡航・微小開度域)≥10s
157.6,131.00,8,DRIVE,高速域の緩い登り→最高速巡航131(WLTP_ExHi巡航・微小開度域)≥10s
157.7,131.00,8,DRIVE,高速域の緩い登り→最高速巡航131(WLTP_ExHi巡航・微小開度域)≥10s
157.8,131.00,8,DRIVE,高速域の緩い登り→最高速巡航131(WLTP_ExHi巡航・微小開度域)≥10s
157.9,131.00,8,DRIVE,高速域の緩い登り→最高速巡航131(WLTP_ExHi巡航・微小開度域)≥10s
158.0,131.00,8,DRIVE,高速域の緩い登り→最高速巡航131(WLTP_ExHi巡航・微小開度域)≥10s
158.1,131.00,8,DRIVE,高速域の緩い登り→最高速巡航131(WLTP_ExHi巡航・微小開度域)≥10s
158.2,131.00,8,DRIVE,高速域の緩い登り→最高速巡航131(WLTP_ExHi巡航・微小開度域)≥10s
158.3,131.00,8,DRIVE,高速域の緩い登り→最高速巡航131(WLTP_ExHi巡航・微小開度域)≥10s
158.4,131.00,8,DRIVE,高速域の緩い登り→最高速巡航131(WLTP_ExHi巡航・微小開度域)≥10s
158.5,131.00,8,DRIVE,高速域の緩い登り→最高速巡航131(WLTP_ExHi巡航・微小開度域)≥10s
158.6,131.00,8,DRIVE,高速域の緩い登り→最高速巡航131(WLTP_ExHi巡航・微小開度域)≥10s
158.7,131.00,8,DRIVE,高速域の緩い登り→最高速巡航131(WLTP_ExHi巡航・微小開度域)≥10s
158.8,131.00,8,DRIVE,高速域の緩い登り→最高速巡航131(WLTP_ExHi巡航・微小開度域)≥10s
158.9,131.00,8,DRIVE,高速域の緩い登り→最高速巡航131(WLTP_ExHi巡航・微小開度域)≥10s
159.0,131.00,8,DRIVE,高速域の緩い登り→最高速巡航131(WLTP_ExHi巡航・微小開度域)≥10s
159.1,131.00,8,DRIVE,高速域の緩い登り→最高速巡航131(WLTP_ExHi巡航・微小開度域)≥10s
159.2,131.00,8,DRIVE,高速域の緩い登り→最高速巡航131(WLTP_ExHi巡航・微小開度域)≥10s
159.3,131.00,8,DRIVE,高速域の緩い登り→最高速巡航131(WLTP_ExHi巡航・微小開度域)≥10s
159.4,131.00,8,DRIVE,高速域の緩い登り→最高速巡航131(WLTP_ExHi巡航・微小開度域)≥10s
159.5,131.00,8,DRIVE,高速域の緩い登り→最高速巡航131(WLTP_ExHi巡航・微小開度域)≥10s
159.6,131.00,8,DRIVE,高速域の緩い登り→最高速巡航131(WLTP_ExHi巡航・微小開度域)≥10s
159.7,131.00,8,DRIVE,高速域の緩い登り→最高速巡航131(WLTP_ExHi巡航・微小開度域)≥10s
159.8,131.00,8,DRIVE,高速域の緩い登り→最高速巡航131(WLTP_ExHi巡航・微小開度域)≥10s
159.9,131.00,8,DRIVE,高速域の緩い登り→最高速巡航131(WLTP_ExHi巡航・微小開度域)≥10s
160.0,131.00,8,DRIVE,高速域の緩い登り→最高速巡航131(WLTP_ExHi巡航・微小開度域)≥10s
160.1,131.00,8,DRIVE,高速域の緩い登り→最高速巡航131(WLTP_ExHi巡航・微小開度域)≥10s
160.2,131.00,8,DRIVE,高速域の緩い登り→最高速巡航131(WLTP_ExHi巡航・微小開度域)≥10s
160.3,131.00,8,DRIVE,高速域の緩い登り→最高速巡航131(WLTP_ExHi巡航・微小開度域)≥10s
160.4,131.00,8,DRIVE,高速域の緩い登り→最高速巡航131(WLTP_ExHi巡航・微小開度域)≥10s
160.5,131.00,8,DRIVE,高速域の緩い登り→最高速巡航131(WLTP_ExHi巡航・微小開度域)≥10s
160.6,131.00,8,DRIVE,高速域の緩い登り→最高速巡航131(WLTP_ExHi巡航・微小開度域)≥10s
160.7,131.00,8,DRIVE,高速域の緩い登り→最高速巡航131(WLTP_ExHi巡航・微小開度域)≥10s
160.8,131.00,8,DRIVE,高速域の緩い登り→最高速巡航131(WLTP_ExHi巡航・微小開度域)≥10s
160.9,131.00,8,DRIVE,高速域の緩い登り→最高速巡航131(WLTP_ExHi巡航・微小開度域)≥10s
161.0,131.00,8,DRIVE,高速域の緩い登り→最高速巡航131(WLTP_ExHi巡航・微小開度域)≥10s
161.1,131.00,8,DRIVE,高速域の緩い登り→最高速巡航131(WLTP_ExHi巡航・微小開度域)≥10s
161.2,131.00,8,DRIVE,高速域の緩い登り→最高速巡航131(WLTP_ExHi巡航・微小開度域)≥10s
161.3,131.00,8,DRIVE,高速域の緩い登り→最高速巡航131(WLTP_ExHi巡航・微小開度域)≥10s
161.4,131.00,8,DRIVE,高速域の緩い登り→最高速巡航131(WLTP_ExHi巡航・微小開度域)≥10s
161.5,131.00,8,DRIVE,高速域の緩い登り→最高速巡航131(WLTP_ExHi巡航・微小開度域)≥10s
161.6,131.00,8,DRIVE,高速域の緩い登り→最高速巡航131(WLTP_ExHi巡航・微小開度域)≥10s
161.7,131.00,8,DRIVE,高速域の緩い登り→最高速巡航131(WLTP_ExHi巡航・微小開度域)≥10s
161.8,131.00,8,DRIVE,高速域の緩い登り→最高速巡航131(WLTP_ExHi巡航・微小開度域)≥10s
161.9,131.00,8,DRIVE,高速域の緩い登り→最高速巡航131(WLTP_ExHi巡航・微小開度域)≥10s
162.0,131.00,8,DRIVE,高速域の緩い登り→最高速巡航131(WLTP_ExHi巡航・微小開度域)≥10s
162.1,131.00,8,DRIVE,高速域の緩い登り→最高速巡航131(WLTP_ExHi巡航・微小開度域)≥10s
162.2,131.00,8,DRIVE,高速域の緩い登り→最高速巡航131(WLTP_ExHi巡航・微小開度域)≥10s
162.3,131.00,8,DRIVE,高速域の緩い登り→最高速巡航131(WLTP_ExHi巡航・微小開度域)≥10s
162.4,131.00,8,DRIVE,高速域の緩い登り→最高速巡航131(WLTP_ExHi巡航・微小開度域)≥10s
162.5,131.00,8,DRIVE,高速域の緩い登り→最高速巡航131(WLTP_ExHi巡航・微小開度域)≥10s
162.6,131.00,8,DRIVE,高速域の緩い登り→最高速巡航131(WLTP_ExHi巡航・微小開度域)≥10s
162.7,131.00,8,DRIVE,高速域の緩い登り→最高速巡航131(WLTP_ExHi巡航・微小開度域)≥10s
162.8,131.00,8,DRIVE,高速域の緩い登り→最高速巡航131(WLTP_ExHi巡航・微小開度域)≥10s
162.9,131.00,8,DRIVE,高速域の緩い登り→最高速巡航131(WLTP_ExHi巡航・微小開度域)≥10s
163.0,131.00,8,DRIVE,高速域の緩い登り→最高速巡航131(WLTP_ExHi巡航・微小開度域)≥10s
163.1,131.00,8,DRIVE,高速域の緩い登り→最高速巡航131(WLTP_ExHi巡航・微小開度域)≥10s
163.2,131.00,8,DRIVE,高速域の緩い登り→最高速巡航131(WLTP_ExHi巡航・微小開度域)≥10s
163.3,131.00,8,DRIVE,高速域の緩い登り→最高速巡航131(WLTP_ExHi巡航・微小開度域)≥10s
163.4,131.00,8,DRIVE,高速域の緩い登り→最高速巡航131(WLTP_ExHi巡航・微小開度域)≥10s
163.5,131.00,8,DRIVE,高速域の緩い登り→最高速巡航131(WLTP_ExHi巡航・微小開度域)≥10s
163.6,131.00,8,DRIVE,高速域の緩い登り→最高速巡航131(WLTP_ExHi巡航・微小開度域)≥10s
163.7,131.00,8,DRIVE,高速域の緩い登り→最高速巡航131(WLTP_ExHi巡航・微小開度域)≥10s
163.8,131.00,8,DRIVE,高速域の緩い登り→最高速巡航131(WLTP_ExHi巡航・微小開度域)≥10s
163.9,131.00,8,DRIVE,高速域の緩い登り→最高速巡航131(WLTP_ExHi巡航・微小開度域)≥10s
164.0,131.00,8,DRIVE,高速域の緩い登り→最高速巡航131(WLTP_ExHi巡航・微小開度域)≥10s
164.1,131.00,8,DRIVE,高速域の緩い登り→最高速巡航131(WLTP_ExHi巡航・微小開度域)≥10s
164.2,131.00,8,DRIVE,高速域の緩い登り→最高速巡航131(WLTP_ExHi巡航・微小開度域)≥10s
164.3,131.00,8,DRIVE,高速域の緩い登り→最高速巡航131(WLTP_ExHi巡航・微小開度域)≥10s
164.4,131.00,8,DRIVE,高速域の緩い登り→最高速巡航131(WLTP_ExHi巡航・微小開度域)≥10s
164.5,131.00,8,DRIVE,高速域の緩い登り→最高速巡航131(WLTP_ExHi巡航・微小開度域)≥10s
164.6,131.00,8,DRIVE,高速域の緩い登り→最高速巡航131(WLTP_ExHi巡航・微小開度域)≥10s
164.7,130.90,9,DRIVE,高速緩減速(アクセル調整)→巡航113(110-125帯代表)
164.8,130.80,9,DRIVE,高速緩減速(アクセル調整)→巡航113(110-125帯代表)
164.9,130.70,9,DRIVE,高速緩減速(アクセル調整)→巡航113(110-125帯代表)
165.0,130.60,9,DRIVE,高速緩減速(アクセル調整)→巡航113(110-125帯代表)
165.1,130.50,9,DRIVE,高速緩減速(アクセル調整)→巡航113(110-125帯代表)
165.2,130.40,9,DRIVE,高速緩減速(アクセル調整)→巡航113(110-125帯代表)
165.3,130.30,9,DRIVE,高速緩減速(アクセル調整)→巡航113(110-125帯代表)
165.4,130.20,9,DRIVE,高速緩減速(アクセル調整)→巡航113(110-125帯代表)
165.5,130.10,9,DRIVE,高速緩減速(アクセル調整)→巡航113(110-125帯代表)
165.6,130.00,9,DRIVE,高速緩減速(アクセル調整)→巡航113(110-125帯代表)
165.7,129.90,9,DRIVE,高速緩減速(アクセル調整)→巡航113(110-125帯代表)
165.8,129.80,9,DRIVE,高速緩減速(アクセル調整)→巡航113(110-125帯代表)
165.9,129.70,9,DRIVE,高速緩減速(アクセル調整)→巡航113(110-125帯代表)
166.0,129.60,9,DRIVE,高速緩減速(アクセル調整)→巡航113(110-125帯代表)
166.1,129.50,9,DRIVE,高速緩減速(アクセル調整)→巡航113(110-125帯代表)
166.2,129.40,9,DRIVE,高速緩減速(アクセル調整)→巡航113(110-125帯代表)
166.3,129.30,9,DRIVE,高速緩減速(アクセル調整)→巡航113(110-125帯代表)
166.4,129.20,9,DRIVE,高速緩減速(アクセル調整)→巡航113(110-125帯代表)
166.5,129.10,9,DRIVE,高速緩減速(アクセル調整)→巡航113(110-125帯代表)
166.6,129.00,9,DRIVE,高速緩減速(アクセル調整)→巡航113(110-125帯代表)
166.7,128.90,9,DRIVE,高速緩減速(アクセル調整)→巡航113(110-125帯代表)
166.8,128.80,9,DRIVE,高速緩減速(アクセル調整)→巡航113(110-125帯代表)
166.9,128.70,9,DRIVE,高速緩減速(アクセル調整)→巡航113(110-125帯代表)
167.0,128.60,9,DRIVE,高速緩減速(アクセル調整)→巡航113(110-125帯代表)
167.1,128.50,9,DRIVE,高速緩減速(アクセル調整)→巡航113(110-125帯代表)
167.2,128.40,9,DRIVE,高速緩減速(アクセル調整)→巡航113(110-125帯代表)
167.3,128.30,9,DRIVE,高速緩減速(アクセル調整)→巡航113(110-125帯代表)
167.4,128.20,9,DRIVE,高速緩減速(アクセル調整)→巡航113(110-125帯代表)
167.5,128.10,9,DRIVE,高速緩減速(アクセル調整)→巡航113(110-125帯代表)
167.6,128.00,9,DRIVE,高速緩減速(アクセル調整)→巡航113(110-125帯代表)
167.7,127.90,9,DRIVE,高速緩減速(アクセル調整)→巡航113(110-125帯代表)
167.8,127.80,9,DRIVE,高速緩減速(アクセル調整)→巡航113(110-125帯代表)
167.9,127.70,9,DRIVE,高速緩減速(アクセル調整)→巡航113(110-125帯代表)
168.0,127.60,9,DRIVE,高速緩減速(アクセル調整)→巡航113(110-125帯代表)
168.1,127.50,9,DRIVE,高速緩減速(アクセル調整)→巡航113(110-125帯代表)
168.2,127.40,9,DRIVE,高速緩減速(アクセル調整)→巡航113(110-125帯代表)
168.3,127.30,9,DRIVE,高速緩減速(アクセル調整)→巡航113(110-125帯代表)
168.4,127.20,9,DRIVE,高速緩減速(アクセル調整)→巡航113(110-125帯代表)
168.5,127.10,9,DRIVE,高速緩減速(アクセル調整)→巡航113(110-125帯代表)
168.6,127.00,9,DRIVE,高速緩減速(アクセル調整)→巡航113(110-125帯代表)
168.7,126.90,9,DRIVE,高速緩減速(アクセル調整)→巡航113(110-125帯代表)
168.8,126.80,9,DRIVE,高速緩減速(アクセル調整)→巡航113(110-125帯代表)
168.9,126.70,9,DRIVE,高速緩減速(アクセル調整)→巡航113(110-125帯代表)
169.0,126.60,9,DRIVE,高速緩減速(アクセル調整)→巡航113(110-125帯代表)
169.1,126.50,9,DRIVE,高速緩減速(アクセル調整)→巡航113(110-125帯代表)
169.2,126.40,9,DRIVE,高速緩減速(アクセル調整)→巡航113(110-125帯代表)
169.3,126.30,9,DRIVE,高速緩減速(アクセル調整)→巡航113(110-125帯代表)
169.4,126.20,9,DRIVE,高速緩減速(アクセル調整)→巡航113(110-125帯代表)
169.5,126.10,9,DRIVE,高速緩減速(アクセル調整)→巡航113(110-125帯代表)
169.6,126.00,9,DRIVE,高速緩減速(アクセル調整)→巡航113(110-125帯代表)
169.7,125.90,9,DRIVE,高速緩減速(アクセル調整)→巡航113(110-125帯代表)
169.8,125.80,9,DRIVE,高速緩減速(アクセル調整)→巡航113(110-125帯代表)
169.9,125.70,9,DRIVE,高速緩減速(アクセル調整)→巡航113(110-125帯代表)
170.0,125.60,9,DRIVE,高速緩減速(アクセル調整)→巡航113(110-125帯代表)
170.1,125.50,9,DRIVE,高速緩減速(アクセル調整)→巡航113(110-125帯代表)
170.2,125.40,9,DRIVE,高速緩減速(アクセル調整)→巡航113(110-125帯代表)
170.3,125.30,9,DRIVE,高速緩減速(アクセル調整)→巡航113(110-125帯代表)
170.4,125.20,9,DRIVE,高速緩減速(アクセル調整)→巡航113(110-125帯代表)
170.5,125.10,9,DRIVE,高速緩減速(アクセル調整)→巡航113(110-125帯代表)
170.6,125.00,9,DRIVE,高速緩減速(アクセル調整)→巡航113(110-125帯代表)
170.7,124.90,9,DRIVE,高速緩減速(アクセル調整)→巡航113(110-125帯代表)
170.8,124.80,9,DRIVE,高速緩減速(アクセル調整)→巡航113(110-125帯代表)
170.9,124.70,9,DRIVE,高速緩減速(アクセル調整)→巡航113(110-125帯代表)
171.0,124.60,9,DRIVE,高速緩減速(アクセル調整)→巡航113(110-125帯代表)
171.1,124.50,9,DRIVE,高速緩減速(アクセル調整)→巡航113(110-125帯代表)
171.2,124.40,9,DRIVE,高速緩減速(アクセル調整)→巡航113(110-125帯代表)
171.3,124.30,9,DRIVE,高速緩減速(アクセル調整)→巡航113(110-125帯代表)
171.4,124.20,9,DRIVE,高速緩減速(アクセル調整)→巡航113(110-125帯代表)
171.5,124.10,9,DRIVE,高速緩減速(アクセル調整)→巡航113(110-125帯代表)
171.6,124.00,9,DRIVE,高速緩減速(アクセル調整)→巡航113(110-125帯代表)
171.7,123.90,9,DRIVE,高速緩減速(アクセル調整)→巡航113(110-125帯代表)
171.8,123.80,9,DRIVE,高速緩減速(アクセル調整)→巡航113(110-125帯代表)
171.9,123.70,9,DRIVE,高速緩減速(アクセル調整)→巡航113(110-125帯代表)
172.0,123.60,9,DRIVE,高速緩減速(アクセル調整)→巡航113(110-125帯代表)
172.1,123.50,9,DRIVE,高速緩減速(アクセル調整)→巡航113(110-125帯代表)
172.2,123.40,9,DRIVE,高速緩減速(アクセル調整)→巡航113(110-125帯代表)
172.3,123.30,9,DRIVE,高速緩減速(アクセル調整)→巡航113(110-125帯代表)
172.4,123.20,9,DRIVE,高速緩減速(アクセル調整)→巡航113(110-125帯代表)
172.5,123.10,9,DRIVE,高速緩減速(アクセル調整)→巡航113(110-125帯代表)
172.6,123.00,9,DRIVE,高速緩減速(アクセル調整)→巡航113(110-125帯代表)
172.7,122.90,9,DRIVE,高速緩減速(アクセル調整)→巡航113(110-125帯代表)
172.8,122.80,9,DRIVE,高速緩減速(アクセル調整)→巡航113(110-125帯代表)
172.9,122.70,9,DRIVE,高速緩減速(アクセル調整)→巡航113(110-125帯代表)
173.0,122.60,9,DRIVE,高速緩減速(アクセル調整)→巡航113(110-125帯代表)
173.1,122.50,9,DRIVE,高速緩減速(アクセル調整)→巡航113(110-125帯代表)
173.2,122.40,9,DRIVE,高速緩減速(アクセル調整)→巡航113(110-125帯代表)
173.3,122.30,9,DRIVE,高速緩減速(アクセル調整)→巡航113(110-125帯代表)
173.4,122.20,9,DRIVE,高速緩減速(アクセル調整)→巡航113(110-125帯代表)
173.5,122.10,9,DRIVE,高速緩減速(アクセル調整)→巡航113(110-125帯代表)
173.6,122.00,9,DRIVE,高速緩減速(アクセル調整)→巡航113(110-125帯代表)
173.7,121.90,9,DRIVE,高速緩減速(アクセル調整)→巡航113(110-125帯代表)
173.8,121.80,9,DRIVE,高速緩減速(アクセル調整)→巡航113(110-125帯代表)
173.9,121.70,9,DRIVE,高速緩減速(アクセル調整)→巡航113(110-125帯代表)
174.0,121.60,9,DRIVE,高速緩減速(アクセル調整)→巡航113(110-125帯代表)
174.1,121.50,9,DRIVE,高速緩減速(アクセル調整)→巡航113(110-125帯代表)
174.2,121.40,9,DRIVE,高速緩減速(アクセル調整)→巡航113(110-125帯代表)
174.3,121.30,9,DRIVE,高速緩減速(アクセル調整)→巡航113(110-125帯代表)
174.4,121.20,9,DRIVE,高速緩減速(アクセル調整)→巡航113(110-125帯代表)
174.5,121.10,9,DRIVE,高速緩減速(アクセル調整)→巡航113(110-125帯代表)
174.6,121.00,9,DRIVE,高速緩減速(アクセル調整)→巡航113(110-125帯代表)
174.7,120.90,9,DRIVE,高速緩減速(アクセル調整)→巡航113(110-125帯代表)
174.8,120.80,9,DRIVE,高速緩減速(アクセル調整)→巡航113(110-125帯代表)
174.9,120.70,9,DRIVE,高速緩減速(アクセル調整)→巡航113(110-125帯代表)
175.0,120.60,9,DRIVE,高速緩減速(アクセル調整)→巡航113(110-125帯代表)
175.1,120.50,9,DRIVE,高速緩減速(アクセル調整)→巡航113(110-125帯代表)
175.2,120.40,9,DRIVE,高速緩減速(アクセル調整)→巡航113(110-125帯代表)
175.3,120.30,9,DRIVE,高速緩減速(アクセル調整)→巡航113(110-125帯代表)
175.4,120.20,9,DRIVE,高速緩減速(アクセル調整)→巡航113(110-125帯代表)
175.5,120.10,9,DRIVE,高速緩減速(アクセル調整)→巡航113(110-125帯代表)
175.6,120.00,9,DRIVE,高速緩減速(アクセル調整)→巡航113(110-125帯代表)
175.7,119.90,9,DRIVE,高速緩減速(アクセル調整)→巡航113(110-125帯代表)
175.8,119.80,9,DRIVE,高速緩減速(アクセル調整)→巡航113(110-125帯代表)
175.9,119.70,9,DRIVE,高速緩減速(アクセル調整)→巡航113(110-125帯代表)
176.0,119.60,9,DRIVE,高速緩減速(アクセル調整)→巡航113(110-125帯代表)
176.1,119.50,9,DRIVE,高速緩減速(アクセル調整)→巡航113(110-125帯代表)
176.2,119.40,9,DRIVE,高速緩減速(アクセル調整)→巡航113(110-125帯代表)
176.3,119.30,9,DRIVE,高速緩減速(アクセル調整)→巡航113(110-125帯代表)
176.4,119.20,9,DRIVE,高速緩減速(アクセル調整)→巡航113(110-125帯代表)
176.5,119.10,9,DRIVE,高速緩減速(アクセル調整)→巡航113(110-125帯代表)
176.6,119.00,9,DRIVE,高速緩減速(アクセル調整)→巡航113(110-125帯代表)
176.7,118.90,9,DRIVE,高速緩減速(アクセル調整)→巡航113(110-125帯代表)
176.8,118.80,9,DRIVE,高速緩減速(アクセル調整)→巡航113(110-125帯代表)
176.9,118.70,9,DRIVE,高速緩減速(アクセル調整)→巡航113(110-125帯代表)
177.0,118.60,9,DRIVE,高速緩減速(アクセル調整)→巡航113(110-125帯代表)
177.1,118.50,9,DRIVE,高速緩減速(アクセル調整)→巡航113(110-125帯代表)
177.2,118.40,9,DRIVE,高速緩減速(アクセル調整)→巡航113(110-125帯代表)
177.3,118.30,9,DRIVE,高速緩減速(アクセル調整)→巡航113(110-125帯代表)
177.4,118.20,9,DRIVE,高速緩減速(アクセル調整)→巡航113(110-125帯代表)
177.5,118.10,9,DRIVE,高速緩減速(アクセル調整)→巡航113(110-125帯代表)
177.6,118.00,9,DRIVE,高速緩減速(アクセル調整)→巡航113(110-125帯代表)
177.7,117.90,9,DRIVE,高速緩減速(アクセル調整)→巡航113(110-125帯代表)
177.8,117.80,9,DRIVE,高速緩減速(アクセル調整)→巡航113(110-125帯代表)
177.9,117.70,9,DRIVE,高速緩減速(アクセル調整)→巡航113(110-125帯代表)
178.0,117.60,9,DRIVE,高速緩減速(アクセル調整)→巡航113(110-125帯代表)
178.1,117.50,9,DRIVE,高速緩減速(アクセル調整)→巡航113(110-125帯代表)
178.2,117.40,9,DRIVE,高速緩減速(アクセル調整)→巡航113(110-125帯代表)
178.3,117.30,9,DRIVE,高速緩減速(アクセル調整)→巡航113(110-125帯代表)
178.4,117.20,9,DRIVE,高速緩減速(アクセル調整)→巡航113(110-125帯代表)
178.5,117.10,9,DRIVE,高速緩減速(アクセル調整)→巡航113(110-125帯代表)
178.6,117.00,9,DRIVE,高速緩減速(アクセル調整)→巡航113(110-125帯代表)
178.7,116.90,9,DRIVE,高速緩減速(アクセル調整)→巡航113(110-125帯代表)
178.8,116.80,9,DRIVE,高速緩減速(アクセル調整)→巡航113(110-125帯代表)
178.9,116.70,9,DRIVE,高速緩減速(アクセル調整)→巡航113(110-125帯代表)
179.0,116.60,9,DRIVE,高速緩減速(アクセル調整)→巡航113(110-125帯代表)
179.1,116.50,9,DRIVE,高速緩減速(アクセル調整)→巡航113(110-125帯代表)
179.2,116.40,9,DRIVE,高速緩減速(アクセル調整)→巡航113(110-125帯代表)
179.3,116.30,9,DRIVE,高速緩減速(アクセル調整)→巡航113(110-125帯代表)
179.4,116.20,9,DRIVE,高速緩減速(アクセル調整)→巡航113(110-125帯代表)
179.5,116.10,9,DRIVE,高速緩減速(アクセル調整)→巡航113(110-125帯代表)
179.6,116.00,9,DRIVE,高速緩減速(アクセル調整)→巡航113(110-125帯代表)
179.7,115.90,9,DRIVE,高速緩減速(アクセル調整)→巡航113(110-125帯代表)
179.8,115.80,9,DRIVE,高速緩減速(アクセル調整)→巡航113(110-125帯代表)
179.9,115.70,9,DRIVE,高速緩減速(アクセル調整)→巡航113(110-125帯代表)
180.0,115.60,9,DRIVE,高速緩減速(アクセル調整)→巡航113(110-125帯代表)
180.1,115.50,9,DRIVE,高速緩減速(アクセル調整)→巡航113(110-125帯代表)
180.2,115.40,9,DRIVE,高速緩減速(アクセル調整)→巡航113(110-125帯代表)
180.3,115.30,9,DRIVE,高速緩減速(アクセル調整)→巡航113(110-125帯代表)
180.4,115.20,9,DRIVE,高速緩減速(アクセル調整)→巡航113(110-125帯代表)
180.5,115.10,9,DRIVE,高速緩減速(アクセル調整)→巡航113(110-125帯代表)
180.6,115.00,9,DRIVE,高速緩減速(アクセル調整)→巡航113(110-125帯代表)
180.7,114.90,9,DRIVE,高速緩減速(アクセル調整)→巡航113(110-125帯代表)
180.8,114.80,9,DRIVE,高速緩減速(アクセル調整)→巡航113(110-125帯代表)
180.9,114.70,9,DRIVE,高速緩減速(アクセル調整)→巡航113(110-125帯代表)
181.0,114.60,9,DRIVE,高速緩減速(アクセル調整)→巡航113(110-125帯代表)
181.1,114.50,9,DRIVE,高速緩減速(アクセル調整)→巡航113(110-125帯代表)
181.2,114.40,9,DRIVE,高速緩減速(アクセル調整)→巡航113(110-125帯代表)
181.3,114.30,9,DRIVE,高速緩減速(アクセル調整)→巡航113(110-125帯代表)
181.4,114.20,9,DRIVE,高速緩減速(アクセル調整)→巡航113(110-125帯代表)
181.5,114.10,9,DRIVE,高速緩減速(アクセル調整)→巡航113(110-125帯代表)
181.6,114.00,9,DRIVE,高速緩減速(アクセル調整)→巡航113(110-125帯代表)
181.7,113.90,9,DRIVE,高速緩減速(アクセル調整)→巡航113(110-125帯代表)
181.8,113.80,9,DRIVE,高速緩減速(アクセル調整)→巡航113(110-125帯代表)
181.9,113.70,9,DRIVE,高速緩減速(アクセル調整)→巡航113(110-125帯代表)
182.0,113.60,9,DRIVE,高速緩減速(アクセル調整)→巡航113(110-125帯代表)
182.1,113.50,9,DRIVE,高速緩減速(アクセル調整)→巡航113(110-125帯代表)
182.2,113.40,9,DRIVE,高速緩減速(アクセル調整)→巡航113(110-125帯代表)
182.3,113.30,9,DRIVE,高速緩減速(アクセル調整)→巡航113(110-125帯代表)
182.4,113.20,9,DRIVE,高速緩減速(アクセル調整)→巡航113(110-125帯代表)
182.5,113.10,9,DRIVE,高速緩減速(アクセル調整)→巡航113(110-125帯代表)
182.6,113.00,9,DRIVE,高速緩減速(アクセル調整)→巡航113(110-125帯代表)
182.7,113.00,9,DRIVE,高速緩減速(アクセル調整)→巡航113(110-125帯代表)
182.8,113.00,9,DRIVE,高速緩減速(アクセル調整)→巡航113(110-125帯代表)
182.9,113.00,9,DRIVE,高速緩減速(アクセル調整)→巡航113(110-125帯代表)
183.0,113.00,9,DRIVE,高速緩減速(アクセル調整)→巡航113(110-125帯代表)
183.1,113.00,9,DRIVE,高速緩減速(アクセル調整)→巡航113(110-125帯代表)
183.2,113.00,9,DRIVE,高速緩減速(アクセル調整)→巡航113(110-125帯代表)
183.3,113.00,9,DRIVE,高速緩減速(アクセル調整)→巡航113(110-125帯代表)
183.4,113.00,9,DRIVE,高速緩減速(アクセル調整)→巡航113(110-125帯代表)
183.5,113.00,9,DRIVE,高速緩減速(アクセル調整)→巡航113(110-125帯代表)
183.6,113.00,9,DRIVE,高速緩減速(アクセル調整)→巡航113(110-125帯代表)
183.7,113.00,9,DRIVE,高速緩減速(アクセル調整)→巡航113(110-125帯代表)
183.8,113.00,9,DRIVE,高速緩減速(アクセル調整)→巡航113(110-125帯代表)
183.9,113.00,9,DRIVE,高速緩減速(アクセル調整)→巡航113(110-125帯代表)
184.0,113.00,9,DRIVE,高速緩減速(アクセル調整)→巡航113(110-125帯代表)
184.1,113.00,9,DRIVE,高速緩減速(アクセル調整)→巡航113(110-125帯代表)
184.2,113.00,9,DRIVE,高速緩減速(アクセル調整)→巡航113(110-125帯代表)
184.3,113.00,9,DRIVE,高速緩減速(アクセル調整)→巡航113(110-125帯代表)
184.4,113.00,9,DRIVE,高速緩減速(アクセル調整)→巡航113(110-125帯代表)
184.5,113.00,9,DRIVE,高速緩減速(アクセル調整)→巡航113(110-125帯代表)
184.6,113.00,9,DRIVE,高速緩減速(アクセル調整)→巡航113(110-125帯代表)
184.7,113.00,9,DRIVE,高速緩減速(アクセル調整)→巡航113(110-125帯代表)
184.8,113.00,9,DRIVE,高速緩減速(アクセル調整)→巡航113(110-125帯代表)
184.9,113.00,9,DRIVE,高速緩減速(アクセル調整)→巡航113(110-125帯代表)
185.0,113.00,9,DRIVE,高速緩減速(アクセル調整)→巡航113(110-125帯代表)
185.1,113.00,9,DRIVE,高速緩減速(アクセル調整)→巡航113(110-125帯代表)
185.2,113.00,9,DRIVE,高速緩減速(アクセル調整)→巡航113(110-125帯代表)
185.3,113.00,9,DRIVE,高速緩減速(アクセル調整)→巡航113(110-125帯代表)
185.4,113.00,9,DRIVE,高速緩減速(アクセル調整)→巡航113(110-125帯代表)
185.5,113.00,9,DRIVE,高速緩減速(アクセル調整)→巡航113(110-125帯代表)
185.6,113.00,9,DRIVE,高速緩減速(アクセル調整)→巡航113(110-125帯代表)
185.7,113.00,9,DRIVE,高速緩減速(アクセル調整)→巡航113(110-125帯代表)
185.8,113.00,9,DRIVE,高速緩減速(アクセル調整)→巡航113(110-125帯代表)
185.9,113.00,9,DRIVE,高速緩減速(アクセル調整)→巡航113(110-125帯代表)
186.0,113.00,9,DRIVE,高速緩減速(アクセル調整)→巡航113(110-125帯代表)
186.1,113.00,9,DRIVE,高速緩減速(アクセル調整)→巡航113(110-125帯代表)
186.2,113.00,9,DRIVE,高速緩減速(アクセル調整)→巡航113(110-125帯代表)
186.3,113.00,9,DRIVE,高速緩減速(アクセル調整)→巡航113(110-125帯代表)
186.4,113.00,9,DRIVE,高速緩減速(アクセル調整)→巡航113(110-125帯代表)
186.5,113.00,9,DRIVE,高速緩減速(アクセル調整)→巡航113(110-125帯代表)
186.6,113.00,9,DRIVE,高速緩減速(アクセル調整)→巡航113(110-125帯代表)
186.7,113.00,9,DRIVE,高速緩減速(アクセル調整)→巡航113(110-125帯代表)
186.8,113.00,9,DRIVE,高速緩減速(アクセル調整)→巡航113(110-125帯代表)
186.9,113.00,9,DRIVE,高速緩減速(アクセル調整)→巡航113(110-125帯代表)
187.0,113.00,9,DRIVE,高速緩減速(アクセル調整)→巡航113(110-125帯代表)
187.1,113.00,9,DRIVE,高速緩減速(アクセル調整)→巡航113(110-125帯代表)
187.2,113.00,9,DRIVE,高速緩減速(アクセル調整)→巡航113(110-125帯代表)
187.3,113.00,9,DRIVE,高速緩減速(アクセル調整)→巡航113(110-125帯代表)
187.4,113.00,9,DRIVE,高速緩減速(アクセル調整)→巡航113(110-125帯代表)
187.5,113.00,9,DRIVE,高速緩減速(アクセル調整)→巡航113(110-125帯代表)
187.6,113.00,9,DRIVE,高速緩減速(アクセル調整)→巡航113(110-125帯代表)
187.7,113.00,9,DRIVE,高速緩減速(アクセル調整)→巡航113(110-125帯代表)
187.8,113.00,9,DRIVE,高速緩減速(アクセル調整)→巡航113(110-125帯代表)
187.9,113.00,9,DRIVE,高速緩減速(アクセル調整)→巡航113(110-125帯代表)
188.0,113.00,9,DRIVE,高速緩減速(アクセル調整)→巡航113(110-125帯代表)
188.1,113.00,9,DRIVE,高速緩減速(アクセル調整)→巡航113(110-125帯代表)
188.2,113.00,9,DRIVE,高速緩減速(アクセル調整)→巡航113(110-125帯代表)
188.3,113.00,9,DRIVE,高速緩減速(アクセル調整)→巡航113(110-125帯代表)
188.4,113.00,9,DRIVE,高速緩減速(アクセル調整)→巡航113(110-125帯代表)
188.5,113.00,9,BRAKE,高速緩減速(アクセル調整)→巡航113(110-125帯代表)
188.6,113.00,9,BRAKE,高速緩減速(アクセル調整)→巡航113(110-125帯代表)
188.7,112.45,10,BRAKE,高率ブレーキ減速(p90)→巡航60
188.8,111.90,10,BRAKE,高率ブレーキ減速(p90)→巡航60
188.9,111.34,10,BRAKE,高率ブレーキ減速(p90)→巡航60
189.0,110.79,10,BRAKE,高率ブレーキ減速(p90)→巡航60
189.1,110.24,10,BRAKE,高率ブレーキ減速(p90)→巡航60
189.2,109.69,10,BRAKE,高率ブレーキ減速(p90)→巡航60
189.3,109.14,10,BRAKE,高率ブレーキ減速(p90)→巡航60
189.4,108.58,10,BRAKE,高率ブレーキ減速(p90)→巡航60
189.5,108.03,10,BRAKE,高率ブレーキ減速(p90)→巡航60
189.6,107.48,10,BRAKE,高率ブレーキ減速(p90)→巡航60
189.7,106.93,10,BRAKE,高率ブレーキ減速(p90)→巡航60
189.8,106.38,10,BRAKE,高率ブレーキ減速(p90)→巡航60
189.9,105.82,10,BRAKE,高率ブレーキ減速(p90)→巡航60
190.0,105.27,10,BRAKE,高率ブレーキ減速(p90)→巡航60
190.1,104.72,10,BRAKE,高率ブレーキ減速(p90)→巡航60
190.2,104.17,10,BRAKE,高率ブレーキ減速(p90)→巡航60
190.3,103.61,10,BRAKE,高率ブレーキ減速(p90)→巡航60
190.4,103.06,10,BRAKE,高率ブレーキ減速(p90)→巡航60
190.5,102.51,10,BRAKE,高率ブレーキ減速(p90)→巡航60
190.6,101.96,10,BRAKE,高率ブレーキ減速(p90)→巡航60
190.7,101.41,10,BRAKE,高率ブレーキ減速(p90)→巡航60
190.8,100.85,10,BRAKE,高率ブレーキ減速(p90)→巡航60
190.9,100.30,10,BRAKE,高率ブレーキ減速(p90)→巡航60
191.0,99.75,10,BRAKE,高率ブレーキ減速(p90)→巡航60
191.1,99.20,10,BRAKE,高率ブレーキ減速(p90)→巡航60
191.2,98.65,10,BRAKE,高率ブレーキ減速(p90)→巡航60
191.3,98.09,10,BRAKE,高率ブレーキ減速(p90)→巡航60
191.4,97.54,10,BRAKE,高率ブレーキ減速(p90)→巡航60
191.5,96.99,10,BRAKE,高率ブレーキ減速(p90)→巡航60
191.6,96.44,10,BRAKE,高率ブレーキ減速(p90)→巡航60
191.7,95.89,10,BRAKE,高率ブレーキ減速(p90)→巡航60
191.8,95.33,10,BRAKE,高率ブレーキ減速(p90)→巡航60
191.9,94.78,10,BRAKE,高率ブレーキ減速(p90)→巡航60
192.0,94.23,10,BRAKE,高率ブレーキ減速(p90)→巡航60
192.1,93.68,10,BRAKE,高率ブレーキ減速(p90)→巡航60
192.2,93.12,10,BRAKE,高率ブレーキ減速(p90)→巡航60
192.3,92.57,10,BRAKE,高率ブレーキ減速(p90)→巡航60
192.4,92.02,10,BRAKE,高率ブレーキ減速(p90)→巡航60
192.5,91.47,10,BRAKE,高率ブレーキ減速(p90)→巡航60
192.6,90.92,10,BRAKE,高率ブレーキ減速(p90)→巡航60
192.7,90.36,10,BRAKE,高率ブレーキ減速(p90)→巡航60
192.8,89.81,10,BRAKE,高率ブレーキ減速(p90)→巡航60
192.9,89.26,10,BRAKE,高率ブレーキ減速(p90)→巡航60
193.0,88.71,10,BRAKE,高率ブレーキ減速(p90)→巡航60
193.1,88.16,10,BRAKE,高率ブレーキ減速(p90)→巡航60
193.2,87.60,10,BRAKE,高率ブレーキ減速(p90)→巡航60
193.3,87.05,10,BRAKE,高率ブレーキ減速(p90)→巡航60
193.4,86.50,10,BRAKE,高率ブレーキ減速(p90)→巡航60
193.5,85.95,10,BRAKE,高率ブレーキ減速(p90)→巡航60
193.6,85.40,10,BRAKE,高率ブレーキ減速(p90)→巡航60
193.7,84.84,10,BRAKE,高率ブレーキ減速(p90)→巡航60
193.8,84.29,10,BRAKE,高率ブレーキ減速(p90)→巡航60
193.9,83.74,10,BRAKE,高率ブレーキ減速(p90)→巡航60
194.0,83.19,10,BRAKE,高率ブレーキ減速(p90)→巡航60
194.1,82.64,10,BRAKE,高率ブレーキ減速(p90)→巡航60
194.2,82.08,10,BRAKE,高率ブレーキ減速(p90)→巡航60
194.3,81.53,10,BRAKE,高率ブレーキ減速(p90)→巡航60
194.4,80.98,10,BRAKE,高率ブレーキ減速(p90)→巡航60
194.5,80.43,10,BRAKE,高率ブレーキ減速(p90)→巡航60
194.6,79.88,10,BRAKE,高率ブレーキ減速(p90)→巡航60
194.7,79.32,10,BRAKE,高率ブレーキ減速(p90)→巡航60
194.8,78.77,10,BRAKE,高率ブレーキ減速(p90)→巡航60
194.9,78.22,10,BRAKE,高率ブレーキ減速(p90)→巡航60
195.0,77.67,10,BRAKE,高率ブレーキ減速(p90)→巡航60
195.1,77.11,10,BRAKE,高率ブレーキ減速(p90)→巡航60
195.2,76.56,10,BRAKE,高率ブレーキ減速(p90)→巡航60
195.3,76.01,10,BRAKE,高率ブレーキ減速(p90)→巡航60
195.4,75.46,10,BRAKE,高率ブレーキ減速(p90)→巡航60
195.5,74.91,10,BRAKE,高率ブレーキ減速(p90)→巡航60
195.6,74.35,10,BRAKE,高率ブレーキ減速(p90)→巡航60
195.7,73.80,10,BRAKE,高率ブレーキ減速(p90)→巡航60
195.8,73.25,10,BRAKE,高率ブレーキ減速(p90)→巡航60
195.9,72.70,10,BRAKE,高率ブレーキ減速(p90)→巡航60
196.0,72.15,10,BRAKE,高率ブレーキ減速(p90)→巡航60
196.1,71.59,10,BRAKE,高率ブレーキ減速(p90)→巡航60
196.2,71.04,10,BRAKE,高率ブレーキ減速(p90)→巡航60
196.3,70.49,10,BRAKE,高率ブレーキ減速(p90)→巡航60
196.4,69.94,10,BRAKE,高率ブレーキ減速(p90)→巡航60
196.5,69.39,10,BRAKE,高率ブレーキ減速(p90)→巡航60
196.6,68.83,10,BRAKE,高率ブレーキ減速(p90)→巡航60
196.7,68.28,10,BRAKE,高率ブレーキ減速(p90)→巡航60
196.8,67.73,10,BRAKE,高率ブレーキ減速(p90)→巡航60
196.9,67.18,10,BRAKE,高率ブレーキ減速(p90)→巡航60
197.0,66.62,10,BRAKE,高率ブレーキ減速(p90)→巡航60
197.1,66.07,10,BRAKE,高率ブレーキ減速(p90)→巡航60
197.2,65.52,10,BRAKE,高率ブレーキ減速(p90)→巡航60
197.3,64.97,10,BRAKE,高率ブレーキ減速(p90)→巡航60
197.4,64.42,10,BRAKE,高率ブレーキ減速(p90)→巡航60
197.5,63.86,10,BRAKE,高率ブレーキ減速(p90)→巡航60
197.6,63.31,10,BRAKE,高率ブレーキ減速(p90)→巡航60
197.7,62.76,10,BRAKE,高率ブレーキ減速(p90)→巡航60
197.8,62.21,10,BRAKE,高率ブレーキ減速(p90)→巡航60
197.9,61.66,10,BRAKE,高率ブレーキ減速(p90)→巡航60
198.0,61.10,10,BRAKE,高率ブレーキ減速(p90)→巡航60
198.1,60.55,10,BRAKE,高率ブレーキ減速(p90)→巡航60
198.2,60.00,10,BRAKE,高率ブレーキ減速(p90)→巡航60
198.3,60.00,10,BRAKE,高率ブレーキ減速(p90)→巡航60
198.4,60.00,10,BRAKE,高率ブレーキ減速(p90)→巡航60
198.5,60.00,10,DRIVE,高率ブレーキ減速(p90)→巡航60
198.6,60.00,10,DRIVE,高率ブレーキ減速(p90)→巡航60
198.7,60.00,10,DRIVE,高率ブレーキ減速(p90)→巡航60
198.8,60.00,10,DRIVE,高率ブレーキ減速(p90)→巡航60
198.9,60.00,10,DRIVE,高率ブレーキ減速(p90)→巡航60
199.0,60.00,10,DRIVE,高率ブレーキ減速(p90)→巡航60
199.1,60.00,10,DRIVE,高率ブレーキ減速(p90)→巡航60
199.2,60.00,10,DRIVE,高率ブレーキ減速(p90)→巡航60
199.3,60.00,10,DRIVE,高率ブレーキ減速(p90)→巡航60
199.4,60.00,10,DRIVE,高率ブレーキ減速(p90)→巡航60
199.5,60.00,10,DRIVE,高率ブレーキ減速(p90)→巡航60
199.6,60.00,10,DRIVE,高率ブレーキ減速(p90)→巡航60
199.7,60.00,10,DRIVE,高率ブレーキ減速(p90)→巡航60
199.8,60.00,10,DRIVE,高率ブレーキ減速(p90)→巡航60
199.9,60.00,10,DRIVE,高率ブレーキ減速(p90)→巡航60
200.0,60.00,10,DRIVE,高率ブレーキ減速(p90)→巡航60
200.1,60.00,10,DRIVE,高率ブレーキ減速(p90)→巡航60
200.2,60.00,10,DRIVE,高率ブレーキ減速(p90)→巡航60
200.3,60.00,10,DRIVE,高率ブレーキ減速(p90)→巡航60
200.4,60.00,10,DRIVE,高率ブレーキ減速(p90)→巡航60
200.5,60.00,10,DRIVE,高率ブレーキ減速(p90)→巡航60
200.6,60.00,10,DRIVE,高率ブレーキ減速(p90)→巡航60
200.7,60.00,10,DRIVE,高率ブレーキ減速(p90)→巡航60
200.8,60.00,10,DRIVE,高率ブレーキ減速(p90)→巡航60
200.9,60.00,10,DRIVE,高率ブレーキ減速(p90)→巡航60
201.0,60.00,10,DRIVE,高率ブレーキ減速(p90)→巡航60
201.1,60.00,10,DRIVE,高率ブレーキ減速(p90)→巡航60
201.2,60.00,10,DRIVE,高率ブレーキ減速(p90)→巡航60
201.3,60.00,10,DRIVE,高率ブレーキ減速(p90)→巡航60
201.4,60.00,10,DRIVE,高率ブレーキ減速(p90)→巡航60
201.5,60.00,10,DRIVE,高率ブレーキ減速(p90)→巡航60
201.6,60.00,10,DRIVE,高率ブレーキ減速(p90)→巡航60
201.7,60.00,10,DRIVE,高率ブレーキ減速(p90)→巡航60
201.8,60.00,10,DRIVE,高率ブレーキ減速(p90)→巡航60
201.9,60.00,10,DRIVE,高率ブレーキ減速(p90)→巡航60
202.0,60.00,10,DRIVE,高率ブレーキ減速(p90)→巡航60
202.1,60.00,10,DRIVE,高率ブレーキ減速(p90)→巡航60
202.2,60.00,10,DRIVE,高率ブレーキ減速(p90)→巡航60
202.3,60.00,10,DRIVE,高率ブレーキ減速(p90)→巡航60
202.4,60.00,10,DRIVE,高率ブレーキ減速(p90)→巡航60
202.5,60.00,10,DRIVE,高率ブレーキ減速(p90)→巡航60
202.6,60.00,10,DRIVE,高率ブレーキ減速(p90)→巡航60
202.7,60.00,10,DRIVE,高率ブレーキ減速(p90)→巡航60
202.8,60.00,10,DRIVE,高率ブレーキ減速(p90)→巡航60
202.9,60.00,10,DRIVE,高率ブレーキ減速(p90)→巡航60
203.0,60.00,10,DRIVE,高率ブレーキ減速(p90)→巡航60
203.1,60.00,10,DRIVE,高率ブレーキ減速(p90)→巡航60
203.2,60.00,10,DRIVE,高率ブレーキ減速(p90)→巡航60
203.3,59.81,11,DRIVE,中率減速(軽ブレーキ)→巡航30
203.4,59.62,11,DRIVE,中率減速(軽ブレーキ)→巡航30
203.5,59.43,11,DRIVE,中率減速(軽ブレーキ)→巡航30
203.6,59.24,11,COAST,中率減速(軽ブレーキ)→巡航30
203.7,59.05,11,BRAKE,中率減速(軽ブレーキ)→巡航30
203.8,58.86,11,BRAKE,中率減速(軽ブレーキ)→巡航30
203.9,58.67,11,BRAKE,中率減速(軽ブレーキ)→巡航30
204.0,58.48,11,BRAKE,中率減速(軽ブレーキ)→巡航30
204.1,58.29,11,BRAKE,中率減速(軽ブレーキ)→巡航30
204.2,58.10,11,BRAKE,中率減速(軽ブレーキ)→巡航30
204.3,57.91,11,BRAKE,中率減速(軽ブレーキ)→巡航30
204.4,57.72,11,BRAKE,中率減速(軽ブレーキ)→巡航30
204.5,57.53,11,BRAKE,中率減速(軽ブレーキ)→巡航30
204.6,57.34,11,BRAKE,中率減速(軽ブレーキ)→巡航30
204.7,57.15,11,BRAKE,中率減速(軽ブレーキ)→巡航30
204.8,56.96,11,BRAKE,中率減速(軽ブレーキ)→巡航30
204.9,56.77,11,BRAKE,中率減速(軽ブレーキ)→巡航30
205.0,56.58,11,BRAKE,中率減速(軽ブレーキ)→巡航30
205.1,56.39,11,BRAKE,中率減速(軽ブレーキ)→巡航30
205.2,56.20,11,BRAKE,中率減速(軽ブレーキ)→巡航30
205.3,56.01,11,BRAKE,中率減速(軽ブレーキ)→巡航30
205.4,55.82,11,BRAKE,中率減速(軽ブレーキ)→巡航30
205.5,55.63,11,BRAKE,中率減速(軽ブレーキ)→巡航30
205.6,55.44,11,BRAKE,中率減速(軽ブレーキ)→巡航30
205.7,55.25,11,BRAKE,中率減速(軽ブレーキ)→巡航30
205.8,55.06,11,BRAKE,中率減速(軽ブレーキ)→巡航30
205.9,54.87,11,BRAKE,中率減速(軽ブレーキ)→巡航30
206.0,54.68,11,BRAKE,中率減速(軽ブレーキ)→巡航30
206.1,54.49,11,BRAKE,中率減速(軽ブレーキ)→巡航30
206.2,54.30,11,BRAKE,中率減速(軽ブレーキ)→巡航30
206.3,54.11,11,BRAKE,中率減速(軽ブレーキ)→巡航30
206.4,53.92,11,BRAKE,中率減速(軽ブレーキ)→巡航30
206.5,53.73,11,BRAKE,中率減速(軽ブレーキ)→巡航30
206.6,53.54,11,BRAKE,中率減速(軽ブレーキ)→巡航30
206.7,53.35,11,BRAKE,中率減速(軽ブレーキ)→巡航30
206.8,53.16,11,BRAKE,中率減速(軽ブレーキ)→巡航30
206.9,52.97,11,BRAKE,中率減速(軽ブレーキ)→巡航30
207.0,52.78,11,BRAKE,中率減速(軽ブレーキ)→巡航30
207.1,52.59,11,BRAKE,中率減速(軽ブレーキ)→巡航30
207.2,52.41,11,BRAKE,中率減速(軽ブレーキ)→巡航30
207.3,52.22,11,BRAKE,中率減速(軽ブレーキ)→巡航30
207.4,52.03,11,BRAKE,中率減速(軽ブレーキ)→巡航30
207.5,51.84,11,BRAKE,中率減速(軽ブレーキ)→巡航30
207.6,51.65,11,BRAKE,中率減速(軽ブレーキ)→巡航30
207.7,51.46,11,BRAKE,中率減速(軽ブレーキ)→巡航30
207.8,51.27,11,BRAKE,中率減速(軽ブレーキ)→巡航30
207.9,51.08,11,BRAKE,中率減速(軽ブレーキ)→巡航30
208.0,50.89,11,BRAKE,中率減速(軽ブレーキ)→巡航30
208.1,50.70,11,BRAKE,中率減速(軽ブレーキ)→巡航30
208.2,50.51,11,BRAKE,中率減速(軽ブレーキ)→巡航30
208.3,50.32,11,BRAKE,中率減速(軽ブレーキ)→巡航30
208.4,50.13,11,BRAKE,中率減速(軽ブレーキ)→巡航30
208.5,49.94,11,BRAKE,中率減速(軽ブレーキ)→巡航30
208.6,49.75,11,BRAKE,中率減速(軽ブレーキ)→巡航30
208.7,49.56,11,BRAKE,中率減速(軽ブレーキ)→巡航30
208.8,49.37,11,BRAKE,中率減速(軽ブレーキ)→巡航30
208.9,49.18,11,BRAKE,中率減速(軽ブレーキ)→巡航30
209.0,48.99,11,BRAKE,中率減速(軽ブレーキ)→巡航30
209.1,48.80,11,BRAKE,中率減速(軽ブレーキ)→巡航30
209.2,48.61,11,BRAKE,中率減速(軽ブレーキ)→巡航30
209.3,48.42,11,BRAKE,中率減速(軽ブレーキ)→巡航30
209.4,48.23,11,BRAKE,中率減速(軽ブレーキ)→巡航30
209.5,48.04,11,BRAKE,中率減速(軽ブレーキ)→巡航30
209.6,47.85,11,BRAKE,中率減速(軽ブレーキ)→巡航30
209.7,47.66,11,BRAKE,中率減速(軽ブレーキ)→巡航30
209.8,47.47,11,BRAKE,中率減速(軽ブレーキ)→巡航30
209.9,47.28,11,BRAKE,中率減速(軽ブレーキ)→巡航30
210.0,47.09,11,BRAKE,中率減速(軽ブレーキ)→巡航30
210.1,46.90,11,BRAKE,中率減速(軽ブレーキ)→巡航30
210.2,46.71,11,BRAKE,中率減速(軽ブレーキ)→巡航30
210.3,46.52,11,BRAKE,中率減速(軽ブレーキ)→巡航30
210.4,46.33,11,BRAKE,中率減速(軽ブレーキ)→巡航30
210.5,46.14,11,BRAKE,中率減速(軽ブレーキ)→巡航30
210.6,45.95,11,BRAKE,中率減速(軽ブレーキ)→巡航30
210.7,45.76,11,BRAKE,中率減速(軽ブレーキ)→巡航30
210.8,45.57,11,BRAKE,中率減速(軽ブレーキ)→巡航30
210.9,45.38,11,BRAKE,中率減速(軽ブレーキ)→巡航30
211.0,45.19,11,BRAKE,中率減速(軽ブレーキ)→巡航30
211.1,45.00,11,BRAKE,中率減速(軽ブレーキ)→巡航30
211.2,44.81,11,BRAKE,中率減速(軽ブレーキ)→巡航30
211.3,44.62,11,BRAKE,中率減速(軽ブレーキ)→巡航30
211.4,44.43,11,BRAKE,中率減速(軽ブレーキ)→巡航30
211.5,44.24,11,BRAKE,中率減速(軽ブレーキ)→巡航30
211.6,44.05,11,BRAKE,中率減速(軽ブレーキ)→巡航30
211.7,43.86,11,BRAKE,中率減速(軽ブレーキ)→巡航30
211.8,43.67,11,BRAKE,中率減速(軽ブレーキ)→巡航30
211.9,43.48,11,BRAKE,中率減速(軽ブレーキ)→巡航30
212.0,43.29,11,BRAKE,中率減速(軽ブレーキ)→巡航30
212.1,43.10,11,BRAKE,中率減速(軽ブレーキ)→巡航30
212.2,42.91,11,BRAKE,中率減速(軽ブレーキ)→巡航30
212.3,42.72,11,BRAKE,中率減速(軽ブレーキ)→巡航30
212.4,42.53,11,BRAKE,中率減速(軽ブレーキ)→巡航30
212.5,42.34,11,BRAKE,中率減速(軽ブレーキ)→巡航30
212.6,42.15,11,BRAKE,中率減速(軽ブレーキ)→巡航30
212.7,41.96,11,BRAKE,中率減速(軽ブレーキ)→巡航30
212.8,41.77,11,BRAKE,中率減速(軽ブレーキ)→巡航30
212.9,41.58,11,BRAKE,中率減速(軽ブレーキ)→巡航30
213.0,41.39,11,BRAKE,中率減速(軽ブレーキ)→巡航30
213.1,41.20,11,BRAKE,中率減速(軽ブレーキ)→巡航30
213.2,41.01,11,BRAKE,中率減速(軽ブレーキ)→巡航30
213.3,40.82,11,BRAKE,中率減速(軽ブレーキ)→巡航30
213.4,40.63,11,BRAKE,中率減速(軽ブレーキ)→巡航30
213.5,40.44,11,BRAKE,中率減速(軽ブレーキ)→巡航30
213.6,40.25,11,BRAKE,中率減速(軽ブレーキ)→巡航30
213.7,40.06,11,BRAKE,中率減速(軽ブレーキ)→巡航30
213.8,39.87,11,BRAKE,中率減速(軽ブレーキ)→巡航30
213.9,39.68,11,BRAKE,中率減速(軽ブレーキ)→巡航30
214.0,39.49,11,BRAKE,中率減速(軽ブレーキ)→巡航30
214.1,39.30,11,BRAKE,中率減速(軽ブレーキ)→巡航30
214.2,39.11,11,BRAKE,中率減速(軽ブレーキ)→巡航30
214.3,38.92,11,BRAKE,中率減速(軽ブレーキ)→巡航30
214.4,38.73,11,BRAKE,中率減速(軽ブレーキ)→巡航30
214.5,38.54,11,BRAKE,中率減速(軽ブレーキ)→巡航30
214.6,38.35,11,BRAKE,中率減速(軽ブレーキ)→巡航30
214.7,38.16,11,BRAKE,中率減速(軽ブレーキ)→巡航30
214.8,37.97,11,BRAKE,中率減速(軽ブレーキ)→巡航30
214.9,37.78,11,BRAKE,中率減速(軽ブレーキ)→巡航30
215.0,37.59,11,BRAKE,中率減速(軽ブレーキ)→巡航30
215.1,37.41,11,BRAKE,中率減速(軽ブレーキ)→巡航30
215.2,37.22,11,BRAKE,中率減速(軽ブレーキ)→巡航30
215.3,37.03,11,BRAKE,中率減速(軽ブレーキ)→巡航30
215.4,36.84,11,BRAKE,中率減速(軽ブレーキ)→巡航30
215.5,36.65,11,BRAKE,中率減速(軽ブレーキ)→巡航30
215.6,36.46,11,BRAKE,中率減速(軽ブレーキ)→巡航30
215.7,36.27,11,BRAKE,中率減速(軽ブレーキ)→巡航30
215.8,36.08,11,BRAKE,中率減速(軽ブレーキ)→巡航30
215.9,35.89,11,BRAKE,中率減速(軽ブレーキ)→巡航30
216.0,35.70,11,BRAKE,中率減速(軽ブレーキ)→巡航30
216.1,35.51,11,BRAKE,中率減速(軽ブレーキ)→巡航30
216.2,35.32,11,BRAKE,中率減速(軽ブレーキ)→巡航30
216.3,35.13,11,BRAKE,中率減速(軽ブレーキ)→巡航30
216.4,34.94,11,BRAKE,中率減速(軽ブレーキ)→巡航30
216.5,34.75,11,BRAKE,中率減速(軽ブレーキ)→巡航30
216.6,34.56,11,BRAKE,中率減速(軽ブレーキ)→巡航30
216.7,34.37,11,BRAKE,中率減速(軽ブレーキ)→巡航30
216.8,34.18,11,BRAKE,中率減速(軽ブレーキ)→巡航30
216.9,33.99,11,BRAKE,中率減速(軽ブレーキ)→巡航30
217.0,33.80,11,BRAKE,中率減速(軽ブレーキ)→巡航30
217.1,33.61,11,BRAKE,中率減速(軽ブレーキ)→巡航30
217.2,33.42,11,BRAKE,中率減速(軽ブレーキ)→巡航30
217.3,33.23,11,BRAKE,中率減速(軽ブレーキ)→巡航30
217.4,33.04,11,BRAKE,中率減速(軽ブレーキ)→巡航30
217.5,32.85,11,BRAKE,中率減速(軽ブレーキ)→巡航30
217.6,32.66,11,BRAKE,中率減速(軽ブレーキ)→巡航30
217.7,32.47,11,BRAKE,中率減速(軽ブレーキ)→巡航30
217.8,32.28,11,BRAKE,中率減速(軽ブレーキ)→巡航30
217.9,32.09,11,BRAKE,中率減速(軽ブレーキ)→巡航30
218.0,31.90,11,BRAKE,中率減速(軽ブレーキ)→巡航30
218.1,31.71,11,BRAKE,中率減速(軽ブレーキ)→巡航30
218.2,31.52,11,BRAKE,中率減速(軽ブレーキ)→巡航30
218.3,31.33,11,BRAKE,中率減速(軽ブレーキ)→巡航30
218.4,31.14,11,BRAKE,中率減速(軽ブレーキ)→巡航30
218.5,30.95,11,BRAKE,中率減速(軽ブレーキ)→巡航30
218.6,30.76,11,BRAKE,中率減速(軽ブレーキ)→巡航30
218.7,30.57,11,COAST,中率減速(軽ブレーキ)→巡航30
218.8,30.38,11,DRIVE,中率減速(軽ブレーキ)→巡航30
218.9,30.19,11,DRIVE,中率減速(軽ブレーキ)→巡航30
219.0,30.00,11,DRIVE,中率減速(軽ブレーキ)→巡航30
219.1,30.00,11,DRIVE,中率減速(軽ブレーキ)→巡航30
219.2,30.00,11,DRIVE,中率減速(軽ブレーキ)→巡航30
219.3,30.00,11,DRIVE,中率減速(軽ブレーキ)→巡航30
219.4,30.00,11,DRIVE,中率減速(軽ブレーキ)→巡航30
219.5,30.00,11,DRIVE,中率減速(軽ブレーキ)→巡航30
219.6,30.00,11,DRIVE,中率減速(軽ブレーキ)→巡航30
219.7,30.00,11,DRIVE,中率減速(軽ブレーキ)→巡航30
219.8,30.00,11,DRIVE,中率減速(軽ブレーキ)→巡航30
219.9,30.00,11,DRIVE,中率減速(軽ブレーキ)→巡航30
220.0,30.00,11,DRIVE,中率減速(軽ブレーキ)→巡航30
220.1,30.00,11,DRIVE,中率減速(軽ブレーキ)→巡航30
220.2,30.00,11,DRIVE,中率減速(軽ブレーキ)→巡航30
220.3,30.00,11,DRIVE,中率減速(軽ブレーキ)→巡航30
220.4,30.00,11,DRIVE,中率減速(軽ブレーキ)→巡航30
220.5,30.00,11,DRIVE,中率減速(軽ブレーキ)→巡航30
220.6,30.00,11,DRIVE,中率減速(軽ブレーキ)→巡航30
220.7,30.00,11,DRIVE,中率減速(軽ブレーキ)→巡航30
220.8,30.00,11,DRIVE,中率減速(軽ブレーキ)→巡航30
220.9,30.00,11,DRIVE,中率減速(軽ブレーキ)→巡航30
221.0,30.00,11,DRIVE,中率減速(軽ブレーキ)→巡航30
221.1,30.00,11,DRIVE,中率減速(軽ブレーキ)→巡航30
221.2,30.00,11,DRIVE,中率減速(軽ブレーキ)→巡航30
221.3,30.00,11,DRIVE,中率減速(軽ブレーキ)→巡航30
221.4,30.00,11,DRIVE,中率減速(軽ブレーキ)→巡航30
221.5,30.00,11,DRIVE,中率減速(軽ブレーキ)→巡航30
221.6,30.00,11,DRIVE,中率減速(軽ブレーキ)→巡航30
221.7,30.00,11,DRIVE,中率減速(軽ブレーキ)→巡航30
221.8,30.00,11,DRIVE,中率減速(軽ブレーキ)→巡航30
221.9,30.00,11,DRIVE,中率減速(軽ブレーキ)→巡航30
222.0,30.00,11,DRIVE,中率減速(軽ブレーキ)→巡航30
222.1,30.00,11,DRIVE,中率減速(軽ブレーキ)→巡航30
222.2,30.00,11,DRIVE,中率減速(軽ブレーキ)→巡航30
222.3,30.00,11,DRIVE,中率減速(軽ブレーキ)→巡航30
222.4,30.00,11,DRIVE,中率減速(軽ブレーキ)→巡航30
222.5,30.00,11,DRIVE,中率減速(軽ブレーキ)→巡航30
222.6,30.00,11,DRIVE,中率減速(軽ブレーキ)→巡航30
222.7,30.00,11,DRIVE,中率減速(軽ブレーキ)→巡航30
222.8,30.00,11,DRIVE,中率減速(軽ブレーキ)→巡航30
222.9,30.00,11,DRIVE,中率減速(軽ブレーキ)→巡航30
223.0,30.00,11,DRIVE,中率減速(軽ブレーキ)→巡航30
223.1,29.70,12,COAST,停止進入3.0→完全停止・停止保持6s
223.2,29.40,12,BRAKE,停止進入3.0→完全停止・停止保持6s
223.3,29.10,12,BRAKE,停止進入3.0→完全停止・停止保持6s
223.4,28.80,12,BRAKE,停止進入3.0→完全停止・停止保持6s
223.5,28.50,12,BRAKE,停止進入3.0→完全停止・停止保持6s
223.6,28.20,12,BRAKE,停止進入3.0→完全停止・停止保持6s
223.7,27.90,12,BRAKE,停止進入3.0→完全停止・停止保持6s
223.8,27.60,12,BRAKE,停止進入3.0→完全停止・停止保持6s
223.9,27.30,12,BRAKE,停止進入3.0→完全停止・停止保持6s
224.0,27.00,12,BRAKE,停止進入3.0→完全停止・停止保持6s
224.1,26.70,12,BRAKE,停止進入3.0→完全停止・停止保持6s
224.2,26.40,12,BRAKE,停止進入3.0→完全停止・停止保持6s
224.3,26.10,12,BRAKE,停止進入3.0→完全停止・停止保持6s
224.4,25.80,12,BRAKE,停止進入3.0→完全停止・停止保持6s
224.5,25.50,12,BRAKE,停止進入3.0→完全停止・停止保持6s
224.6,25.20,12,BRAKE,停止進入3.0→完全停止・停止保持6s
224.7,24.90,12,BRAKE,停止進入3.0→完全停止・停止保持6s
224.8,24.60,12,BRAKE,停止進入3.0→完全停止・停止保持6s
224.9,24.30,12,BRAKE,停止進入3.0→完全停止・停止保持6s
225.0,24.00,12,BRAKE,停止進入3.0→完全停止・停止保持6s
225.1,23.70,12,BRAKE,停止進入3.0→完全停止・停止保持6s
225.2,23.40,12,BRAKE,停止進入3.0→完全停止・停止保持6s
225.3,23.10,12,BRAKE,停止進入3.0→完全停止・停止保持6s
225.4,22.80,12,BRAKE,停止進入3.0→完全停止・停止保持6s
225.5,22.50,12,BRAKE,停止進入3.0→完全停止・停止保持6s
225.6,22.20,12,BRAKE,停止進入3.0→完全停止・停止保持6s
225.7,21.90,12,BRAKE,停止進入3.0→完全停止・停止保持6s
225.8,21.60,12,BRAKE,停止進入3.0→完全停止・停止保持6s
225.9,21.30,12,BRAKE,停止進入3.0→完全停止・停止保持6s
226.0,21.00,12,BRAKE,停止進入3.0→完全停止・停止保持6s
226.1,20.70,12,BRAKE,停止進入3.0→完全停止・停止保持6s
226.2,20.40,12,BRAKE,停止進入3.0→完全停止・停止保持6s
226.3,20.10,12,BRAKE,停止進入3.0→完全停止・停止保持6s
226.4,19.80,12,BRAKE,停止進入3.0→完全停止・停止保持6s
226.5,19.50,12,BRAKE,停止進入3.0→完全停止・停止保持6s
226.6,19.20,12,BRAKE,停止進入3.0→完全停止・停止保持6s
226.7,18.90,12,BRAKE,停止進入3.0→完全停止・停止保持6s
226.8,18.60,12,BRAKE,停止進入3.0→完全停止・停止保持6s
226.9,18.30,12,BRAKE,停止進入3.0→完全停止・停止保持6s
227.0,18.00,12,BRAKE,停止進入3.0→完全停止・停止保持6s
227.1,17.70,12,BRAKE,停止進入3.0→完全停止・停止保持6s
227.2,17.40,12,BRAKE,停止進入3.0→完全停止・停止保持6s
227.3,17.10,12,BRAKE,停止進入3.0→完全停止・停止保持6s
227.4,16.80,12,BRAKE,停止進入3.0→完全停止・停止保持6s
227.5,16.50,12,BRAKE,停止進入3.0→完全停止・停止保持6s
227.6,16.20,12,BRAKE,停止進入3.0→完全停止・停止保持6s
227.7,15.90,12,BRAKE,停止進入3.0→完全停止・停止保持6s
227.8,15.60,12,BRAKE,停止進入3.0→完全停止・停止保持6s
227.9,15.30,12,BRAKE,停止進入3.0→完全停止・停止保持6s
228.0,15.00,12,BRAKE,停止進入3.0→完全停止・停止保持6s
228.1,14.70,12,BRAKE,停止進入3.0→完全停止・停止保持6s
228.2,14.40,12,BRAKE,停止進入3.0→完全停止・停止保持6s
228.3,14.10,12,BRAKE,停止進入3.0→完全停止・停止保持6s
228.4,13.80,12,BRAKE,停止進入3.0→完全停止・停止保持6s
228.5,13.50,12,BRAKE,停止進入3.0→完全停止・停止保持6s
228.6,13.20,12,BRAKE,停止進入3.0→完全停止・停止保持6s
228.7,12.90,12,BRAKE,停止進入3.0→完全停止・停止保持6s
228.8,12.60,12,BRAKE,停止進入3.0→完全停止・停止保持6s
228.9,12.30,12,BRAKE,停止進入3.0→完全停止・停止保持6s
229.0,12.00,12,BRAKE,停止進入3.0→完全停止・停止保持6s
229.1,11.70,12,BRAKE,停止進入3.0→完全停止・停止保持6s
229.2,11.40,12,BRAKE,停止進入3.0→完全停止・停止保持6s
229.3,11.10,12,BRAKE,停止進入3.0→完全停止・停止保持6s
229.4,10.80,12,BRAKE,停止進入3.0→完全停止・停止保持6s
229.5,10.50,12,BRAKE,停止進入3.0→完全停止・停止保持6s
229.6,10.20,12,BRAKE,停止進入3.0→完全停止・停止保持6s
229.7,9.90,12,BRAKE,停止進入3.0→完全停止・停止保持6s
229.8,9.60,12,BRAKE,停止進入3.0→完全停止・停止保持6s
229.9,9.30,12,BRAKE,停止進入3.0→完全停止・停止保持6s
230.0,9.00,12,BRAKE,停止進入3.0→完全停止・停止保持6s
230.1,8.70,12,BRAKE,停止進入3.0→完全停止・停止保持6s
230.2,8.40,12,BRAKE,停止進入3.0→完全停止・停止保持6s
230.3,8.10,12,BRAKE,停止進入3.0→完全停止・停止保持6s
230.4,7.80,12,BRAKE,停止進入3.0→完全停止・停止保持6s
230.5,7.50,12,BRAKE,停止進入3.0→完全停止・停止保持6s
230.6,7.20,12,BRAKE,停止進入3.0→完全停止・停止保持6s
230.7,6.90,12,BRAKE,停止進入3.0→完全停止・停止保持6s
230.8,6.60,12,BRAKE,停止進入3.0→完全停止・停止保持6s
230.9,6.30,12,BRAKE,停止進入3.0→完全停止・停止保持6s
231.0,6.00,12,BRAKE,停止進入3.0→完全停止・停止保持6s
231.1,5.70,12,BRAKE,停止進入3.0→完全停止・停止保持6s
231.2,5.40,12,BRAKE,停止進入3.0→完全停止・停止保持6s
231.3,5.10,12,BRAKE,停止進入3.0→完全停止・停止保持6s
231.4,4.80,12,BRAKE,停止進入3.0→完全停止・停止保持6s
231.5,4.50,12,BRAKE,停止進入3.0→完全停止・停止保持6s
231.6,4.20,12,BRAKE,停止進入3.0→完全停止・停止保持6s
231.7,3.90,12,BRAKE,停止進入3.0→完全停止・停止保持6s
231.8,3.60,12,BRAKE,停止進入3.0→完全停止・停止保持6s
231.9,3.30,12,BRAKE,停止進入3.0→完全停止・停止保持6s
232.0,3.00,12,BRAKE,停止進入3.0→完全停止・停止保持6s
232.1,2.70,12,BRAKE,停止進入3.0→完全停止・停止保持6s
232.2,2.40,12,BRAKE,停止進入3.0→完全停止・停止保持6s
232.3,2.10,12,BRAKE,停止進入3.0→完全停止・停止保持6s
232.4,1.80,12,BRAKE,停止進入3.0→完全停止・停止保持6s
232.5,1.50,12,BRAKE,停止進入3.0→完全停止・停止保持6s
232.6,1.20,12,BRAKE,停止進入3.0→完全停止・停止保持6s
232.7,0.90,12,BRAKE,停止進入3.0→完全停止・停止保持6s
232.8,0.60,12,BRAKE,停止進入3.0→完全停止・停止保持6s
232.9,0.30,12,STOP_HOLD,停止進入3.0→完全停止・停止保持6s
233.0,0.00,12,STOP_HOLD,停止進入3.0→完全停止・停止保持6s
233.1,0.00,12,STOP_HOLD,停止進入3.0→完全停止・停止保持6s
233.2,0.00,12,STOP_HOLD,停止進入3.0→完全停止・停止保持6s
233.3,0.00,12,STOP_HOLD,停止進入3.0→完全停止・停止保持6s
233.4,0.00,12,STOP_HOLD,停止進入3.0→完全停止・停止保持6s
233.5,0.00,12,STOP_HOLD,停止進入3.0→完全停止・停止保持6s
233.6,0.00,12,STOP_HOLD,停止進入3.0→完全停止・停止保持6s
233.7,0.00,12,STOP_HOLD,停止進入3.0→完全停止・停止保持6s
233.8,0.00,12,STOP_HOLD,停止進入3.0→完全停止・停止保持6s
233.9,0.00,12,STOP_HOLD,停止進入3.0→完全停止・停止保持6s
234.0,0.00,12,STOP_HOLD,停止進入3.0→完全停止・停止保持6s
234.1,0.00,12,STOP_HOLD,停止進入3.0→完全停止・停止保持6s
234.2,0.00,12,STOP_HOLD,停止進入3.0→完全停止・停止保持6s
234.3,0.00,12,STOP_HOLD,停止進入3.0→完全停止・停止保持6s
234.4,0.00,12,STOP_HOLD,停止進入3.0→完全停止・停止保持6s
234.5,0.00,12,STOP_HOLD,停止進入3.0→完全停止・停止保持6s
234.6,0.00,12,STOP_HOLD,停止進入3.0→完全停止・停止保持6s
234.7,0.00,12,STOP_HOLD,停止進入3.0→完全停止・停止保持6s
234.8,0.00,12,STOP_HOLD,停止進入3.0→完全停止・停止保持6s
234.9,0.00,12,STOP_HOLD,停止進入3.0→完全停止・停止保持6s
235.0,0.00,12,STOP_HOLD,停止進入3.0→完全停止・停止保持6s
235.1,0.00,12,STOP_HOLD,停止進入3.0→完全停止・停止保持6s
235.2,0.00,12,STOP_HOLD,停止進入3.0→完全停止・停止保持6s
235.3,0.00,12,STOP_HOLD,停止進入3.0→完全停止・停止保持6s
235.4,0.00,12,STOP_HOLD,停止進入3.0→完全停止・停止保持6s
235.5,0.00,12,STOP_HOLD,停止進入3.0→完全停止・停止保持6s
235.6,0.00,12,STOP_HOLD,停止進入3.0→完全停止・停止保持6s
235.7,0.00,12,STOP_HOLD,停止進入3.0→完全停止・停止保持6s
235.8,0.00,12,STOP_HOLD,停止進入3.0→完全停止・停止保持6s
235.9,0.00,12,STOP_HOLD,停止進入3.0→完全停止・停止保持6s
236.0,0.00,12,STOP_HOLD,停止進入3.0→完全停止・停止保持6s
236.1,0.00,12,STOP_HOLD,停止進入3.0→完全停止・停止保持6s
236.2,0.00,12,STOP_HOLD,停止進入3.0→完全停止・停止保持6s
236.3,0.00,12,STOP_HOLD,停止進入3.0→完全停止・停止保持6s
236.4,0.00,12,STOP_HOLD,停止進入3.0→完全停止・停止保持6s
236.5,0.00,12,STOP_HOLD,停止進入3.0→完全停止・停止保持6s
236.6,0.00,12,STOP_HOLD,停止進入3.0→完全停止・停止保持6s
236.7,0.00,12,STOP_HOLD,停止進入3.0→完全停止・停止保持6s
236.8,0.00,12,STOP_HOLD,停止進入3.0→完全停止・停止保持6s
236.9,0.00,12,STOP_HOLD,停止進入3.0→完全停止・停止保持6s
237.0,0.00,12,STOP_HOLD,停止進入3.0→完全停止・停止保持6s
237.1,0.00,12,STOP_HOLD,停止進入3.0→完全停止・停止保持6s
237.2,0.00,12,STOP_HOLD,停止進入3.0→完全停止・停止保持6s
237.3,0.00,12,STOP_HOLD,停止進入3.0→完全停止・停止保持6s
237.4,0.00,12,STOP_HOLD,停止進入3.0→完全停止・停止保持6s
237.5,0.00,12,STOP_HOLD,停止進入3.0→完全停止・停止保持6s
237.6,0.00,12,STOP_HOLD,停止進入3.0→完全停止・停止保持6s
237.7,0.00,12,STOP_HOLD,停止進入3.0→完全停止・停止保持6s
237.8,0.00,12,STOP_HOLD,停止進入3.0→完全停止・停止保持6s
237.9,0.00,12,STOP_HOLD,停止進入3.0→完全停止・停止保持6s
238.0,0.00,12,STOP_HOLD,停止進入3.0→完全停止・停止保持6s
238.1,0.00,12,STOP_HOLD,停止進入3.0→完全停止・停止保持6s
238.2,0.00,12,STOP_HOLD,停止進入3.0→完全停止・停止保持6s
238.3,0.00,12,STOP_HOLD,停止進入3.0→完全停止・停止保持6s
238.4,0.00,12,STOP_HOLD,停止進入3.0→完全停止・停止保持6s
238.5,0.00,12,STOP_HOLD,停止進入3.0→完全停止・停止保持6s
238.6,0.00,12,STOP_HOLD,停止進入3.0→完全停止・停止保持6s
238.7,0.00,12,STOP_HOLD,停止進入3.0→完全停止・停止保持6s
238.8,0.00,12,STOP_HOLD,停止進入3.0→完全停止・停止保持6s
238.9,0.00,12,STOP_HOLD,停止進入3.0→完全停止・停止保持6s
239.0,0.00,12,STOP_HOLD,停止進入3.0→完全停止・停止保持6s
239.1,0.25,13,STOP_HOLD,再発進(中率)→巡航50
239.2,0.50,13,DRIVE,再発進(中率)→巡航50
239.3,0.75,13,DRIVE,再発進(中率)→巡航50
239.4,1.00,13,DRIVE,再発進(中率)→巡航50
239.5,1.25,13,DRIVE,再発進(中率)→巡航50
239.6,1.50,13,DRIVE,再発進(中率)→巡航50
239.7,1.75,13,DRIVE,再発進(中率)→巡航50
239.8,2.00,13,DRIVE,再発進(中率)→巡航50
239.9,2.25,13,DRIVE,再発進(中率)→巡航50
240.0,2.50,13,DRIVE,再発進(中率)→巡航50
240.1,2.75,13,DRIVE,再発進(中率)→巡航50
240.2,3.00,13,DRIVE,再発進(中率)→巡航50
240.3,3.25,13,DRIVE,再発進(中率)→巡航50
240.4,3.50,13,DRIVE,再発進(中率)→巡航50
240.5,3.75,13,DRIVE,再発進(中率)→巡航50
240.6,4.00,13,DRIVE,再発進(中率)→巡航50
240.7,4.25,13,DRIVE,再発進(中率)→巡航50
240.8,4.50,13,DRIVE,再発進(中率)→巡航50
240.9,4.75,13,DRIVE,再発進(中率)→巡航50
241.0,5.00,13,DRIVE,再発進(中率)→巡航50
241.1,5.25,13,DRIVE,再発進(中率)→巡航50
241.2,5.50,13,DRIVE,再発進(中率)→巡航50
241.3,5.75,13,DRIVE,再発進(中率)→巡航50
241.4,6.00,13,DRIVE,再発進(中率)→巡航50
241.5,6.25,13,DRIVE,再発進(中率)→巡航50
241.6,6.50,13,DRIVE,再発進(中率)→巡航50
241.7,6.75,13,DRIVE,再発進(中率)→巡航50
241.8,7.00,13,DRIVE,再発進(中率)→巡航50
241.9,7.25,13,DRIVE,再発進(中率)→巡航50
242.0,7.50,13,DRIVE,再発進(中率)→巡航50
242.1,7.75,13,DRIVE,再発進(中率)→巡航50
242.2,8.00,13,DRIVE,再発進(中率)→巡航50
242.3,8.25,13,DRIVE,再発進(中率)→巡航50
242.4,8.50,13,DRIVE,再発進(中率)→巡航50
242.5,8.75,13,DRIVE,再発進(中率)→巡航50
242.6,9.00,13,DRIVE,再発進(中率)→巡航50
242.7,9.25,13,DRIVE,再発進(中率)→巡航50
242.8,9.50,13,DRIVE,再発進(中率)→巡航50
242.9,9.75,13,DRIVE,再発進(中率)→巡航50
243.0,10.00,13,DRIVE,再発進(中率)→巡航50
243.1,10.25,13,DRIVE,再発進(中率)→巡航50
243.2,10.50,13,DRIVE,再発進(中率)→巡航50
243.3,10.75,13,DRIVE,再発進(中率)→巡航50
243.4,11.00,13,DRIVE,再発進(中率)→巡航50
243.5,11.25,13,DRIVE,再発進(中率)→巡航50
243.6,11.50,13,DRIVE,再発進(中率)→巡航50
243.7,11.75,13,DRIVE,再発進(中率)→巡航50
243.8,12.00,13,DRIVE,再発進(中率)→巡航50
243.9,12.25,13,DRIVE,再発進(中率)→巡航50
244.0,12.50,13,DRIVE,再発進(中率)→巡航50
244.1,12.75,13,DRIVE,再発進(中率)→巡航50
244.2,13.00,13,DRIVE,再発進(中率)→巡航50
244.3,13.25,13,DRIVE,再発進(中率)→巡航50
244.4,13.50,13,DRIVE,再発進(中率)→巡航50
244.5,13.75,13,DRIVE,再発進(中率)→巡航50
244.6,14.00,13,DRIVE,再発進(中率)→巡航50
244.7,14.25,13,DRIVE,再発進(中率)→巡航50
244.8,14.50,13,DRIVE,再発進(中率)→巡航50
244.9,14.75,13,DRIVE,再発進(中率)→巡航50
245.0,15.00,13,DRIVE,再発進(中率)→巡航50
245.1,15.25,13,DRIVE,再発進(中率)→巡航50
245.2,15.50,13,DRIVE,再発進(中率)→巡航50
245.3,15.75,13,DRIVE,再発進(中率)→巡航50
245.4,16.00,13,DRIVE,再発進(中率)→巡航50
245.5,16.25,13,DRIVE,再発進(中率)→巡航50
245.6,16.50,13,DRIVE,再発進(中率)→巡航50
245.7,16.75,13,DRIVE,再発進(中率)→巡航50
245.8,17.00,13,DRIVE,再発進(中率)→巡航50
245.9,17.25,13,DRIVE,再発進(中率)→巡航50
246.0,17.50,13,DRIVE,再発進(中率)→巡航50
246.1,17.75,13,DRIVE,再発進(中率)→巡航50
246.2,18.00,13,DRIVE,再発進(中率)→巡航50
246.3,18.25,13,DRIVE,再発進(中率)→巡航50
246.4,18.50,13,DRIVE,再発進(中率)→巡航50
246.5,18.75,13,DRIVE,再発進(中率)→巡航50
246.6,19.00,13,DRIVE,再発進(中率)→巡航50
246.7,19.25,13,DRIVE,再発進(中率)→巡航50
246.8,19.50,13,DRIVE,再発進(中率)→巡航50
246.9,19.75,13,DRIVE,再発進(中率)→巡航50
247.0,20.00,13,DRIVE,再発進(中率)→巡航50
247.1,20.25,13,DRIVE,再発進(中率)→巡航50
247.2,20.50,13,DRIVE,再発進(中率)→巡航50
247.3,20.75,13,DRIVE,再発進(中率)→巡航50
247.4,21.00,13,DRIVE,再発進(中率)→巡航50
247.5,21.25,13,DRIVE,再発進(中率)→巡航50
247.6,21.50,13,DRIVE,再発進(中率)→巡航50
247.7,21.75,13,DRIVE,再発進(中率)→巡航50
247.8,22.00,13,DRIVE,再発進(中率)→巡航50
247.9,22.25,13,DRIVE,再発進(中率)→巡航50
248.0,22.50,13,DRIVE,再発進(中率)→巡航50
248.1,22.75,13,DRIVE,再発進(中率)→巡航50
248.2,23.00,13,DRIVE,再発進(中率)→巡航50
248.3,23.25,13,DRIVE,再発進(中率)→巡航50
248.4,23.50,13,DRIVE,再発進(中率)→巡航50
248.5,23.75,13,DRIVE,再発進(中率)→巡航50
248.6,24.00,13,DRIVE,再発進(中率)→巡航50
248.7,24.25,13,DRIVE,再発進(中率)→巡航50
248.8,24.50,13,DRIVE,再発進(中率)→巡航50
248.9,24.75,13,DRIVE,再発進(中率)→巡航50
249.0,25.00,13,DRIVE,再発進(中率)→巡航50
249.1,25.25,13,DRIVE,再発進(中率)→巡航50
249.2,25.50,13,DRIVE,再発進(中率)→巡航50
249.3,25.75,13,DRIVE,再発進(中率)→巡航50
249.4,26.00,13,DRIVE,再発進(中率)→巡航50
249.5,26.25,13,DRIVE,再発進(中率)→巡航50
249.6,26.50,13,DRIVE,再発進(中率)→巡航50
249.7,26.75,13,DRIVE,再発進(中率)→巡航50
249.8,27.00,13,DRIVE,再発進(中率)→巡航50
249.9,27.25,13,DRIVE,再発進(中率)→巡航50
250.0,27.50,13,DRIVE,再発進(中率)→巡航50
250.1,27.75,13,DRIVE,再発進(中率)→巡航50
250.2,28.00,13,DRIVE,再発進(中率)→巡航50
250.3,28.25,13,DRIVE,再発進(中率)→巡航50
250.4,28.50,13,DRIVE,再発進(中率)→巡航50
250.5,28.75,13,DRIVE,再発進(中率)→巡航50
250.6,29.00,13,DRIVE,再発進(中率)→巡航50
250.7,29.25,13,DRIVE,再発進(中率)→巡航50
250.8,29.50,13,DRIVE,再発進(中率)→巡航50
250.9,29.75,13,DRIVE,再発進(中率)→巡航50
251.0,30.00,13,DRIVE,再発進(中率)→巡航50
251.1,30.25,13,DRIVE,再発進(中率)→巡航50
251.2,30.50,13,DRIVE,再発進(中率)→巡航50
251.3,30.75,13,DRIVE,再発進(中率)→巡航50
251.4,31.00,13,DRIVE,再発進(中率)→巡航50
251.5,31.25,13,DRIVE,再発進(中率)→巡航50
251.6,31.50,13,DRIVE,再発進(中率)→巡航50
251.7,31.75,13,DRIVE,再発進(中率)→巡航50
251.8,32.00,13,DRIVE,再発進(中率)→巡航50
251.9,32.25,13,DRIVE,再発進(中率)→巡航50
252.0,32.50,13,DRIVE,再発進(中率)→巡航50
252.1,32.75,13,DRIVE,再発進(中率)→巡航50
252.2,33.00,13,DRIVE,再発進(中率)→巡航50
252.3,33.25,13,DRIVE,再発進(中率)→巡航50
252.4,33.50,13,DRIVE,再発進(中率)→巡航50
252.5,33.75,13,DRIVE,再発進(中率)→巡航50
252.6,34.00,13,DRIVE,再発進(中率)→巡航50
252.7,34.25,13,DRIVE,再発進(中率)→巡航50
252.8,34.50,13,DRIVE,再発進(中率)→巡航50
252.9,34.75,13,DRIVE,再発進(中率)→巡航50
253.0,35.00,13,DRIVE,再発進(中率)→巡航50
253.1,35.25,13,DRIVE,再発進(中率)→巡航50
253.2,35.50,13,DRIVE,再発進(中率)→巡航50
253.3,35.75,13,DRIVE,再発進(中率)→巡航50
253.4,36.00,13,DRIVE,再発進(中率)→巡航50
253.5,36.25,13,DRIVE,再発進(中率)→巡航50
253.6,36.50,13,DRIVE,再発進(中率)→巡航50
253.7,36.75,13,DRIVE,再発進(中率)→巡航50
253.8,37.00,13,DRIVE,再発進(中率)→巡航50
253.9,37.25,13,DRIVE,再発進(中率)→巡航50
254.0,37.50,13,DRIVE,再発進(中率)→巡航50
254.1,37.75,13,DRIVE,再発進(中率)→巡航50
254.2,38.00,13,DRIVE,再発進(中率)→巡航50
254.3,38.25,13,DRIVE,再発進(中率)→巡航50
254.4,38.50,13,DRIVE,再発進(中率)→巡航50
254.5,38.75,13,DRIVE,再発進(中率)→巡航50
254.6,39.00,13,DRIVE,再発進(中率)→巡航50
254.7,39.25,13,DRIVE,再発進(中率)→巡航50
254.8,39.50,13,DRIVE,再発進(中率)→巡航50
254.9,39.75,13,DRIVE,再発進(中率)→巡航50
255.0,40.00,13,DRIVE,再発進(中率)→巡航50
255.1,40.25,13,DRIVE,再発進(中率)→巡航50
255.2,40.50,13,DRIVE,再発進(中率)→巡航50
255.3,40.75,13,DRIVE,再発進(中率)→巡航50
255.4,41.00,13,DRIVE,再発進(中率)→巡航50
255.5,41.25,13,DRIVE,再発進(中率)→巡航50
255.6,41.50,13,DRIVE,再発進(中率)→巡航50
255.7,41.75,13,DRIVE,再発進(中率)→巡航50
255.8,42.00,13,DRIVE,再発進(中率)→巡航50
255.9,42.25,13,DRIVE,再発進(中率)→巡航50
256.0,42.50,13,DRIVE,再発進(中率)→巡航50
256.1,42.75,13,DRIVE,再発進(中率)→巡航50
256.2,43.00,13,DRIVE,再発進(中率)→巡航50
256.3,43.25,13,DRIVE,再発進(中率)→巡航50
256.4,43.50,13,DRIVE,再発進(中率)→巡航50
256.5,43.75,13,DRIVE,再発進(中率)→巡航50
256.6,44.00,13,DRIVE,再発進(中率)→巡航50
256.7,44.25,13,DRIVE,再発進(中率)→巡航50
256.8,44.50,13,DRIVE,再発進(中率)→巡航50
256.9,44.75,13,DRIVE,再発進(中率)→巡航50
257.0,45.00,13,DRIVE,再発進(中率)→巡航50
257.1,45.25,13,DRIVE,再発進(中率)→巡航50
257.2,45.50,13,DRIVE,再発進(中率)→巡航50
257.3,45.75,13,DRIVE,再発進(中率)→巡航50
257.4,46.00,13,DRIVE,再発進(中率)→巡航50
257.5,46.25,13,DRIVE,再発進(中率)→巡航50
257.6,46.50,13,DRIVE,再発進(中率)→巡航50
257.7,46.75,13,DRIVE,再発進(中率)→巡航50
257.8,47.00,13,DRIVE,再発進(中率)→巡航50
257.9,47.25,13,DRIVE,再発進(中率)→巡航50
258.0,47.50,13,DRIVE,再発進(中率)→巡航50
258.1,47.75,13,DRIVE,再発進(中率)→巡航50
258.2,48.00,13,DRIVE,再発進(中率)→巡航50
258.3,48.25,13,DRIVE,再発進(中率)→巡航50
258.4,48.50,13,DRIVE,再発進(中率)→巡航50
258.5,48.75,13,DRIVE,再発進(中率)→巡航50
258.6,49.00,13,DRIVE,再発進(中率)→巡航50
258.7,49.25,13,DRIVE,再発進(中率)→巡航50
258.8,49.50,13,DRIVE,再発進(中率)→巡航50
258.9,49.75,13,DRIVE,再発進(中率)→巡航50
259.0,50.00,13,DRIVE,再発進(中率)→巡航50
259.1,50.00,13,DRIVE,再発進(中率)→巡航50
259.2,50.00,13,DRIVE,再発進(中率)→巡航50
259.3,50.00,13,DRIVE,再発進(中率)→巡航50
259.4,50.00,13,DRIVE,再発進(中率)→巡航50
259.5,50.00,13,DRIVE,再発進(中率)→巡航50
259.6,50.00,13,DRIVE,再発進(中率)→巡航50
259.7,50.00,13,DRIVE,再発進(中率)→巡航50
259.8,50.00,13,DRIVE,再発進(中率)→巡航50
259.9,50.00,13,DRIVE,再発進(中率)→巡航50
260.0,50.00,13,DRIVE,再発進(中率)→巡航50
260.1,50.00,13,DRIVE,再発進(中率)→巡航50
260.2,50.00,13,DRIVE,再発進(中率)→巡航50
260.3,50.00,13,DRIVE,再発進(中率)→巡航50
260.4,50.00,13,DRIVE,再発進(中率)→巡航50
260.5,50.00,13,DRIVE,再発進(中率)→巡航50
260.6,50.00,13,DRIVE,再発進(中率)→巡航50
260.7,50.00,13,DRIVE,再発進(中率)→巡航50
260.8,50.00,13,DRIVE,再発進(中率)→巡航50
260.9,50.00,13,DRIVE,再発進(中率)→巡航50
261.0,50.00,13,DRIVE,再発進(中率)→巡航50
261.1,50.00,13,DRIVE,再発進(中率)→巡航50
261.2,50.00,13,DRIVE,再発進(中率)→巡航50
261.3,50.00,13,DRIVE,再発進(中率)→巡航50
261.4,50.00,13,DRIVE,再発進(中率)→巡航50
261.5,50.00,13,DRIVE,再発進(中率)→巡航50
261.6,50.00,13,DRIVE,再発進(中率)→巡航50
261.7,50.00,13,DRIVE,再発進(中率)→巡航50
261.8,50.00,13,DRIVE,再発進(中率)→巡航50
261.9,50.00,13,DRIVE,再発進(中率)→巡航50
262.0,50.00,13,DRIVE,再発進(中率)→巡航50
262.1,50.00,13,DRIVE,再発進(中率)→巡航50
262.2,50.00,13,DRIVE,再発進(中率)→巡航50
262.3,50.00,13,DRIVE,再発進(中率)→巡航50
262.4,50.00,13,DRIVE,再発進(中率)→巡航50
262.5,50.00,13,DRIVE,再発進(中率)→巡航50
262.6,50.00,13,DRIVE,再発進(中率)→巡航50
262.7,50.00,13,DRIVE,再発進(中率)→巡航50
262.8,50.00,13,DRIVE,再発進(中率)→巡航50
262.9,50.00,13,DRIVE,再発進(中率)→巡航50
263.0,50.00,13,DRIVE,再発進(中率)→巡航50
263.1,50.00,13,DRIVE,再発進(中率)→巡航50
263.2,50.00,13,DRIVE,再発進(中率)→巡航50
263.3,50.00,13,DRIVE,再発進(中率)→巡航50
263.4,50.00,13,DRIVE,再発進(中率)→巡航50
263.5,50.00,13,DRIVE,再発進(中率)→巡航50
263.6,50.00,13,DRIVE,再発進(中率)→巡航50
263.7,50.00,13,DRIVE,再発進(中率)→巡航50
263.8,50.00,13,DRIVE,再発進(中率)→巡航50
263.9,50.00,13,DRIVE,再発進(中率)→巡航50
264.0,50.00,13,COAST,再発進(中率)→巡航50
264.1,49.65,14,BRAKE,最終減速3.5→停止(終端0)
264.2,49.30,14,BRAKE,最終減速3.5→停止(終端0)
264.3,48.95,14,BRAKE,最終減速3.5→停止(終端0)
264.4,48.60,14,BRAKE,最終減速3.5→停止(終端0)
264.5,48.25,14,BRAKE,最終減速3.5→停止(終端0)
264.6,47.90,14,BRAKE,最終減速3.5→停止(終端0)
264.7,47.55,14,BRAKE,最終減速3.5→停止(終端0)
264.8,47.20,14,BRAKE,最終減速3.5→停止(終端0)
264.9,46.85,14,BRAKE,最終減速3.5→停止(終端0)
265.0,46.50,14,BRAKE,最終減速3.5→停止(終端0)
265.1,46.15,14,BRAKE,最終減速3.5→停止(終端0)
265.2,45.80,14,BRAKE,最終減速3.5→停止(終端0)
265.3,45.45,14,BRAKE,最終減速3.5→停止(終端0)
265.4,45.10,14,BRAKE,最終減速3.5→停止(終端0)
265.5,44.76,14,BRAKE,最終減速3.5→停止(終端0)
265.6,44.41,14,BRAKE,最終減速3.5→停止(終端0)
265.7,44.06,14,BRAKE,最終減速3.5→停止(終端0)
265.8,43.71,14,BRAKE,最終減速3.5→停止(終端0)
265.9,43.36,14,BRAKE,最終減速3.5→停止(終端0)
266.0,43.01,14,BRAKE,最終減速3.5→停止(終端0)
266.1,42.66,14,BRAKE,最終減速3.5→停止(終端0)
266.2,42.31,14,BRAKE,最終減速3.5→停止(終端0)
266.3,41.96,14,BRAKE,最終減速3.5→停止(終端0)
266.4,41.61,14,BRAKE,最終減速3.5→停止(終端0)
266.5,41.26,14,BRAKE,最終減速3.5→停止(終端0)
266.6,40.91,14,BRAKE,最終減速3.5→停止(終端0)
266.7,40.56,14,BRAKE,最終減速3.5→停止(終端0)
266.8,40.21,14,BRAKE,最終減速3.5→停止(終端0)
266.9,39.86,14,BRAKE,最終減速3.5→停止(終端0)
267.0,39.51,14,BRAKE,最終減速3.5→停止(終端0)
267.1,39.16,14,BRAKE,最終減速3.5→停止(終端0)
267.2,38.81,14,BRAKE,最終減速3.5→停止(終端0)
267.3,38.46,14,BRAKE,最終減速3.5→停止(終端0)
267.4,38.11,14,BRAKE,最終減速3.5→停止(終端0)
267.5,37.76,14,BRAKE,最終減速3.5→停止(終端0)
267.6,37.41,14,BRAKE,最終減速3.5→停止(終端0)
267.7,37.06,14,BRAKE,最終減速3.5→停止(終端0)
267.8,36.71,14,BRAKE,最終減速3.5→停止(終端0)
267.9,36.36,14,BRAKE,最終減速3.5→停止(終端0)
268.0,36.01,14,BRAKE,最終減速3.5→停止(終端0)
268.1,35.66,14,BRAKE,最終減速3.5→停止(終端0)
268.2,35.31,14,BRAKE,最終減速3.5→停止(終端0)
268.3,34.97,14,BRAKE,最終減速3.5→停止(終端0)
268.4,34.62,14,BRAKE,最終減速3.5→停止(終端0)
268.5,34.27,14,BRAKE,最終減速3.5→停止(終端0)
268.6,33.92,14,BRAKE,最終減速3.5→停止(終端0)
268.7,33.57,14,BRAKE,最終減速3.5→停止(終端0)
268.8,33.22,14,BRAKE,最終減速3.5→停止(終端0)
268.9,32.87,14,BRAKE,最終減速3.5→停止(終端0)
269.0,32.52,14,BRAKE,最終減速3.5→停止(終端0)
269.1,32.17,14,BRAKE,最終減速3.5→停止(終端0)
269.2,31.82,14,BRAKE,最終減速3.5→停止(終端0)
269.3,31.47,14,BRAKE,最終減速3.5→停止(終端0)
269.4,31.12,14,BRAKE,最終減速3.5→停止(終端0)
269.5,30.77,14,BRAKE,最終減速3.5→停止(終端0)
269.6,30.42,14,BRAKE,最終減速3.5→停止(終端0)
269.7,30.07,14,BRAKE,最終減速3.5→停止(終端0)
269.8,29.72,14,BRAKE,最終減速3.5→停止(終端0)
269.9,29.37,14,BRAKE,最終減速3.5→停止(終端0)
270.0,29.02,14,BRAKE,最終減速3.5→停止(終端0)
270.1,28.67,14,BRAKE,最終減速3.5→停止(終端0)
270.2,28.32,14,BRAKE,最終減速3.5→停止(終端0)
270.3,27.97,14,BRAKE,最終減速3.5→停止(終端0)
270.4,27.62,14,BRAKE,最終減速3.5→停止(終端0)
270.5,27.27,14,BRAKE,最終減速3.5→停止(終端0)
270.6,26.92,14,BRAKE,最終減速3.5→停止(終端0)
270.7,26.57,14,BRAKE,最終減速3.5→停止(終端0)
270.8,26.22,14,BRAKE,最終減速3.5→停止(終端0)
270.9,25.87,14,BRAKE,最終減速3.5→停止(終端0)
271.0,25.52,14,BRAKE,最終減速3.5→停止(終端0)
271.1,25.17,14,BRAKE,最終減速3.5→停止(終端0)
271.2,24.83,14,BRAKE,最終減速3.5→停止(終端0)
271.3,24.48,14,BRAKE,最終減速3.5→停止(終端0)
271.4,24.13,14,BRAKE,最終減速3.5→停止(終端0)
271.5,23.78,14,BRAKE,最終減速3.5→停止(終端0)
271.6,23.43,14,BRAKE,最終減速3.5→停止(終端0)
271.7,23.08,14,BRAKE,最終減速3.5→停止(終端0)
271.8,22.73,14,BRAKE,最終減速3.5→停止(終端0)
271.9,22.38,14,BRAKE,最終減速3.5→停止(終端0)
272.0,22.03,14,BRAKE,最終減速3.5→停止(終端0)
272.1,21.68,14,BRAKE,最終減速3.5→停止(終端0)
272.2,21.33,14,BRAKE,最終減速3.5→停止(終端0)
272.3,20.98,14,BRAKE,最終減速3.5→停止(終端0)
272.4,20.63,14,BRAKE,最終減速3.5→停止(終端0)
272.5,20.28,14,BRAKE,最終減速3.5→停止(終端0)
272.6,19.93,14,BRAKE,最終減速3.5→停止(終端0)
272.7,19.58,14,BRAKE,最終減速3.5→停止(終端0)
272.8,19.23,14,BRAKE,最終減速3.5→停止(終端0)
272.9,18.88,14,BRAKE,最終減速3.5→停止(終端0)
273.0,18.53,14,BRAKE,最終減速3.5→停止(終端0)
273.1,18.18,14,BRAKE,最終減速3.5→停止(終端0)
273.2,17.83,14,BRAKE,最終減速3.5→停止(終端0)
273.3,17.48,14,BRAKE,最終減速3.5→停止(終端0)
273.4,17.13,14,BRAKE,最終減速3.5→停止(終端0)
273.5,16.78,14,BRAKE,最終減速3.5→停止(終端0)
273.6,16.43,14,BRAKE,最終減速3.5→停止(終端0)
273.7,16.08,14,BRAKE,最終減速3.5→停止(終端0)
273.8,15.73,14,BRAKE,最終減速3.5→停止(終端0)
273.9,15.38,14,BRAKE,最終減速3.5→停止(終端0)
274.0,15.03,14,BRAKE,最終減速3.5→停止(終端0)
274.1,14.69,14,BRAKE,最終減速3.5→停止(終端0)
274.2,14.34,14,BRAKE,最終減速3.5→停止(終端0)
274.3,13.99,14,BRAKE,最終減速3.5→停止(終端0)
274.4,13.64,14,BRAKE,最終減速3.5→停止(終端0)
274.5,13.29,14,BRAKE,最終減速3.5→停止(終端0)
274.6,12.94,14,BRAKE,最終減速3.5→停止(終端0)
274.7,12.59,14,BRAKE,最終減速3.5→停止(終端0)
274.8,12.24,14,BRAKE,最終減速3.5→停止(終端0)
274.9,11.89,14,BRAKE,最終減速3.5→停止(終端0)
275.0,11.54,14,BRAKE,最終減速3.5→停止(終端0)
275.1,11.19,14,BRAKE,最終減速3.5→停止(終端0)
275.2,10.84,14,BRAKE,最終減速3.5→停止(終端0)
275.3,10.49,14,BRAKE,最終減速3.5→停止(終端0)
275.4,10.14,14,BRAKE,最終減速3.5→停止(終端0)
275.5,9.79,14,BRAKE,最終減速3.5→停止(終端0)
275.6,9.44,14,BRAKE,最終減速3.5→停止(終端0)
275.7,9.09,14,BRAKE,最終減速3.5→停止(終端0)
275.8,8.74,14,BRAKE,最終減速3.5→停止(終端0)
275.9,8.39,14,BRAKE,最終減速3.5→停止(終端0)
276.0,8.04,14,BRAKE,最終減速3.5→停止(終端0)
276.1,7.69,14,BRAKE,最終減速3.5→停止(終端0)
276.2,7.34,14,BRAKE,最終減速3.5→停止(終端0)
276.3,6.99,14,BRAKE,最終減速3.5→停止(終端0)
276.4,6.64,14,BRAKE,最終減速3.5→停止(終端0)
276.5,6.29,14,BRAKE,最終減速3.5→停止(終端0)
276.6,5.94,14,BRAKE,最終減速3.5→停止(終端0)
276.7,5.59,14,BRAKE,最終減速3.5→停止(終端0)
276.8,5.24,14,BRAKE,最終減速3.5→停止(終端0)
276.9,4.90,14,BRAKE,最終減速3.5→停止(終端0)
277.0,4.55,14,BRAKE,最終減速3.5→停止(終端0)
277.1,4.20,14,BRAKE,最終減速3.5→停止(終端0)
277.2,3.85,14,BRAKE,最終減速3.5→停止(終端0)
277.3,3.50,14,BRAKE,最終減速3.5→停止(終端0)
277.4,3.15,14,BRAKE,最終減速3.5→停止(終端0)
277.5,2.80,14,BRAKE,最終減速3.5→停止(終端0)
277.6,2.45,14,BRAKE,最終減速3.5→停止(終端0)
277.7,2.10,14,BRAKE,最終減速3.5→停止(終端0)
277.8,1.75,14,BRAKE,最終減速3.5→停止(終端0)
277.9,1.40,14,BRAKE,最終減速3.5→停止(終端0)
278.0,1.05,14,BRAKE,最終減速3.5→停止(終端0)
278.1,0.70,14,BRAKE,最終減速3.5→停止(終端0)
278.2,0.35,14,STOP_HOLD,最終減速3.5→停止(終端0)
278.3,0.00,14,STOP_HOLD,最終減速3.5→停止(終端0)
