timestamp,ref_speed_kmh,actual_speed_kmh,accel_opening,brake_opening,accel_pos,brake_pos,accel_current,brake_current
2026-06-18T22:09:23.816496+00:00,,0.0,0.0,27.03000000000884,1426,2205,276.0,499.0
2026-06-18T22:09:23.899590+00:00,,0.0,0.0,27.03000000000884,1426,2205,288.0,499.0
2026-06-18T22:09:23.998443+00:00,,0.0,0.0,27.03000000000884,1426,2205,50.0,499.0
2026-06-18T22:09:24.098454+00:00,,0.0,0.0,27.03000000000884,1426,2205,278.0,499.0
2026-06-18T22:09:24.198441+00:00,,0.0,0.0,27.03000000000884,1426,2205,538.0,499.0
2026-06-18T22:09:24.298475+00:00,,0.0,0.0,27.03000000000884,1426,2205,538.0,499.0
2026-06-18T22:09:24.398604+00:00,,0.0,0.0,27.03000000000884,1426,2205,538.0,499.0
2026-06-18T22:09:24.498467+00:00,,0.0,0.0,27.03000000000884,1426,2205,538.0,499.0
2026-06-18T22:09:24.598503+00:00,,0.0,0.0,27.03000000000884,1426,2205,538.0,499.0
2026-06-18T22:09:24.698502+00:00,,0.0,0.0,27.03000000000884,1426,2205,538.0,499.0
2026-06-18T22:09:24.798502+00:00,,0.0,0.0,27.03000000000884,1426,2205,538.0,499.0
2026-06-18T22:09:24.898641+00:00,,0.0,0.0,27.03000000000884,1426,2205,538.0,499.0
2026-06-18T22:09:24.998522+00:00,,0.0,0.0,27.03000000000884,1426,2205,538.0,499.0
2026-06-18T22:09:25.098551+00:00,,0.0,0.0,27.03000000000884,1426,2205,538.0,499.0
2026-06-18T22:09:25.198530+00:00,,0.0,0.0,27.03000000000884,1426,2205,538.0,499.0
2026-06-18T22:09:25.298575+00:00,,0.0,0.0,27.03000000000884,1426,2205,538.0,499.0
2026-06-18T22:09:25.398687+00:00,,0.0,0.0,27.03000000000884,1426,2205,538.0,499.0
2026-06-18T22:09:25.498570+00:00,,0.0,0.0,27.03000000000884,1426,2205,538.0,499.0
2026-06-18T22:09:25.598692+00:00,,0.0,0.0,27.03000000000884,1426,2205,538.0,499.0
2026-06-18T22:09:25.698577+00:00,,0.0,0.0,27.03000000000884,1426,2205,538.0,499.0
2026-06-18T22:09:25.798588+00:00,,0.0,0.0,27.03000000000884,1426,2205,538.0,499.0
2026-06-18T22:09:25.898706+00:00,,0.0,0.0,27.03000000000884,1426,2205,538.0,499.0
2026-06-18T22:09:25.998595+00:00,,0.0,0.0,27.03000000000884,1426,2205,538.0,499.0
2026-06-18T22:09:26.098607+00:00,,0.0,0.0,27.03000000000884,1426,2205,538.0,499.0
2026-06-18T22:09:26.198619+00:00,,0.0,0.0,27.03000000000884,1426,2205,538.0,499.0
2026-06-18T22:09:26.298738+00:00,,0.0,0.0,27.03000000000884,1426,2205,538.0,499.0
2026-06-18T22:09:26.398729+00:00,,0.0,0.0,27.03000000000884,1426,2205,538.0,499.0
2026-06-18T22:09:26.498649+00:00,,0.0,0.0,27.03000000000884,1426,2205,538.0,499.0
2026-06-18T22:09:26.598662+00:00,,0.0,0.0,27.03000000000884,1426,2205,538.0,499.0
2026-06-18T22:09:26.698678+00:00,,0.0,0.0,27.03000000000884,1426,2205,538.0,499.0
2026-06-18T22:09:26.799675+00:00,,0.0,0.0,27.03000000000884,1426,2205,538.0,499.0
2026-06-18T22:09:26.917806+00:00,,0.0,0.0,21.624000000007072,1426,1901,538.0,73.0
2026-06-18T22:09:27.000646+00:00,,0.0,0.0,21.624000000007072,1426,1901,538.0,72.0
2026-06-18T22:09:27.100689+00:00,,0.0,0.0,21.624000000007072,1426,1901,538.0,34.0
2026-06-18T22:09:27.199981+00:00,,0.0,0.0,21.624000000007072,1426,1901,538.0,45.0
2026-06-18T22:09:27.300816+00:00,,0.0,0.0,21.624000000007072,1426,1901,538.0,43.0
2026-06-18T22:09:27.400800+00:00,,0.0,0.0,21.624000000007072,1426,1901,538.0,499.0
2026-06-18T22:09:27.500736+00:00,,0.0,0.0,21.624000000007072,1426,1901,538.0,499.0
2026-06-18T22:09:27.600672+00:00,,0.0,0.0,21.624000000007072,1426,1901,538.0,499.0
2026-06-18T22:09:27.699776+00:00,,0.0,0.0,21.624000000007072,1426,1901,538.0,499.0
2026-06-18T22:09:27.800645+00:00,,0.0,0.0,21.624000000007072,1426,1901,538.0,499.0
2026-06-18T22:09:27.902227+00:00,,0.0,0.0,21.624000000007072,1426,1901,538.0,499.0
2026-06-18T22:09:28.002122+00:00,,0.0,0.0,21.624000000007072,1426,1901,538.0,499.0
2026-06-18T22:09:28.101865+00:00,,0.0,0.0,21.624000000007072,1426,1901,538.0,499.0
2026-06-18T22:09:28.202717+00:00,,0.0,0.0,21.624000000007072,1426,1901,538.0,499.0
2026-06-18T22:09:28.302727+00:00,,0.0,0.0,21.624000000007072,1426,1901,538.0,499.0
2026-06-18T22:09:28.402191+00:00,,0.0,0.0,21.624000000007072,1426,1901,538.0,499.0
2026-06-18T22:09:28.501750+00:00,,0.0,0.0,21.624000000007072,1426,1901,538.0,499.0
2026-06-18T22:09:28.602740+00:00,,0.0,0.0,21.624000000007072,1426,1901,538.0,499.0
2026-06-18T22:09:28.701746+00:00,,0.0,0.0,21.624000000007072,1426,1901,538.0,499.0
2026-06-18T22:09:28.801740+00:00,,0.0,0.0,21.624000000007072,1426,1901,538.0,499.0
2026-06-18T22:09:28.901265+00:00,,0.0,0.0,21.624000000007072,1426,1901,538.0,499.0
2026-06-18T22:09:29.000848+00:00,,0.0,0.0,21.624000000007072,1426,1901,538.0,499.0
2026-06-18T22:09:29.101506+00:00,,0.0,0.0,21.624000000007072,1426,1901,538.0,499.0
2026-06-18T22:09:29.201262+00:00,,0.0,0.0,21.624000000007072,1426,1901,538.0,499.0
2026-06-18T22:09:29.301044+00:00,,0.0,0.0,21.624000000007072,1426,1901,538.0,499.0
2026-06-18T22:09:29.400890+00:00,,0.0,0.0,21.624000000007072,1426,1901,538.0,499.0
2026-06-18T22:09:29.501774+00:00,,0.0,0.0,21.624000000007072,1426,1901,538.0,499.0
2026-06-18T22:09:29.602438+00:00,,0.0,0.0,21.624000000007072,1426,1901,538.0,499.0
2026-06-18T22:09:29.702142+00:00,,0.0,0.0,21.624000000007072,1426,1901,538.0,499.0
2026-06-18T22:09:29.801911+00:00,,0.0,0.0,21.624000000007072,1426,1901,538.0,499.0
2026-06-18T22:09:29.919688+00:00,,0.0,0.0,16.218000000005304,1426,1597,538.0,16.0
2026-06-18T22:09:30.001457+00:00,,0.0,0.0,16.218000000005304,1426,1597,538.0,102.0
2026-06-18T22:09:30.101233+00:00,,0.0,0.0,16.218000000005304,1426,1597,538.0,68.0
2026-06-18T22:09:30.202019+00:00,,0.0,0.0,16.218000000005304,1426,1597,538.0,23.0
2026-06-18T22:09:30.301765+00:00,,0.0,0.0,16.218000000005304,1426,1597,538.0,26.0
2026-06-18T22:09:30.401552+00:00,,0.0006893435865640641,0.0,16.218000000005304,1426,1597,538.0,499.0
2026-06-18T22:09:30.502282+00:00,,0.0022544047236442567,0.0,16.218000000005304,1426,1597,538.0,499.0
2026-06-18T22:09:30.602100+00:00,,0.003971036970615387,0.0,16.218000000005304,1426,1597,538.0,499.0
2026-06-18T22:09:30.701823+00:00,,0.005412565469741821,0.0,16.218000000005304,1426,1597,538.0,499.0
2026-06-18T22:09:30.802597+00:00,,0.0069937026500701905,0.0,16.218000000005304,1426,1597,538.0,499.0
2026-06-18T22:09:30.902908+00:00,,0.008321452736854553,0.0,16.218000000005304,1426,1597,538.0,499.0
2026-06-18T22:09:31.001886+00:00,,0.009777794480323792,0.0,16.218000000005304,1426,1597,538.0,499.0
2026-06-18T22:09:31.101915+00:00,,0.011000748872756958,0.0,16.218000000005304,1426,1597,538.0,499.0
2026-06-18T22:09:31.202940+00:00,,0.012342147827148438,0.0,16.218000000005304,1426,1597,538.0,499.0
2026-06-18T22:09:31.303116+00:00,,0.01346858024597168,0.0,16.218000000005304,1426,1597,538.0,499.0
2026-06-18T22:09:31.402951+00:00,,0.014704110622406006,0.0,16.218000000005304,1426,1597,538.0,499.0
2026-06-18T22:09:31.502953+00:00,,0.015301855802536011,0.0,16.218000000005304,1426,1597,538.0,499.0
2026-06-18T22:09:31.603989+00:00,,0.016316888332366945,0.0,16.218000000005304,1426,1597,538.0,499.0
2026-06-18T22:09:31.703961+00:00,,0.017293719053268434,0.0,16.218000000005304,1426,1597,538.0,499.0
2026-06-18T22:09:31.804185+00:00,,0.01836515784263611,0.0,16.218000000005304,1426,1597,538.0,499.0
2026-06-18T22:09:31.904973+00:00,,0.019264895915985108,0.0,16.218000000005304,1426,1597,538.0,499.0
2026-06-18T22:09:32.003987+00:00,,0.020251779556274413,0.0,16.218000000005304,1426,1597,538.0,499.0
2026-06-18T22:09:32.104001+00:00,,0.021196327209472655,0.0,16.218000000005304,1426,1597,538.0,499.0
2026-06-18T22:09:32.204027+00:00,,0.02198951005935669,0.0,16.218000000005304,1426,1597,538.0,499.0
2026-06-18T22:09:32.304213+00:00,,0.022752840518951416,0.0,16.218000000005304,1426,1597,538.0,499.0
2026-06-18T22:09:32.405180+00:00,,0.02359010696411133,0.0,16.218000000005304,1426,1597,538.0,499.0
2026-06-18T22:09:32.505055+00:00,,0.024293198585510253,0.0,16.218000000005304,1426,1597,538.0,499.0
2026-06-18T22:09:32.606239+00:00,,0.02506438970565796,0.0,16.218000000005304,1426,1597,538.0,499.0
2026-06-18T22:09:32.705320+00:00,,0.02571199655532837,0.0,16.218000000005304,1426,1597,538.0,499.0
2026-06-18T22:09:32.805320+00:00,,0.026422331333160402,0.0,16.218000000005304,1426,1597,538.0,499.0
2026-06-18T22:09:33.222706+00:00,,0.026680779457092286,0.0,10.812000000003536,1426,1293,538.0,11.0
2026-06-18T22:09:33.305356+00:00,,0.0451370096206665,0.0,10.812000000003536,1426,1293,538.0,32.0
2026-06-18T22:09:33.405215+00:00,,0.10172704696655274,0.0,10.812000000003536,1426,1293,538.0,499.0
2026-06-18T22:09:33.505476+00:00,,0.1710618591308594,0.0,10.812000000003536,1426,1293,538.0,499.0
2026-06-18T22:09:33.606294+00:00,,0.23679946899414062,0.0,10.812000000003536,1426,1293,538.0,499.0
2026-06-18T22:09:33.705204+00:00,,0.30411691665649415,0.0,10.812000000003536,1426,1293,538.0,499.0
2026-06-18T22:09:33.806346+00:00,,0.37860816955566406,0.0,10.812000000003536,1426,1293,538.0,499.0
2026-06-18T22:09:33.906260+00:00,,0.44171863555908203,0.0,10.812000000003536,1426,1293,538.0,499.0
2026-06-18T22:09:34.007425+00:00,,0.5029593276977539,0.0,10.812000000003536,1426,1293,538.0,499.0
2026-06-18T22:09:34.106271+00:00,,0.537136459350586,0.0,10.812000000003536,1426,1293,538.0,499.0
2026-06-18T22:09:34.206240+00:00,,0.6037559890747071,0.0,10.812000000003536,1426,1293,538.0,499.0
2026-06-18T22:09:34.306408+00:00,,0.6602027893066407,0.0,10.812000000003536,1426,1293,538.0,499.0
2026-06-18T22:09:34.407348+00:00,,0.7149819946289062,0.0,10.812000000003536,1426,1293,538.0,499.0
2026-06-18T22:09:34.508294+00:00,,0.7756094360351563,0.0,10.812000000003536,1426,1293,538.0,499.0
2026-06-18T22:09:34.608330+00:00,,0.8269828796386719,0.0,10.812000000003536,1426,1293,538.0,499.0
2026-06-18T22:09:34.709331+00:00,,0.8838436889648438,0.0,10.812000000003536,1426,1293,538.0,499.0
2026-06-18T22:09:34.810464+00:00,,0.9320276641845703,0.0,10.812000000003536,1426,1293,538.0,499.0
2026-06-18T22:09:34.909346+00:00,,0.9853606414794922,0.0,10.812000000003536,1426,1293,538.0,499.0
2026-06-18T22:09:35.010307+00:00,,1.0305571746826172,0.0,10.812000000003536,1426,1293,538.0,499.0
2026-06-18T22:09:35.109406+00:00,,1.0805854797363281,0.0,10.812000000003536,1426,1293,538.0,499.0
2026-06-18T22:09:35.209505+00:00,,1.1229832458496094,0.0,10.812000000003536,1426,1293,538.0,499.0
2026-06-18T22:09:35.310450+00:00,,1.1699154663085938,0.0,10.812000000003536,1426,1293,538.0,499.0
2026-06-18T22:09:35.410372+00:00,,1.2096908569335938,0.0,10.812000000003536,1426,1293,538.0,499.0
2026-06-18T22:09:35.510362+00:00,,1.2482994842529298,0.0,10.812000000003536,1426,1293,538.0,499.0
2026-06-18T22:09:35.610589+00:00,,1.2698512268066406,0.0,10.812000000003536,1426,1293,538.0,499.0
2026-06-18T22:09:35.710388+00:00,,1.3118711853027345,0.0,10.812000000003536,1426,1293,538.0,499.0
2026-06-18T22:09:35.810503+00:00,,1.3474855041503906,0.0,10.812000000003536,1426,1293,538.0,499.0
2026-06-18T22:09:36.227238+00:00,,1.3820570373535157,0.0,5.406000000001768,1426,990,538.0,34.0
2026-06-18T22:09:36.312506+00:00,,1.3762307739257813,0.0,5.406000000001768,1426,990,538.0,39.0
2026-06-18T22:09:36.412450+00:00,,1.4414581298828126,0.0,5.406000000001768,1426,990,538.0,499.0
2026-06-18T22:09:36.512434+00:00,,1.5813336181640625,0.0,5.406000000001768,1426,990,538.0,499.0
2026-06-18T22:09:36.612448+00:00,,1.6992070007324218,0.0,5.406000000001768,1426,990,538.0,499.0
2026-06-18T22:09:36.713433+00:00,,1.8130162048339844,0.0,5.406000000001768,1426,990,538.0,499.0
2026-06-18T22:09:36.812731+00:00,,1.9382868957519532,0.0,5.406000000001768,1426,990,538.0,499.0
2026-06-18T22:09:36.912543+00:00,,2.0586335754394534,0.0,5.406000000001768,1426,990,538.0,499.0
2026-06-18T22:09:37.012464+00:00,,2.102533721923828,0.0,5.406000000001768,1426,990,538.0,499.0
2026-06-18T22:09:37.112490+00:00,,2.2164244079589843,0.0,5.406000000001768,1426,990,538.0,499.0
2026-06-18T22:09:37.212825+00:00,,2.312400207519531,0.0,5.406000000001768,1426,990,538.0,499.0
2026-06-18T22:09:37.312653+00:00,,2.4180416870117187,0.0,5.406000000001768,1426,990,538.0,499.0
2026-06-18T22:09:37.413403+00:00,,2.507065887451172,0.0,5.406000000001768,1426,990,538.0,499.0
2026-06-18T22:09:37.513504+00:00,,2.6050555419921877,0.0,5.406000000001768,1426,990,538.0,499.0
2026-06-18T22:09:37.613925+00:00,,2.699193420410156,0.0,5.406000000001768,1426,990,538.0,499.0
2026-06-18T22:09:37.713682+00:00,,2.7785238647460937,0.0,5.406000000001768,1426,990,538.0,499.0
2026-06-18T22:09:37.814434+00:00,,2.8658432006835937,0.0,5.406000000001768,1426,990,538.0,499.0
2026-06-18T22:09:37.914225+00:00,,2.939427490234375,0.0,5.406000000001768,1426,990,538.0,499.0
2026-06-18T22:09:38.014006+00:00,,3.02042236328125,0.0,5.406000000001768,1426,990,538.0,499.0
2026-06-18T22:09:38.114753+00:00,,3.059718017578125,0.0,5.406000000001768,1426,990,538.0,499.0
2026-06-18T22:09:38.213566+00:00,,3.1266177368164065,0.0,5.406000000001768,1426,990,538.0,499.0
2026-06-18T22:09:38.314310+00:00,,3.2002548217773437,0.0,5.406000000001768,1426,990,538.0,499.0
2026-06-18T22:09:38.414061+00:00,,3.2623086547851563,0.0,5.406000000001768,1426,990,538.0,499.0
2026-06-18T22:09:38.513805+00:00,,3.3222232055664063,0.0,5.406000000001768,1426,990,538.0,499.0
2026-06-18T22:09:38.614565+00:00,,3.38817138671875,0.0,5.406000000001768,1426,990,538.0,499.0
2026-06-18T22:09:38.714317+00:00,,3.4437463378906252,0.0,5.406000000001768,1426,990,538.0,499.0
2026-06-18T22:09:38.814077+00:00,,3.504917907714844,0.0,5.406000000001768,1426,990,538.0,499.0
2026-06-18T22:09:39.231278+00:00,,3.563684997558594,0.0,0.0,1426,686,538.0,239.0
2026-06-18T22:09:39.316697+00:00,,3.7642172241210936,0.0,0.0,1426,686,538.0,69.0
2026-06-18T22:09:39.416717+00:00,,3.7887481689453124,0.0,0.0,1426,686,538.0,491.0
2026-06-18T22:09:39.516702+00:00,,3.830511474609375,0.0,0.0,1426,686,538.0,499.0
2026-06-18T22:09:39.616727+00:00,,3.870834655761719,0.0,0.0,1426,686,538.0,499.0
2026-06-18T22:09:39.716908+00:00,,3.915218505859375,0.0,0.0,1426,686,538.0,499.0
2026-06-18T22:09:39.816672+00:00,,3.9526211547851564,0.0,0.0,1426,686,538.0,499.0
2026-06-18T22:09:39.916684+00:00,,3.993790588378906,0.0,0.0,1426,686,538.0,499.0
2026-06-18T22:09:40.016678+00:00,,4.0284838867187505,0.0,0.0,1426,686,538.0,499.0
2026-06-18T22:09:40.116737+00:00,,4.061981201171875,0.0,0.0,1426,686,538.0,499.0
2026-06-18T22:09:40.216914+00:00,,4.098851928710937,0.0,0.0,1426,686,538.0,499.0
2026-06-18T22:09:40.317728+00:00,,4.134273376464844,0.0,0.0,1426,686,538.0,499.0
2026-06-18T22:09:40.417754+00:00,,4.164122924804688,0.0,0.0,1426,686,538.0,499.0
2026-06-18T22:09:40.517752+00:00,,4.192943420410156,0.0,0.0,1426,686,538.0,499.0
2026-06-18T22:09:40.617769+00:00,,4.224666442871094,0.0,0.0,1426,686,538.0,499.0
2026-06-18T22:09:40.717868+00:00,,4.240057067871094,0.0,0.0,1426,686,538.0,499.0
2026-06-18T22:09:40.817747+00:00,,4.266259460449219,0.0,0.0,1426,686,538.0,499.0
2026-06-18T22:09:40.917765+00:00,,4.2915582275390625,0.0,0.0,1426,686,538.0,499.0
2026-06-18T22:09:41.017761+00:00,,4.319404907226563,0.0,0.0,1426,686,538.0,499.0
2026-06-18T22:09:41.116857+00:00,,4.3461572265625,0.0,0.0,1426,686,538.0,499.0
2026-06-18T22:09:41.216971+00:00,,4.368701171875,0.0,0.0,1426,686,538.0,499.0
2026-06-18T22:09:41.317289+00:00,,4.390468139648438,0.0,0.0,1426,686,538.0,499.0
2026-06-18T22:09:41.417087+00:00,,4.414426879882813,0.0,0.0,1426,686,538.0,499.0
2026-06-18T22:09:41.517891+00:00,,4.434617004394531,0.0,0.0,1426,686,538.0,499.0
2026-06-18T22:09:41.617847+00:00,,4.456840515136719,0.0,0.0,1426,686,538.0,499.0
2026-06-18T22:09:41.716954+00:00,,4.475568237304688,0.0,0.0,1426,686,538.0,499.0
2026-06-18T22:09:41.817864+00:00,,4.496182250976562,0.0,0.0,1426,686,538.0,499.0
2026-06-18T22:09:41.917839+00:00,,4.513553466796875,0.0,0.0,1426,686,538.0,499.0
2026-06-18T22:09:42.017849+00:00,,4.523209533691406,0.0,0.0,1426,686,538.0,499.0
2026-06-18T22:09:42.118898+00:00,,4.5396490478515625,0.0,0.0,1426,686,538.0,499.0
2026-06-18T22:09:42.218999+00:00,,4.557744140625,0.0,0.0,1426,686,538.0,499.0
2026-06-18T22:09:42.318865+00:00,,4.572992858886719,0.0,0.0,1426,686,538.0,499.0
2026-06-18T22:09:42.417903+00:00,,4.589777221679688,0.0,0.0,1426,686,538.0,499.0
2026-06-18T22:09:42.518868+00:00,,4.605901794433594,0.0,0.0,1426,686,538.0,499.0
2026-06-18T22:09:42.618919+00:00,,4.619490051269532,0.0,0.0,1426,686,538.0,499.0
2026-06-18T22:09:42.737083+00:00,,4.634446716308594,3.366666666655268,0.0,1681,686,261.0,499.0
2026-06-18T22:09:42.819893+00:00,,4.64705078125,6.699999999970411,0.0,1934,686,99.0,499.0
2026-06-18T22:09:42.919900+00:00,,4.564462280273438,10.03333333331587,0.0,2187,686,249.0,499.0
2026-06-18T22:09:43.018932+00:00,,4.7801757812500005,13.366666666661331,0.0,2440,686,238.0,499.0
2026-06-18T22:09:43.119950+00:00,,5.280682373046875,16.7333333333166,0.0,2695,686,200.0,499.0
2026-06-18T22:09:43.221042+00:00,,5.7304315185546875,20.06666666666206,0.0,2948,686,280.0,499.0
2026-06-18T22:09:43.319944+00:00,,6.720111694335937,23.399999999977204,0.0,3201,686,257.0,499.0
2026-06-18T22:09:43.420974+00:00,,8.349730834960937,26.733333333322662,0.0,3454,686,228.0,499.0
2026-06-18T22:09:43.520272+00:00,,10.395804443359376,30.066666666637804,0.0,3707,686,270.0,499.0
2026-06-18T22:09:43.621080+00:00,,12.4977783203125,33.399999999983265,0.0,3960,686,145.0,499.0
2026-06-18T22:09:43.720076+00:00,,15.307957763671876,36.73333333332873,0.0,4213,686,238.0,499.0
2026-06-18T22:09:43.820992+00:00,,18.59686767578125,40.06666666664387,0.0,4465,686,297.0,499.0
2026-06-18T22:09:43.920995+00:00,,21.71710693359375,43.39999999998933,0.0,4718,686,249.0,499.0
2026-06-18T22:09:44.020295+00:00,,25.64076171875,46.73333333330447,0.0,4971,686,250.0,499.0
2026-06-18T22:09:44.119995+00:00,,29.379169921875,50.0,0.0,5219,686,275.0,499.0
2026-06-18T22:09:44.219686+00:00,,33.3291064453125,50.0,0.0,5219,686,248.0,499.0
2026-06-18T22:09:44.321041+00:00,,38.1957177734375,50.0,0.0,5219,686,73.0,499.0
2026-06-18T22:09:44.420050+00:00,,43.050712890625,50.0,0.0,5219,686,538.0,499.0
2026-06-18T22:09:44.520092+00:00,,45.3992529296875,50.0,0.0,5219,686,538.0,499.0
2026-06-18T22:09:44.621058+00:00,,49.391513671875,50.0,0.0,5219,686,538.0,499.0
2026-06-18T22:09:44.720530+00:00,,53.7834326171875,50.0,0.0,5219,686,538.0,499.0
2026-06-18T22:09:44.821079+00:00,,58.0083251953125,50.0,0.0,5219,686,538.0,499.0
2026-06-18T22:09:44.921162+00:00,,61.5792626953125,50.0,0.0,5219,686,538.0,499.0
2026-06-18T22:09:45.021245+00:00,,65.528076171875,50.0,0.0,5219,686,538.0,499.0
2026-06-18T22:09:45.120618+00:00,,68.8763916015625,50.0,0.0,5219,686,538.0,499.0
2026-06-18T22:09:45.220419+00:00,,72.590517578125,50.0,0.0,5219,686,538.0,499.0
2026-06-18T22:09:45.321197+00:00,,76.194033203125,50.0,0.0,5219,686,538.0,499.0
2026-06-18T22:09:45.421139+00:00,,79.69596191406251,50.0,0.0,5219,686,538.0,499.0
2026-06-18T22:09:45.521699+00:00,,82.683330078125,50.0,0.0,5219,686,538.0,499.0
2026-06-18T22:09:45.621463+00:00,,86.016552734375,50.0,0.0,5219,686,538.0,499.0
2026-06-18T22:09:45.721262+00:00,,87.652919921875,50.0,0.0,5219,686,538.0,499.0
2026-06-18T22:09:45.820990+00:00,,90.471259765625,50.0,0.0,5219,686,538.0,499.0
2026-06-18T22:09:45.921763+00:00,,93.626279296875,50.0,0.0,5219,686,538.0,499.0
2026-06-18T22:09:46.021586+00:00,,96.3337109375,50.0,0.0,5219,686,538.0,499.0
2026-06-18T22:09:46.121275+00:00,,99.37212890625,50.0,0.0,5219,686,538.0,499.0
2026-06-18T22:09:46.221071+00:00,,101.985869140625,50.0,0.0,5219,686,538.0,499.0
2026-06-18T22:09:46.320845+00:00,,104.926181640625,50.0,0.0,5219,686,538.0,499.0
2026-06-18T22:09:46.738975+00:00,,107.821025390625,0.0,0.0,1426,686,275.0,499.0
2026-06-18T22:09:46.820659+00:00,,115.718134765625,0.0,0.0,1426,686,238.0,499.0
2026-06-18T22:09:46.920410+00:00,,116.236884765625,0.0,0.0,1426,686,180.0,499.0
2026-06-18T22:09:47.020272+00:00,,116.096884765625,0.0,0.0,1426,686,538.0,499.0
2026-06-18T22:09:47.121248+00:00,,115.956884765625,0.0,0.0,1426,686,538.0,499.0
2026-06-18T22:09:47.221300+00:00,,115.79688476562501,0.0,0.0,1426,686,538.0,499.0
2026-06-18T22:09:47.321268+00:00,,115.636884765625,0.0,0.0,1426,686,538.0,499.0
2026-06-18T22:09:47.421281+00:00,,115.496884765625,0.0,0.0,1426,686,538.0,499.0
2026-06-18T22:09:47.521283+00:00,,115.356884765625,0.0,0.0,1426,686,538.0,499.0
2026-06-18T22:09:47.621297+00:00,,115.196884765625,0.0,0.0,1426,686,538.0,499.0
2026-06-18T22:09:47.721321+00:00,,115.056884765625,0.0,0.0,1426,686,538.0,499.0
2026-06-18T22:09:47.821305+00:00,,114.896884765625,0.0,0.0,1426,686,538.0,499.0
2026-06-18T22:09:47.921302+00:00,,114.756884765625,0.0,0.0,1426,686,538.0,499.0
2026-06-18T22:09:48.021320+00:00,,114.596884765625,0.0,0.0,1426,686,538.0,499.0
2026-06-18T22:09:48.121353+00:00,,114.51688476562501,0.0,0.0,1426,686,538.0,499.0
2026-06-18T22:09:48.221424+00:00,,114.356884765625,0.0,0.0,1426,686,538.0,499.0
2026-06-18T22:09:48.321342+00:00,,114.216884765625,0.0,0.0,1426,686,538.0,499.0
2026-06-18T22:09:48.421412+00:00,,114.076884765625,0.0,0.0,1426,686,538.0,499.0
2026-06-18T22:09:48.521366+00:00,,113.916884765625,0.0,0.0,1426,686,538.0,499.0
2026-06-18T22:09:48.621549+00:00,,113.776884765625,0.0,0.0,1426,686,538.0,499.0
2026-06-18T22:09:48.721377+00:00,,113.616884765625,0.0,0.0,1426,686,538.0,499.0
2026-06-18T22:09:48.821395+00:00,,113.476884765625,0.0,0.0,1426,686,538.0,499.0
2026-06-18T22:09:48.921397+00:00,,113.316884765625,0.0,0.0,1426,686,538.0,499.0
2026-06-18T22:09:49.021445+00:00,,113.176884765625,0.0,0.0,1426,686,538.0,499.0
2026-06-18T22:09:49.121555+00:00,,113.01688476562501,0.0,0.0,1426,686,538.0,499.0
2026-06-18T22:09:49.222443+00:00,,112.87688476562501,0.0,0.0,1426,686,538.0,499.0
2026-06-18T22:09:49.322420+00:00,,112.716884765625,0.0,0.0,1426,686,538.0,499.0
2026-06-18T22:09:49.422441+00:00,,112.65688476562501,0.0,0.0,1426,686,538.0,499.0
2026-06-18T22:09:49.522437+00:00,,112.496884765625,0.0,0.0,1426,686,538.0,499.0
2026-06-18T22:09:49.622595+00:00,,112.356884765625,0.0,0.0,1426,686,538.0,499.0
2026-06-18T22:09:49.722471+00:00,,112.196884765625,0.0,0.0,1426,686,538.0,499.0
2026-06-18T22:09:49.822465+00:00,,112.056884765625,0.0,0.0,1426,686,538.0,499.0
2026-06-18T22:09:49.922558+00:00,,111.896884765625,0.0,0.0,1426,686,538.0,499.0
2026-06-18T22:09:50.022698+00:00,,111.736884765625,0.0,0.0,1426,686,538.0,499.0
2026-06-18T22:09:50.122623+00:00,,111.596884765625,0.0,0.0,1426,686,538.0,499.0
2026-06-18T22:09:50.222515+00:00,,111.456884765625,0.0,0.0,1426,686,538.0,499.0
2026-06-18T22:09:50.322511+00:00,,111.29688476562501,0.0,0.0,1426,686,538.0,499.0
2026-06-18T22:09:50.422539+00:00,,111.136884765625,0.0,0.0,1426,686,538.0,499.0
2026-06-18T22:09:50.523501+00:00,,110.996884765625,0.0,0.0,1426,686,538.0,499.0
2026-06-18T22:09:50.624650+00:00,,110.836884765625,0.0,0.0,1426,686,538.0,499.0
2026-06-18T22:09:50.724664+00:00,,110.756884765625,0.0,0.0,1426,686,538.0,499.0
2026-06-18T22:09:50.825529+00:00,,110.616884765625,0.0,0.0,1426,686,538.0,499.0
2026-06-18T22:09:50.925544+00:00,,110.456884765625,0.0,0.0,1426,686,538.0,499.0
2026-06-18T22:09:51.025554+00:00,,110.316884765625,0.0,0.0,1426,686,538.0,499.0
2026-06-18T22:09:51.125661+00:00,,110.15688476562501,0.0,0.0,1426,686,538.0,499.0
2026-06-18T22:09:51.225563+00:00,,110.01688476562501,0.0,0.0,1426,686,538.0,499.0
2026-06-18T22:09:51.325578+00:00,,109.856884765625,0.0,0.0,1426,686,538.0,499.0
2026-06-18T22:09:51.426607+00:00,,109.696884765625,0.0,0.0,1426,686,538.0,499.0
2026-06-18T22:09:51.526953+00:00,,109.556884765625,0.0,0.0,1426,686,538.0,499.0
2026-06-18T22:09:51.625664+00:00,,109.396884765625,0.0,0.0,1426,686,538.0,499.0
2026-06-18T22:09:51.726620+00:00,,109.256884765625,0.0,0.0,1426,686,538.0,499.0
2026-06-18T22:09:51.826631+00:00,,109.096884765625,0.0,0.0,1426,686,538.0,499.0
2026-06-18T22:09:51.926628+00:00,,108.956884765625,0.0,0.0,1426,686,538.0,499.0
2026-06-18T22:09:52.025624+00:00,,108.79688476562501,0.0,0.0,1426,686,538.0,499.0
2026-06-18T22:09:52.126688+00:00,,108.716884765625,0.0,0.0,1426,686,538.0,499.0
2026-06-18T22:09:52.226652+00:00,,108.576884765625,0.0,0.0,1426,686,538.0,499.0
2026-06-18T22:09:52.327656+00:00,,108.416884765625,0.0,0.0,1426,686,538.0,499.0
2026-06-18T22:09:52.445684+00:00,,108.276884765625,3.3333333333151436,0.0,1679,686,229.0,499.0
2026-06-18T22:09:52.528091+00:00,,108.116884765625,6.666666666660603,0.0,1932,686,220.0,499.0
2026-06-18T22:09:52.645701+00:00,,108.073330078125,0.0,0.0,1426,686,34.0,499.0
2026-06-18T22:09:52.727671+00:00,,108.173203125,0.0,0.0,1426,686,74.0,499.0
2026-06-18T22:09:52.827693+00:00,,108.342822265625,0.0,0.0,1426,686,193.0,499.0
2026-06-18T22:09:52.927533+00:00,,108.202822265625,0.0,0.0,1426,686,538.0,499.0
2026-06-18T22:09:53.027260+00:00,,108.042822265625,0.0,0.0,1426,686,538.0,499.0
2026-06-18T22:09:53.127047+00:00,,107.902822265625,0.0,0.0,1426,686,538.0,499.0
2026-06-18T22:09:53.227804+00:00,,107.74282226562501,0.0,0.0,1426,686,538.0,499.0
2026-06-18T22:09:53.327741+00:00,,107.60282226562501,0.0,0.0,1426,686,538.0,499.0
2026-06-18T22:09:53.428357+00:00,,107.46282226562501,0.0,0.0,1426,686,538.0,499.0
2026-06-18T22:09:53.528220+00:00,,107.302822265625,0.0,0.0,1426,686,538.0,499.0
2026-06-18T22:09:53.628867+00:00,,107.162822265625,0.0,0.0,1426,686,538.0,499.0
2026-06-18T22:09:53.729652+00:00,,107.082822265625,0.0,0.0,1426,686,538.0,499.0
2026-06-18T22:09:53.829426+00:00,,106.922822265625,0.0,0.0,1426,686,538.0,499.0
2026-06-18T22:09:53.929180+00:00,,106.782822265625,0.0,0.0,1426,686,538.0,499.0
2026-06-18T22:09:54.029028+00:00,,106.622822265625,0.0,0.0,1426,686,538.0,499.0
2026-06-18T22:09:54.129724+00:00,,106.482822265625,0.0,0.0,1426,686,538.0,499.0
2026-06-18T22:09:54.230511+00:00,,106.322822265625,0.0,0.0,1426,686,538.0,499.0
2026-06-18T22:09:54.330252+00:00,,106.162822265625,0.0,0.0,1426,686,538.0,499.0
2026-06-18T22:09:54.431051+00:00,,106.022822265625,0.0,0.0,1426,686,538.0,499.0
2026-06-18T22:09:54.530516+00:00,,105.862822265625,0.0,0.0,1426,686,538.0,499.0
2026-06-18T22:09:54.629820+00:00,,105.722822265625,0.0,0.0,1426,686,538.0,499.0
2026-06-18T22:09:54.729360+00:00,,105.562822265625,0.0,0.0,1426,686,538.0,499.0
2026-06-18T22:09:54.830115+00:00,,105.422822265625,0.0,0.0,1426,686,538.0,499.0
2026-06-18T22:09:54.929951+00:00,,105.262822265625,0.0,0.0,1426,686,538.0,499.0
2026-06-18T22:09:55.030867+00:00,,105.182822265625,0.0,0.0,1426,686,538.0,499.0
2026-06-18T22:09:55.131897+00:00,,105.042822265625,0.0,0.0,1426,686,538.0,499.0
2026-06-18T22:09:55.231894+00:00,,104.902822265625,0.0,0.0,1426,686,538.0,499.0
2026-06-18T22:09:55.331883+00:00,,104.74282226562501,0.0,0.0,1426,686,538.0,499.0
2026-06-18T22:09:55.430938+00:00,,104.582822265625,0.0,0.0,1426,686,538.0,499.0
2026-06-18T22:09:55.531965+00:00,,104.442822265625,0.0,0.0,1426,686,538.0,499.0
2026-06-18T22:09:55.631943+00:00,,104.282822265625,0.0,0.0,1426,686,538.0,499.0
2026-06-18T22:09:55.731978+00:00,,104.142822265625,0.0,0.0,1426,686,538.0,499.0
2026-06-18T22:09:55.830948+00:00,,103.982822265625,0.0,0.0,1426,686,538.0,499.0
2026-06-18T22:09:55.932099+00:00,,103.842822265625,0.0,0.0,1426,686,538.0,499.0
2026-06-18T22:09:56.032250+00:00,,103.702822265625,0.0,0.0,1426,686,538.0,499.0
2026-06-18T22:09:56.132360+00:00,,103.542822265625,0.0,0.0,1426,686,538.0,499.0
2026-06-18T22:09:56.230955+00:00,,103.46282226562501,0.0,0.0,1426,686,538.0,499.0
2026-06-18T22:09:56.330975+00:00,,103.322822265625,0.0,0.0,1426,686,538.0,499.0
2026-06-18T22:09:56.431973+00:00,,103.162822265625,0.0,0.0,1426,686,538.0,499.0
2026-06-18T22:09:56.532258+00:00,,103.022822265625,0.0,0.0,1426,686,538.0,499.0
2026-06-18T22:09:56.631950+00:00,,102.862822265625,0.0,0.0,1426,686,538.0,499.0
2026-06-18T22:09:56.730984+00:00,,102.722822265625,0.0,0.0,1426,686,538.0,499.0
2026-06-18T22:09:56.831502+00:00,,102.562822265625,0.0,0.0,1426,686,538.0,499.0
2026-06-18T22:09:56.931262+00:00,,102.422822265625,0.0,0.0,1426,686,538.0,499.0
2026-06-18T22:09:57.032186+00:00,,102.262822265625,0.0,0.0,1426,686,538.0,499.0
2026-06-18T22:09:57.132046+00:00,,102.122822265625,0.0,0.0,1426,686,538.0,499.0
2026-06-18T22:09:57.233044+00:00,,101.96282226562501,0.0,0.0,1426,686,538.0,499.0
2026-06-18T22:09:57.333060+00:00,,101.802822265625,0.0,0.0,1426,686,538.0,499.0
2026-06-18T22:09:57.434065+00:00,,101.74282226562501,0.0,0.0,1426,686,538.0,499.0
2026-06-18T22:09:57.533247+00:00,,101.582822265625,0.0,0.0,1426,686,538.0,499.0
2026-06-18T22:09:57.634051+00:00,,101.442822265625,0.0,0.0,1426,686,538.0,499.0
2026-06-18T22:09:57.733084+00:00,,101.302822265625,0.0,0.0,1426,686,538.0,499.0
2026-06-18T22:09:57.833083+00:00,,101.142822265625,0.0,0.0,1426,686,538.0,499.0
2026-06-18T22:09:57.933096+00:00,,100.982822265625,0.0,0.0,1426,686,538.0,499.0
2026-06-18T22:09:58.033191+00:00,,100.842822265625,0.0,0.0,1426,686,538.0,499.0
2026-06-18T22:09:58.133101+00:00,,100.702822265625,0.0,0.0,1426,686,538.0,499.0
2026-06-18T22:09:58.233128+00:00,,100.542822265625,0.0,0.0,1426,686,538.0,499.0
2026-06-18T22:09:58.334112+00:00,,100.38282226562501,0.0,0.0,1426,686,538.0,499.0
2026-06-18T22:09:58.433138+00:00,,100.24282226562501,0.0,0.0,1426,686,538.0,499.0
2026-06-18T22:09:58.533308+00:00,,100.082822265625,0.0,0.0,1426,686,538.0,499.0
2026-06-18T22:09:58.651161+00:00,,100.002822265625,3.3333333333151436,0.0,1679,686,228.0,499.0
2026-06-18T22:09:58.733095+00:00,,99.862822265625,6.666666666660603,0.0,1932,686,222.0,499.0
2026-06-18T22:09:58.833148+00:00,,99.6969140625,9.999999999975746,0.0,2185,686,233.0,499.0
2026-06-18T22:09:58.933164+00:00,,99.584990234375,13.333333333321207,0.0,2437,686,149.0,499.0
2026-06-18T22:09:59.033307+00:00,,99.57833984375,16.666666666666664,0.0,2690,686,177.0,499.0
2026-06-18T22:09:59.134180+00:00,,99.662900390625,19.99999999998181,0.0,2943,686,245.0,499.0
2026-06-18T22:09:59.233187+00:00,,99.856650390625,23.333333333327268,0.0,3196,686,284.0,499.0
2026-06-18T22:09:59.334203+00:00,,100.28431640625,26.699999999982538,0.0,3451,686,200.0,499.0
2026-06-18T22:09:59.434219+00:00,,100.80748046875,30.033333333328,0.0,3704,686,277.0,499.0
2026-06-18T22:09:59.851557+00:00,,101.6125,0.0,0.0,1426,686,111.0,499.0
2026-06-18T22:09:59.936233+00:00,,104.6375390625,0.0,0.0,1426,686,271.0,499.0
2026-06-18T22:10:00.036296+00:00,,104.4975390625,0.0,0.0,1426,686,538.0,499.0
2026-06-18T22:10:00.136258+00:00,,104.3375390625,0.0,0.0,1426,686,538.0,499.0
2026-06-18T22:10:00.236292+00:00,,104.1975390625,0.0,0.0,1426,686,538.0,499.0
2026-06-18T22:10:00.336317+00:00,,104.0375390625,0.0,0.0,1426,686,538.0,499.0
2026-06-18T22:10:00.436318+00:00,,103.8975390625,0.0,0.0,1426,686,538.0,499.0
2026-06-18T22:10:00.536424+00:00,,103.7375390625,0.0,0.0,1426,686,538.0,499.0
2026-06-18T22:10:00.640517+00:00,,103.5975390625,0.0,0.0,1426,686,538.0,499.0
2026-06-18T22:10:00.737297+00:00,,103.43753906250001,0.0,0.0,1426,686,538.0,499.0
2026-06-18T22:10:00.837307+00:00,,103.2775390625,0.0,0.0,1426,686,538.0,499.0
2026-06-18T22:10:00.936961+00:00,,103.1375390625,0.0,0.0,1426,686,538.0,499.0
2026-06-18T22:10:01.037326+00:00,,103.0575390625,0.0,0.0,1426,686,538.0,499.0
2026-06-18T22:10:01.136499+00:00,,102.9175390625,0.0,0.0,1426,686,538.0,499.0
2026-06-18T22:10:01.237269+00:00,,102.7575390625,0.0,0.0,1426,686,538.0,499.0
2026-06-18T22:10:01.337030+00:00,,102.6175390625,0.0,0.0,1426,686,538.0,499.0
2026-06-18T22:10:01.436787+00:00,,102.4575390625,0.0,0.0,1426,686,538.0,499.0
2026-06-18T22:10:01.536633+00:00,,102.3175390625,0.0,0.0,1426,686,538.0,499.0
2026-06-18T22:10:01.637326+00:00,,102.1575390625,0.0,0.0,1426,686,538.0,499.0
2026-06-18T22:10:01.737129+00:00,,101.9975390625,0.0,0.0,1426,686,538.0,499.0
2026-06-18T22:10:01.837882+00:00,,101.8575390625,0.0,0.0,1426,686,538.0,499.0
2026-06-18T22:10:01.937628+00:00,,101.6975390625,0.0,0.0,1426,686,538.0,499.0
2026-06-18T22:10:02.036504+00:00,,101.5575390625,0.0,0.0,1426,686,538.0,499.0
2026-06-18T22:10:02.137180+00:00,,101.4175390625,0.0,0.0,1426,686,538.0,499.0
2026-06-18T22:10:02.236950+00:00,,101.2575390625,0.0,0.0,1426,686,538.0,499.0
2026-06-18T22:10:02.336713+00:00,,101.1975390625,0.0,0.0,1426,686,538.0,499.0
2026-06-18T22:10:02.437514+00:00,,101.0375390625,0.0,0.0,1426,686,538.0,499.0
2026-06-18T22:10:02.537316+00:00,,100.8975390625,0.0,0.0,1426,686,538.0,499.0
2026-06-18T22:10:02.636533+00:00,,100.7375390625,0.0,0.0,1426,686,538.0,499.0
2026-06-18T22:10:02.737450+00:00,,100.57753906250001,0.0,0.0,1426,686,538.0,499.0
2026-06-18T22:10:02.837453+00:00,,100.43753906250001,0.0,0.0,1426,686,538.0,499.0
2026-06-18T22:10:02.938473+00:00,,100.2775390625,0.0,0.0,1426,686,538.0,499.0
2026-06-18T22:10:03.037476+00:00,,100.1375390625,0.0,0.0,1426,686,538.0,499.0
2026-06-18T22:10:03.137499+00:00,,99.9775390625,0.0,0.0,1426,686,538.0,499.0
2026-06-18T22:10:03.237501+00:00,,99.8375390625,0.0,0.0,1426,686,538.0,499.0
2026-06-18T22:10:03.337502+00:00,,99.6775390625,0.0,0.0,1426,686,538.0,499.0
2026-06-18T22:10:03.437707+00:00,,99.5375390625,0.0,0.0,1426,686,538.0,499.0
2026-06-18T22:10:03.537589+00:00,,99.4575390625,0.0,0.0,1426,686,538.0,499.0
2026-06-18T22:10:03.637504+00:00,,99.3175390625,0.0,0.0,1426,686,538.0,499.0
2026-06-18T22:10:03.737550+00:00,,99.1575390625,0.0,0.0,1426,686,538.0,499.0
2026-06-18T22:10:03.837540+00:00,,99.0175390625,0.0,0.0,1426,686,538.0,499.0
2026-06-18T22:10:03.937680+00:00,,98.8575390625,0.0,0.0,1426,686,538.0,499.0
2026-06-18T22:10:04.037539+00:00,,98.71753906250001,0.0,0.0,1426,686,538.0,499.0
2026-06-18T22:10:04.137560+00:00,,98.57753906250001,0.0,0.0,1426,686,538.0,499.0
2026-06-18T22:10:04.236567+00:00,,98.4175390625,0.0,0.0,1426,686,538.0,499.0
2026-06-18T22:10:04.337580+00:00,,98.2775390625,0.0,0.0,1426,686,538.0,499.0
2026-06-18T22:10:04.437882+00:00,,98.1375390625,0.0,0.0,1426,686,538.0,499.0
2026-06-18T22:10:04.537784+00:00,,97.9775390625,0.0,0.0,1426,686,538.0,499.0
2026-06-18T22:10:04.637597+00:00,,97.8375390625,0.0,0.0,1426,686,538.0,499.0
2026-06-18T22:10:04.737599+00:00,,97.6775390625,0.0,0.0,1426,686,538.0,499.0
2026-06-18T22:10:04.837606+00:00,,97.6175390625,0.0,0.0,1426,686,538.0,499.0
2026-06-18T22:10:04.937783+00:00,,97.4575390625,0.0,0.0,1426,686,538.0,499.0
2026-06-18T22:10:05.037672+00:00,,97.3175390625,0.0,0.0,1426,686,538.0,499.0
2026-06-18T22:10:05.137634+00:00,,97.1575390625,0.0,0.0,1426,686,538.0,499.0
2026-06-18T22:10:05.237649+00:00,,97.0175390625,0.0,0.0,1426,686,538.0,499.0
2026-06-18T22:10:05.337670+00:00,,96.8575390625,0.0,0.0,1426,686,538.0,499.0
2026-06-18T22:10:05.437823+00:00,,96.6975390625,0.0,0.0,1426,686,538.0,499.0
2026-06-18T22:10:05.555708+00:00,,96.5575390625,0.1333333333338184,0.0,1436,686,165.0,499.0
2026-06-18T22:10:05.637894+00:00,,96.4175390625,0.2680000000000291,0.0,1446,686,163.0,499.0
2026-06-18T22:10:05.738701+00:00,,96.2575390625,0.4013333333338475,0.0,1456,686,123.0,499.0
2026-06-18T22:10:05.838712+00:00,,96.1175390625,0.5346666666664532,0.0,1467,686,106.0,499.0
2026-06-18T22:10:05.938822+00:00,,95.9575390625,0.6680000000002716,0.0,1477,686,101.0,499.0
2026-06-18T22:10:06.038716+00:00,,95.8175390625,0.8013333333328774,0.0,1487,686,36.0,499.0
2026-06-18T22:10:06.138723+00:00,,95.7375390625,0.9346666666666957,0.0,1497,686,208.0,499.0
2026-06-18T22:10:06.238743+00:00,,95.5975390625,1.068000000000514,0.0,1507,686,25.0,499.0
2026-06-18T22:10:06.338747+00:00,,95.43753906250001,1.20133333333312,0.0,1517,686,122.0,499.0
2026-06-18T22:10:06.437871+00:00,,95.2775390625,1.3346666666669382,0.0,1527,686,100.0,499.0
2026-06-18T22:10:06.538825+00:00,,95.1375390625,1.4679999999995441,0.0,1537,686,94.0,499.0
2026-06-18T22:10:06.638840+00:00,,94.9975390625,1.6013333333333624,0.0,1547,686,99.0,499.0
2026-06-18T22:10:06.738797+00:00,,94.8375390625,1.7346666666671808,0.0,1558,686,213.0,499.0
2026-06-18T22:10:06.838300+00:00,,94.6975390625,1.8679999999997865,0.0,1568,686,9.0,499.0
2026-06-18T22:10:06.938053+00:00,,94.5375390625,2.0,0.0,1578,686,123.0,499.0
2026-06-18T22:10:07.038874+00:00,,94.3975390625,2.0,0.0,1578,686,109.0,499.0
2026-06-18T22:10:07.138809+00:00,,94.226416015625,2.0,0.0,1578,686,534.0,499.0
2026-06-18T22:10:07.238824+00:00,,94.14641601562501,2.0,0.0,1578,686,538.0,499.0
2026-06-18T22:10:07.338116+00:00,,94.006416015625,2.0,0.0,1578,686,538.0,499.0
2026-06-18T22:10:07.437994+00:00,,93.846416015625,2.0,0.0,1578,686,538.0,499.0
2026-06-18T22:10:07.538914+00:00,,93.706416015625,2.0,0.0,1578,686,538.0,499.0
2026-06-18T22:10:07.638846+00:00,,93.546416015625,2.0,0.0,1578,686,538.0,499.0
2026-06-18T22:10:07.739185+00:00,,93.406416015625,2.0,0.0,1578,686,538.0,499.0
2026-06-18T22:10:07.838952+00:00,,93.246416015625,2.0,0.0,1578,686,538.0,499.0
2026-06-18T22:10:07.939957+00:00,,93.106416015625,2.0,0.0,1578,686,538.0,499.0
2026-06-18T22:10:08.039867+00:00,,92.946416015625,2.0,0.0,1578,686,538.0,499.0
2026-06-18T22:10:08.138911+00:00,,92.806416015625,2.0,0.0,1578,686,538.0,499.0
2026-06-18T22:10:08.238924+00:00,,92.64641601562501,2.0,0.0,1578,686,538.0,499.0
2026-06-18T22:10:08.339898+00:00,,92.566416015625,2.0,0.0,1578,686,538.0,499.0
2026-06-18T22:10:08.438963+00:00,,92.42641601562501,2.0,0.0,1578,686,538.0,499.0
2026-06-18T22:10:08.539987+00:00,,92.266416015625,2.0,0.0,1578,686,538.0,499.0
2026-06-18T22:10:08.639921+00:00,,92.126416015625,2.0,0.0,1578,686,538.0,499.0
2026-06-18T22:10:08.738008+00:00,,91.966416015625,2.0,0.0,1578,686,538.0,499.0
2026-06-18T22:10:08.839685+00:00,,91.826416015625,2.0,0.0,1578,686,538.0,499.0
2026-06-18T22:10:08.938990+00:00,,91.686416015625,2.0,0.0,1578,686,538.0,499.0
2026-06-18T22:10:09.038204+00:00,,91.526416015625,2.0,0.0,1578,686,538.0,499.0
2026-06-18T22:10:09.139128+00:00,,91.386416015625,2.0,0.0,1578,686,538.0,499.0
2026-06-18T22:10:09.239015+00:00,,91.246416015625,2.0,0.0,1578,686,538.0,499.0
2026-06-18T22:10:09.338498+00:00,,91.086416015625,2.0,0.0,1578,686,538.0,499.0
2026-06-18T22:10:09.438266+00:00,,90.946416015625,2.0,0.0,1578,686,538.0,499.0
2026-06-18T22:10:09.539198+00:00,,90.806416015625,2.0,0.0,1578,686,538.0,499.0
2026-06-18T22:10:09.639004+00:00,,90.726240234375,2.0,0.0,1578,686,538.0,499.0
2026-06-18T22:10:09.739566+00:00,,90.56375976562501,2.0,0.0,1578,686,538.0,499.0
2026-06-18T22:10:09.840382+00:00,,90.419150390625,2.0,0.0,1578,686,538.0,499.0
2026-06-18T22:10:09.940252+00:00,,90.2510546875,2.0,0.0,1578,686,538.0,499.0
2026-06-18T22:10:10.039890+00:00,,90.10146484375001,2.0,0.0,1578,686,538.0,499.0
2026-06-18T22:10:10.139633+00:00,,89.927607421875,2.0,0.0,1578,686,538.0,499.0
2026-06-18T22:10:10.240422+00:00,,89.77291015625,2.0,0.0,1578,686,538.0,499.0
2026-06-18T22:10:10.340188+00:00,,89.593134765625,2.0,0.0,1578,686,538.0,499.0
2026-06-18T22:10:10.440976+00:00,,89.433193359375,2.0,0.0,1578,686,538.0,499.0
2026-06-18T22:10:10.540182+00:00,,89.270771484375,2.0,0.0,1578,686,538.0,499.0
2026-06-18T22:10:10.639458+00:00,,89.082060546875,2.0,0.0,1578,686,538.0,499.0
2026-06-18T22:10:10.739247+00:00,,88.91419921875,2.0,0.0,1578,686,538.0,499.0
2026-06-18T22:10:10.841125+00:00,,88.81712890625,2.0,0.0,1578,686,538.0,499.0
2026-06-18T22:10:10.940124+00:00,,88.620439453125,2.0,0.0,1578,686,538.0,499.0
2026-06-18T22:10:11.041102+00:00,,88.445517578125,2.0,0.0,1578,686,538.0,499.0
2026-06-18T22:10:11.140154+00:00,,88.26794921875,2.0,0.0,1578,686,538.0,499.0
2026-06-18T22:10:11.240130+00:00,,88.061728515625,2.0,0.0,1578,686,538.0,499.0
2026-06-18T22:10:11.341322+00:00,,87.87837890625,2.0,0.0,1578,686,538.0,499.0
2026-06-18T22:10:11.440176+00:00,,87.665478515625,2.0,0.0,1578,686,538.0,499.0
2026-06-18T22:10:11.560204+00:00,,87.47623046875,0.0,0.0,1426,686,45.0,499.0
2026-06-18T22:10:11.640233+00:00,,87.256513671875,0.0,0.0,1426,686,174.0,499.0
2026-06-18T22:10:11.740172+00:00,,87.068193359375,0.0,0.0,1426,686,54.0,499.0
2026-06-18T22:10:11.841167+00:00,,86.83298828125,0.0,0.0,1426,686,29.0,499.0
2026-06-18T22:10:11.941173+00:00,,86.62390625,0.0,0.0,1426,686,131.0,499.0
2026-06-18T22:10:12.040277+00:00,,86.381181640625,0.0,0.0,1426,686,538.0,499.0
2026-06-18T22:10:12.140197+00:00,,86.289111328125,0.0,0.0,1426,686,538.0,499.0
2026-06-18T22:10:12.240214+00:00,,86.04078125,0.0,0.0,1426,686,538.0,499.0
2026-06-18T22:10:12.341205+00:00,,85.82010742187501,0.0,0.0,1426,686,538.0,499.0
2026-06-18T22:10:12.441216+00:00,,85.56400390625001,0.0,0.0,1426,686,538.0,499.0
2026-06-18T22:10:12.542311+00:00,,85.336474609375,0.0,0.0,1426,686,538.0,499.0
2026-06-18T22:10:12.642200+00:00,,85.072470703125,0.0,0.0,1426,686,538.0,499.0
2026-06-18T22:10:12.743249+00:00,,84.83796875,0.0,0.0,1426,686,538.0,499.0
2026-06-18T22:10:12.842485+00:00,,84.565927734375,0.0,0.0,1426,686,538.0,499.0
2026-06-18T22:10:12.942279+00:00,,84.3243359375,0.0,0.0,1426,686,538.0,499.0
2026-06-18T22:10:13.042240+00:00,,84.079404296875,0.0,0.0,1426,686,538.0,499.0
2026-06-18T22:10:13.142264+00:00,,83.795361328125,0.0,0.0,1426,686,538.0,499.0
2026-06-18T22:10:13.242275+00:00,,83.50689453125,0.0,0.0,1426,686,538.0,499.0
2026-06-18T22:10:13.342455+00:00,,83.250830078125,0.0,0.0,1426,686,538.0,499.0
2026-06-18T22:10:13.442282+00:00,,83.10295898437501,0.0,0.0,1426,686,538.0,499.0
2026-06-18T22:10:13.543327+00:00,,82.80385742187501,0.0,0.0,1426,686,538.0,499.0
2026-06-18T22:10:13.642295+00:00,,82.538427734375,0.0,0.0,1426,686,538.0,499.0
2026-06-18T22:10:13.742306+00:00,,82.230810546875,0.0,0.0,1426,686,538.0,499.0
2026-06-18T22:10:13.842484+00:00,,81.957890625,0.0,0.0,1426,686,538.0,499.0
2026-06-18T22:10:13.942305+00:00,,81.6416796875,0.0,0.0,1426,686,538.0,499.0
2026-06-18T22:10:14.042311+00:00,,81.3612060546875,0.0,0.0,1426,686,538.0,499.0
2026-06-18T22:10:14.142358+00:00,,81.0363134765625,0.0,0.0,1426,686,538.0,499.0
2026-06-18T22:10:14.242338+00:00,,80.7482177734375,0.0,0.0,1426,686,538.0,499.0
2026-06-18T22:10:14.342502+00:00,,80.41458984375001,0.0,0.0,1426,686,538.0,499.0
2026-06-18T22:10:14.443356+00:00,,80.118818359375,0.0,0.0,1426,686,538.0,499.0
2026-06-18T22:10:14.543410+00:00,,79.77639160156251,0.0,0.0,1426,686,538.0,499.0
2026-06-18T22:10:14.643338+00:00,,79.4729052734375,0.0,0.0,1426,686,538.0,499.0
2026-06-18T22:10:14.743366+00:00,,79.297861328125,0.0,0.0,1426,686,538.0,499.0
2026-06-18T22:10:14.843569+00:00,,78.9886962890625,0.0,0.0,1426,686,538.0,499.0
2026-06-18T22:10:14.943569+00:00,,78.630927734375,0.0,0.0,1426,686,538.0,499.0
2026-06-18T22:10:15.043398+00:00,,78.31400390625001,0.0,0.0,1426,686,538.0,499.0
2026-06-18T22:10:15.143398+00:00,,77.99344726562501,0.0,0.0,1426,686,538.0,499.0
2026-06-18T22:10:15.243424+00:00,,77.6226611328125,0.0,0.0,1426,686,538.0,499.0
2026-06-18T22:10:15.342740+00:00,,77.247138671875,0.0,0.0,1426,686,538.0,499.0
2026-06-18T22:10:15.443503+00:00,,76.9146728515625,0.0,0.0,1426,686,538.0,499.0
2026-06-18T22:10:15.544479+00:00,,76.57859375,0.0,0.0,1426,686,538.0,499.0
2026-06-18T22:10:15.644430+00:00,,76.1900732421875,0.0,0.0,1426,686,538.0,499.0
2026-06-18T22:10:15.745465+00:00,,75.8462548828125,0.0,0.0,1426,686,538.0,499.0
2026-06-18T22:10:15.844607+00:00,,75.4489208984375,0.0,0.0,1426,686,538.0,499.0
2026-06-18T22:10:15.946459+00:00,,75.097412109375,0.0,0.0,1426,686,538.0,499.0
2026-06-18T22:10:16.045467+00:00,,74.8949462890625,0.0,0.0,1426,686,538.0,499.0
2026-06-18T22:10:16.145476+00:00,,74.53783203125,0.0,0.0,1426,686,538.0,499.0
2026-06-18T22:10:16.245499+00:00,,74.1253515625,0.0,0.0,1426,686,538.0,499.0
2026-06-18T22:10:16.344681+00:00,,73.7606494140625,0.0,0.0,1426,686,538.0,499.0
2026-06-18T22:10:16.445568+00:00,,73.3924365234375,0.0,0.0,1426,686,538.0,499.0
2026-06-18T22:10:16.545549+00:00,,72.9673486328125,0.0,0.0,1426,686,538.0,499.0
2026-06-18T22:10:16.644598+00:00,,72.5916796875,0.0,0.0,1426,686,538.0,499.0
2026-06-18T22:10:16.745368+00:00,,72.1581298828125,0.0,0.0,1426,686,538.0,499.0
2026-06-18T22:10:16.845146+00:00,,71.7751123046875,0.0,0.0,1426,686,538.0,499.0
2026-06-18T22:10:16.944907+00:00,,71.3332373046875,0.0,0.0,1426,686,538.0,499.0
2026-06-18T22:10:17.044670+00:00,,70.9430029296875,0.0,0.0,1426,686,538.0,499.0
2026-06-18T22:10:17.145465+00:00,,70.5494482421875,0.0,0.0,1426,686,538.0,499.0
2026-06-18T22:10:17.245219+00:00,,70.09564453125,0.0,0.0,1426,686,538.0,499.0
2026-06-18T22:10:17.344981+00:00,,69.8671484375,0.0,0.0,1426,686,538.0,499.0
2026-06-18T22:10:17.445740+00:00,,69.4647509765625,0.0,0.0,1426,686,538.0,499.0
2026-06-18T22:10:17.563489+00:00,,69.000966796875,0.0,0.8000000000029104,1426,731,538.0,60.0
2026-06-18T22:10:17.644601+00:00,,68.591787109375,0.0,1.5999999999985448,1426,776,538.0,122.0
2026-06-18T22:10:17.745046+00:00,,68.120361328125,0.0,2.400000000001455,1426,821,538.0,42.0
2026-06-18T22:10:17.845818+00:00,,67.70458984375,0.0,3.2000000000043656,1426,866,538.0,43.0
2026-06-18T22:10:17.945592+00:00,,67.225751953125,0.0,4.0,1426,911,538.0,9.0
2026-06-18T22:10:18.045367+00:00,,66.803603515625,0.0,4.80000000000291,1426,956,538.0,37.0
2026-06-18T22:10:18.145114+00:00,,66.32059570312501,0.0,5.599999999998545,1426,1001,538.0,98.0
2026-06-18T22:10:18.244649+00:00,,65.737998046875,0.0,6.400000000001455,1426,1046,538.0,29.0
2026-06-18T22:10:18.344816+00:00,,65.1259765625,0.0,7.200000000004366,1426,1090,538.0,126.0
2026-06-18T22:10:18.444671+00:00,,64.3181884765625,0.0,8.0,1426,1135,538.0,151.0
2026-06-18T22:10:18.544703+00:00,,63.873676757812504,0.0,8.80000000000291,1426,1180,538.0,83.0
2026-06-18T22:10:18.645662+00:00,,63.0334033203125,0.0,9.599999999998545,1426,1225,538.0,104.0
2026-06-18T22:10:18.745699+00:00,,62.120361328125,0.0,10.400000000001455,1426,1270,538.0,185.0
2026-06-18T22:10:18.845828+00:00,,60.95759765625,0.0,11.20799999999872,1426,1316,538.0,127.0
2026-06-18T22:10:18.946716+00:00,,59.8889599609375,0.0,12.0,1426,1360,538.0,78.0
2026-06-18T22:10:19.064725+00:00,,58.5806591796875,0.0,12.0,1426,1360,538.0,170.0
2026-06-18T22:10:19.145812+00:00,,57.404125976562504,0.0,12.0,1426,1360,538.0,142.0
2026-06-18T22:10:19.246715+00:00,,55.931513671875,0.0,12.0,1426,1360,538.0,499.0
2026-06-18T22:10:19.346878+00:00,,54.6518798828125,0.0,12.0,1426,1360,538.0,499.0
2026-06-18T22:10:19.446751+00:00,,53.2101318359375,0.0,12.0,1426,1360,538.0,499.0
2026-06-18T22:10:19.546773+00:00,,51.967158203125,0.0,12.0,1426,1360,538.0,499.0
2026-06-18T22:10:19.646753+00:00,,50.568310546875004,0.0,12.0,1426,1360,538.0,499.0
2026-06-18T22:10:19.746752+00:00,,49.87771484375,0.0,12.0,1426,1360,538.0,499.0
2026-06-18T22:10:19.846897+00:00,,48.683544921875004,0.0,12.0,1426,1360,538.0,499.0
2026-06-18T22:10:19.946853+00:00,,47.341494140625,0.0,12.0,1426,1360,538.0,499.0
2026-06-18T22:10:20.047320+00:00,,46.187343750000004,0.0,12.0,1426,1360,538.0,499.0
2026-06-18T22:10:20.146755+00:00,,44.891640625,0.0,12.0,1426,1360,538.0,499.0
2026-06-18T22:10:20.249219+00:00,,43.778515625000004,0.0,12.0,1426,1360,538.0,499.0
2026-06-18T22:10:20.347862+00:00,,42.684794921875,0.0,12.0,1426,1360,538.0,499.0
2026-06-18T22:10:20.446883+00:00,,41.4587451171875,0.0,12.0,1426,1360,538.0,499.0
2026-06-18T22:10:20.547824+00:00,,40.406994628906254,0.0,12.0,1426,1360,538.0,499.0
2026-06-18T22:10:20.647803+00:00,,39.22913330078125,0.0,12.0,1426,1360,538.0,499.0
2026-06-18T22:10:20.748108+00:00,,38.219677734375004,0.0,12.0,1426,1360,538.0,499.0
2026-06-18T22:10:20.848895+00:00,,37.09023193359375,0.0,12.0,1426,1360,538.0,499.0
2026-06-18T22:10:20.948816+00:00,,36.53519287109375,0.0,12.0,1426,1360,538.0,499.0
2026-06-18T22:10:21.048825+00:00,,35.5793896484375,0.0,12.0,1426,1360,538.0,499.0
2026-06-18T22:10:21.147860+00:00,,34.511171875,0.0,12.0,1426,1360,538.0,499.0
2026-06-18T22:10:21.247867+00:00,,33.58692138671875,0.0,12.0,1426,1360,538.0,499.0
2026-06-18T22:10:21.348974+00:00,,32.5319970703125,0.0,12.0,1426,1360,538.0,499.0
2026-06-18T22:10:21.447896+00:00,,31.63115234375,0.0,12.0,1426,1360,538.0,499.0
2026-06-18T22:10:21.548906+00:00,,30.626796875,0.0,12.0,1426,1360,538.0,499.0
2026-06-18T22:10:21.648900+00:00,,29.76982666015625,0.0,12.0,1426,1360,538.0,499.0
2026-06-18T22:10:21.748905+00:00,,28.81514404296875,0.0,12.0,1426,1360,538.0,499.0
2026-06-18T22:10:21.849987+00:00,,28.0011865234375,0.0,12.0,1426,1360,538.0,499.0
2026-06-18T22:10:21.949923+00:00,,27.09510009765625,0.0,12.0,1426,1360,538.0,499.0
2026-06-18T22:10:22.050128+00:00,,26.32314208984375,0.0,12.0,1426,1360,538.0,499.0
2026-06-18T22:10:22.149998+00:00,,25.89066650390625,0.0,12.0,1426,1360,538.0,499.0
2026-06-18T22:10:22.250945+00:00,,25.044348144531252,0.0,12.0,1426,1360,538.0,499.0
2026-06-18T22:10:22.351034+00:00,,24.32393798828125,0.0,12.0,1426,1360,538.0,499.0
2026-06-18T22:10:22.451225+00:00,,23.622019042968752,0.0,12.0,1426,1360,538.0,499.0
2026-06-18T22:10:22.551094+00:00,,22.93830810546875,0.0,12.0,1426,1360,538.0,499.0
2026-06-18T22:10:22.651955+00:00,,22.17884033203125,0.0,12.0,1426,1360,538.0,499.0
2026-06-18T22:10:22.750985+00:00,,21.44232666015625,0.0,12.0,1426,1360,538.0,499.0
2026-06-18T22:10:22.852044+00:00,,20.81634765625,0.0,12.0,1426,1360,538.0,499.0
2026-06-18T22:10:22.951076+00:00,,20.1216357421875,0.0,12.0,1426,1360,538.0,499.0
2026-06-18T22:10:23.052028+00:00,,19.5315185546875,0.0,12.0,1426,1360,538.0,499.0
2026-06-18T22:10:23.152012+00:00,,18.876964111328125,0.0,12.0,1426,1360,538.0,499.0
2026-06-18T22:10:23.252006+00:00,,18.32125244140625,0.0,12.0,1426,1360,538.0,499.0
2026-06-18T22:10:23.352053+00:00,,17.705175781250002,0.0,12.0,1426,1360,538.0,499.0
2026-06-18T22:10:23.453028+00:00,,17.182393798828127,0.0,12.0,1426,1360,538.0,499.0
2026-06-18T22:10:23.552062+00:00,,16.60310546875,0.0,12.0,1426,1360,538.0,499.0
2026-06-18T22:10:23.652061+00:00,,16.3907763671875,0.0,12.0,1426,1360,538.0,499.0
2026-06-18T22:10:23.751289+00:00,,15.8373876953125,0.0,12.0,1426,1360,538.0,499.0
2026-06-18T22:10:23.853054+00:00,,15.302265625,0.0,12.0,1426,1360,538.0,499.0
2026-06-18T22:10:23.952097+00:00,,14.784932861328125,0.0,12.0,1426,1360,538.0,499.0
2026-06-18T22:10:24.053082+00:00,,14.346485595703125,0.0,12.0,1426,1360,538.0,499.0
2026-06-18T22:10:24.153114+00:00,,13.920981445312501,0.0,12.0,1426,1360,538.0,499.0
2026-06-18T22:10:24.253102+00:00,,13.45013671875,0.0,12.0,1426,1360,538.0,499.0
2026-06-18T22:10:24.352134+00:00,,13.051318359375001,0.0,12.0,1426,1360,538.0,499.0
2026-06-18T22:10:24.452592+00:00,,12.66447021484375,0.0,12.0,1426,1360,538.0,499.0
2026-06-18T22:10:24.553361+00:00,,12.236629638671875,0.0,12.0,1426,1360,538.0,499.0
2026-06-18T22:10:24.654103+00:00,,11.823587646484375,0.0,12.0,1426,1360,538.0,499.0
2026-06-18T22:10:24.753861+00:00,,11.473970947265625,0.0,12.0,1426,1360,538.0,499.0
2026-06-18T22:10:24.853642+00:00,,11.08750244140625,0.0,12.0,1426,1360,538.0,499.0
2026-06-18T22:10:24.953402+00:00,,10.8993798828125,0.0,12.0,1426,1360,538.0,499.0
2026-06-18T22:10:25.054230+00:00,,10.57816650390625,0.0,12.0,1426,1360,538.0,499.0
2026-06-18T22:10:25.153932+00:00,,10.223231811523437,0.0,12.0,1426,1360,538.0,499.0
2026-06-18T22:10:25.254779+00:00,,9.923004150390625,0.0,12.0,1426,1360,538.0,499.0
2026-06-18T22:10:25.354468+00:00,,9.591349487304688,0.0,12.0,1426,1360,538.0,499.0
2026-06-18T22:10:25.454267+00:00,,9.310889892578125,0.0,12.0,1426,1360,538.0,499.0
2026-06-18T22:10:25.554215+00:00,,9.001152954101563,0.0,12.0,1426,1360,538.0,499.0
2026-06-18T22:10:25.654774+00:00,,8.739293823242187,0.0,12.0,1426,1360,538.0,499.0
2026-06-18T22:10:25.754493+00:00,,8.450169067382813,0.0,12.0,1426,1360,538.0,499.0
2026-06-18T22:10:25.855281+00:00,,8.205794067382813,0.0,12.0,1426,1360,538.0,499.0
2026-06-18T22:10:25.955032+00:00,,7.936034545898438,0.0,12.0,1426,1360,538.0,499.0
2026-06-18T22:10:26.053806+00:00,,7.676113891601562,0.0,12.0,1426,1360,538.0,499.0
2026-06-18T22:10:26.153571+00:00,,7.456494750976563,0.0,12.0,1426,1360,538.0,499.0
2026-06-18T22:10:26.253430+00:00,,7.214140014648438,0.0,12.0,1426,1360,538.0,499.0
2026-06-18T22:10:26.354265+00:00,,7.125572509765625,0.0,12.0,1426,1360,538.0,499.0
2026-06-18T22:10:26.453900+00:00,,6.89539794921875,0.0,12.0,1426,1360,538.0,499.0
2026-06-18T22:10:26.554288+00:00,,6.700977783203125,0.0,12.0,1426,1360,538.0,499.0
2026-06-18T22:10:26.655277+00:00,,6.486499633789062,0.0,12.0,1426,1360,538.0,499.0
2026-06-18T22:10:26.754416+00:00,,6.305369262695312,0.0,12.0,1426,1360,538.0,499.0
2026-06-18T22:10:26.854291+00:00,,6.1055859375,0.0,12.0,1426,1360,538.0,499.0
2026-06-18T22:10:26.954319+00:00,,5.936892700195313,0.0,12.0,1426,1360,538.0,499.0
2026-06-18T22:10:27.054496+00:00,,5.750856323242187,0.0,12.0,1426,1360,538.0,499.0
2026-06-18T22:10:27.154358+00:00,,5.593794555664062,0.0,12.0,1426,1360,538.0,499.0
2026-06-18T22:10:27.255448+00:00,,5.441898193359375,0.0,12.0,1426,1360,538.0,499.0
2026-06-18T22:10:27.355352+00:00,,5.2744207763671875,0.0,12.0,1426,1360,538.0,499.0
2026-06-18T22:10:27.455556+00:00,,5.133056030273438,0.0,12.0,1426,1360,538.0,499.0
2026-06-18T22:10:27.574374+00:00,,4.977211303710938,0.26933333333242143,0.0,1446,686,9.0,31.0
2026-06-18T22:10:27.656355+00:00,,4.920298461914062,0.5360000000000582,0.0,1467,686,131.0,16.0
2026-06-18T22:10:27.757492+00:00,,4.7317657470703125,0.8053333333324796,0.0,1487,686,104.0,54.0
2026-06-18T22:10:27.857583+00:00,,4.633508605957031,1.0720000000001164,0.0,1507,686,184.0,34.0
2026-06-18T22:10:27.958378+00:00,,4.555349731445313,1.341333333332538,0.0,1528,686,113.0,90.0
2026-06-18T22:10:28.059424+00:00,,4.480069580078125,1.6080000000001746,0.0,1548,686,244.0,98.0
2026-06-18T22:10:28.159399+00:00,,4.413685302734375,1.8746666666678113,0.0,1568,686,199.0,2.0
2026-06-18T22:10:28.258480+00:00,,4.331075744628906,2.141333333333023,0.0,1588,686,24.0,55.0
2026-06-18T22:10:28.358483+00:00,,4.263223266601562,2.40800000000066,0.0,1609,686,241.0,151.0
2026-06-18T22:10:28.458422+00:00,,4.18138916015625,2.674666666665871,0.0,1629,686,90.0,173.0
2026-06-18T22:10:28.558432+00:00,,4.144547729492188,2.941333333333508,0.0,1649,686,157.0,93.0
2026-06-18T22:10:28.658745+00:00,,4.11707275390625,3.2080000000011446,0.0,1669,686,83.0,122.0
2026-06-18T22:10:28.758534+00:00,,4.143060913085938,3.4746666666663564,0.0,1690,686,206.0,176.0
2026-06-18T22:10:28.858459+00:00,,4.152663269042969,3.741333333333993,0.0,1710,686,107.0,41.0
2026-06-18T22:10:28.958447+00:00,,4.1875088500976565,4.0,0.0,1729,686,83.0,61.0
2026-06-18T22:10:29.058446+00:00,,4.2574246215820315,4.0,0.0,1729,686,217.0,9.0
2026-06-18T22:10:29.158482+00:00,,4.363040466308594,4.0,0.0,1729,686,538.0,59.0
2026-06-18T22:10:29.258572+00:00,,4.517746276855469,4.0,0.0,1729,686,538.0,95.0
2026-06-18T22:10:29.358469+00:00,,4.669400024414062,4.0,0.0,1729,686,538.0,499.0
2026-06-18T22:10:29.458491+00:00,,4.83906982421875,4.0,0.0,1729,686,538.0,499.0
2026-06-18T22:10:29.558523+00:00,,4.984413146972656,4.0,0.0,1729,686,538.0,499.0
2026-06-18T22:10:29.658497+00:00,,5.1470446777343755,4.0,0.0,1729,686,538.0,499.0
2026-06-18T22:10:29.759605+00:00,,5.286377563476562,4.0,0.0,1729,686,538.0,499.0
2026-06-18T22:10:29.859519+00:00,,5.442303466796875,4.0,0.0,1729,686,538.0,499.0
2026-06-18T22:10:29.959524+00:00,,5.59478271484375,4.0,0.0,1729,686,538.0,499.0
2026-06-18T22:10:30.059525+00:00,,5.72544189453125,4.0,0.0,1729,686,538.0,499.0
2026-06-18T22:10:30.159525+00:00,,5.798970947265625,4.0,0.0,1729,686,538.0,499.0
2026-06-18T22:10:30.259629+00:00,,5.9257006835937505,4.0,0.0,1729,686,538.0,499.0
2026-06-18T22:10:30.359596+00:00,,6.067560424804688,4.0,0.0,1729,686,538.0,499.0
2026-06-18T22:10:30.459618+00:00,,6.1891455078125,4.0,0.0,1729,686,538.0,499.0
2026-06-18T22:10:30.558585+00:00,,6.308410034179688,4.0,0.0,1729,686,538.0,499.0
2026-06-18T22:10:30.659571+00:00,,6.4419360351562505,4.0,0.0,1729,686,538.0,499.0
2026-06-18T22:10:30.759859+00:00,,6.572568969726563,4.0,0.0,1729,686,538.0,499.0
2026-06-18T22:10:30.859656+00:00,,6.684555664062501,4.0,0.0,1729,686,538.0,499.0
2026-06-18T22:10:30.960597+00:00,,6.809952392578126,4.0,0.0,1729,686,538.0,499.0
2026-06-18T22:10:31.060598+00:00,,6.932653198242187,4.0,0.0,1729,686,538.0,499.0
2026-06-18T22:10:31.160614+00:00,,7.037855834960937,4.0,0.0,1729,686,538.0,499.0
2026-06-18T22:10:31.260755+00:00,,7.141085815429688,4.0,0.0,1729,686,538.0,499.0
2026-06-18T22:10:31.360627+00:00,,7.256699829101563,4.0,0.0,1729,686,538.0,499.0
2026-06-18T22:10:31.460637+00:00,,7.313579711914063,4.0,0.0,1729,686,538.0,499.0
2026-06-18T22:10:31.560667+00:00,,7.41166015625,4.0,0.0,1729,686,538.0,499.0
2026-06-18T22:10:31.660647+00:00,,7.507915649414063,4.0,0.0,1729,686,538.0,499.0
2026-06-18T22:10:31.760708+00:00,,7.615735473632813,4.0,0.0,1729,686,538.0,499.0
2026-06-18T22:10:31.860661+00:00,,7.70820556640625,4.0,0.0,1729,686,538.0,499.0
2026-06-18T22:10:31.960663+00:00,,7.811795043945312,4.0,0.0,1729,686,538.0,499.0
2026-06-18T22:10:32.059681+00:00,,7.900643920898438,4.0,0.0,1729,686,538.0,499.0
2026-06-18T22:10:32.160682+00:00,,8.000184936523437,4.0,0.0,1729,686,538.0,499.0
2026-06-18T22:10:32.259730+00:00,,8.08556884765625,4.0,0.0,1729,686,538.0,499.0
2026-06-18T22:10:32.360173+00:00,,8.181234130859375,4.0,0.0,1729,686,538.0,499.0
2026-06-18T22:10:32.459929+00:00,,8.263300170898438,4.0,0.0,1729,686,538.0,499.0
2026-06-18T22:10:32.559785+00:00,,8.3438671875,4.0,0.0,1729,686,538.0,499.0
2026-06-18T22:10:32.660450+00:00,,8.389243164062501,4.0,0.0,1729,686,538.0,499.0
2026-06-18T22:10:32.760253+00:00,,8.478577880859374,4.0,0.0,1729,686,538.0,499.0
2026-06-18T22:10:32.859985+00:00,,8.555222778320312,4.0,0.0,1729,686,538.0,499.0
2026-06-18T22:10:32.959841+00:00,,8.641114501953124,4.0,0.0,1729,686,538.0,499.0
2026-06-18T22:10:33.060550+00:00,,8.714810180664063,4.0,0.0,1729,686,538.0,499.0
2026-06-18T22:10:33.160308+00:00,,8.79740234375,4.0,0.0,1729,686,538.0,499.0
2026-06-18T22:10:33.260082+00:00,,8.868272705078125,4.0,0.0,1729,686,538.0,499.0
2026-06-18T22:10:33.360853+00:00,,8.94770263671875,4.0,0.0,1729,686,538.0,499.0
2026-06-18T22:10:33.460622+00:00,,9.015863647460938,4.0,0.0,1729,686,538.0,499.0
2026-06-18T22:10:33.877732+00:00,,9.092262573242188,0.0,0.0,1426,686,72.0,499.0
2026-06-18T22:10:34.277773+00:00,,8.847339477539062,0.0,3.7426666666651727,1426,896,120.0,81.0
2026-06-18T22:10:34.362899+00:00,,8.279627075195313,0.0,7.49466666666558,1426,1107,538.0,112.0
2026-06-18T22:10:34.463870+00:00,,8.111716308593751,0.0,8.427999999993819,1426,1159,538.0,165.0
2026-06-18T22:10:34.562896+00:00,,8.023825683593751,0.0,9.361333333330549,1426,1212,538.0,21.0
2026-06-18T22:10:34.664176+00:00,,7.915817871093751,0.0,10.294666666658788,1426,1264,538.0,152.0
2026-06-18T22:10:34.763903+00:00,,7.838570556640625,0.0,11.227999999995518,1426,1317,538.0,179.0
2026-06-18T22:10:34.863917+00:00,,7.7334326171875,0.0,12.170666666658992,1426,1370,538.0,18.0
2026-06-18T22:10:34.964920+00:00,,7.608668212890625,0.0,13.103999999995722,1426,1422,538.0,122.0
2026-06-18T22:10:35.063953+00:00,,7.485863037109375,0.0,14.0,1426,1473,538.0,11.0
2026-06-18T22:10:35.164073+00:00,,7.321968994140625,0.0,14.0,1426,1473,538.0,183.0
2026-06-18T22:10:35.263929+00:00,,7.147396850585937,0.0,14.0,1426,1473,538.0,29.0
2026-06-18T22:10:35.364961+00:00,,7.06935546875,0.0,14.0,1426,1473,538.0,8.0
2026-06-18T22:10:35.464966+00:00,,6.867799682617187,0.0,14.0,1426,1473,538.0,80.0
2026-06-18T22:10:35.565051+00:00,,6.680672607421875,0.0,14.0,1426,1473,538.0,136.0
2026-06-18T22:10:35.664074+00:00,,6.423512573242188,0.0,14.0,1426,1473,538.0,499.0
2026-06-18T22:10:35.764274+00:00,,6.158522338867187,0.0,14.0,1426,1473,538.0,499.0
2026-06-18T22:10:35.864981+00:00,,5.93541259765625,0.0,14.0,1426,1473,538.0,499.0
2026-06-18T22:10:35.964982+00:00,,5.690077514648437,0.0,14.0,1426,1473,538.0,499.0
2026-06-18T22:10:36.064979+00:00,,5.483558349609375,0.0,14.0,1426,1473,538.0,499.0
2026-06-18T22:10:36.165096+00:00,,5.256509399414063,0.0,14.0,1426,1473,538.0,499.0
2026-06-18T22:10:36.264075+00:00,,5.065418701171875,0.0,14.0,1426,1473,538.0,499.0
2026-06-18T22:10:36.365013+00:00,,4.855369873046875,0.0,14.0,1426,1473,538.0,499.0
2026-06-18T22:10:36.465020+00:00,,4.678616638183594,0.0,14.0,1426,1473,538.0,499.0
2026-06-18T22:10:36.566041+00:00,,4.484360046386719,0.0,14.0,1426,1473,538.0,499.0
2026-06-18T22:10:36.665188+00:00,,4.390234375,0.0,14.0,1426,1473,538.0,499.0
2026-06-18T22:10:36.766024+00:00,,4.230182189941407,0.0,14.0,1426,1473,538.0,499.0
2026-06-18T22:10:36.865043+00:00,,4.05431396484375,0.0,14.0,1426,1473,538.0,499.0
2026-06-18T22:10:36.966046+00:00,,3.9063739013671874,0.0,14.0,1426,1473,538.0,499.0
2026-06-18T22:10:37.065059+00:00,,3.7637814331054686,0.0,14.0,1426,1473,538.0,499.0
2026-06-18T22:10:37.165145+00:00,,3.6071292114257814,0.0,14.0,1426,1473,538.0,499.0
2026-06-18T22:10:37.266062+00:00,,3.4569519042968753,0.0,14.0,1426,1473,538.0,499.0
2026-06-18T22:10:37.365093+00:00,,3.330655517578125,0.0,14.0,1426,1473,538.0,499.0
2026-06-18T22:10:37.466111+00:00,,3.1919314575195314,0.0,14.0,1426,1473,538.0,499.0
2026-06-18T22:10:37.565151+00:00,,3.0752801513671875,0.0,14.0,1426,1473,538.0,499.0
2026-06-18T22:10:37.666135+00:00,,2.9471643066406252,0.0,14.0,1426,1473,538.0,499.0
2026-06-18T22:10:37.766115+00:00,,2.839444580078125,0.0,14.0,1426,1473,538.0,499.0
2026-06-18T22:10:37.867127+00:00,,2.779667663574219,0.0,14.0,1426,1473,538.0,499.0
2026-06-18T22:10:37.967144+00:00,,2.678072814941406,0.0,14.0,1426,1473,538.0,499.0
2026-06-18T22:10:38.066143+00:00,,2.566512145996094,0.0,14.0,1426,1473,538.0,499.0
2026-06-18T22:10:38.167185+00:00,,2.4596133422851563,0.0,14.0,1426,1473,538.0,499.0
2026-06-18T22:10:38.267155+00:00,,2.3697515869140626,0.0,14.0,1426,1473,538.0,499.0
2026-06-18T22:10:38.366249+00:00,,2.271087646484375,0.0,14.0,1426,1473,538.0,499.0
2026-06-18T22:10:38.467173+00:00,,2.188155212402344,0.0,14.0,1426,1473,538.0,499.0
2026-06-18T22:10:38.567374+00:00,,2.0971063232421874,0.0,14.0,1426,1473,538.0,499.0
2026-06-18T22:10:38.667493+00:00,,2.020580291748047,0.0,14.0,1426,1473,538.0,499.0
2026-06-18T22:10:38.767264+00:00,,1.9365710449218752,0.0,14.0,1426,1473,538.0,499.0
2026-06-18T22:10:38.867187+00:00,,1.8659664916992187,0.0,14.0,1426,1473,538.0,499.0
2026-06-18T22:10:38.967200+00:00,,1.7884628295898437,0.0,14.0,1426,1473,538.0,499.0
2026-06-18T22:10:39.067545+00:00,,1.723330078125,0.0,14.0,1426,1473,538.0,499.0
2026-06-18T22:10:39.167333+00:00,,1.6518370056152345,0.0,14.0,1426,1473,538.0,499.0
2026-06-18T22:10:39.267212+00:00,,1.6172294616699219,0.0,14.0,1426,1473,538.0,499.0
2026-06-18T22:10:39.368261+00:00,,1.558433074951172,0.0,14.0,1426,1473,538.0,499.0
2026-06-18T22:10:39.467239+00:00,,1.4938996887207032,0.0,14.0,1426,1473,538.0,499.0
2026-06-18T22:10:39.567488+00:00,,1.4396737670898438,0.0,14.0,1426,1473,538.0,499.0
2026-06-18T22:10:39.669513+00:00,,1.3874591064453126,0.0,14.0,1426,1473,538.0,499.0
2026-06-18T22:10:39.769251+00:00,,1.3301541137695312,0.0,14.0,1426,1473,538.0,499.0
2026-06-18T22:10:39.868308+00:00,,1.2820053100585938,0.0,14.0,1426,1473,538.0,499.0
2026-06-18T22:10:39.968307+00:00,,1.2291647338867189,0.0,14.0,1426,1473,538.0,499.0
2026-06-18T22:10:40.067430+00:00,,1.1847689819335938,0.0,14.0,1426,1473,538.0,499.0
2026-06-18T22:10:40.168037+00:00,,1.1360491943359374,0.0,14.0,1426,1473,538.0,499.0
2026-06-18T22:10:40.267784+00:00,,1.0893956756591796,0.0,14.0,1426,1473,538.0,499.0
2026-06-18T22:10:40.367564+00:00,,1.0502005004882813,0.0,14.0,1426,1473,538.0,499.0
2026-06-18T22:10:40.468478+00:00,,1.0071903228759767,0.0,14.0,1426,1473,538.0,499.0
2026-06-18T22:10:40.568098+00:00,,0.9863749694824219,0.0,14.0,1426,1473,538.0,499.0
2026-06-18T22:10:40.667840+00:00,,0.9510177612304688,0.0,14.0,1426,1473,538.0,499.0
2026-06-18T22:10:40.768647+00:00,,0.9122206878662109,0.0,14.0,1426,1473,538.0,499.0
2026-06-18T22:10:40.867417+00:00,,0.8796284484863282,0.0,14.0,1426,1473,538.0,499.0
2026-06-18T22:10:40.968191+00:00,,0.8438665008544922,0.0,14.0,1426,1473,538.0,499.0
2026-06-18T22:10:41.067932+00:00,,0.8138248443603516,0.0,14.0,1426,1473,538.0,499.0
2026-06-18T22:10:41.168710+00:00,,0.7808624267578125,0.0,14.0,1426,1473,538.0,499.0
2026-06-18T22:10:41.268481+00:00,,0.7531732177734375,0.0,14.0,1426,1473,538.0,499.0
2026-06-18T22:10:41.368402+00:00,,0.7227928161621094,0.0,14.0,1426,1473,538.0,499.0
2026-06-18T22:10:41.468001+00:00,,0.6972732543945312,0.0,14.0,1426,1473,538.0,499.0
2026-06-18T22:10:41.567780+00:00,,0.6692738342285156,0.0,14.0,1426,1473,538.0,499.0
2026-06-18T22:10:41.668517+00:00,,0.6424676513671875,0.0,14.0,1426,1473,538.0,499.0
2026-06-18T22:10:41.768299+00:00,,0.6327125930786133,0.0,14.0,1426,1473,538.0,499.0
2026-06-18T22:10:41.869047+00:00,,0.6074649047851562,0.0,14.0,1426,1473,538.0,499.0
2026-06-18T22:10:41.967822+00:00,,0.5832938003540039,0.0,14.0,1426,1473,538.0,499.0
2026-06-18T22:10:42.069612+00:00,,0.5629912948608399,0.0,14.0,1426,1473,538.0,499.0
2026-06-18T22:10:42.169436+00:00,,0.5407172012329101,0.0,14.0,1426,1473,538.0,499.0
2026-06-18T22:10:42.269504+00:00,,0.5220084381103516,0.0,14.0,1426,1473,538.0,499.0
2026-06-18T22:10:42.369480+00:00,,0.5040002059936524,0.0,14.0,1426,1473,538.0,499.0
2026-06-18T22:10:42.469490+00:00,,0.48424373626708983,0.0,14.0,1426,1473,538.0,499.0
2026-06-18T22:10:42.588632+00:00,,0.4653307342529297,0.3999999999978172,0.0,1456,686,34.0,67.0
2026-06-18T22:10:42.669493+00:00,,0.4494455718994141,0.7999999999992724,0.0,1487,686,94.0,142.0
2026-06-18T22:10:42.769515+00:00,,0.3922659683227539,1.2000000000007276,0.0,1517,686,4.0,169.0
2026-06-18T22:10:42.869504+00:00,,0.43004608154296875,1.5999999999985448,0.0,1547,686,103.0,31.0
2026-06-18T22:10:42.969624+00:00,,0.4647570037841797,2.0,0.0,1578,686,6.0,84.0
2026-06-18T22:10:43.069689+00:00,,0.5160022354125977,2.399999999997817,0.0,1608,686,171.0,10.0
2026-06-18T22:10:43.169543+00:00,,0.5274191665649414,2.7999999999992724,0.0,1638,686,162.0,14.0
2026-06-18T22:10:43.269547+00:00,,0.56083740234375,3.2000000000007276,0.0,1669,686,282.0,133.0
2026-06-18T22:10:43.369647+00:00,,0.6291416549682617,3.599999999998545,0.0,1699,686,192.0,27.0
2026-06-18T22:10:43.469560+00:00,,0.7292792510986328,4.0,0.0,1729,686,116.0,159.0
2026-06-18T22:10:43.569745+00:00,,0.85567626953125,4.399999999997817,0.0,1760,686,175.0,153.0
2026-06-18T22:10:43.669596+00:00,,1.0234870910644531,4.799999999999272,0.0,1790,686,256.0,170.0
2026-06-18T22:10:43.769679+00:00,,1.246323699951172,5.2039999999979045,0.0,1821,686,12.0,11.0
2026-06-18T22:10:43.869587+00:00,,1.4964408874511719,5.599999999998545,0.0,1851,686,124.0,196.0
2026-06-18T22:10:43.969597+00:00,,1.7999716186523438,6.0,0.0,1881,686,194.0,154.0
2026-06-18T22:10:44.069968+00:00,,2.09265869140625,6.0,0.0,1881,686,290.0,72.0
2026-06-18T22:10:44.169640+00:00,,2.4843342590332034,6.0,0.0,1881,686,509.0,112.0
2026-06-18T22:10:44.269622+00:00,,2.863680114746094,6.0,0.0,1881,686,538.0,499.0
2026-06-18T22:10:44.369632+00:00,,3.287042236328125,6.0,0.0,1881,686,538.0,499.0
2026-06-18T22:10:44.469698+00:00,,3.494757080078125,6.0,0.0,1881,686,538.0,499.0
2026-06-18T22:10:44.569878+00:00,,3.852059020996094,6.0,0.0,1881,686,538.0,499.0
2026-06-18T22:10:44.669646+00:00,,4.250986022949219,6.0,0.0,1881,686,538.0,499.0
2026-06-18T22:10:44.769677+00:00,,4.592045593261719,6.0,0.0,1881,686,538.0,499.0
2026-06-18T22:10:44.869692+00:00,,4.972957763671875,6.0,0.0,1881,686,538.0,499.0
2026-06-18T22:10:44.969707+00:00,,5.298715209960938,6.0,0.0,1881,686,538.0,499.0
2026-06-18T22:10:45.069858+00:00,,5.662647094726562,6.0,0.0,1881,686,538.0,499.0
2026-06-18T22:10:45.170689+00:00,,5.973973999023437,6.0,0.0,1881,686,538.0,499.0
2026-06-18T22:10:45.270702+00:00,,6.321883544921875,6.0,0.0,1881,686,538.0,499.0
2026-06-18T22:10:45.370710+00:00,,6.619588623046875,6.0,0.0,1881,686,538.0,499.0
2026-06-18T22:10:45.470727+00:00,,6.95236572265625,6.0,0.0,1881,686,538.0,499.0
2026-06-18T22:10:45.570891+00:00,,7.2371978759765625,6.0,0.0,1881,686,538.0,499.0
2026-06-18T22:10:45.671725+00:00,,7.555669555664062,6.0,0.0,1881,686,538.0,499.0
2026-06-18T22:10:45.770771+00:00,,7.71215087890625,6.0,0.0,1881,686,538.0,499.0
2026-06-18T22:10:45.871735+00:00,,7.981673583984375,6.0,0.0,1881,686,538.0,499.0
2026-06-18T22:10:45.971736+00:00,,8.283123779296876,6.0,0.0,1881,686,538.0,499.0
2026-06-18T22:10:46.071885+00:00,,8.541287841796875,6.0,0.0,1881,686,538.0,499.0
2026-06-18T22:10:46.171826+00:00,,8.79435791015625,6.0,0.0,1881,686,538.0,499.0
2026-06-18T22:10:46.272394+00:00,,9.077502441406251,6.0,0.0,1881,686,538.0,499.0
2026-06-18T22:10:46.373074+00:00,,9.320072631835938,6.0,0.0,1881,686,538.0,499.0
2026-06-18T22:10:46.473052+00:00,,9.59153076171875,6.0,0.0,1881,686,538.0,499.0
2026-06-18T22:10:46.573370+00:00,,9.824138793945313,6.0,0.0,1881,686,538.0,499.0
2026-06-18T22:10:46.671839+00:00,,10.08450439453125,6.0,0.0,1881,686,538.0,499.0
2026-06-18T22:10:46.772767+00:00,,10.3391845703125,6.0,0.0,1881,686,538.0,499.0
2026-06-18T22:10:46.872772+00:00,,10.588331298828125,6.0,0.0,1881,686,538.0,499.0
2026-06-18T22:10:46.972800+00:00,,10.80191162109375,6.0,0.0,1881,686,538.0,499.0
2026-06-18T22:10:47.072974+00:00,,11.01146484375,6.0,0.0,1881,686,538.0,499.0
2026-06-18T22:10:47.172815+00:00,,11.1294384765625,6.0,0.0,1881,686,538.0,499.0
2026-06-18T22:10:47.272809+00:00,,11.3615966796875,6.0,0.0,1881,686,538.0,499.0
2026-06-18T22:10:47.372823+00:00,,11.588817138671875,6.0,0.0,1881,686,538.0,499.0
2026-06-18T22:10:47.471873+00:00,,11.783685302734375,6.0,0.0,1881,686,538.0,499.0
2026-06-18T22:10:47.571986+00:00,,12.0019873046875,6.0,0.0,1881,686,538.0,499.0
2026-06-18T22:10:47.672848+00:00,,12.189239501953125,6.0,0.0,1881,686,538.0,499.0
2026-06-18T22:10:47.772345+00:00,,12.399046630859376,6.0,0.0,1881,686,538.0,499.0
2026-06-18T22:10:47.873122+00:00,,12.579041748046876,6.0,0.0,1881,686,538.0,499.0
2026-06-18T22:10:47.973967+00:00,,12.780751953125,6.0,0.0,1881,686,538.0,499.0
2026-06-18T22:10:48.073997+00:00,,12.978297119140626,6.0,0.0,1881,686,538.0,499.0
2026-06-18T22:10:48.173422+00:00,,13.1717822265625,6.0,0.0,1881,686,538.0,499.0
2026-06-18T22:10:48.273153+00:00,,13.24331298828125,6.0,0.0,1881,686,538.0,499.0
2026-06-18T22:10:48.373994+00:00,,13.431378173828126,6.0,0.0,1881,686,538.0,499.0
2026-06-18T22:10:48.474729+00:00,,13.59279052734375,6.0,0.0,1881,686,538.0,499.0
2026-06-18T22:10:48.593437+00:00,,13.773753662109375,0.0,0.0,1426,686,118.0,499.0
2026-06-18T22:10:48.693194+00:00,,13.929095458984376,0.0,1.066666666670547,1426,746,226.0,6.0
2026-06-18T22:10:48.774987+00:00,,14.109400634765626,0.0,2.133333333331393,1426,806,17.0,18.0
2026-06-18T22:10:48.875763+00:00,,13.910732421875,0.0,3.2000000000019404,1426,866,377.0,0.0
2026-06-18T22:10:48.975539+00:00,,13.645849609375,0.0,4.277333333331626,1426,926,538.0,7.0
2026-06-18T22:10:49.076313+00:00,,13.417562255859375,0.0,5.344000000002173,1426,986,538.0,198.0
2026-06-18T22:10:49.176112+00:00,,13.207884521484376,0.0,6.421333333331859,1426,1047,538.0,204.0
2026-06-18T22:10:49.276836+00:00,,13.027857666015626,0.0,7.477333333333566,1426,1106,538.0,21.0
2026-06-18T22:10:49.376636+00:00,,12.79090087890625,0.0,8.544000000004113,1426,1166,538.0,78.0
2026-06-18T22:10:49.476383+00:00,,12.548692626953125,0.0,9.61066666666496,1426,1226,538.0,32.0
2026-06-18T22:10:49.576186+00:00,,12.442244873046874,0.0,10.677333333335506,1426,1286,538.0,81.0
2026-06-18T22:10:49.675911+00:00,,12.154606933593751,0.0,11.744000000006054,1426,1346,538.0,18.0
2026-06-18T22:10:49.777029+00:00,,11.87189453125,0.0,12.810666666666899,1426,1406,538.0,41.0
2026-06-18T22:10:49.876477+00:00,,11.52572265625,0.0,13.877333333337447,1426,1466,538.0,63.0
2026-06-18T22:10:49.977041+00:00,,11.158267822265625,0.0,14.943999999998292,1426,1526,538.0,13.0
2026-06-18T22:10:50.076083+00:00,,10.794578857421875,0.0,16.0,1426,1585,538.0,19.0
2026-06-18T22:10:50.176060+00:00,,10.36013916015625,0.0,16.0,1426,1585,538.0,57.0
2026-06-18T22:10:50.277054+00:00,,9.936000366210937,0.0,16.0,1426,1585,538.0,468.0
2026-06-18T22:10:50.376086+00:00,,9.422889404296875,0.0,16.0,1426,1585,538.0,499.0
2026-06-18T22:10:50.476194+00:00,,8.991849975585938,0.0,16.0,1426,1585,538.0,499.0
2026-06-18T22:10:50.576134+00:00,,8.518986816406251,0.0,16.0,1426,1585,538.0,499.0
2026-06-18T22:10:50.676078+00:00,,8.29021728515625,0.0,16.0,1426,1585,538.0,499.0
2026-06-18T22:10:50.776109+00:00,,7.901786499023438,0.0,16.0,1426,1585,538.0,499.0
2026-06-18T22:10:50.876100+00:00,,7.4758630371093755,0.0,16.0,1426,1585,538.0,499.0
2026-06-18T22:10:50.976142+00:00,,7.118363647460938,0.0,16.0,1426,1585,538.0,499.0
2026-06-18T22:10:51.077138+00:00,,6.774521484375001,0.0,16.0,1426,1585,538.0,499.0
2026-06-18T22:10:51.176141+00:00,,6.397671508789062,0.0,16.0,1426,1585,538.0,499.0
2026-06-18T22:10:51.276164+00:00,,6.0373486328125,0.0,16.0,1426,1585,538.0,499.0
2026-06-18T22:10:51.376159+00:00,,5.735095825195312,0.0,16.0,1426,1585,538.0,499.0
2026-06-18T22:10:51.477168+00:00,,5.44455078125,0.0,16.0,1426,1585,538.0,499.0
2026-06-18T22:10:51.577220+00:00,,5.1262939453125,0.0,16.0,1426,1585,538.0,499.0
2026-06-18T22:10:51.676324+00:00,,4.859432983398437,0.0,16.0,1426,1585,538.0,499.0
2026-06-18T22:10:51.776189+00:00,,4.5671923828125,0.0,16.0,1426,1585,538.0,499.0
2026-06-18T22:10:51.876192+00:00,,4.3222042846679685,0.0,16.0,1426,1585,538.0,499.0
2026-06-18T22:10:51.976608+00:00,,4.1865542602539065,0.0,16.0,1426,1585,538.0,499.0
2026-06-18T22:10:52.076375+00:00,,3.9244113159179688,0.0,16.0,1426,1585,538.0,499.0
2026-06-18T22:10:52.176229+00:00,,3.7047152709960938,0.0,16.0,1426,1585,538.0,499.0
2026-06-18T22:10:52.276207+00:00,,3.493699035644531,0.0,16.0,1426,1585,538.0,499.0
2026-06-18T22:10:52.376239+00:00,,3.2627484130859377,0.0,16.0,1426,1585,538.0,499.0
2026-06-18T22:10:52.477439+00:00,,3.0692486572265625,0.0,16.0,1426,1585,538.0,499.0
2026-06-18T22:10:52.578279+00:00,,2.85750732421875,0.0,16.0,1426,1585,538.0,499.0
2026-06-18T22:10:52.678225+00:00,,2.6553775024414064,0.0,16.0,1426,1585,538.0,499.0
2026-06-18T22:10:52.777241+00:00,,2.4860688781738283,0.0,16.0,1426,1585,538.0,499.0
2026-06-18T22:10:52.877237+00:00,,2.323528289794922,0.0,16.0,1426,1585,538.0,499.0
2026-06-18T22:10:52.977257+00:00,,2.1457212829589842,0.0,16.0,1426,1585,538.0,499.0
2026-06-18T22:10:53.077314+00:00,,2.0598878479003906,0.0,16.0,1426,1585,538.0,499.0
2026-06-18T22:10:53.177275+00:00,,1.91443115234375,0.0,16.0,1426,1585,538.0,499.0
2026-06-18T22:10:53.277274+00:00,,1.755340576171875,0.0,16.0,1426,1585,538.0,499.0
2026-06-18T22:10:53.377406+00:00,,1.6221337890625,0.0,16.0,1426,1585,538.0,499.0
2026-06-18T22:10:53.477318+00:00,,1.4764591979980468,0.0,16.0,1426,1585,538.0,499.0
2026-06-18T22:10:53.577364+00:00,,1.354500274658203,0.0,16.0,1426,1585,538.0,499.0
2026-06-18T22:10:53.677300+00:00,,1.2374693298339845,0.0,16.0,1426,1585,538.0,499.0
2026-06-18T22:10:53.777392+00:00,,1.109505615234375,0.0,16.0,1426,1585,538.0,499.0
2026-06-18T22:10:53.877317+00:00,,1.002391128540039,0.0,16.0,1426,1585,538.0,499.0
2026-06-18T22:10:53.978327+00:00,,0.8852818298339844,0.0,16.0,1426,1585,538.0,499.0
2026-06-18T22:10:54.077356+00:00,,0.7735887145996094,0.0,16.0,1426,1585,538.0,499.0
2026-06-18T22:10:54.177434+00:00,,0.680107192993164,0.0,16.0,1426,1585,538.0,499.0
2026-06-18T22:10:54.277336+00:00,,0.5779170989990234,0.0,16.0,1426,1585,538.0,499.0
2026-06-18T22:10:54.377403+00:00,,0.49239627838134764,0.0,16.0,1426,1585,538.0,499.0
2026-06-18T22:10:54.495706+00:00,,0.3989159393310547,0.533333333330423,0.0,1466,686,43.0,130.0
2026-06-18T22:10:54.577412+00:00,,0.36499134063720706,1.0666666666656965,0.0,1507,686,23.0,5.0
2026-06-18T22:10:54.677379+00:00,,0.24369815826416016,1.5999999999961194,0.0,1547,686,252.0,13.0
2026-06-18T22:10:54.777385+00:00,,0.24791084289550783,2.133333333331393,0.0,1588,686,104.0,90.0
2026-06-18T22:10:54.877408+00:00,,0.27507083892822265,2.6666666666666665,0.0,1628,686,177.0,0.0
2026-06-18T22:10:54.977588+00:00,,0.30709060668945315,3.1999999999970896,0.0,1669,686,271.0,24.0
2026-06-18T22:10:55.077433+00:00,,0.3886885070800781,3.733333333332363,0.0,1709,686,111.0,132.0
2026-06-18T22:10:55.177430+00:00,,0.512176628112793,4.266666666662786,0.0,1750,686,205.0,95.0
2026-06-18T22:10:55.277423+00:00,,0.7085680389404297,4.79999999999806,0.0,1790,686,260.0,154.0
2026-06-18T22:10:55.377646+00:00,,0.9217008209228515,5.333333333333333,0.0,1831,686,108.0,182.0
2026-06-18T22:10:55.477652+00:00,,1.1712762451171874,5.8719999999981765,0.0,1871,686,215.0,41.0
2026-06-18T22:10:55.577464+00:00,,1.4440211486816406,6.405333333328599,0.0,1912,686,263.0,91.0
2026-06-18T22:10:55.677448+00:00,,1.8258831787109375,6.938666666663873,0.0,1952,686,95.0,67.0
2026-06-18T22:10:55.777717+00:00,,2.021941833496094,7.471999999999146,0.0,1993,686,183.0,65.0
2026-06-18T22:10:55.877543+00:00,,2.4242491149902343,8.0,0.0,2033,686,108.0,32.0
2026-06-18T22:10:55.978230+00:00,,2.9160079956054688,8.0,0.0,2033,686,97.0,207.0
2026-06-18T22:10:56.078478+00:00,,3.4003448486328125,8.0,0.0,2033,686,460.0,493.0
2026-06-18T22:10:56.178743+00:00,,4.005294189453125,8.0,0.0,2033,686,538.0,499.0
2026-06-18T22:10:56.278570+00:00,,4.538343505859375,8.0,0.0,2033,686,538.0,499.0
2026-06-18T22:10:56.379302+00:00,,5.132681884765625,8.0,0.0,2033,686,538.0,499.0
2026-06-18T22:10:56.479058+00:00,,5.6401519775390625,8.0,0.0,2033,686,538.0,499.0
2026-06-18T22:10:56.578805+00:00,,6.206234741210937,8.0,0.0,2033,686,538.0,499.0
2026-06-18T22:10:56.679586+00:00,,6.689800415039063,8.0,0.0,2033,686,538.0,499.0
2026-06-18T22:10:56.778531+00:00,,7.229457397460938,8.0,0.0,2033,686,538.0,499.0
2026-06-18T22:10:56.879096+00:00,,7.6906500244140625,8.0,0.0,2033,686,538.0,499.0
2026-06-18T22:10:56.978875+00:00,,8.141890258789063,8.0,0.0,2033,686,538.0,499.0
2026-06-18T22:10:57.078666+00:00,,8.395386352539063,8.0,0.0,2033,686,538.0,499.0
2026-06-18T22:10:57.178565+00:00,,8.893129272460937,8.0,0.0,2033,686,538.0,499.0
2026-06-18T22:10:57.279188+00:00,,9.318803100585937,8.0,0.0,2033,686,538.0,499.0
2026-06-18T22:10:57.379008+00:00,,9.794383544921875,8.0,0.0,2033,686,538.0,499.0
2026-06-18T22:10:57.479710+00:00,,10.258695068359375,8.0,0.0,2033,686,538.0,499.0
2026-06-18T22:10:57.579597+00:00,,10.65600830078125,8.0,0.0,2033,686,538.0,499.0
2026-06-18T22:10:57.680267+00:00,,11.100155029296875,8.0,0.0,2033,686,538.0,499.0
2026-06-18T22:10:57.780605+00:00,,11.48034912109375,8.0,0.0,2033,686,538.0,499.0
2026-06-18T22:10:57.880777+00:00,,11.9055078125,8.0,0.0,2033,686,538.0,499.0
2026-06-18T22:10:57.980716+00:00,,12.26957275390625,8.0,0.0,2033,686,538.0,499.0
2026-06-18T22:10:58.080633+00:00,,12.6768310546875,8.0,0.0,2033,686,538.0,499.0
2026-06-18T22:10:58.180637+00:00,,13.074957275390625,8.0,0.0,2033,686,538.0,499.0
2026-06-18T22:10:58.279639+00:00,,13.27068359375,8.0,0.0,2033,686,538.0,499.0
2026-06-18T22:10:58.380678+00:00,,13.607977294921875,8.0,0.0,2033,686,538.0,499.0
2026-06-18T22:10:58.481821+00:00,,13.93876708984375,8.0,0.0,2033,686,538.0,499.0
2026-06-18T22:10:58.581703+00:00,,14.3090625,8.0,0.0,2033,686,538.0,499.0
2026-06-18T22:10:58.681684+00:00,,14.626473388671876,8.0,0.0,2033,686,538.0,499.0
2026-06-18T22:10:58.781706+00:00,,14.981895751953125,8.0,0.0,2033,686,538.0,499.0
2026-06-18T22:10:58.881741+00:00,,15.286644287109375,8.0,0.0,2033,686,538.0,499.0
2026-06-18T22:10:58.981814+00:00,,15.627984619140625,8.0,0.0,2033,686,538.0,499.0
2026-06-18T22:10:59.081742+00:00,,15.92073974609375,8.0,0.0,2033,686,538.0,499.0
2026-06-18T22:10:59.182814+00:00,,16.24873291015625,8.0,0.0,2033,686,538.0,499.0
2026-06-18T22:10:59.282746+00:00,,16.53011474609375,8.0,0.0,2033,686,538.0,499.0
2026-06-18T22:10:59.382768+00:00,,16.845447998046875,8.0,0.0,2033,686,538.0,499.0
2026-06-18T22:10:59.482849+00:00,,17.00067138671875,8.0,0.0,2033,686,538.0,499.0
2026-06-18T22:10:59.582768+00:00,,17.268476562500002,8.0,0.0,2033,686,538.0,499.0
2026-06-18T22:10:59.681763+00:00,,17.568687744140625,8.0,0.0,2033,686,538.0,499.0
2026-06-18T22:10:59.782772+00:00,,17.826380615234374,8.0,0.0,2033,686,538.0,499.0
2026-06-18T22:10:59.882189+00:00,,18.115325927734375,8.0,0.0,2033,686,538.0,499.0
2026-06-18T22:10:59.981960+00:00,,18.36340576171875,8.0,0.0,2033,686,538.0,499.0
2026-06-18T22:11:00.081801+00:00,,18.641634521484374,8.0,0.0,2033,686,538.0,499.0
2026-06-18T22:11:00.182801+00:00,,18.88056640625,8.0,0.0,2033,686,538.0,499.0
2026-06-18T22:11:00.282804+00:00,,19.148594970703126,8.0,0.0,2033,686,538.0,499.0
2026-06-18T22:11:00.382860+00:00,,19.378817138671874,8.0,0.0,2033,686,538.0,499.0
2026-06-18T22:11:00.799127+00:00,,19.50860595703125,0.0,0.0,1426,686,1.0,499.0
2026-06-18T22:11:00.901859+00:00,,19.787034912109377,0.0,4.799999999995634,1426,956,114.0,64.0
2026-06-18T22:11:00.982896+00:00,,19.4358837890625,0.0,6.0,1426,1023,269.0,116.0
2026-06-18T22:11:01.081855+00:00,,19.1325048828125,0.0,7.200000000004366,1426,1090,538.0,86.0
2026-06-18T22:11:01.182874+00:00,,18.790206298828124,0.0,8.399999999997817,1426,1158,538.0,62.0
2026-06-18T22:11:01.282881+00:00,,18.51511474609375,0.0,9.600000000002183,1426,1225,538.0,230.0
2026-06-18T22:11:01.382910+00:00,,18.2282177734375,0.0,10.799999999995634,1426,1293,538.0,39.0
2026-06-18T22:11:01.482963+00:00,,17.926038818359377,0.0,12.012000000002445,1426,1361,538.0,38.0
2026-06-18T22:11:01.584108+00:00,,17.551075439453125,0.0,13.211999999995896,1426,1428,538.0,165.0
2026-06-18T22:11:01.683977+00:00,,17.346981201171875,0.0,14.412000000000262,1426,1496,538.0,198.0
2026-06-18T22:11:01.784005+00:00,,16.899814453125,0.0,15.612000000004628,1426,1563,538.0,192.0
2026-06-18T22:11:01.882940+00:00,,16.475284423828125,0.0,16.81199999999808,1426,1630,538.0,180.0
2026-06-18T22:11:01.982984+00:00,,16.03331298828125,0.0,18.0,1426,1697,538.0,199.0
2026-06-18T22:11:02.083933+00:00,,15.460972900390626,0.0,18.0,1426,1697,538.0,55.0
2026-06-18T22:11:02.183917+00:00,,14.86208984375,0.0,18.0,1426,1697,538.0,46.0
2026-06-18T22:11:02.283933+00:00,,14.267532958984376,0.0,18.0,1426,1697,538.0,70.0
2026-06-18T22:11:02.383990+00:00,,13.518199462890625,0.0,18.0,1426,1697,538.0,175.0
2026-06-18T22:11:02.484122+00:00,,12.703167724609376,0.0,18.0,1426,1697,538.0,499.0
2026-06-18T22:11:02.583961+00:00,,12.003238525390625,0.0,18.0,1426,1697,538.0,499.0
2026-06-18T22:11:02.685000+00:00,,11.23769775390625,0.0,18.0,1426,1697,538.0,499.0
2026-06-18T22:11:02.785968+00:00,,10.5074609375,0.0,18.0,1426,1697,538.0,499.0
2026-06-18T22:11:02.885134+00:00,,10.24243896484375,0.0,18.0,1426,1697,538.0,499.0
2026-06-18T22:11:02.985934+00:00,,9.558472900390624,0.0,18.0,1426,1697,538.0,499.0
2026-06-18T22:11:03.085039+00:00,,8.986331787109375,0.0,18.0,1426,1697,538.0,499.0
2026-06-18T22:11:03.185420+00:00,,8.361361694335937,0.0,18.0,1426,1697,538.0,499.0
2026-06-18T22:11:03.285160+00:00,,7.838838500976562,0.0,18.0,1426,1697,538.0,499.0
2026-06-18T22:11:03.384235+00:00,,7.26834716796875,0.0,18.0,1426,1697,538.0,499.0
2026-06-18T22:11:03.484743+00:00,,6.791594848632813,0.0,18.0,1426,1697,538.0,499.0
2026-06-18T22:11:03.585080+00:00,,6.2713079833984375,0.0,18.0,1426,1697,538.0,499.0
2026-06-18T22:11:03.684265+00:00,,5.776135864257813,0.0,18.0,1426,1697,538.0,499.0
2026-06-18T22:11:03.784264+00:00,,5.304972534179687,0.0,18.0,1426,1697,538.0,499.0
2026-06-18T22:11:03.884823+00:00,,4.911559143066406,0.0,18.0,1426,1697,538.0,499.0
2026-06-18T22:11:03.985124+00:00,,4.535017700195312,0.0,18.0,1426,1697,538.0,499.0
2026-06-18T22:11:04.084344+00:00,,4.124486083984375,0.0,18.0,1426,1697,538.0,499.0
2026-06-18T22:11:04.184187+00:00,,3.926853942871094,0.0,18.0,1426,1697,538.0,499.0
2026-06-18T22:11:04.284875+00:00,,3.592795715332031,0.0,18.0,1426,1697,538.0,499.0
2026-06-18T22:11:04.385676+00:00,,3.273231811523438,0.0,18.0,1426,1697,538.0,499.0
2026-06-18T22:11:04.485420+00:00,,2.9250085449218752,0.0,18.0,1426,1697,538.0,499.0
2026-06-18T22:11:04.585192+00:00,,2.634543762207031,0.0,18.0,1426,1697,538.0,499.0
2026-06-18T22:11:04.684934+00:00,,2.3181153869628908,0.0,18.0,1426,1697,538.0,499.0
2026-06-18T22:11:04.784688+00:00,,2.05424072265625,0.0,18.0,1426,1697,538.0,499.0
2026-06-18T22:11:04.885480+00:00,,1.7668499755859375,0.0,18.0,1426,1697,538.0,499.0
2026-06-18T22:11:04.985323+00:00,,1.5272468566894533,0.0,18.0,1426,1697,538.0,499.0
2026-06-18T22:11:05.085151+00:00,,1.2663491821289063,0.0,18.0,1426,1697,538.0,499.0
2026-06-18T22:11:05.185201+00:00,,1.0488804626464845,0.0,18.0,1426,1697,538.0,499.0
2026-06-18T22:11:05.285192+00:00,,0.8121327209472656,0.0,18.0,1426,1697,538.0,499.0
2026-06-18T22:11:05.385349+00:00,,0.6982913208007813,0.0,18.0,1426,1697,538.0,499.0
2026-06-18T22:11:05.486258+00:00,,0.5060577392578125,0.0,18.0,1426,1697,538.0,499.0
2026-06-18T22:11:05.586215+00:00,,0.29683053970336915,0.0,18.0,1426,1697,538.0,499.0
2026-06-18T22:11:06.003962+00:00,,0.12250363349914552,0.6666666666630288,0.0,1477,686,60.0,38.0
2026-06-18T22:11:06.087245+00:00,,0.0,3.339999999995295,0.0,1679,686,224.0,12.0
2026-06-18T22:11:06.187227+00:00,,0.05459311962127686,4.006666666664387,0.0,1730,686,268.0,17.0
2026-06-18T22:11:06.288263+00:00,,0.15267956733703614,4.673333333333479,0.0,1781,686,166.0,192.0
2026-06-18T22:11:06.387283+00:00,,0.40717998504638675,5.3399999999965075,0.0,1831,686,159.0,10.0
2026-06-18T22:11:06.487291+00:00,,0.7220619201660157,6.0066666666656,0.0,1882,686,123.0,134.0
2026-06-18T22:11:06.587397+00:00,,1.0388473510742187,6.673333333328628,0.0,1932,686,82.0,183.0
2026-06-18T22:11:06.687240+00:00,,1.2202153778076172,7.339999999997721,0.0,1983,686,73.0,174.0
2026-06-18T22:11:06.788295+00:00,,1.6162542724609374,8.006666666666812,0.0,2033,686,269.0,26.0
2026-06-18T22:11:06.888312+00:00,,2.065390319824219,8.679999999997866,0.0,2084,686,119.0,44.0
2026-06-18T22:11:06.988315+00:00,,2.615364685058594,9.346666666666957,0.0,2135,686,295.0,12.0
2026-06-18T22:11:07.088305+00:00,,3.2191229248046875,10.0,0.0,2185,686,110.0,6.0
2026-06-18T22:11:07.189286+00:00,,3.7843447875976564,10.0,0.0,2185,686,60.0,205.0
2026-06-18T22:11:07.288312+00:00,,4.542871704101563,10.0,0.0,2185,686,440.0,499.0
2026-06-18T22:11:07.388641+00:00,,5.278220825195312,10.0,0.0,2185,686,538.0,499.0
2026-06-18T22:11:07.488451+00:00,,6.118621826171875,10.0,0.0,2185,686,538.0,499.0
2026-06-18T22:11:07.588365+00:00,,6.835059814453125,10.0,0.0,2185,686,538.0,499.0
2026-06-18T22:11:07.688384+00:00,,7.63306396484375,10.0,0.0,2185,686,538.0,499.0
2026-06-18T22:11:07.789325+00:00,,8.40974609375,10.0,0.0,2185,686,538.0,499.0
2026-06-18T22:11:07.889349+00:00,,8.69567626953125,10.0,0.0,2185,686,538.0,499.0
2026-06-18T22:11:07.989371+00:00,,9.44439453125,10.0,0.0,2185,686,538.0,499.0
2026-06-18T22:11:08.090382+00:00,,10.083577880859375,10.0,0.0,2185,686,538.0,499.0
2026-06-18T22:11:08.189752+00:00,,10.796513671875001,10.0,0.0,2185,686,538.0,499.0
2026-06-18T22:11:08.289388+00:00,,11.405499267578126,10.0,0.0,2185,686,538.0,499.0
2026-06-18T22:11:08.389602+00:00,,12.085135498046876,10.0,0.0,2185,686,538.0,499.0
2026-06-18T22:11:08.490431+00:00,,12.66599365234375,10.0,0.0,2185,686,538.0,499.0
2026-06-18T22:11:08.590424+00:00,,13.314586181640625,10.0,0.0,2185,686,538.0,499.0
2026-06-18T22:11:08.689590+00:00,,13.8692041015625,10.0,0.0,2185,686,538.0,499.0
2026-06-18T22:11:08.789413+00:00,,14.48881103515625,10.0,0.0,2185,686,538.0,499.0
2026-06-18T22:11:08.890582+00:00,,15.093737792968751,10.0,0.0,2185,686,538.0,499.0
2026-06-18T22:11:08.990440+00:00,,15.61140869140625,10.0,0.0,2185,686,538.0,499.0
2026-06-18T22:11:09.090441+00:00,,16.118558349609376,10.0,0.0,2185,686,538.0,499.0
2026-06-18T22:11:09.190455+00:00,,16.4037548828125,10.0,0.0,2185,686,538.0,499.0
2026-06-18T22:11:09.290452+00:00,,16.964375,10.0,0.0,2185,686,538.0,499.0
2026-06-18T22:11:09.390636+00:00,,17.51232666015625,10.0,0.0,2185,686,538.0,499.0
2026-06-18T22:11:09.490506+00:00,,17.981722412109374,10.0,0.0,2185,686,538.0,499.0
2026-06-18T22:11:09.590496+00:00,,18.44200927734375,10.0,0.0,2185,686,538.0,499.0
2026-06-18T22:11:09.690490+00:00,,18.9572314453125,10.0,0.0,2185,686,538.0,499.0
2026-06-18T22:11:09.790493+00:00,,19.398861083984375,10.0,0.0,2185,686,538.0,499.0
2026-06-18T22:11:09.889805+00:00,,19.8933984375,10.0,0.0,2185,686,538.0,499.0
2026-06-18T22:11:09.990505+00:00,,20.317467041015625,10.0,0.0,2185,686,538.0,499.0
2026-06-18T22:11:10.090504+00:00,,20.792524414062502,10.0,0.0,2185,686,538.0,499.0
2026-06-18T22:11:10.190510+00:00,,21.2000439453125,10.0,0.0,2185,686,538.0,499.0
2026-06-18T22:11:10.290527+00:00,,21.6567333984375,10.0,0.0,2185,686,538.0,499.0
2026-06-18T22:11:10.389799+00:00,,22.04864013671875,10.0,0.0,2185,686,538.0,499.0
2026-06-18T22:11:10.490566+00:00,,22.26944091796875,10.0,0.0,2185,686,538.0,499.0
2026-06-18T22:11:10.591552+00:00,,22.6504541015625,10.0,0.0,2185,686,538.0,499.0
2026-06-18T22:11:10.691544+00:00,,23.0777001953125,10.0,0.0,2185,686,538.0,499.0
2026-06-18T22:11:10.791695+00:00,,23.444562988281252,10.0,0.0,2185,686,538.0,499.0
2026-06-18T22:11:10.891458+00:00,,23.85608154296875,10.0,0.0,2185,686,538.0,499.0
2026-06-18T22:11:10.991226+00:00,,24.20955810546875,10.0,0.0,2185,686,538.0,499.0
2026-06-18T22:11:11.091011+00:00,,24.6061865234375,10.0,0.0,2185,686,538.0,499.0
2026-06-18T22:11:11.191790+00:00,,24.94697998046875,10.0,0.0,2185,686,538.0,499.0
2026-06-18T22:11:11.292602+00:00,,25.32949951171875,10.0,0.0,2185,686,538.0,499.0
2026-06-18T22:11:11.394082+00:00,,25.65826904296875,10.0,0.0,2185,686,538.0,499.0
2026-06-18T22:11:11.493106+00:00,,26.02740478515625,10.0,0.0,2185,686,538.0,499.0
2026-06-18T22:11:11.593269+00:00,,26.34476806640625,10.0,0.0,2185,686,538.0,499.0
2026-06-18T22:11:11.710645+00:00,,26.70119873046875,0.0,0.0,1426,686,195.0,499.0
2026-06-18T22:11:11.811386+00:00,,26.83317138671875,0.0,1.3333333333260575,1426,761,187.0,63.0
2026-06-18T22:11:11.893260+00:00,,27.156599121093752,0.0,2.6666666666642413,1426,836,78.0,152.0
2026-06-18T22:11:11.992650+00:00,,27.03428955078125,0.0,4.000000000002426,1426,911,241.0,46.0
2026-06-18T22:11:12.092732+00:00,,26.59781982421875,0.0,5.333333333328483,1426,986,538.0,13.0
2026-06-18T22:11:12.193475+00:00,,26.219580078125002,0.0,6.67999999999059,1426,1061,538.0,231.0
2026-06-18T22:11:12.293235+00:00,,25.8183056640625,0.0,7.999999999992724,1426,1135,538.0,39.0
2026-06-18T22:11:12.393028+00:00,,25.35682861328125,0.0,9.333333333330907,1426,1210,538.0,238.0
2026-06-18T22:11:12.492800+00:00,,24.888105468750002,0.0,10.66666666666909,1426,1285,538.0,136.0
2026-06-18T22:11:12.592706+00:00,,24.29468994140625,0.0,11.99999999999515,1426,1360,538.0,51.0
2026-06-18T22:11:12.692717+00:00,,23.62987548828125,0.0,13.333333333333332,1426,1435,538.0,62.0
2026-06-18T22:11:12.793063+00:00,,23.02903076171875,0.0,14.666666666659392,1426,1510,538.0,44.0
2026-06-18T22:11:12.893825+00:00,,22.2949609375,0.0,16.013333333333623,1426,1586,538.0,193.0
2026-06-18T22:11:12.994725+00:00,,21.583544921875,0.0,17.359999999995733,1426,1661,538.0,54.0
2026-06-18T22:11:13.095727+00:00,,21.16759765625,0.0,18.70666666665784,1426,1737,538.0,49.0
2026-06-18T22:11:13.196741+00:00,,20.401806640625,0.0,20.0,1426,1810,538.0,178.0
2026-06-18T22:11:13.296887+00:00,,19.416357421875002,0.0,20.0,1426,1810,538.0,44.0
2026-06-18T22:11:13.396823+00:00,,18.34584716796875,0.0,20.0,1426,1810,538.0,147.0
2026-06-18T22:11:13.497431+00:00,,17.344041748046877,0.0,20.0,1426,1810,538.0,439.0
2026-06-18T22:11:13.597237+00:00,,16.194158935546874,0.0,20.0,1426,1810,538.0,499.0
2026-06-18T22:11:13.697733+00:00,,15.232335205078126,0.0,20.0,1426,1810,538.0,499.0
2026-06-18T22:11:13.797789+00:00,,14.181954345703126,0.0,20.0,1426,1810,538.0,499.0
2026-06-18T22:11:13.897782+00:00,,13.304114990234375,0.0,20.0,1426,1810,538.0,499.0
2026-06-18T22:11:13.997784+00:00,,12.346239013671875,0.0,20.0,1426,1810,538.0,499.0
2026-06-18T22:11:14.097782+00:00,,11.546336669921875,0.0,20.0,1426,1810,538.0,499.0
2026-06-18T22:11:14.197792+00:00,,10.674156494140625,0.0,20.0,1426,1810,538.0,499.0
2026-06-18T22:11:14.296814+00:00,,9.844981079101563,0.0,20.0,1426,1810,538.0,499.0
2026-06-18T22:11:14.397879+00:00,,9.1532958984375,0.0,20.0,1426,1810,538.0,499.0
2026-06-18T22:11:14.497860+00:00,,8.771743774414062,0.0,20.0,1426,1810,538.0,499.0
2026-06-18T22:11:14.598852+00:00,,8.12720703125,0.0,20.0,1426,1810,538.0,499.0
2026-06-18T22:11:14.698835+00:00,,7.425452880859375,0.0,20.0,1426,1810,538.0,499.0
2026-06-18T22:11:14.797844+00:00,,6.84066650390625,0.0,20.0,1426,1810,538.0,499.0
2026-06-18T22:11:14.898869+00:00,,6.204315185546875,0.0,20.0,1426,1810,538.0,499.0
2026-06-18T22:11:14.998862+00:00,,5.674308471679687,0.0,20.0,1426,1810,538.0,499.0
2026-06-18T22:11:15.098858+00:00,,5.0978524780273435,0.0,20.0,1426,1810,538.0,499.0
2026-06-18T22:11:15.198881+00:00,,4.617959594726563,0.0,20.0,1426,1810,538.0,499.0
2026-06-18T22:11:15.299882+00:00,,4.159943237304687,0.0,20.0,1426,1810,538.0,499.0
2026-06-18T22:11:15.399917+00:00,,3.6621084594726563,0.0,20.0,1426,1810,538.0,499.0
2026-06-18T22:11:15.498915+00:00,,3.2479214477539062,0.0,20.0,1426,1810,538.0,499.0
2026-06-18T22:11:15.598921+00:00,,2.7979006958007813,0.0,20.0,1426,1810,538.0,499.0
2026-06-18T22:11:15.699927+00:00,,2.4236328125,0.0,20.0,1426,1810,538.0,499.0
2026-06-18T22:11:15.801084+00:00,,2.017127685546875,0.0,20.0,1426,1810,538.0,499.0
2026-06-18T22:11:15.900922+00:00,,1.679163055419922,0.0,20.0,1426,1810,538.0,499.0
2026-06-18T22:11:16.000930+00:00,,1.4931727600097657,0.0,20.0,1426,1810,538.0,499.0
2026-06-18T22:11:16.100429+00:00,,1.1361306762695313,0.0,20.0,1426,1810,538.0,499.0
2026-06-18T22:11:16.201253+00:00,,0.8394013214111329,0.0,20.0,1426,1810,538.0,499.0
2026-06-18T22:11:16.301106+00:00,,0.5173309707641601,0.0,20.0,1426,1810,538.0,499.0
2026-06-18T22:11:16.400981+00:00,,0.24973684310913086,0.0,20.0,1426,1810,538.0,499.0
2026-06-18T22:11:16.818882+00:00,,0.0,0.8000000000029104,0.0,1487,686,76.0,118.0
2026-06-18T22:11:16.901013+00:00,,0.009718257784843445,4.0,0.0,1729,686,273.0,149.0
2026-06-18T22:11:17.001019+00:00,,0.07819125175476074,4.80000000000291,0.0,1790,686,180.0,39.0
2026-06-18T22:11:17.101030+00:00,,0.28626001358032227,5.599999999998545,0.0,1851,686,179.0,14.0
2026-06-18T22:11:17.202064+00:00,,0.44852630615234373,6.400000000001455,0.0,1912,686,279.0,217.0
2026-06-18T22:11:17.302128+00:00,,0.7747962951660157,7.207999999998719,0.0,1973,686,263.0,148.0
2026-06-18T22:11:17.403071+00:00,,1.1532588958740235,8.01600000000326,0.0,2034,686,280.0,99.0
2026-06-18T22:11:17.504082+00:00,,1.6722293090820313,8.824000000000524,0.0,2095,686,99.0,216.0
2026-06-18T22:11:17.607134+00:00,,2.2304649353027344,9.624000000003434,0.0,2156,686,281.0,54.0
2026-06-18T22:11:17.705080+00:00,,2.786690673828125,10.432000000000698,0.0,2217,686,276.0,160.0
2026-06-18T22:11:17.805175+00:00,,3.455374450683594,11.232000000003609,0.0,2278,686,134.0,182.0
2026-06-18T22:11:17.906161+00:00,,4.140780944824219,12.0,0.0,2336,686,169.0,47.0
2026-06-18T22:11:18.005161+00:00,,5.012029418945312,12.0,0.0,2336,686,176.0,45.0
2026-06-18T22:11:18.105146+00:00,,5.84011962890625,12.0,0.0,2336,686,448.0,47.0
2026-06-18T22:11:18.206129+00:00,,6.69001708984375,12.0,0.0,2336,686,538.0,453.0
2026-06-18T22:11:18.305351+00:00,,7.639446411132813,12.0,0.0,2336,686,538.0,499.0
2026-06-18T22:11:18.406246+00:00,,8.485330200195312,12.0,0.0,2336,686,538.0,499.0
2026-06-18T22:11:18.506889+00:00,,9.426878051757813,12.0,0.0,2336,686,538.0,499.0
2026-06-18T22:11:18.607624+00:00,,9.887921752929687,12.0,0.0,2336,686,538.0,499.0
2026-06-18T22:11:18.707451+00:00,,10.679658203125,12.0,0.0,2336,686,538.0,499.0
2026-06-18T22:11:18.807247+00:00,,11.452789306640625,12.0,0.0,2336,686,538.0,499.0
2026-06-18T22:11:18.907939+00:00,,12.314440917968751,12.0,0.0,2336,686,538.0,499.0
2026-06-18T22:11:19.007649+00:00,,13.049913330078125,12.0,0.0,2336,686,538.0,499.0
2026-06-18T22:11:19.107416+00:00,,13.8701513671875,12.0,0.0,2336,686,538.0,499.0
2026-06-18T22:11:19.206371+00:00,,14.66955078125,12.0,0.0,2336,686,538.0,499.0
2026-06-18T22:11:19.306967+00:00,,15.352572021484375,12.0,0.0,2336,686,538.0,499.0
2026-06-18T22:11:19.406745+00:00,,16.115057373046874,12.0,0.0,2336,686,538.0,499.0
2026-06-18T22:11:19.506498+00:00,,16.7669384765625,12.0,0.0,2336,686,538.0,499.0
2026-06-18T22:11:19.606308+00:00,,17.49509765625,12.0,0.0,2336,686,538.0,499.0
2026-06-18T22:11:19.706266+00:00,,18.117996826171876,12.0,0.0,2336,686,538.0,499.0
2026-06-18T22:11:19.807325+00:00,,18.81418212890625,12.0,0.0,2336,686,538.0,499.0
2026-06-18T22:11:19.907279+00:00,,19.07105224609375,12.0,0.0,2336,686,538.0,499.0
2026-06-18T22:11:20.007456+00:00,,19.745162353515624,12.0,0.0,2336,686,538.0,499.0
2026-06-18T22:11:20.107112+00:00,,20.322379150390624,12.0,0.0,2336,686,538.0,499.0
2026-06-18T22:11:20.207215+00:00,,20.96810791015625,12.0,0.0,2336,686,538.0,499.0
2026-06-18T22:11:20.306654+00:00,,21.521311035156252,12.0,0.0,2336,686,538.0,499.0
2026-06-18T22:11:20.406381+00:00,,22.1404931640625,12.0,0.0,2336,686,538.0,499.0
2026-06-18T22:11:20.507215+00:00,,22.6712158203125,12.0,0.0,2336,686,538.0,499.0
2026-06-18T22:11:20.608227+00:00,,23.26552490234375,12.0,0.0,2336,686,538.0,499.0
2026-06-18T22:11:20.707217+00:00,,23.77517333984375,12.0,0.0,2336,686,538.0,499.0
2026-06-18T22:11:20.807389+00:00,,24.34614990234375,12.0,0.0,2336,686,538.0,499.0
2026-06-18T22:11:20.907239+00:00,,24.836015625,12.0,0.0,2336,686,538.0,499.0
2026-06-18T22:11:21.008291+00:00,,25.38507568359375,12.0,0.0,2336,686,538.0,499.0
2026-06-18T22:11:21.107271+00:00,,25.8563427734375,12.0,0.0,2336,686,538.0,499.0
2026-06-18T22:11:21.208276+00:00,,26.1218994140625,12.0,0.0,2336,686,538.0,499.0
2026-06-18T22:11:21.308337+00:00,,26.6450537109375,12.0,0.0,2336,686,538.0,499.0
2026-06-18T22:11:21.408304+00:00,,27.1578759765625,12.0,0.0,2336,686,538.0,499.0
2026-06-18T22:11:21.509303+00:00,,27.5983740234375,12.0,0.0,2336,686,538.0,499.0
2026-06-18T22:11:21.609317+00:00,,28.09267822265625,12.0,0.0,2336,686,538.0,499.0
2026-06-18T22:11:21.709322+00:00,,28.57754150390625,12.0,0.0,2336,686,538.0,499.0
2026-06-18T22:11:21.809354+00:00,,28.99427001953125,12.0,0.0,2336,686,538.0,499.0
2026-06-18T22:11:21.909312+00:00,,29.4621826171875,12.0,0.0,2336,686,538.0,499.0
2026-06-18T22:11:22.009313+00:00,,29.8644970703125,12.0,0.0,2336,686,538.0,499.0
2026-06-18T22:11:22.109384+00:00,,30.2603564453125,12.0,0.0,2336,686,538.0,499.0
2026-06-18T22:11:22.209358+00:00,,30.70507080078125,12.0,0.0,2336,686,538.0,499.0
2026-06-18T22:11:22.309395+00:00,,31.0876416015625,12.0,0.0,2336,686,538.0,499.0
2026-06-18T22:11:22.409576+00:00,,31.517580566406252,12.0,0.0,2336,686,538.0,499.0
2026-06-18T22:11:22.527390+00:00,,31.7297021484375,0.0,0.0,1426,686,218.0,499.0
2026-06-18T22:11:22.628411+00:00,,32.0964453125,0.0,1.4813333333283178,1426,769,328.0,77.0
2026-06-18T22:11:22.710363+00:00,,32.49553955078125,0.0,2.94800000000032,1426,852,26.0,29.0
2026-06-18T22:11:22.810402+00:00,,32.37847900390625,0.0,4.414666666672323,1426,934,185.0,21.0
2026-06-18T22:11:22.910364+00:00,,31.89406005859375,0.0,5.881333333330986,1426,1016,538.0,26.0
2026-06-18T22:11:23.010406+00:00,,31.49620849609375,0.0,7.348000000002988,1426,1099,538.0,77.0
2026-06-18T22:11:23.110379+00:00,,31.04843505859375,0.0,8.814666666661651,1426,1181,538.0,25.0
2026-06-18T22:11:23.210389+00:00,,30.43671142578125,0.0,10.281333333333652,1426,1264,538.0,87.0
2026-06-18T22:11:23.310451+00:00,,29.83093017578125,0.0,11.748000000005655,1426,1346,538.0,113.0
2026-06-18T22:11:23.410564+00:00,,29.04693115234375,0.0,13.21466666666432,1426,1428,538.0,101.0
2026-06-18T22:11:23.510417+00:00,,28.318952636718752,0.0,14.695999999992637,1426,1512,538.0,33.0
2026-06-18T22:11:23.611707+00:00,,27.41741943359375,0.0,16.16266666666464,1426,1594,538.0,219.0
2026-06-18T22:11:23.711629+00:00,,26.5582568359375,0.0,17.62933333333664,1426,1676,538.0,56.0
2026-06-18T22:11:23.811458+00:00,,25.4864892578125,0.0,19.095999999995307,1426,1759,538.0,70.0
2026-06-18T22:11:23.911463+00:00,,24.90470458984375,0.0,20.562666666667305,1426,1841,538.0,82.0
2026-06-18T22:11:24.011456+00:00,,23.79456787109375,0.0,22.0,1426,1922,538.0,70.0
2026-06-18T22:11:24.111464+00:00,,22.42802734375,0.0,22.0,1426,1922,538.0,52.0
2026-06-18T22:11:24.529537+00:00,,21.159453125,0.0,22.0,1426,1922,538.0,499.0
2026-06-18T22:11:24.612520+00:00,,15.9385888671875,0.0,22.0,1426,1922,538.0,499.0
2026-06-18T22:11:24.712498+00:00,,14.700328369140625,0.0,22.0,1426,1922,538.0,499.0
2026-06-18T22:11:24.811512+00:00,,13.668238525390626,0.0,22.0,1426,1922,538.0,499.0
2026-06-18T22:11:24.911528+00:00,,12.545135498046875,0.0,22.0,1426,1922,538.0,499.0
2026-06-18T22:11:25.012529+00:00,,11.609893798828125,0.0,22.0,1426,1922,538.0,499.0
2026-06-18T22:11:25.113603+00:00,,10.593070068359376,0.0,22.0,1426,1922,538.0,499.0
2026-06-18T22:11:25.213632+00:00,,10.225594482421876,0.0,22.0,1426,1922,538.0,499.0
2026-06-18T22:11:25.313622+00:00,,9.281248779296876,0.0,22.0,1426,1922,538.0,499.0
2026-06-18T22:11:25.413724+00:00,,8.495963134765626,0.0,22.0,1426,1922,538.0,499.0
2026-06-18T22:11:25.513665+00:00,,7.643306884765625,0.0,22.0,1426,1922,538.0,499.0
2026-06-18T22:11:25.613697+00:00,,6.934765014648438,0.0,22.0,1426,1922,538.0,499.0
2026-06-18T22:11:25.713076+00:00,,6.1659478759765625,0.0,22.0,1426,1922,538.0,499.0
2026-06-18T22:11:25.812850+00:00,,5.527479248046875,0.0,22.0,1426,1922,538.0,499.0
2026-06-18T22:11:25.913704+00:00,,4.919544677734375,0.0,22.0,1426,1922,538.0,499.0
2026-06-18T22:11:26.013770+00:00,,4.260459594726562,0.0,22.0,1426,1922,538.0,499.0
2026-06-18T22:11:26.113671+00:00,,3.713565673828125,0.0,22.0,1426,1922,538.0,499.0
2026-06-18T22:11:26.212958+00:00,,3.1209616088867187,0.0,22.0,1426,1922,538.0,499.0
2026-06-18T22:11:26.313686+00:00,,2.629472351074219,0.0,22.0,1426,1922,538.0,499.0
2026-06-18T22:11:26.413523+00:00,,2.0971495056152345,0.0,22.0,1426,1922,538.0,499.0
2026-06-18T22:11:26.513245+00:00,,1.905291290283203,0.0,22.0,1426,1922,538.0,499.0
2026-06-18T22:11:26.613979+00:00,,1.4135107421875,0.0,22.0,1426,1922,538.0,499.0
2026-06-18T22:11:26.713804+00:00,,1.0059403991699218,0.0,22.0,1426,1922,538.0,499.0
2026-06-18T22:11:26.814504+00:00,,0.5648139190673829,0.0,22.0,1426,1922,538.0,499.0
2026-06-18T22:11:26.914270+00:00,,0.1486565113067627,0.0,22.0,1426,1922,538.0,499.0
2026-06-18T22:11:27.331394+00:00,,0.0,0.9426666666719635,0.0,1498,686,93.0,84.0
2026-06-18T22:11:27.415163+00:00,,0.0,4.676000000001901,0.0,1781,686,186.0,19.0
2026-06-18T22:11:27.514900+00:00,,0.08582807540893554,5.609333333338631,0.0,1852,686,133.0,16.0
2026-06-18T22:11:27.615012+00:00,,0.3222686767578125,6.54266666666687,0.0,1922,686,113.0,12.0
2026-06-18T22:11:27.714891+00:00,,0.5103069686889649,7.476000000003599,0.0,1993,686,162.0,23.0
2026-06-18T22:11:27.814825+00:00,,0.8827254486083984,8.40933333333184,0.0,2064,686,176.0,23.0
2026-06-18T22:11:27.914974+00:00,,1.4285084533691406,9.342666666668567,0.0,2135,686,319.0,219.0
2026-06-18T22:11:28.014839+00:00,,1.9544972229003907,10.276000000005297,0.0,2206,686,294.0,215.0
2026-06-18T22:11:28.115860+00:00,,2.6537835693359377,11.209333333333536,0.0,2276,686,125.0,50.0
2026-06-18T22:11:28.215937+00:00,,3.2933331298828126,12.142666666670266,0.0,2347,686,142.0,28.0
2026-06-18T22:11:28.315037+00:00,,4.116783752441406,13.075999999998505,0.0,2418,686,55.0,11.0
2026-06-18T22:11:28.415934+00:00,,5.087460327148437,14.0,0.0,2488,686,186.0,41.0
2026-06-18T22:11:28.515876+00:00,,6.0849951171875,14.0,0.0,2488,686,202.0,29.0
2026-06-18T22:11:28.618014+00:00,,7.0775823974609375,14.0,0.0,2488,686,421.0,147.0
2026-06-18T22:11:28.716965+00:00,,8.293851318359375,14.0,0.0,2488,686,538.0,499.0
2026-06-18T22:11:28.815947+00:00,,9.474136962890626,14.0,0.0,2488,686,538.0,499.0
2026-06-18T22:11:28.916891+00:00,,10.478690185546876,14.0,0.0,2488,686,538.0,499.0
2026-06-18T22:11:29.016904+00:00,,11.458040771484375,14.0,0.0,2488,686,538.0,499.0
2026-06-18T22:11:29.117182+00:00,,12.006741943359375,14.0,0.0,2488,686,538.0,499.0
2026-06-18T22:11:29.218071+00:00,,13.081151123046876,14.0,0.0,2488,686,538.0,499.0
2026-06-18T22:11:29.317914+00:00,,14.126041259765625,14.0,0.0,2488,686,538.0,499.0
2026-06-18T22:11:29.417561+00:00,,15.017121582031251,14.0,0.0,2488,686,538.0,499.0
2026-06-18T22:11:29.518277+00:00,,15.887410888671875,14.0,0.0,2488,686,538.0,499.0
2026-06-18T22:11:29.617954+00:00,,16.857564697265627,14.0,0.0,2488,686,538.0,499.0
2026-06-18T22:11:29.718035+00:00,,17.6858740234375,14.0,0.0,2488,686,538.0,499.0
2026-06-18T22:11:29.817947+00:00,,18.609934082031252,14.0,0.0,2488,686,538.0,499.0
2026-06-18T22:11:29.916977+00:00,,19.510860595703125,14.0,0.0,2488,686,538.0,499.0
2026-06-18T22:11:30.016971+00:00,,20.2809326171875,14.0,0.0,2488,686,538.0,499.0
2026-06-18T22:11:30.116987+00:00,,21.14096923828125,14.0,0.0,2488,686,538.0,499.0
2026-06-18T22:11:30.218030+00:00,,21.45813720703125,14.0,0.0,2488,686,538.0,499.0
2026-06-18T22:11:30.317976+00:00,,22.2901025390625,14.0,0.0,2488,686,538.0,499.0
2026-06-18T22:11:30.418074+00:00,,23.0020703125,14.0,0.0,2488,686,538.0,499.0
2026-06-18T22:11:30.518067+00:00,,23.798132324218752,14.0,0.0,2488,686,538.0,499.0
2026-06-18T22:11:30.619010+00:00,,24.576093750000002,14.0,0.0,2488,686,538.0,499.0
2026-06-18T22:11:30.718079+00:00,,25.24249267578125,14.0,0.0,2488,686,538.0,499.0
2026-06-18T22:11:30.819024+00:00,,25.98831298828125,14.0,0.0,2488,686,538.0,499.0
2026-06-18T22:11:30.918018+00:00,,26.627568359375,14.0,0.0,2488,686,538.0,499.0
2026-06-18T22:11:31.019034+00:00,,27.343427734375002,14.0,0.0,2488,686,538.0,499.0
2026-06-18T22:11:31.120053+00:00,,27.95735595703125,14.0,0.0,2488,686,538.0,499.0
2026-06-18T22:11:31.221088+00:00,,28.560041503906252,14.0,0.0,2488,686,538.0,499.0
2026-06-18T22:11:31.320141+00:00,,29.23550537109375,14.0,0.0,2488,686,538.0,499.0
2026-06-18T22:11:31.421147+00:00,,29.568056640625002,14.0,0.0,2488,686,538.0,499.0
2026-06-18T22:11:31.520656+00:00,,30.14194091796875,14.0,0.0,2488,686,538.0,499.0
2026-06-18T22:11:31.620428+00:00,,30.70580322265625,14.0,0.0,2488,686,538.0,499.0
2026-06-18T22:11:31.721183+00:00,,31.33833251953125,14.0,0.0,2488,686,538.0,499.0
2026-06-18T22:11:31.822101+00:00,,31.881716308593752,14.0,0.0,2488,686,538.0,499.0
2026-06-18T22:11:31.921732+00:00,,32.41597900390625,14.0,0.0,2488,686,538.0,499.0
2026-06-18T22:11:32.021498+00:00,,33.0157373046875,14.0,0.0,2488,686,538.0,499.0
2026-06-18T22:11:32.121126+00:00,,33.604306640625,14.0,0.0,2488,686,538.0,499.0
2026-06-18T22:11:32.222117+00:00,,34.11041259765625,14.0,0.0,2488,686,538.0,499.0
2026-06-18T22:11:32.321132+00:00,,34.6789697265625,14.0,0.0,2488,686,538.0,499.0
2026-06-18T22:11:32.422211+00:00,,35.1680908203125,14.0,0.0,2488,686,538.0,499.0
2026-06-18T22:11:32.521150+00:00,,35.64963134765625,14.0,0.0,2488,686,538.0,499.0
2026-06-18T22:11:32.622267+00:00,,36.1909423828125,14.0,0.0,2488,686,538.0,499.0
2026-06-18T22:11:32.721179+00:00,,36.72291748046875,14.0,0.0,2488,686,538.0,499.0
2026-06-18T22:11:32.821179+00:00,,36.920063476562504,14.0,0.0,2488,686,538.0,499.0
2026-06-18T22:11:32.921242+00:00,,37.43967041015625,14.0,0.0,2488,686,538.0,499.0
2026-06-18T22:11:33.040252+00:00,,37.88720703125,0.0,0.0,1426,686,45.0,499.0
2026-06-18T22:11:33.439325+00:00,,38.4656201171875,0.0,1.6000000000058208,1426,776,538.0,90.0
2026-06-18T22:11:33.523294+00:00,,37.729138183593754,0.0,8.01600000000326,1426,1136,538.0,27.0
2026-06-18T22:11:33.622319+00:00,,37.166357421875,0.0,9.61600000000908,1426,1226,538.0,23.0
2026-06-18T22:11:33.721501+00:00,,36.3847509765625,0.0,11.21600000000035,1426,1316,538.0,49.0
2026-06-18T22:11:33.822328+00:00,,35.48009765625,0.0,12.81600000000617,1426,1406,538.0,116.0
2026-06-18T22:11:33.922053+00:00,,34.619770507812504,0.0,14.415999999997439,1426,1496,538.0,255.0
2026-06-18T22:11:34.021814+00:00,,33.67969482421875,0.0,16.01600000000326,1426,1586,538.0,170.0
2026-06-18T22:11:34.122593+00:00,,33.0969140625,0.0,17.631999999997788,1426,1677,538.0,27.0
2026-06-18T22:11:34.223376+00:00,,31.85419189453125,0.0,19.24800000000687,1426,1767,538.0,103.0
2026-06-18T22:11:34.324171+00:00,,30.62213623046875,0.0,20.847999999998137,1426,1857,538.0,84.0
2026-06-18T22:11:34.740306+00:00,,29.05168701171875,0.0,20.847999999998137,1426,1857,538.0,499.0
2026-06-18T22:11:34.826009+00:00,,23.0973095703125,0.0,20.847999999998137,1426,1857,538.0,499.0
2026-06-18T22:11:34.926327+00:00,,21.60356689453125,0.0,20.847999999998137,1426,1857,538.0,499.0
2026-06-18T22:11:35.025542+00:00,,20.352957763671874,0.0,20.847999999998137,1426,1857,538.0,499.0
2026-06-18T22:11:35.125529+00:00,,19.153409423828126,0.0,20.847999999998137,1426,1857,538.0,499.0
2026-06-18T22:11:35.226358+00:00,,17.843046875,0.0,20.847999999998137,1426,1857,538.0,499.0
2026-06-18T22:11:35.325830+00:00,,17.211405029296877,0.0,20.847999999998137,1426,1857,538.0,499.0
2026-06-18T22:11:35.426392+00:00,,16.1426953125,0.0,20.847999999998137,1426,1857,538.0,499.0
2026-06-18T22:11:35.525797+00:00,,14.976754150390626,0.0,20.847999999998137,1426,1857,538.0,499.0
2026-06-18T22:11:35.626545+00:00,,14.003355712890626,0.0,20.847999999998137,1426,1857,538.0,499.0
2026-06-18T22:11:35.726385+00:00,,13.07205810546875,0.0,20.847999999998137,1426,1857,538.0,499.0
2026-06-18T22:11:35.828392+00:00,,12.057357177734374,0.0,20.847999999998137,1426,1857,538.0,499.0
2026-06-18T22:11:35.928392+00:00,,11.21128173828125,0.0,20.847999999998137,1426,1857,538.0,499.0
2026-06-18T22:11:36.028395+00:00,,10.290166015625001,0.0,20.847999999998137,1426,1857,538.0,499.0
2026-06-18T22:11:36.128582+00:00,,9.522704467773437,0.0,20.847999999998137,1426,1857,538.0,499.0
2026-06-18T22:11:36.228414+00:00,,8.687775268554688,0.0,20.847999999998137,1426,1857,538.0,499.0
2026-06-18T22:11:36.329407+00:00,,7.992601318359375,0.0,20.847999999998137,1426,1857,538.0,499.0
2026-06-18T22:11:36.429458+00:00,,7.609655151367187,0.0,20.847999999998137,1426,1857,538.0,499.0
2026-06-18T22:11:36.529447+00:00,,6.96365478515625,0.0,20.847999999998137,1426,1857,538.0,499.0
2026-06-18T22:11:36.629860+00:00,,6.261629028320312,0.0,20.847999999998137,1426,1857,538.0,499.0
2026-06-18T22:11:36.729615+00:00,,5.6777197265625,0.0,20.847999999998137,1426,1857,538.0,499.0
2026-06-18T22:11:36.829479+00:00,,5.12091552734375,0.0,20.847999999998137,1426,1857,538.0,499.0
2026-06-18T22:11:36.929464+00:00,,4.51629638671875,0.0,20.847999999998137,1426,1857,538.0,499.0
2026-06-18T22:11:37.030489+00:00,,3.94394775390625,0.0,20.847999999998137,1426,1857,538.0,499.0
2026-06-18T22:11:37.129643+00:00,,3.468370361328125,0.0,20.847999999998137,1426,1857,538.0,499.0
2026-06-18T22:11:37.229514+00:00,,2.9523165893554686,0.0,20.847999999998137,1426,1857,538.0,499.0
2026-06-18T22:11:37.329486+00:00,,2.523697814941406,0.0,20.847999999998137,1426,1857,538.0,499.0
2026-06-18T22:11:37.430531+00:00,,2.0587864685058594,0.0,20.847999999998137,1426,1857,538.0,499.0
2026-06-18T22:11:37.530531+00:00,,1.6191818237304687,0.0,20.847999999998137,1426,1857,538.0,499.0
2026-06-18T22:11:37.630724+00:00,,1.254268341064453,0.0,20.847999999998137,1426,1857,538.0,499.0
2026-06-18T22:11:37.730515+00:00,,0.8586701965332031,0.0,20.847999999998137,1426,1857,538.0,499.0
2026-06-18T22:11:37.830539+00:00,,0.6690951538085937,0.0,20.847999999998137,1426,1857,538.0,499.0
2026-06-18T22:11:37.930556+00:00,,0.3499842071533203,0.0,20.847999999998137,1426,1857,538.0,499.0
2026-06-18T22:11:38.049574+00:00,,0.00417329877614975,1.066666666670547,0.0,1507,686,78.0,39.0
2026-06-18T22:11:38.131724+00:00,,0.0,2.133333333341094,0.0,1588,686,141.0,38.0
2026-06-18T22:11:38.231557+00:00,,0.0,3.2000000000019404,0.0,1669,686,73.0,94.0
2026-06-18T22:11:38.331569+00:00,,0.0,4.266666666672488,0.0,1750,686,127.0,61.0
2026-06-18T22:11:38.431603+00:00,,0.0010551560670137405,5.333333333333333,0.0,1831,686,337.0,14.0
2026-06-18T22:11:38.531610+00:00,,0.13935453414916993,6.400000000003881,0.0,1912,686,105.0,14.0
2026-06-18T22:11:38.631809+00:00,,0.43594478607177733,7.466666666674428,0.0,1992,686,170.0,223.0
2026-06-18T22:11:38.731600+00:00,,0.8235946655273437,8.533333333335273,0.0,2073,686,154.0,233.0
2026-06-18T22:11:38.831618+00:00,,1.3946035766601563,9.60000000000582,0.0,2154,686,12.0,228.0
2026-06-18T22:11:38.931624+00:00,,1.9415280151367187,10.666666666666666,0.0,2235,686,187.0,191.0
2026-06-18T22:11:39.031627+00:00,,2.5532183837890625,11.733333333337214,0.0,2316,686,152.0,54.0
2026-06-18T22:11:39.131795+00:00,,3.3536358642578126,12.800000000007762,0.0,2397,686,244.0,21.0
2026-06-18T22:11:39.231661+00:00,,3.70046875,13.866666666668607,0.0,2478,686,215.0,38.0
2026-06-18T22:11:39.331708+00:00,,4.699324951171875,14.933333333339155,0.0,2559,686,274.0,142.0
2026-06-18T22:11:39.431686+00:00,,5.626249389648438,16.0,0.0,2640,686,178.0,183.0
2026-06-18T22:11:39.532160+00:00,,6.815781250000001,16.0,0.0,2640,686,216.0,109.0
2026-06-18T22:11:39.632841+00:00,,8.190318603515625,16.0,0.0,2640,686,215.0,499.0
2026-06-18T22:11:39.732678+00:00,,9.46493896484375,16.0,0.0,2640,686,538.0,499.0
2026-06-18T22:11:39.832684+00:00,,10.90095458984375,16.0,0.0,2640,686,538.0,499.0
2026-06-18T22:11:39.932693+00:00,,12.12146240234375,16.0,0.0,2640,686,538.0,499.0
2026-06-18T22:11:40.032699+00:00,,13.477154541015626,16.0,0.0,2640,686,538.0,499.0
2026-06-18T22:11:40.132841+00:00,,14.6306591796875,16.0,0.0,2640,686,538.0,499.0
2026-06-18T22:11:40.232702+00:00,,15.754984130859375,16.0,0.0,2640,686,538.0,499.0
2026-06-18T22:11:40.332726+00:00,,17.0057666015625,16.0,0.0,2640,686,538.0,499.0
2026-06-18T22:11:40.431878+00:00,,17.618009033203126,16.0,0.0,2640,686,538.0,499.0
2026-06-18T22:11:40.532764+00:00,,18.81722412109375,16.0,0.0,2640,686,538.0,499.0
2026-06-18T22:11:40.631721+00:00,,19.839912109375,16.0,0.0,2640,686,538.0,499.0
2026-06-18T22:11:40.732731+00:00,,20.97960205078125,16.0,0.0,2640,686,538.0,499.0
2026-06-18T22:11:40.832733+00:00,,22.08958984375,16.0,0.0,2640,686,538.0,499.0
2026-06-18T22:11:40.932744+00:00,,23.0375048828125,16.0,0.0,2640,686,538.0,499.0
2026-06-18T22:11:41.032770+00:00,,24.09530029296875,16.0,0.0,2640,686,538.0,499.0
2026-06-18T22:11:41.133440+00:00,,24.9994140625,16.0,0.0,2640,686,538.0,499.0
2026-06-18T22:11:41.233230+00:00,,26.009169921875,16.0,0.0,2640,686,538.0,499.0
2026-06-18T22:11:41.332996+00:00,,26.872927246093752,16.0,0.0,2640,686,538.0,499.0
2026-06-18T22:11:41.432869+00:00,,27.83837890625,16.0,0.0,2640,686,538.0,499.0
2026-06-18T22:11:41.533500+00:00,,28.66488037109375,16.0,0.0,2640,686,538.0,499.0
2026-06-18T22:11:41.633269+00:00,,29.5893896484375,16.0,0.0,2640,686,538.0,499.0
2026-06-18T22:11:41.734015+00:00,,30.04387939453125,16.0,0.0,2640,686,538.0,499.0
2026-06-18T22:11:41.834799+00:00,,30.82717041015625,16.0,0.0,2640,686,538.0,499.0
2026-06-18T22:11:41.934571+00:00,,31.70414794921875,16.0,0.0,2640,686,538.0,499.0
2026-06-18T22:11:42.034328+00:00,,32.4561474609375,16.0,0.0,2640,686,538.0,499.0
2026-06-18T22:11:42.134103+00:00,,33.298671875000004,16.0,0.0,2640,686,538.0,499.0
2026-06-18T22:11:42.233974+00:00,,34.12383544921875,16.0,0.0,2640,686,538.0,499.0
2026-06-18T22:11:42.334881+00:00,,34.83212646484375,16.0,0.0,2640,686,538.0,499.0
2026-06-18T22:11:42.435469+00:00,,35.62648681640625,16.0,0.0,2640,686,538.0,499.0
2026-06-18T22:11:42.535239+00:00,,36.3087744140625,16.0,0.0,2640,686,538.0,499.0
2026-06-18T22:11:42.636111+00:00,,37.07444580078125,16.0,0.0,2640,686,538.0,499.0
2026-06-18T22:11:42.736251+00:00,,37.82562255859375,16.0,0.0,2640,686,538.0,499.0
2026-06-18T22:11:42.836527+00:00,,38.10368408203125,16.0,0.0,2640,686,538.0,499.0
2026-06-18T22:11:42.936436+00:00,,38.83577880859375,16.0,0.0,2640,686,538.0,499.0
2026-06-18T22:11:43.036065+00:00,,39.55458740234375,16.0,0.0,2640,686,538.0,499.0
2026-06-18T22:11:43.135990+00:00,,40.1730126953125,16.0,0.0,2640,686,538.0,499.0
2026-06-18T22:11:43.235897+00:00,,40.86815673828125,16.0,0.0,2640,686,538.0,499.0
2026-06-18T22:11:43.335907+00:00,,41.4665576171875,16.0,0.0,2640,686,538.0,499.0
2026-06-18T22:11:43.436178+00:00,,42.0560595703125,16.0,0.0,2640,686,538.0,499.0
2026-06-18T22:11:43.535963+00:00,,42.71921875,16.0,0.0,2640,686,538.0,499.0
2026-06-18T22:11:43.636047+00:00,,43.371484375,16.0,0.0,2640,686,538.0,499.0
2026-06-18T22:11:43.736942+00:00,,43.93357421875,16.0,0.0,2640,686,538.0,499.0
2026-06-18T22:11:43.836156+00:00,,44.566396484375,16.0,0.0,2640,686,538.0,499.0
2026-06-18T22:11:43.935998+00:00,,45.1120068359375,16.0,0.0,2640,686,538.0,499.0
2026-06-18T22:11:44.055998+00:00,,45.7265869140625,0.0,0.0,1426,686,104.0,499.0
2026-06-18T22:11:44.453867+00:00,,46.030380859375,0.0,1.7333333333238747,1426,783,327.0,217.0
2026-06-18T22:11:44.537044+00:00,,45.62318359375,0.0,8.68400000000353,1426,1174,538.0,32.0
2026-06-18T22:11:44.638071+00:00,,44.8746875,0.0,10.417333333327406,1426,1271,538.0,196.0
2026-06-18T22:11:44.737021+00:00,,44.035927734375,0.0,12.150666666667044,1426,1369,538.0,188.0
2026-06-18T22:11:44.838008+00:00,,42.936259765625,0.0,13.88399999999092,1426,1466,538.0,2.0
2026-06-18T22:11:44.937050+00:00,,41.72224609375,0.0,15.61733333333056,1426,1563,538.0,105.0
2026-06-18T22:11:45.056073+00:00,,40.52526611328125,0.0,15.61733333333056,1426,1563,538.0,157.0
2026-06-18T22:11:45.138093+00:00,,38.9919140625,0.0,15.61733333333056,1426,1563,538.0,75.0
2026-06-18T22:11:45.239164+00:00,,37.6854150390625,0.0,15.61733333333056,1426,1563,538.0,499.0
2026-06-18T22:11:45.340080+00:00,,37.00409423828125,0.0,15.61733333333056,1426,1563,538.0,499.0
2026-06-18T22:11:45.439128+00:00,,35.6697021484375,0.0,15.61733333333056,1426,1563,538.0,499.0
2026-06-18T22:11:45.539115+00:00,,34.53283447265625,0.0,15.61733333333056,1426,1563,538.0,499.0
2026-06-18T22:11:45.640164+00:00,,33.268398437500004,0.0,15.61733333333056,1426,1563,538.0,499.0
2026-06-18T22:11:45.739082+00:00,,32.1922314453125,0.0,15.61733333333056,1426,1563,538.0,499.0
2026-06-18T22:11:45.840111+00:00,,30.996494140625,0.0,15.61733333333056,1426,1563,538.0,499.0
2026-06-18T22:11:45.939315+00:00,,29.83677001953125,0.0,15.61733333333056,1426,1563,538.0,499.0
2026-06-18T22:11:46.040129+00:00,,28.85116943359375,0.0,15.61733333333056,1426,1563,538.0,499.0
2026-06-18T22:11:46.140178+00:00,,27.8924072265625,0.0,15.61733333333056,1426,1563,538.0,499.0
2026-06-18T22:11:46.240135+00:00,,26.82906005859375,0.0,15.61733333333056,1426,1563,538.0,499.0
2026-06-18T22:11:46.340195+00:00,,25.926523437500002,0.0,15.61733333333056,1426,1563,538.0,499.0
2026-06-18T22:11:46.440287+00:00,,24.9263720703125,0.0,15.61733333333056,1426,1563,538.0,499.0
2026-06-18T22:11:46.541175+00:00,,24.5598046875,0.0,15.61733333333056,1426,1563,538.0,499.0
2026-06-18T22:11:46.640219+00:00,,23.60456787109375,0.0,15.61733333333056,1426,1563,538.0,499.0
2026-06-18T22:11:46.740438+00:00,,22.68120361328125,0.0,15.61733333333056,1426,1563,538.0,499.0
2026-06-18T22:11:46.841167+00:00,,21.89886474609375,0.0,15.61733333333056,1426,1563,538.0,499.0
2026-06-18T22:11:46.940195+00:00,,21.1399267578125,0.0,15.61733333333056,1426,1563,538.0,499.0
2026-06-18T22:11:47.041181+00:00,,20.300614013671876,0.0,15.61733333333056,1426,1563,538.0,499.0
2026-06-18T22:11:47.141531+00:00,,19.5902099609375,0.0,15.61733333333056,1426,1563,538.0,499.0
2026-06-18T22:11:47.241299+00:00,,18.80508544921875,0.0,15.61733333333056,1426,1563,538.0,499.0
2026-06-18T22:11:47.342225+00:00,,18.140970458984377,0.0,15.61733333333056,1426,1563,538.0,499.0
2026-06-18T22:11:47.442294+00:00,,17.4074560546875,0.0,15.61733333333056,1426,1563,538.0,499.0
2026-06-18T22:11:47.541228+00:00,,16.787366943359377,0.0,15.61733333333056,1426,1563,538.0,499.0
2026-06-18T22:11:47.641257+00:00,,16.10287353515625,0.0,15.61733333333056,1426,1563,538.0,499.0
2026-06-18T22:11:47.742215+00:00,,15.5245458984375,0.0,15.61733333333056,1426,1563,538.0,499.0
2026-06-18T22:11:47.841237+00:00,,14.886494140625,0.0,15.61733333333056,1426,1563,538.0,499.0
2026-06-18T22:11:47.941221+00:00,,14.347685546875,0.0,15.61733333333056,1426,1563,538.0,499.0
2026-06-18T22:11:48.041292+00:00,,14.047764892578126,0.0,15.61733333333056,1426,1563,538.0,499.0
2026-06-18T22:11:48.141251+00:00,,13.536530761718751,0.0,15.61733333333056,1426,1563,538.0,499.0
2026-06-18T22:11:48.241239+00:00,,12.972977294921876,0.0,15.61733333333056,1426,1563,538.0,499.0
2026-06-18T22:11:48.341256+00:00,,12.497467041015625,0.0,15.61733333333056,1426,1563,538.0,499.0
2026-06-18T22:11:48.441375+00:00,,11.973525390625,0.0,15.61733333333056,1426,1563,538.0,499.0
2026-06-18T22:11:48.541507+00:00,,11.469732666015625,0.0,15.61733333333056,1426,1563,538.0,499.0
2026-06-18T22:11:48.642268+00:00,,11.044920654296876,0.0,15.61733333333056,1426,1563,538.0,499.0
2026-06-18T22:11:48.743304+00:00,,10.57712890625,0.0,15.61733333333056,1426,1563,538.0,499.0
2026-06-18T22:11:48.842317+00:00,,10.127612915039062,0.0,15.61733333333056,1426,1563,538.0,499.0
2026-06-18T22:11:48.942380+00:00,,9.748785400390625,0.0,15.61733333333056,1426,1563,538.0,499.0
2026-06-18T22:11:49.042123+00:00,,9.331859741210938,0.0,15.61733333333056,1426,1563,538.0,499.0
2026-06-18T22:11:49.141902+00:00,,8.98061767578125,0.0,15.61733333333056,1426,1563,538.0,499.0
2026-06-18T22:11:49.241638+00:00,,8.785433349609375,0.0,15.61733333333056,1426,1563,538.0,499.0
2026-06-18T22:11:49.341428+00:00,,8.453271484375,0.0,15.61733333333056,1426,1563,538.0,499.0
2026-06-18T22:11:49.442248+00:00,,8.087906494140626,0.0,15.61733333333056,1426,1563,538.0,499.0
2026-06-18T22:11:49.542008+00:00,,7.7372119140625,0.0,15.61733333333056,1426,1563,538.0,499.0
2026-06-18T22:11:49.642716+00:00,,7.441967163085938,0.0,15.61733333333056,1426,1563,538.0,499.0
2026-06-18T22:11:49.742491+00:00,,7.117349243164063,0.0,15.61733333333056,1426,1563,538.0,499.0
2026-06-18T22:11:49.842234+00:00,,6.844130859375,0.0,15.61733333333056,1426,1563,538.0,499.0
2026-06-18T22:11:49.942999+00:00,,6.54380615234375,0.0,15.61733333333056,1426,1563,538.0,499.0
2026-06-18T22:11:50.041609+00:00,,6.29109619140625,0.0,15.61733333333056,1426,1563,538.0,499.0
2026-06-18T22:11:50.141560+00:00,,6.013380737304687,0.0,15.61733333333056,1426,1563,538.0,499.0
2026-06-18T22:11:50.242641+00:00,,5.747067260742187,0.0,15.61733333333056,1426,1563,538.0,499.0
2026-06-18T22:11:50.343093+00:00,,5.650050048828125,0.0,15.61733333333056,1426,1563,538.0,499.0
2026-06-18T22:11:50.442518+00:00,,5.398704223632812,0.0,15.61733333333056,1426,1563,538.0,499.0
2026-06-18T22:11:50.542750+00:00,,5.18731201171875,0.0,15.61733333333056,1426,1563,538.0,499.0
2026-06-18T22:11:50.642511+00:00,,4.955110473632812,0.0,15.61733333333056,1426,1563,538.0,499.0
2026-06-18T22:11:50.743187+00:00,,4.732550048828125,0.0,15.61733333333056,1426,1563,538.0,499.0
2026-06-18T22:11:50.843446+00:00,,4.545420227050782,0.0,15.61733333333056,1426,1563,538.0,499.0
2026-06-18T22:11:50.943480+00:00,,4.339926147460938,0.0,15.61733333333056,1426,1563,538.0,499.0
2026-06-18T22:11:51.043568+00:00,,4.167174682617188,0.0,15.61733333333056,1426,1563,538.0,499.0
2026-06-18T22:11:51.143459+00:00,,3.9775009155273438,0.0,15.61733333333056,1426,1563,538.0,499.0
2026-06-18T22:11:51.243486+00:00,,3.818073425292969,0.0,15.61733333333056,1426,1563,538.0,499.0
2026-06-18T22:11:51.343543+00:00,,3.6430548095703124,0.0,15.61733333333056,1426,1563,538.0,499.0
2026-06-18T22:11:51.443660+00:00,,3.495966491699219,0.0,15.61733333333056,1426,1563,538.0,499.0
2026-06-18T22:11:51.543617+00:00,,3.3345159912109374,0.0,15.61733333333056,1426,1563,538.0,499.0
2026-06-18T22:11:51.643506+00:00,,3.1988485717773436,0.0,15.61733333333056,1426,1563,538.0,499.0
2026-06-18T22:11:51.743525+00:00,,3.1235955810546874,0.0,15.61733333333056,1426,1563,538.0,499.0
2026-06-18T22:11:51.843550+00:00,,2.9957562255859376,0.0,15.61733333333056,1426,1563,538.0,499.0
2026-06-18T22:11:51.943537+00:00,,2.8554632568359377,0.0,15.61733333333056,1426,1563,538.0,499.0
2026-06-18T22:11:52.043643+00:00,,2.7375991821289065,0.0,15.61733333333056,1426,1563,538.0,499.0
2026-06-18T22:11:52.143557+00:00,,2.608267517089844,0.0,15.61733333333056,1426,1563,538.0,499.0
2026-06-18T22:11:52.243584+00:00,,2.4996237182617187,0.0,15.61733333333056,1426,1563,538.0,499.0
2026-06-18T22:11:52.343554+00:00,,2.395039520263672,0.0,15.61733333333056,1426,1563,538.0,499.0
2026-06-18T22:11:52.443636+00:00,,2.2802967834472656,0.0,15.61733333333056,1426,1563,538.0,499.0
2026-06-18T22:11:52.543671+00:00,,2.183921661376953,0.0,15.61733333333056,1426,1563,538.0,499.0
2026-06-18T22:11:52.643584+00:00,,2.0781947326660157,0.0,15.61733333333056,1426,1563,538.0,499.0
2026-06-18T22:11:52.743580+00:00,,1.9769902038574219,0.0,15.61733333333056,1426,1563,538.0,499.0
2026-06-18T22:11:52.843581+00:00,,1.8919970703125,0.0,15.61733333333056,1426,1563,538.0,499.0
2026-06-18T22:11:52.943588+00:00,,1.8448719787597656,0.0,15.61733333333056,1426,1563,538.0,499.0
2026-06-18T22:11:53.043662+00:00,,1.7648475646972657,0.0,15.61733333333056,1426,1563,538.0,499.0
2026-06-18T22:11:53.143677+00:00,,1.6770736694335937,0.0,15.61733333333056,1426,1563,538.0,499.0
2026-06-18T22:11:53.243649+00:00,,1.6033694458007812,0.0,15.61733333333056,1426,1563,538.0,499.0
2026-06-18T22:11:53.343617+00:00,,1.5225331115722656,0.0,15.61733333333056,1426,1563,538.0,499.0
2026-06-18T22:11:53.443695+00:00,,1.4546588134765626,0.0,15.61733333333056,1426,1563,538.0,499.0
2026-06-18T22:11:53.542802+00:00,,1.3893479919433593,0.0,15.61733333333056,1426,1563,538.0,499.0
2026-06-18T22:11:53.643646+00:00,,1.317723846435547,0.0,15.61733333333056,1426,1563,538.0,499.0
2026-06-18T22:11:53.742657+00:00,,1.2575898742675782,0.0,15.61733333333056,1426,1563,538.0,499.0
2026-06-18T22:11:53.843651+00:00,,1.191646728515625,0.0,15.61733333333056,1426,1563,538.0,499.0
2026-06-18T22:11:53.943668+00:00,,1.136285400390625,0.0,15.61733333333056,1426,1563,538.0,499.0
2026-06-18T22:11:54.043741+00:00,,1.075579071044922,0.0,15.61733333333056,1426,1563,538.0,499.0
2026-06-18T22:11:54.461708+00:00,,1.0246166229248046,1.2000000000043656,0.0,1517,686,51.0,10.0
2026-06-18T22:11:54.543796+00:00,,0.9628234100341797,6.0,0.0,1881,686,201.0,53.0
2026-06-18T22:11:54.643740+00:00,,1.1858504486083985,7.200000000004366,0.0,1972,686,210.0,83.0
2026-06-18T22:11:54.743989+00:00,,1.4989755249023438,8.400000000008731,0.0,2063,686,189.0,192.0
2026-06-18T22:11:54.842743+00:00,,1.9583662414550782,9.600000000002183,0.0,2154,686,200.0,132.0
2026-06-18T22:11:54.943747+00:00,,2.5646807861328127,10.800000000006548,0.0,2245,686,181.0,191.0
2026-06-18T22:11:55.043824+00:00,,3.1432464599609378,12.0,0.0,2336,686,247.0,10.0
2026-06-18T22:11:55.142763+00:00,,3.9054684448242187,13.200000000004366,0.0,2427,686,188.0,215.0
2026-06-18T22:11:55.242883+00:00,,4.865923461914063,14.400000000008731,0.0,2518,686,268.0,191.0
2026-06-18T22:11:55.342767+00:00,,5.9043121337890625,15.600000000002183,0.0,2609,686,209.0,19.0
2026-06-18T22:11:55.443872+00:00,,6.328213500976562,16.80000000000655,0.0,2700,686,204.0,68.0
2026-06-18T22:11:55.543847+00:00,,7.556949462890625,18.0,0.0,2791,686,198.0,15.0
2026-06-18T22:11:55.644844+00:00,,8.7599658203125,18.0,0.0,2791,686,141.0,125.0
2026-06-18T22:11:55.743814+00:00,,10.30976806640625,18.0,0.0,2791,686,351.0,499.0
2026-06-18T22:11:55.844820+00:00,,11.72824462890625,18.0,0.0,2791,686,538.0,499.0
2026-06-18T22:11:55.943165+00:00,,13.301396484375001,18.0,0.0,2791,686,538.0,499.0
2026-06-18T22:11:56.044849+00:00,,14.637971191406251,18.0,0.0,2791,686,538.0,499.0
2026-06-18T22:11:56.143838+00:00,,16.122122802734374,18.0,0.0,2791,686,538.0,499.0
2026-06-18T22:11:56.244845+00:00,,17.38459716796875,18.0,0.0,2791,686,538.0,499.0
2026-06-18T22:11:56.344871+00:00,,18.78810302734375,18.0,0.0,2791,686,538.0,499.0
2026-06-18T22:11:56.444126+00:00,,19.983333740234375,18.0,0.0,2791,686,538.0,499.0
2026-06-18T22:11:56.544791+00:00,,21.14929931640625,18.0,0.0,2791,686,538.0,499.0
2026-06-18T22:11:56.643558+00:00,,22.447587890625,18.0,0.0,2791,686,538.0,499.0
2026-06-18T22:11:56.744329+00:00,,23.0835546875,18.0,0.0,2791,686,538.0,499.0
2026-06-18T22:11:56.846078+00:00,,24.17615478515625,18.0,0.0,2791,686,538.0,499.0
2026-06-18T22:11:56.944838+00:00,,25.243776855468752,18.0,0.0,2791,686,538.0,499.0
2026-06-18T22:11:57.045616+00:00,,26.28743408203125,18.0,0.0,2791,686,538.0,499.0
2026-06-18T22:11:57.145364+00:00,,27.45206787109375,18.0,0.0,2791,686,538.0,499.0
2026-06-18T22:11:57.246141+00:00,,28.4475390625,18.0,0.0,2791,686,538.0,499.0
2026-06-18T22:11:57.346050+00:00,,29.545473632812502,18.0,0.0,2791,686,538.0,499.0
2026-06-18T22:11:57.446713+00:00,,30.53589599609375,18.0,0.0,2791,686,538.0,499.0
2026-06-18T22:11:57.545960+00:00,,31.64275146484375,18.0,0.0,2791,686,538.0,499.0
2026-06-18T22:11:57.645996+00:00,,32.72400634765625,18.0,0.0,2791,686,538.0,499.0
2026-06-18T22:11:57.745944+00:00,,33.6499755859375,18.0,0.0,2791,686,538.0,499.0
2026-06-18T22:11:57.845989+00:00,,34.686169433593754,18.0,0.0,2791,686,538.0,499.0
2026-06-18T22:11:57.945474+00:00,,35.57428955078125,18.0,0.0,2791,686,538.0,499.0
2026-06-18T22:11:58.046093+00:00,,36.07427490234375,18.0,0.0,2791,686,538.0,499.0
2026-06-18T22:11:58.145077+00:00,,36.936513671875,18.0,0.0,2791,686,538.0,499.0
2026-06-18T22:11:58.246015+00:00,,37.9027392578125,18.0,0.0,2791,686,538.0,499.0
2026-06-18T22:11:58.346008+00:00,,38.732021484375004,18.0,0.0,2791,686,538.0,499.0
2026-06-18T22:11:58.447249+00:00,,39.66201904296875,18.0,0.0,2791,686,538.0,499.0
2026-06-18T22:11:58.547063+00:00,,40.573811035156254,18.0,0.0,2791,686,538.0,499.0
2026-06-18T22:11:58.646031+00:00,,41.357265625000004,18.0,0.0,2791,686,538.0,499.0
2026-06-18T22:11:58.747038+00:00,,42.127802734375,18.0,0.0,2791,686,538.0,499.0
2026-06-18T22:11:58.847056+00:00,,42.9931640625,18.0,0.0,2791,686,538.0,499.0
2026-06-18T22:11:58.946304+00:00,,43.842861328125004,18.0,0.0,2791,686,538.0,499.0
2026-06-18T22:11:59.046069+00:00,,44.5739794921875,18.0,0.0,2791,686,538.0,499.0
2026-06-18T22:11:59.146053+00:00,,45.3959228515625,18.0,0.0,2791,686,538.0,499.0
2026-06-18T22:11:59.246107+00:00,,46.103623046875,18.0,0.0,2791,686,538.0,499.0
2026-06-18T22:11:59.347202+00:00,,46.899755859375,18.0,0.0,2791,686,538.0,499.0
2026-06-18T22:11:59.447250+00:00,,47.5856689453125,18.0,0.0,2791,686,538.0,499.0
2026-06-18T22:11:59.547161+00:00,,47.973271484375005,18.0,0.0,2791,686,538.0,499.0
2026-06-18T22:11:59.647593+00:00,,48.644169921875005,18.0,0.0,2791,686,538.0,499.0
2026-06-18T22:11:59.747330+00:00,,49.399716796875,18.0,0.0,2791,686,538.0,499.0
2026-06-18T22:11:59.847230+00:00,,50.0513525390625,18.0,0.0,2791,686,538.0,499.0
2026-06-18T22:11:59.947243+00:00,,50.785649414062505,18.0,0.0,2791,686,538.0,499.0
2026-06-18T22:12:00.047654+00:00,,51.419331054687504,18.0,0.0,2791,686,538.0,499.0
2026-06-18T22:12:00.464747+00:00,,52.133798828125,0.0,0.0,1426,686,274.0,499.0
2026-06-18T22:12:00.568290+00:00,,53.3334716796875,0.0,7.485333333330345,1426,1107,71.0,100.0
2026-06-18T22:12:00.648197+00:00,,52.84578125,0.0,9.352000000003802,1426,1211,167.0,43.0
2026-06-18T22:12:00.748198+00:00,,52.5709765625,0.0,11.218666666660283,1426,1316,538.0,97.0
2026-06-18T22:12:00.848216+00:00,,52.089604492187505,0.0,13.08533333333374,1426,1421,538.0,122.0
2026-06-18T22:12:00.949310+00:00,,51.4970166015625,0.0,14.97066666666069,1426,1527,538.0,7.0
2026-06-18T22:12:01.049344+00:00,,50.793193359375,0.0,16.83733333333415,1426,1632,538.0,216.0
2026-06-18T22:12:01.150213+00:00,,49.79376953125,0.0,18.722666666661098,1426,1738,538.0,188.0
2026-06-18T22:12:01.250221+00:00,,48.7468017578125,0.0,20.589333333334558,1426,1843,538.0,33.0
2026-06-18T22:12:01.351294+00:00,,47.4228271484375,0.0,22.45600000000801,1426,1948,538.0,53.0
2026-06-18T22:12:01.451329+00:00,,46.1043994140625,0.0,24.322666666664496,1426,2052,538.0,47.0
2026-06-18T22:12:01.570307+00:00,,44.4567236328125,0.0,24.322666666664496,1426,2052,538.0,22.0
2026-06-18T22:12:01.650378+00:00,,42.810268554687504,0.0,24.322666666664496,1426,2052,538.0,109.0
2026-06-18T22:12:01.750299+00:00,,41.12185546875,0.0,24.322666666664496,1426,2052,538.0,106.0
2026-06-18T22:12:01.850467+00:00,,39.19893798828125,0.0,24.322666666664496,1426,2052,538.0,68.0
2026-06-18T22:12:01.950317+00:00,,37.56827392578125,0.0,24.322666666664496,1426,2052,538.0,55.0
2026-06-18T22:12:02.051305+00:00,,35.71478271484375,0.0,24.322666666664496,1426,2052,538.0,76.0
2026-06-18T22:12:02.150276+00:00,,34.1525830078125,0.0,24.322666666664496,1426,2052,538.0,72.0
2026-06-18T22:12:02.250501+00:00,,33.25866455078125,0.0,24.322666666664496,1426,2052,538.0,90.0
2026-06-18T22:12:02.350365+00:00,,31.50837646484375,0.0,24.322666666664496,1426,2052,538.0,107.0
2026-06-18T22:12:02.451364+00:00,,30.0011767578125,0.0,24.322666666664496,1426,2052,538.0,114.0
2026-06-18T22:12:02.551813+00:00,,28.552778320312502,0.0,24.322666666664496,1426,2052,538.0,97.0
2026-06-18T22:12:02.651563+00:00,,26.90642822265625,0.0,24.322666666664496,1426,2052,538.0,118.0
2026-06-18T22:12:02.751345+00:00,,25.5230078125,0.0,24.322666666664496,1426,2052,538.0,69.0
2026-06-18T22:12:02.851334+00:00,,23.99594482421875,0.0,24.322666666664496,1426,2052,538.0,94.0
2026-06-18T22:12:02.951376+00:00,,22.50735107421875,0.0,24.322666666664496,1426,2052,538.0,7.0
2026-06-18T22:12:03.051434+00:00,,21.25962890625,0.0,24.322666666664496,1426,2052,538.0,64.0
2026-06-18T22:12:03.152375+00:00,,19.86194580078125,0.0,24.322666666664496,1426,2052,538.0,89.0
2026-06-18T22:12:03.251409+00:00,,18.6826025390625,0.0,24.322666666664496,1426,2052,538.0,63.0
2026-06-18T22:12:03.352372+00:00,,17.363189697265625,0.0,24.322666666664496,1426,2052,538.0,105.0
2026-06-18T22:12:03.451475+00:00,,16.251358642578126,0.0,24.322666666664496,1426,2052,538.0,85.0
2026-06-18T22:12:03.551441+00:00,,15.637630615234375,0.0,24.322666666664496,1426,2052,538.0,103.0
2026-06-18T22:12:03.652403+00:00,,14.462545166015625,0.0,24.322666666664496,1426,2052,538.0,51.0
2026-06-18T22:12:03.752401+00:00,,13.44105712890625,0.0,24.322666666664496,1426,2052,538.0,64.0
2026-06-18T22:12:03.852449+00:00,,12.465345458984375,0.0,24.322666666664496,1426,2052,538.0,82.0
2026-06-18T22:12:03.952585+00:00,,11.404134521484375,0.0,24.322666666664496,1426,2052,538.0,102.0
2026-06-18T22:12:04.053374+00:00,,10.505975341796875,0.0,24.322666666664496,1426,2052,538.0,79.0
2026-06-18T22:12:04.153094+00:00,,9.515029296875,0.0,24.322666666664496,1426,2052,538.0,79.0
2026-06-18T22:12:04.252849+00:00,,8.693532104492188,0.0,24.322666666664496,1426,2052,538.0,65.0
2026-06-18T22:12:04.353686+00:00,,7.7619775390625,0.0,24.322666666664496,1426,2052,538.0,88.0
2026-06-18T22:12:04.454428+00:00,,6.995997924804688,0.0,24.322666666664496,1426,2052,538.0,87.0
2026-06-18T22:12:04.554202+00:00,,6.120625,0.0,24.322666666664496,1426,2052,538.0,147.0
2026-06-18T22:12:04.653952+00:00,,5.3952398681640625,0.0,24.322666666664496,1426,2052,538.0,87.0
2026-06-18T22:12:04.754698+00:00,,5.003034057617188,0.0,24.322666666664496,1426,2052,538.0,80.0
2026-06-18T22:12:04.854667+00:00,,4.209973449707031,0.0,24.322666666664496,1426,2052,538.0,90.0
2026-06-18T22:12:04.955255+00:00,,3.553749389648438,0.0,24.322666666664496,1426,2052,538.0,96.0
2026-06-18T22:12:05.056075+00:00,,2.8446972656250002,0.0,24.322666666664496,1426,2052,538.0,83.0
2026-06-18T22:12:05.155772+00:00,,2.2583302307128905,0.0,24.322666666664496,1426,2052,538.0,266.0
2026-06-18T22:12:05.256539+00:00,,1.6054783630371094,0.0,24.322666666664496,1426,2052,538.0,499.0
2026-06-18T22:12:05.355635+00:00,,1.052489013671875,0.0,24.322666666664496,1426,2052,538.0,499.0
2026-06-18T22:12:05.455511+00:00,,0.4560702896118164,0.0,24.322666666664496,1426,2052,538.0,499.0
2026-06-18T22:12:05.574966+00:00,,0.0,1.3466666666621072,0.0,1528,686,100.0,112.0
2026-06-18T22:12:05.657510+00:00,,0.0,2.680000000000291,0.0,1629,686,207.0,50.0
2026-06-18T22:12:05.756500+00:00,,0.0,4.013333333326348,0.0,1730,686,60.0,96.0
2026-06-18T22:12:05.857675+00:00,,0.0,5.346666666664532,0.0,1832,686,60.0,61.0
2026-06-18T22:12:05.957529+00:00,,0.027150654792785646,6.680000000002716,0.0,1933,686,251.0,40.0
2026-06-18T22:12:06.057528+00:00,,0.24417289733886718,8.013333333328774,0.0,2034,686,286.0,79.0
2026-06-18T22:12:06.157535+00:00,,0.3817462158203125,9.360000000003007,0.0,2136,686,101.0,59.0
2026-06-18T22:12:06.258537+00:00,,0.8666830444335938,10.693333333329065,0.0,2237,686,273.0,19.0
2026-06-18T22:12:06.358742+00:00,,1.413836212158203,12.02666666666725,0.0,2338,686,202.0,27.0
2026-06-18T22:12:06.458569+00:00,,2.2338829040527344,13.359999999993306,0.0,2439,686,302.0,3.0
2026-06-18T22:12:06.558596+00:00,,3.039126281738281,14.693333333331491,0.0,2541,686,360.0,199.0
2026-06-18T22:12:06.658566+00:00,,3.9630770874023438,16.026666666669673,0.0,2642,686,164.0,54.0
2026-06-18T22:12:06.758592+00:00,,5.128508911132813,17.373333333331782,0.0,2744,686,129.0,227.0
2026-06-18T22:12:06.859771+00:00,,6.456870727539062,18.706666666669964,0.0,2845,686,119.0,60.0
2026-06-18T22:12:06.959665+00:00,,7.772861938476563,20.0,0.0,2943,686,121.0,67.0
2026-06-18T22:12:07.059606+00:00,,9.402646484375,20.0,0.0,2943,686,267.0,191.0
2026-06-18T22:12:07.160141+00:00,,10.938076171875,20.0,0.0,2943,686,394.0,325.0
2026-06-18T22:12:07.259620+00:00,,12.792542724609376,20.0,0.0,2943,686,538.0,499.0
2026-06-18T22:12:07.359780+00:00,,14.586152343750001,20.0,0.0,2943,686,538.0,499.0
2026-06-18T22:12:07.459650+00:00,,15.4612109375,20.0,0.0,2943,686,538.0,499.0
2026-06-18T22:12:07.559654+00:00,,16.959217529296875,20.0,0.0,2943,686,538.0,499.0
2026-06-18T22:12:07.659658+00:00,,18.621510009765625,20.0,0.0,2943,686,538.0,499.0
2026-06-18T22:12:07.759796+00:00,,20.03466796875,20.0,0.0,2943,686,538.0,499.0
2026-06-18T22:12:07.859757+00:00,,21.60485595703125,20.0,0.0,2943,686,538.0,499.0
2026-06-18T22:12:07.959676+00:00,,22.94140869140625,20.0,0.0,2943,686,538.0,499.0
2026-06-18T22:12:08.058695+00:00,,24.42831298828125,20.0,0.0,2943,686,538.0,499.0
2026-06-18T22:12:08.159703+00:00,,25.87403564453125,20.0,0.0,2943,686,538.0,499.0
2026-06-18T22:12:08.259703+00:00,,27.106882324218752,20.0,0.0,2943,686,538.0,499.0
2026-06-18T22:12:08.359833+00:00,,28.48083984375,20.0,0.0,2943,686,538.0,499.0
2026-06-18T22:12:08.459736+00:00,,29.6537890625,20.0,0.0,2943,686,538.0,499.0
2026-06-18T22:12:08.559735+00:00,,30.96240966796875,20.0,0.0,2943,686,538.0,499.0
2026-06-18T22:12:08.659720+00:00,,32.08075927734375,20.0,0.0,2943,686,538.0,499.0
2026-06-18T22:12:08.759723+00:00,,32.70905517578125,20.0,0.0,2943,686,538.0,499.0
2026-06-18T22:12:08.859865+00:00,,33.94302490234375,20.0,0.0,2943,686,538.0,499.0
2026-06-18T22:12:08.959758+00:00,,34.99892333984375,20.0,0.0,2943,686,538.0,499.0
2026-06-18T22:12:09.059767+00:00,,36.17962158203125,20.0,0.0,2943,686,538.0,499.0
2026-06-18T22:12:09.159756+00:00,,37.1908935546875,20.0,0.0,2943,686,538.0,499.0
2026-06-18T22:12:09.259766+00:00,,38.322744140625,20.0,0.0,2943,686,538.0,499.0
2026-06-18T22:12:09.359932+00:00,,39.29306396484375,20.0,0.0,2943,686,538.0,499.0
2026-06-18T22:12:09.459859+00:00,,40.24542236328125,20.0,0.0,2943,686,538.0,499.0
2026-06-18T22:12:09.560168+00:00,,41.31271484375,20.0,0.0,2943,686,538.0,499.0
2026-06-18T22:12:09.659914+00:00,,42.358417968750004,20.0,0.0,2943,686,538.0,499.0
2026-06-18T22:12:09.760312+00:00,,43.383447265625,20.0,0.0,2943,686,538.0,499.0
2026-06-18T22:12:09.859978+00:00,,44.2640869140625,20.0,0.0,2943,686,538.0,499.0
2026-06-18T22:12:09.959788+00:00,,45.1301220703125,20.0,0.0,2943,686,538.0,499.0
2026-06-18T22:12:10.060808+00:00,,45.61865234375,20.0,0.0,2943,686,538.0,499.0
2026-06-18T22:12:10.160168+00:00,,46.58232421875,20.0,0.0,2943,686,538.0,499.0
2026-06-18T22:12:10.260932+00:00,,47.4113720703125,20.0,0.0,2943,686,538.0,499.0
2026-06-18T22:12:10.359996+00:00,,48.3432958984375,20.0,0.0,2943,686,538.0,499.0
2026-06-18T22:12:10.460858+00:00,,49.1456298828125,20.0,0.0,2943,686,538.0,499.0
2026-06-18T22:12:10.560870+00:00,,50.048193359375,20.0,0.0,2943,686,538.0,499.0
2026-06-18T22:12:10.660850+00:00,,50.8258056640625,20.0,0.0,2943,686,538.0,499.0
2026-06-18T22:12:10.760846+00:00,,51.7011865234375,20.0,0.0,2943,686,538.0,499.0
2026-06-18T22:12:10.859580+00:00,,52.4559130859375,20.0,0.0,2943,686,538.0,499.0
2026-06-18T22:12:10.959872+00:00,,53.3061083984375,20.0,0.0,2943,686,538.0,499.0
2026-06-18T22:12:11.060900+00:00,,54.039624023437504,20.0,0.0,2943,686,538.0,499.0
2026-06-18T22:12:11.161888+00:00,,54.866484375,20.0,0.0,2943,686,538.0,499.0
2026-06-18T22:12:11.260895+00:00,,55.58033203125,20.0,0.0,2943,686,538.0,499.0
2026-06-18T22:12:11.361418+00:00,,56.3855517578125,20.0,0.0,2943,686,538.0,499.0
2026-06-18T22:12:11.461228+00:00,,57.0811669921875,20.0,0.0,2943,686,538.0,499.0
2026-06-18T22:12:11.580045+00:00,,57.475029296875,0.0,0.0,1426,686,94.0,499.0
2026-06-18T22:12:11.980063+00:00,,58.3154443359375,0.0,2.000000000007276,1426,798,538.0,110.0
2026-06-18T22:12:12.061965+00:00,,58.2081591796875,0.0,10.0,1426,1248,538.0,101.0
2026-06-18T22:12:12.162549+00:00,,57.378125000000004,0.0,12.000000000007276,1426,1360,538.0,24.0
2026-06-18T22:12:12.262287+00:00,,56.1796826171875,0.0,13.999999999996362,1426,1473,538.0,22.0
2026-06-18T22:12:12.362079+00:00,,54.9768017578125,0.0,16.000000000003638,1426,1585,538.0,20.0
2026-06-18T22:12:12.779693+00:00,,53.4099072265625,0.0,16.000000000003638,1426,1585,538.0,499.0
2026-06-18T22:12:12.864899+00:00,,46.4845556640625,0.0,16.000000000003638,1426,1585,538.0,499.0
2026-06-18T22:12:12.964030+00:00,,45.8124755859375,0.0,16.000000000003638,1426,1585,538.0,499.0
2026-06-18T22:12:13.063448+00:00,,44.0533203125,0.0,16.000000000003638,1426,1585,538.0,499.0
2026-06-18T22:12:13.163199+00:00,,42.5535498046875,0.0,16.000000000003638,1426,1585,538.0,499.0
2026-06-18T22:12:13.264074+00:00,,40.8846337890625,0.0,16.000000000003638,1426,1585,538.0,499.0
2026-06-18T22:12:13.365167+00:00,,39.2637158203125,0.0,16.000000000003638,1426,1585,538.0,499.0
2026-06-18T22:12:13.463514+00:00,,37.8846142578125,0.0,16.000000000003638,1426,1585,538.0,499.0
2026-06-18T22:12:13.565146+00:00,,36.35301513671875,0.0,16.000000000003638,1426,1585,538.0,499.0
2026-06-18T22:12:13.665080+00:00,,35.05152099609375,0.0,16.000000000003638,1426,1585,538.0,499.0
2026-06-18T22:12:13.765109+00:00,,33.60784912109375,0.0,16.000000000003638,1426,1585,538.0,499.0
2026-06-18T22:12:13.865207+00:00,,32.2103173828125,0.0,16.000000000003638,1426,1585,538.0,499.0
2026-06-18T22:12:13.964078+00:00,,31.024843750000002,0.0,16.000000000003638,1426,1585,538.0,499.0
2026-06-18T22:12:14.064182+00:00,,29.87377197265625,0.0,16.000000000003638,1426,1585,538.0,499.0
2026-06-18T22:12:14.165095+00:00,,29.23127685546875,0.0,16.000000000003638,1426,1585,538.0,499.0
2026-06-18T22:12:14.264122+00:00,,27.97912109375,0.0,16.000000000003638,1426,1585,538.0,499.0
2026-06-18T22:12:14.364225+00:00,,26.91887939453125,0.0,16.000000000003638,1426,1585,538.0,499.0
2026-06-18T22:12:14.464238+00:00,,25.746870117187502,0.0,16.000000000003638,1426,1585,538.0,499.0
2026-06-18T22:12:14.565146+00:00,,24.755434570312502,0.0,16.000000000003638,1426,1585,538.0,499.0
2026-06-18T22:12:14.664142+00:00,,23.7951611328125,0.0,16.000000000003638,1426,1585,538.0,499.0
2026-06-18T22:12:14.764155+00:00,,22.735068359375,0.0,16.000000000003638,1426,1585,538.0,499.0
2026-06-18T22:12:14.864361+00:00,,21.83945556640625,0.0,16.000000000003638,1426,1585,538.0,499.0
2026-06-18T22:12:14.964160+00:00,,20.9730029296875,0.0,16.000000000003638,1426,1585,538.0,499.0
2026-06-18T22:12:15.065158+00:00,,20.017623291015624,0.0,16.000000000003638,1426,1585,538.0,499.0
2026-06-18T22:12:15.164169+00:00,,19.211416015625,0.0,16.000000000003638,1426,1585,538.0,499.0
2026-06-18T22:12:15.265177+00:00,,18.32313232421875,0.0,16.000000000003638,1426,1585,538.0,499.0
2026-06-18T22:12:15.364296+00:00,,17.8919287109375,0.0,16.000000000003638,1426,1585,538.0,499.0
2026-06-18T22:12:15.465284+00:00,,17.157601318359376,0.0,16.000000000003638,1426,1585,538.0,499.0
2026-06-18T22:12:15.566224+00:00,,16.34922119140625,0.0,16.000000000003638,1426,1585,538.0,499.0
2026-06-18T22:12:15.666191+00:00,,15.66812744140625,0.0,16.000000000003638,1426,1585,538.0,499.0
2026-06-18T22:12:15.765218+00:00,,14.9188232421875,0.0,16.000000000003638,1426,1585,538.0,499.0
2026-06-18T22:12:15.866285+00:00,,14.287889404296875,0.0,16.000000000003638,1426,1585,538.0,499.0
2026-06-18T22:12:15.966226+00:00,,13.59417724609375,0.0,16.000000000003638,1426,1585,538.0,499.0
2026-06-18T22:12:16.065229+00:00,,13.01038330078125,0.0,16.000000000003638,1426,1585,538.0,499.0
2026-06-18T22:12:16.165251+00:00,,12.36884765625,0.0,16.000000000003638,1426,1585,538.0,499.0
2026-06-18T22:12:16.265236+00:00,,11.753779296875,0.0,16.000000000003638,1426,1585,538.0,499.0
2026-06-18T22:12:16.365327+00:00,,11.23657470703125,0.0,16.000000000003638,1426,1585,538.0,499.0
2026-06-18T22:12:16.466281+00:00,,10.668643798828125,0.0,16.000000000003638,1426,1585,538.0,499.0
2026-06-18T22:12:16.565299+00:00,,10.191298828125,0.0,16.000000000003638,1426,1585,538.0,499.0
2026-06-18T22:12:16.665267+00:00,,9.926502685546875,0.0,16.000000000003638,1426,1585,538.0,499.0
2026-06-18T22:12:16.766284+00:00,,9.476673583984375,0.0,16.000000000003638,1426,1585,538.0,499.0
2026-06-18T22:12:16.866351+00:00,,8.983095703125,0.0,16.000000000003638,1426,1585,538.0,499.0
2026-06-18T22:12:16.967359+00:00,,8.568543090820313,0.0,16.000000000003638,1426,1585,538.0,499.0
2026-06-18T22:12:17.066296+00:00,,8.113848266601563,0.0,16.000000000003638,1426,1585,538.0,499.0
2026-06-18T22:12:17.166334+00:00,,7.678753662109375,0.0,16.000000000003638,1426,1585,538.0,499.0
2026-06-18T22:12:17.266339+00:00,,7.313524169921875,0.0,16.000000000003638,1426,1585,538.0,499.0
2026-06-18T22:12:17.366488+00:00,,6.913142700195313,0.0,16.000000000003638,1426,1585,538.0,499.0
2026-06-18T22:12:17.466353+00:00,,6.577162475585937,0.0,16.000000000003638,1426,1585,538.0,499.0
2026-06-18T22:12:17.566366+00:00,,6.2089599609375,0.0,16.000000000003638,1426,1585,538.0,499.0
2026-06-18T22:12:17.666804+00:00,,5.90007568359375,0.0,16.000000000003638,1426,1585,538.0,499.0
2026-06-18T22:12:17.766700+00:00,,5.561666259765625,0.0,16.000000000003638,1426,1585,538.0,499.0
2026-06-18T22:12:17.866462+00:00,,5.398111572265625,0.0,16.000000000003638,1426,1585,538.0,499.0
2026-06-18T22:12:17.966376+00:00,,5.120658569335937,0.0,16.000000000003638,1426,1585,538.0,499.0
2026-06-18T22:12:18.066394+00:00,,4.816785278320313,0.0,16.000000000003638,1426,1585,538.0,499.0
2026-06-18T22:12:18.166439+00:00,,4.5620184326171875,0.0,16.000000000003638,1426,1585,538.0,499.0
2026-06-18T22:12:18.266440+00:00,,4.317233276367188,0.0,16.000000000003638,1426,1585,538.0,499.0
2026-06-18T22:12:18.367467+00:00,,4.049230346679687,0.0,16.000000000003638,1426,1585,538.0,499.0
2026-06-18T22:12:18.467437+00:00,,3.824610595703125,0.0,16.000000000003638,1426,1585,538.0,499.0
2026-06-18T22:12:18.567643+00:00,,3.6088552856445313,0.0,16.000000000003638,1426,1585,538.0,499.0
2026-06-18T22:12:18.667435+00:00,,3.372706298828125,0.0,16.000000000003638,1426,1585,538.0,499.0
2026-06-18T22:12:18.767494+00:00,,3.1748416137695314,0.0,16.000000000003638,1426,1585,538.0,499.0
2026-06-18T22:12:18.867001+00:00,,2.9583145141601563,0.0,16.000000000003638,1426,1585,538.0,499.0
2026-06-18T22:12:18.966908+00:00,,2.776922607421875,0.0,16.000000000003638,1426,1585,538.0,499.0
2026-06-18T22:12:19.066582+00:00,,2.578455810546875,0.0,16.000000000003638,1426,1585,538.0,499.0
2026-06-18T22:12:19.167339+00:00,,2.4122207641601565,0.0,16.000000000003638,1426,1585,538.0,499.0
2026-06-18T22:12:19.266468+00:00,,2.252635498046875,0.0,16.000000000003638,1426,1585,538.0,499.0
2026-06-18T22:12:19.366858+00:00,,2.1643305969238282,0.0,16.000000000003638,1426,1585,538.0,499.0
2026-06-18T22:12:19.467613+00:00,,1.9937985229492188,0.0,16.000000000003638,1426,1585,538.0,499.0
2026-06-18T22:12:19.567450+00:00,,1.850997314453125,0.0,16.000000000003638,1426,1585,538.0,499.0
2026-06-18T22:12:19.667176+00:00,,1.6948150634765626,0.0,16.000000000003638,1426,1585,538.0,499.0
2026-06-18T22:12:19.766899+00:00,,1.5640469360351563,0.0,16.000000000003638,1426,1585,538.0,499.0
2026-06-18T22:12:19.866667+00:00,,1.4210427856445313,0.0,16.000000000003638,1426,1585,538.0,499.0
2026-06-18T22:12:19.967478+00:00,,1.301322479248047,0.0,16.000000000003638,1426,1585,538.0,499.0
2026-06-18T22:12:20.067185+00:00,,1.1704144287109375,0.0,16.000000000003638,1426,1585,538.0,499.0
2026-06-18T22:12:20.166964+00:00,,1.0608324432373046,0.0,16.000000000003638,1426,1585,538.0,499.0
2026-06-18T22:12:20.267831+00:00,,0.9410225677490235,0.0,16.000000000003638,1426,1585,538.0,499.0
2026-06-18T22:12:20.366575+00:00,,0.8407405853271485,0.0,16.000000000003638,1426,1585,538.0,499.0
2026-06-18T22:12:20.468262+00:00,,0.7311089324951172,0.0,16.000000000003638,1426,1585,538.0,499.0
2026-06-18T22:12:20.567088+00:00,,0.6393544387817383,0.0,16.000000000003638,1426,1585,538.0,499.0
2026-06-18T22:12:20.666775+00:00,,0.539053955078125,0.0,16.000000000003638,1426,1585,538.0,499.0
2026-06-18T22:12:20.766643+00:00,,0.502652702331543,0.0,16.000000000003638,1426,1585,538.0,499.0
2026-06-18T22:12:20.866591+00:00,,0.40869606018066407,0.0,16.000000000003638,1426,1585,538.0,499.0
2026-06-18T22:12:20.988641+00:00,,0.33007137298583983,1.4666666666586632,0.0,1537,686,114.0,82.0
2026-06-18T22:12:21.067580+00:00,,0.2441349220275879,2.9333333333306655,0.0,1649,686,237.0,109.0
2026-06-18T22:12:21.167583+00:00,,0.15172685623168947,4.400000000002668,0.0,1760,686,176.0,17.0
2026-06-18T22:12:21.267773+00:00,,0.12680317878723144,5.866666666661331,0.0,1871,686,151.0,56.0
2026-06-18T22:12:21.367624+00:00,,0.3168781089782715,7.333333333333333,0.0,1982,686,191.0,143.0
2026-06-18T22:12:21.467642+00:00,,0.6504636383056641,8.799999999991996,0.0,2094,686,120.0,162.0
2026-06-18T22:12:21.567737+00:00,,1.0974278259277344,10.266666666663998,0.0,2205,686,222.0,38.0
2026-06-18T22:12:21.667610+00:00,,1.7512388610839844,11.733333333336,0.0,2316,686,80.0,46.0
2026-06-18T22:12:21.767766+00:00,,2.4455165100097656,13.199999999994665,0.0,2427,686,145.0,31.0
2026-06-18T22:12:21.867627+00:00,,3.3572512817382814,14.666666666666666,0.0,2539,686,166.0,198.0
2026-06-18T22:12:21.966732+00:00,,4.238786315917968,16.133333333325332,0.0,2650,686,98.0,31.0
2026-06-18T22:12:22.067646+00:00,,5.440730590820313,17.59999999999733,0.0,2761,686,113.0,8.0
2026-06-18T22:12:22.167661+00:00,,5.923819580078125,19.066666666669335,0.0,2872,686,215.0,58.0
2026-06-18T22:12:22.268041+00:00,,7.4076611328125,20.54799999999765,0.0,2985,686,180.0,184.0
2026-06-18T22:12:22.368677+00:00,,8.839528198242188,22.0,0.0,3095,686,123.0,144.0
2026-06-18T22:12:22.468692+00:00,,10.61601318359375,22.0,0.0,3095,686,230.0,140.0
2026-06-18T22:12:22.568710+00:00,,12.314196777343751,22.0,0.0,3095,686,317.0,469.0
2026-06-18T22:12:22.668662+00:00,,14.3676220703125,22.0,0.0,3095,686,538.0,499.0
2026-06-18T22:12:22.768864+00:00,,16.370562744140624,22.0,0.0,3095,686,538.0,499.0
2026-06-18T22:12:22.867699+00:00,,18.06884521484375,22.0,0.0,3095,686,538.0,499.0
2026-06-18T22:12:22.968758+00:00,,19.951146240234376,22.0,0.0,3095,686,538.0,499.0
2026-06-18T22:12:23.068176+00:00,,21.54957763671875,22.0,0.0,3095,686,538.0,499.0
2026-06-18T22:12:23.168940+00:00,,23.10501220703125,22.0,0.0,3095,686,538.0,499.0
2026-06-18T22:12:23.268833+00:00,,23.97533447265625,22.0,0.0,3095,686,538.0,499.0
2026-06-18T22:12:23.368738+00:00,,25.67738525390625,22.0,0.0,3095,686,538.0,499.0
2026-06-18T22:12:23.468769+00:00,,27.12628173828125,22.0,0.0,3095,686,538.0,499.0
2026-06-18T22:12:23.568900+00:00,,28.539326171875,22.0,0.0,3095,686,538.0,499.0
2026-06-18T22:12:23.669829+00:00,,30.1124560546875,22.0,0.0,3095,686,538.0,499.0
2026-06-18T22:12:23.769867+00:00,,31.454138183593752,22.0,0.0,3095,686,538.0,499.0
2026-06-18T22:12:23.869773+00:00,,32.94967041015625,22.0,0.0,3095,686,538.0,499.0
2026-06-18T22:12:23.969799+00:00,,34.2267138671875,22.0,0.0,3095,686,538.0,499.0
2026-06-18T22:12:24.069792+00:00,,35.6518701171875,22.0,0.0,3095,686,538.0,499.0
2026-06-18T22:12:24.169788+00:00,,36.8702197265625,22.0,0.0,3095,686,538.0,499.0
2026-06-18T22:12:24.268900+00:00,,38.23139892578125,22.0,0.0,3095,686,538.0,499.0
2026-06-18T22:12:24.369805+00:00,,39.39633056640625,22.0,0.0,3095,686,538.0,499.0
2026-06-18T22:12:24.469829+00:00,,40.699228515625,22.0,0.0,3095,686,538.0,499.0
2026-06-18T22:12:24.568919+00:00,,41.8154541015625,22.0,0.0,3095,686,538.0,499.0
2026-06-18T22:12:24.668880+00:00,,42.9104150390625,22.0,0.0,3095,686,538.0,499.0
2026-06-18T22:12:24.769985+00:00,,43.5268994140625,22.0,0.0,3095,686,538.0,499.0
2026-06-18T22:12:24.869902+00:00,,44.5901904296875,22.0,0.0,3095,686,538.0,499.0
2026-06-18T22:12:24.969877+00:00,,45.78203125,22.0,0.0,3095,686,538.0,499.0
2026-06-18T22:12:25.070026+00:00,,46.805322265625,22.0,0.0,3095,686,538.0,499.0
2026-06-18T22:12:25.170321+00:00,,47.9534033203125,22.0,0.0,3095,686,538.0,499.0
2026-06-18T22:12:25.271079+00:00,,48.9400244140625,22.0,0.0,3095,686,538.0,499.0
2026-06-18T22:12:25.370963+00:00,,50.0479736328125,22.0,0.0,3095,686,538.0,499.0
2026-06-18T22:12:25.471949+00:00,,51.0009521484375,22.0,0.0,3095,686,538.0,499.0
2026-06-18T22:12:25.572083+00:00,,52.0720556640625,22.0,0.0,3095,686,538.0,499.0
2026-06-18T22:12:25.672179+00:00,,52.994140625,22.0,0.0,3095,686,538.0,499.0
2026-06-18T22:12:25.770972+00:00,,54.03138671875,22.0,0.0,3095,686,538.0,499.0
2026-06-18T22:12:25.870922+00:00,,54.9250732421875,22.0,0.0,3095,686,538.0,499.0
2026-06-18T22:12:25.971970+00:00,,55.9311962890625,22.0,0.0,3095,686,538.0,499.0
2026-06-18T22:12:26.070993+00:00,,56.304443359375,22.0,0.0,3095,686,538.0,499.0
2026-06-18T22:12:26.171960+00:00,,57.2893408203125,22.0,0.0,3095,686,538.0,499.0
2026-06-18T22:12:26.271778+00:00,,58.1390966796875,22.0,0.0,3095,686,538.0,499.0
2026-06-18T22:12:26.372530+00:00,,59.097065429687504,22.0,0.0,3095,686,538.0,499.0
2026-06-18T22:12:26.472323+00:00,,59.9242236328125,22.0,0.0,3095,686,538.0,499.0
2026-06-18T22:12:26.573115+00:00,,60.857421875,22.0,0.0,3095,686,538.0,499.0
2026-06-18T22:12:26.672885+00:00,,61.6637890625,22.0,0.0,3095,686,538.0,499.0
2026-06-18T22:12:26.773041+00:00,,62.574208984375,22.0,0.0,3095,686,538.0,499.0
2026-06-18T22:12:26.872359+00:00,,63.36146484375,22.0,0.0,3095,686,538.0,499.0
2026-06-18T22:12:26.991148+00:00,,64.250947265625,0.0,0.0,1426,686,102.0,499.0
2026-06-18T22:12:27.072849+00:00,,65.08296875,0.0,0.0,1426,686,190.0,499.0
2026-06-18T22:12:27.173605+00:00,,65.75553222656251,0.0,0.0,1426,686,106.0,499.0
2026-06-18T22:12:27.272402+00:00,,65.971455078125,0.0,0.0,1426,686,126.0,499.0
2026-06-18T22:12:27.372174+00:00,,66.0103857421875,0.0,0.0,1426,686,236.0,499.0
2026-06-18T22:12:27.473090+00:00,,65.806845703125,0.0,0.0,1426,686,141.0,499.0
2026-06-18T22:12:27.572714+00:00,,65.3133544921875,0.0,0.0,1426,686,538.0,499.0
2026-06-18T22:12:27.672465+00:00,,64.878642578125,0.0,0.0,1426,686,538.0,499.0
2026-06-18T22:12:27.773222+00:00,,64.378583984375,0.0,0.0,1426,686,538.0,499.0
2026-06-18T22:12:27.874021+00:00,,63.9382568359375,0.0,0.0,1426,686,538.0,499.0
2026-06-18T22:12:27.973767+00:00,,63.431943359375005,0.0,0.0,1426,686,538.0,499.0
2026-06-18T22:12:28.074523+00:00,,62.9862890625,0.0,0.0,1426,686,538.0,499.0
2026-06-18T22:12:28.174288+00:00,,62.474052734375,0.0,0.0,1426,686,538.0,499.0
2026-06-18T22:12:28.274090+00:00,,62.023369140625,0.0,0.0,1426,686,538.0,499.0
2026-06-18T22:12:28.374846+00:00,,61.5055615234375,0.0,0.0,1426,686,538.0,499.0
2026-06-18T22:12:28.474599+00:00,,61.0501611328125,0.0,0.0,1426,686,538.0,499.0
2026-06-18T22:12:28.575221+00:00,,60.5271484375,0.0,0.0,1426,686,538.0,499.0
2026-06-18T22:12:28.674234+00:00,,60.3303369140625,0.0,0.0,1426,686,538.0,499.0
2026-06-18T22:12:28.775144+00:00,,59.8037548828125,0.0,0.0,1426,686,538.0,499.0
2026-06-18T22:12:28.893156+00:00,,59.340966796875,0.0,2.133333333321692,1426,806,538.0,120.0
2026-06-18T22:12:28.975292+00:00,,58.8098583984375,0.0,4.266666666662786,1426,926,538.0,9.0
2026-06-18T22:12:29.074147+00:00,,58.343291015625,0.0,6.399999999984478,1426,1046,538.0,71.0
2026-06-18T22:12:29.175307+00:00,,57.812031250000004,0.0,8.554666666663252,1426,1167,538.0,155.0
2026-06-18T22:12:29.276175+00:00,,57.15859375,0.0,10.687999999984944,1426,1286,538.0,90.0
2026-06-18T22:12:29.376182+00:00,,56.1278515625,0.0,12.821333333326038,1426,1406,538.0,5.0
2026-06-18T22:12:29.475177+00:00,,55.003251953125,0.0,14.954666666667132,1426,1526,538.0,53.0
2026-06-18T22:12:29.576237+00:00,,53.525400390625,0.0,17.087999999988824,1426,1646,538.0,31.0
2026-06-18T22:12:29.695313+00:00,,52.0453369140625,0.0,17.087999999988824,1426,1646,538.0,68.0
2026-06-18T22:12:29.775203+00:00,,50.054013671875,0.0,17.087999999988824,1426,1646,538.0,372.0
2026-06-18T22:12:29.876228+00:00,,49.030146484375,0.0,17.087999999988824,1426,1646,538.0,499.0
2026-06-18T22:12:29.975211+00:00,,47.2723681640625,0.0,17.087999999988824,1426,1646,538.0,499.0
2026-06-18T22:12:30.075217+00:00,,45.5579833984375,0.0,17.087999999988824,1426,1646,538.0,499.0
2026-06-18T22:12:30.175366+00:00,,43.651904296875,0.0,17.087999999988824,1426,1646,538.0,499.0
2026-06-18T22:12:30.275393+00:00,,41.8025341796875,0.0,17.087999999988824,1426,1646,538.0,499.0
2026-06-18T22:12:30.376251+00:00,,40.23072021484375,0.0,17.087999999988824,1426,1646,538.0,499.0
2026-06-18T22:12:30.476265+00:00,,38.48709716796875,0.0,17.087999999988824,1426,1646,538.0,499.0
2026-06-18T22:12:30.575283+00:00,,37.00724853515625,0.0,17.087999999988824,1426,1646,538.0,499.0
2026-06-18T22:12:30.675488+00:00,,35.36788818359375,0.0,17.087999999988824,1426,1646,538.0,499.0
2026-06-18T22:12:30.775262+00:00,,33.97837890625,0.0,17.087999999988824,1426,1646,538.0,499.0
2026-06-18T22:12:30.875268+00:00,,32.44107177734375,0.0,17.087999999988824,1426,1646,538.0,499.0
2026-06-18T22:12:30.975276+00:00,,31.1396875,0.0,17.087999999988824,1426,1646,538.0,499.0
2026-06-18T22:12:31.075335+00:00,,29.7016162109375,0.0,17.087999999988824,1426,1646,538.0,499.0
2026-06-18T22:12:31.175490+00:00,,28.31513671875,0.0,17.087999999988824,1426,1646,538.0,499.0
2026-06-18T22:12:31.276047+00:00,,27.8083056640625,0.0,17.087999999988824,1426,1646,538.0,499.0
2026-06-18T22:12:31.375325+00:00,,26.49111083984375,0.0,17.087999999988824,1426,1646,538.0,499.0
2026-06-18T22:12:31.475380+00:00,,25.37888671875,0.0,17.087999999988824,1426,1646,538.0,499.0
2026-06-18T22:12:31.575347+00:00,,24.303505859375,0.0,17.087999999988824,1426,1646,538.0,499.0
2026-06-18T22:12:31.675511+00:00,,23.118623046875,0.0,17.087999999988824,1426,1646,538.0,499.0
2026-06-18T22:12:31.775326+00:00,,21.979658203125002,0.0,17.087999999988824,1426,1646,538.0,499.0
2026-06-18T22:12:31.875347+00:00,,21.01978271484375,0.0,17.087999999988824,1426,1646,538.0,499.0
2026-06-18T22:12:31.975353+00:00,,19.9636376953125,0.0,17.087999999988824,1426,1646,538.0,499.0
2026-06-18T22:12:32.075358+00:00,,19.074323730468752,0.0,17.087999999988824,1426,1646,538.0,499.0
2026-06-18T22:12:32.176540+00:00,,18.0966259765625,0.0,17.087999999988824,1426,1646,538.0,499.0
2026-06-18T22:12:32.275400+00:00,,17.274023437500002,0.0,17.087999999988824,1426,1646,538.0,499.0
2026-06-18T22:12:32.375396+00:00,,16.481231689453125,0.0,17.087999999988824,1426,1646,538.0,499.0
2026-06-18T22:12:32.475413+00:00,,15.61060791015625,0.0,17.087999999988824,1426,1646,538.0,499.0
2026-06-18T22:12:32.576432+00:00,,15.29362548828125,0.0,17.087999999988824,1426,1646,538.0,499.0
2026-06-18T22:12:32.675629+00:00,,14.472998046875,0.0,17.087999999988824,1426,1646,538.0,499.0
2026-06-18T22:12:32.775516+00:00,,13.783618164062501,0.0,17.087999999988824,1426,1646,538.0,499.0
2026-06-18T22:12:32.875463+00:00,,13.027427978515625,0.0,17.087999999988824,1426,1646,538.0,499.0
2026-06-18T22:12:32.975605+00:00,,12.392572021484375,0.0,17.087999999988824,1426,1646,538.0,499.0
2026-06-18T22:12:33.075552+00:00,,11.6966015625,0.0,17.087999999988824,1426,1646,538.0,499.0
2026-06-18T22:12:33.175114+00:00,,11.0310693359375,0.0,17.087999999988824,1426,1646,538.0,499.0
2026-06-18T22:12:33.275953+00:00,,10.472800292968751,0.0,17.087999999988824,1426,1646,538.0,499.0
2026-06-18T22:12:33.375894+00:00,,9.861289062500001,0.0,17.087999999988824,1426,1646,538.0,499.0
2026-06-18T22:12:33.476166+00:00,,9.277010498046875,0.0,17.087999999988824,1426,1646,538.0,499.0
2026-06-18T22:12:33.576232+00:00,,8.718899536132813,0.0,17.087999999988824,1426,1646,538.0,499.0
2026-06-18T22:12:33.674637+00:00,,8.251202392578126,0.0,17.087999999988824,1426,1646,538.0,499.0
2026-06-18T22:12:33.775472+00:00,,7.9923248291015625,0.0,17.087999999988824,1426,1646,538.0,499.0
2026-06-18T22:12:33.875003+00:00,,7.553502197265625,0.0,17.087999999988824,1426,1646,538.0,499.0
2026-06-18T22:12:33.974867+00:00,,7.07342529296875,0.0,17.087999999988824,1426,1646,538.0,499.0
2026-06-18T22:12:34.075635+00:00,,6.615308837890625,0.0,17.087999999988824,1426,1646,538.0,499.0
2026-06-18T22:12:34.175698+00:00,,6.2317529296875005,0.0,17.087999999988824,1426,1646,538.0,499.0
2026-06-18T22:12:34.276200+00:00,,5.812373657226563,0.0,17.087999999988824,1426,1646,538.0,499.0
2026-06-18T22:12:34.375861+00:00,,5.461370849609375,0.0,17.087999999988824,1426,1646,538.0,499.0
2026-06-18T22:12:34.476637+00:00,,5.0777108764648435,0.0,17.087999999988824,1426,1646,538.0,499.0
2026-06-18T22:12:34.575599+00:00,,4.756704406738281,0.0,17.087999999988824,1426,1646,538.0,499.0
2026-06-18T22:12:34.676165+00:00,,4.405937194824219,0.0,17.087999999988824,1426,1646,538.0,499.0
2026-06-18T22:12:34.775869+00:00,,4.112536010742188,0.0,17.087999999988824,1426,1646,538.0,499.0
2026-06-18T22:12:34.875692+00:00,,3.7920211791992187,0.0,17.087999999988824,1426,1646,538.0,499.0
2026-06-18T22:12:34.975608+00:00,,3.523995361328125,0.0,17.087999999988824,1426,1646,538.0,499.0
2026-06-18T22:12:35.076172+00:00,,3.3758599853515627,0.0,17.087999999988824,1426,1646,538.0,499.0
2026-06-18T22:12:35.175914+00:00,,3.090157470703125,0.0,17.087999999988824,1426,1646,538.0,499.0
2026-06-18T22:12:35.275700+00:00,,2.851314697265625,0.0,17.087999999988824,1426,1646,538.0,499.0
2026-06-18T22:12:35.376624+00:00,,2.5905401611328127,0.0,17.087999999988824,1426,1646,538.0,499.0
2026-06-18T22:12:35.477239+00:00,,2.342201385498047,0.0,17.087999999988824,1426,1646,538.0,499.0
2026-06-18T22:12:35.577995+00:00,,2.1346607971191407,0.0,17.087999999988824,1426,1646,538.0,499.0
2026-06-18T22:12:35.677714+00:00,,1.9358427429199219,0.0,17.087999999988824,1426,1646,538.0,499.0
2026-06-18T22:12:35.777613+00:00,,1.7188526916503906,0.0,17.087999999988824,1426,1646,538.0,499.0
2026-06-18T22:12:35.876617+00:00,,1.5122926330566406,0.0,17.087999999988824,1426,1646,538.0,499.0
2026-06-18T22:12:35.977029+00:00,,1.3397283935546875,0.0,17.087999999988824,1426,1646,538.0,499.0
2026-06-18T22:12:36.077633+00:00,,1.1744690704345704,0.0,17.087999999988824,1426,1646,538.0,499.0
2026-06-18T22:12:36.177727+00:00,,0.9941633605957031,0.0,17.087999999988824,1426,1646,538.0,499.0
2026-06-18T22:12:36.277653+00:00,,0.8225809478759766,0.0,17.087999999988824,1426,1646,538.0,499.0
2026-06-18T22:12:36.377649+00:00,,0.7604024505615234,0.0,17.087999999988824,1426,1646,538.0,499.0
2026-06-18T22:12:36.477880+00:00,,0.6001500320434571,0.0,17.087999999988824,1426,1646,538.0,499.0
2026-06-18T22:12:36.577715+00:00,,0.46632434844970705,0.0,17.087999999988824,1426,1646,538.0,499.0
2026-06-18T22:12:36.993735+00:00,,0.32035820007324217,1.5999999999912689,0.0,1547,686,156.0,29.0
2026-06-18T22:12:37.078709+00:00,,0.2675483322143555,8.015999999988708,0.0,2034,686,130.0,13.0
2026-06-18T22:12:37.177804+00:00,,0.634166488647461,9.615999999994528,0.0,2155,686,144.0,77.0
2026-06-18T22:12:37.278729+00:00,,1.1320647430419921,11.21600000000035,0.0,2277,686,292.0,123.0
2026-06-18T22:12:37.378718+00:00,,1.881924285888672,12.815999999991618,0.0,2398,686,150.0,178.0
2026-06-18T22:12:37.478739+00:00,,2.659190979003906,14.415999999997439,0.0,2520,686,128.0,160.0
2026-06-18T22:12:37.578786+00:00,,3.71867431640625,16.015999999988708,0.0,2641,686,137.0,1.0
2026-06-18T22:12:37.677830+00:00,,4.904485473632812,17.61599999999453,0.0,2762,686,140.0,13.0
2026-06-18T22:12:37.778892+00:00,,6.084098510742187,19.21600000000035,0.0,2884,686,166.0,9.0
2026-06-18T22:12:37.878750+00:00,,6.8484741210937505,20.815999999991618,0.0,3005,686,201.0,93.0
2026-06-18T22:12:37.978760+00:00,,8.52330810546875,22.41599999999744,0.0,3126,686,127.0,16.0
2026-06-18T22:12:38.078778+00:00,,10.110543823242187,24.0,0.0,3247,686,210.0,47.0
2026-06-18T22:12:38.177916+00:00,,12.043004150390626,24.0,0.0,3247,686,265.0,38.0
2026-06-18T22:12:38.278779+00:00,,13.893201904296875,24.0,0.0,3247,686,186.0,156.0
2026-06-18T22:12:38.378791+00:00,,16.162706298828127,24.0,0.0,3247,686,538.0,490.0
2026-06-18T22:12:38.478832+00:00,,18.100277099609375,24.0,0.0,3247,686,538.0,499.0
2026-06-18T22:12:38.579830+00:00,,20.244266357421875,24.0,0.0,3247,686,538.0,499.0
2026-06-18T22:12:38.678872+00:00,,22.0621142578125,24.0,0.0,3247,686,538.0,499.0
2026-06-18T22:12:38.779820+00:00,,24.0770166015625,24.0,0.0,3247,686,538.0,499.0
2026-06-18T22:12:38.879845+00:00,,25.78820556640625,24.0,0.0,3247,686,538.0,499.0
2026-06-18T22:12:38.980077+00:00,,27.68788818359375,24.0,0.0,3247,686,538.0,499.0
2026-06-18T22:12:39.079903+00:00,,29.53114501953125,24.0,0.0,3247,686,538.0,499.0
2026-06-18T22:12:39.179882+00:00,,30.208471679687502,24.0,0.0,3247,686,538.0,499.0
2026-06-18T22:12:39.279862+00:00,,31.9792724609375,24.0,0.0,3247,686,538.0,499.0
2026-06-18T22:12:39.379881+00:00,,33.7008203125,24.0,0.0,3247,686,538.0,499.0
2026-06-18T22:12:39.479884+00:00,,35.1688818359375,24.0,0.0,3247,686,538.0,499.0
2026-06-18T22:12:39.578938+00:00,,36.80515625,24.0,0.0,3247,686,538.0,499.0
2026-06-18T22:12:39.678887+00:00,,38.202343750000004,24.0,0.0,3247,686,538.0,499.0
2026-06-18T22:12:39.778934+00:00,,39.761630859375,24.0,0.0,3247,686,538.0,499.0
2026-06-18T22:12:39.879906+00:00,,41.094755859375,24.0,0.0,3247,686,538.0,499.0
2026-06-18T22:12:39.980920+00:00,,42.584375,24.0,0.0,3247,686,538.0,499.0
2026-06-18T22:12:40.081918+00:00,,43.8594677734375,24.0,0.0,3247,686,538.0,499.0
2026-06-18T22:12:40.181931+00:00,,45.285908203125004,24.0,0.0,3247,686,538.0,499.0
2026-06-18T22:12:40.282955+00:00,,46.5083251953125,24.0,0.0,3247,686,538.0,499.0
2026-06-18T22:12:40.382937+00:00,,47.8773779296875,24.0,0.0,3247,686,538.0,499.0
2026-06-18T22:12:40.482965+00:00,,49.0519091796875,24.0,0.0,3247,686,538.0,499.0
2026-06-18T22:12:40.582412+00:00,,49.71365234375,24.0,0.0,3247,686,538.0,499.0
2026-06-18T22:12:40.683375+00:00,,51.017373046875,24.0,0.0,3247,686,538.0,499.0
2026-06-18T22:12:40.781944+00:00,,52.137348632812504,24.0,0.0,3247,686,538.0,499.0
2026-06-18T22:12:40.882965+00:00,,53.39466796875,24.0,0.0,3247,686,538.0,499.0
2026-06-18T22:12:40.982915+00:00,,54.4758740234375,24.0,0.0,3247,686,538.0,499.0
2026-06-18T22:12:41.082082+00:00,,55.690869140625004,24.0,0.0,3247,686,538.0,499.0
2026-06-18T22:12:41.181900+00:00,,56.736699218750005,24.0,0.0,3247,686,538.0,499.0
2026-06-18T22:12:41.281626+00:00,,57.9130712890625,24.0,0.0,3247,686,538.0,499.0
2026-06-18T22:12:41.382413+00:00,,59.070234375,24.0,0.0,3247,686,538.0,499.0
2026-06-18T22:12:41.482177+00:00,,60.0677099609375,24.0,0.0,3247,686,538.0,499.0
2026-06-18T22:12:41.581148+00:00,,61.191279296875,24.0,0.0,3247,686,538.0,499.0
2026-06-18T22:12:41.681937+00:00,,62.1606689453125,24.0,0.0,3247,686,538.0,499.0
2026-06-18T22:12:41.781953+00:00,,62.709072265625004,24.0,0.0,3247,686,538.0,499.0
2026-06-18T22:12:41.881952+00:00,,63.7942578125,24.0,0.0,3247,686,538.0,499.0
2026-06-18T22:12:41.981018+00:00,,64.7315673828125,24.0,0.0,3247,686,538.0,499.0
2026-06-18T22:12:42.081155+00:00,,65.789453125,24.0,0.0,3247,686,538.0,499.0
2026-06-18T22:12:42.181963+00:00,,66.7039501953125,24.0,0.0,3247,686,538.0,499.0
2026-06-18T22:12:42.282325+00:00,,67.736953125,24.0,0.0,3247,686,538.0,499.0
2026-06-18T22:12:42.382102+00:00,,68.63068359375,24.0,0.0,3247,686,538.0,499.0
2026-06-18T22:12:42.483002+00:00,,69.515380859375,24.0,0.0,3247,686,538.0,499.0
2026-06-18T22:12:42.582670+00:00,,70.5159033203125,24.0,0.0,3247,686,538.0,499.0
2026-06-18T22:12:42.700398+00:00,,71.505712890625,0.0,0.0,1426,686,202.0,499.0
2026-06-18T22:12:42.783475+00:00,,72.4385546875,0.0,0.0,1426,686,198.0,499.0
2026-06-18T22:12:42.882939+00:00,,73.1898095703125,0.0,0.0,1426,686,185.0,499.0
2026-06-18T22:12:42.982692+00:00,,73.5491552734375,0.0,0.0,1426,686,195.0,499.0
2026-06-18T22:12:43.083456+00:00,,73.62087402343751,0.0,0.0,1426,686,193.0,499.0
2026-06-18T22:12:43.184235+00:00,,73.48623046875001,0.0,0.0,1426,686,146.0,499.0
2026-06-18T22:12:43.285073+00:00,,73.0621484375,0.0,0.0,1426,686,538.0,499.0
2026-06-18T22:12:43.384160+00:00,,72.6873583984375,0.0,0.0,1426,686,538.0,499.0
2026-06-18T22:12:43.484561+00:00,,72.2548046875,0.0,0.0,1426,686,538.0,499.0
2026-06-18T22:12:43.584351+00:00,,71.8726513671875,0.0,0.0,1426,686,538.0,499.0
2026-06-18T22:12:43.684171+00:00,,71.4317529296875,0.0,0.0,1426,686,538.0,499.0
2026-06-18T22:12:43.785362+00:00,,71.0423681640625,0.0,0.0,1426,686,538.0,499.0
2026-06-18T22:12:43.884129+00:00,,70.5932763671875,0.0,0.0,1426,686,538.0,499.0
2026-06-18T22:12:43.984143+00:00,,70.196796875,0.0,0.0,1426,686,538.0,499.0
2026-06-18T22:12:44.084277+00:00,,69.797060546875,0.0,0.0,1426,686,538.0,499.0
2026-06-18T22:12:44.184145+00:00,,69.336279296875,0.0,0.0,1426,686,538.0,499.0
2026-06-18T22:12:44.284661+00:00,,69.104326171875,0.0,0.0,1426,686,538.0,499.0
2026-06-18T22:12:44.384138+00:00,,68.6959423828125,0.0,0.0,1426,686,538.0,499.0
2026-06-18T22:12:44.484187+00:00,,68.2254052734375,0.0,0.0,1426,686,538.0,499.0
2026-06-18T22:12:44.584367+00:00,,67.8104052734375,0.0,0.0,1426,686,538.0,499.0
2026-06-18T22:12:44.685158+00:00,,67.332431640625,0.0,0.0,1426,686,538.0,499.0
2026-06-18T22:12:44.785152+00:00,,66.9110302734375,0.0,0.0,1426,686,538.0,499.0
2026-06-18T22:12:44.884210+00:00,,66.4258642578125,0.0,0.0,1426,686,538.0,499.0
2026-06-18T22:12:44.984214+00:00,,65.9982861328125,0.0,0.0,1426,686,538.0,499.0
2026-06-18T22:12:45.085328+00:00,,65.5679052734375,0.0,0.0,1426,686,538.0,499.0
2026-06-18T22:12:45.184199+00:00,,65.07268554687501,0.0,0.0,1426,686,538.0,499.0
2026-06-18T22:12:45.284238+00:00,,64.636494140625,0.0,0.0,1426,686,538.0,499.0
2026-06-18T22:12:45.384228+00:00,,64.13478515625,0.0,0.0,1426,686,538.0,499.0
2026-06-18T22:12:45.484270+00:00,,63.693056640625,0.0,0.0,1426,686,538.0,499.0
2026-06-18T22:12:45.584437+00:00,,63.4395166015625,0.0,0.0,1426,686,538.0,499.0
2026-06-18T22:12:45.684276+00:00,,62.99390625,0.0,0.0,1426,686,538.0,499.0
2026-06-18T22:12:45.785322+00:00,,62.4817138671875,0.0,0.0,1426,686,538.0,499.0
2026-06-18T22:12:45.885335+00:00,,62.031064453125005,0.0,0.0,1426,686,538.0,499.0
2026-06-18T22:12:45.985338+00:00,,61.51330078125,0.0,0.0,1426,686,538.0,499.0
2026-06-18T22:12:46.086513+00:00,,61.057934570312504,0.0,0.0,1426,686,538.0,499.0
2026-06-18T22:12:46.185414+00:00,,60.600483398437504,0.0,0.0,1426,686,538.0,499.0
2026-06-18T22:12:46.285371+00:00,,60.0752099609375,0.0,0.0,1426,686,538.0,499.0
2026-06-18T22:12:46.385361+00:00,,59.613525390625,0.0,0.0,1426,686,538.0,499.0
2026-06-18T22:12:46.803978+00:00,,59.0836181640625,0.0,2.266666666654298,1426,813,538.0,141.0
2026-06-18T22:12:46.885705+00:00,,57.164746093750004,0.0,11.333333333333332,1426,1323,538.0,10.0
2026-06-18T22:12:46.985416+00:00,,56.252978515625,0.0,13.59999999998763,1426,1450,538.0,111.0
2026-06-18T22:12:47.085538+00:00,,54.954594726562505,0.0,15.866666666662542,1426,1577,538.0,78.0
2026-06-18T22:12:47.185443+00:00,,53.615253906250004,0.0,18.133333333337454,1426,1705,538.0,164.0
2026-06-18T22:12:47.303449+00:00,,51.830703125,0.0,18.133333333337454,1426,1705,538.0,171.0
2026-06-18T22:12:47.385485+00:00,,49.958388671875,0.0,18.133333333337454,1426,1705,538.0,218.0
2026-06-18T22:12:47.485441+00:00,,47.756279296875,0.0,18.133333333337454,1426,1705,538.0,499.0
2026-06-18T22:12:47.585583+00:00,,45.8839111328125,0.0,18.133333333337454,1426,1705,538.0,499.0
2026-06-18T22:12:47.685456+00:00,,43.8063427734375,0.0,18.133333333337454,1426,1705,538.0,499.0
2026-06-18T22:12:47.785701+00:00,,42.04283203125,0.0,18.133333333337454,1426,1705,538.0,499.0
2026-06-18T22:12:47.885452+00:00,,40.08924072265625,0.0,18.133333333337454,1426,1705,538.0,499.0
2026-06-18T22:12:47.985471+00:00,,38.43359619140625,0.0,18.133333333337454,1426,1705,538.0,499.0
2026-06-18T22:12:48.084892+00:00,,36.6022998046875,0.0,18.133333333337454,1426,1705,538.0,499.0
2026-06-18T22:12:48.185671+00:00,,35.93216064453125,0.0,18.133333333337454,1426,1705,538.0,499.0
2026-06-18T22:12:48.285546+00:00,,34.188916015625004,0.0,18.133333333337454,1426,1705,538.0,499.0
2026-06-18T22:12:48.385493+00:00,,32.508625488281254,0.0,18.133333333337454,1426,1705,538.0,499.0
2026-06-18T22:12:48.485520+00:00,,31.08919921875,0.0,18.133333333337454,1426,1705,538.0,499.0
2026-06-18T22:12:48.584769+00:00,,29.524072265625,0.0,18.133333333337454,1426,1705,538.0,499.0
2026-06-18T22:12:48.685532+00:00,,28.20361328125,0.0,18.133333333337454,1426,1705,538.0,499.0
2026-06-18T22:12:48.785275+00:00,,26.74939697265625,0.0,18.133333333337454,1426,1705,538.0,499.0
2026-06-18T22:12:48.885062+00:00,,25.523962402343752,0.0,18.133333333337454,1426,1705,538.0,499.0
2026-06-18T22:12:48.984809+00:00,,24.1759326171875,0.0,18.133333333337454,1426,1705,538.0,499.0
2026-06-18T22:12:49.085646+00:00,,23.04122802734375,0.0,18.133333333337454,1426,1705,538.0,499.0
2026-06-18T22:12:49.186349+00:00,,21.79431884765625,0.0,18.133333333337454,1426,1705,538.0,499.0
2026-06-18T22:12:49.286125+00:00,,21.190378417968752,0.0,18.133333333337454,1426,1705,538.0,499.0
2026-06-18T22:12:49.385896+00:00,,20.16405517578125,0.0,18.133333333337454,1426,1705,538.0,499.0
2026-06-18T22:12:49.485695+00:00,,19.03762451171875,0.0,18.133333333337454,1426,1705,538.0,499.0
2026-06-18T22:12:49.586480+00:00,,18.09153076171875,0.0,18.133333333337454,1426,1705,538.0,499.0
2026-06-18T22:12:49.686210+00:00,,17.05406982421875,0.0,18.133333333337454,1426,1705,538.0,499.0
2026-06-18T22:12:49.786635+00:00,,16.18343994140625,0.0,18.133333333337454,1426,1705,538.0,499.0
2026-06-18T22:12:49.886749+00:00,,15.229505615234375,0.0,18.133333333337454,1426,1705,538.0,499.0
2026-06-18T22:12:49.986651+00:00,,14.317908935546875,0.0,18.133333333337454,1426,1705,538.0,499.0
2026-06-18T22:12:50.087283+00:00,,13.553800048828125,0.0,18.133333333337454,1426,1705,538.0,499.0
2026-06-18T22:12:50.187030+00:00,,12.717513427734374,0.0,18.133333333337454,1426,1705,538.0,499.0
2026-06-18T22:12:50.287794+00:00,,12.313721923828126,0.0,18.133333333337454,1426,1705,538.0,499.0
2026-06-18T22:12:50.387659+00:00,,11.629416503906251,0.0,18.133333333337454,1426,1705,538.0,499.0
2026-06-18T22:12:50.488686+00:00,,10.881085205078126,0.0,18.133333333337454,1426,1705,538.0,499.0
2026-06-18T22:12:50.588775+00:00,,10.254747314453125,0.0,18.133333333337454,1426,1705,538.0,499.0
2026-06-18T22:12:50.688859+00:00,,9.570206298828126,0.0,18.133333333337454,1426,1705,538.0,499.0
2026-06-18T22:12:50.789677+00:00,,8.997581176757812,0.0,18.133333333337454,1426,1705,538.0,499.0
2026-06-18T22:12:50.889700+00:00,,8.372080078125,0.0,18.133333333337454,1426,1705,538.0,499.0
2026-06-18T22:12:50.989686+00:00,,7.849110107421875,0.0,18.133333333337454,1426,1705,538.0,499.0
2026-06-18T22:12:51.089806+00:00,,7.278128662109375,0.0,18.133333333337454,1426,1705,538.0,499.0
2026-06-18T22:12:51.189741+00:00,,6.800964965820313,0.0,18.133333333337454,1426,1705,538.0,499.0
2026-06-18T22:12:51.290734+00:00,,6.280226440429687,0.0,18.133333333337454,1426,1705,538.0,499.0
2026-06-18T22:12:51.390761+00:00,,5.845237426757812,0.0,18.133333333337454,1426,1705,538.0,499.0
2026-06-18T22:12:51.490746+00:00,,5.370717163085938,0.0,18.133333333337454,1426,1705,538.0,499.0
2026-06-18T22:12:51.590905+00:00,,5.19878173828125,0.0,18.133333333337454,1426,1705,538.0,499.0
2026-06-18T22:12:51.690750+00:00,,4.755742797851562,0.0,18.133333333337454,1426,1705,538.0,499.0
2026-06-18T22:12:51.790264+00:00,,4.385899658203125,0.0,18.133333333337454,1426,1705,538.0,499.0
2026-06-18T22:12:51.890771+00:00,,3.9826968383789065,0.0,18.133333333337454,1426,1705,538.0,499.0
2026-06-18T22:12:51.990763+00:00,,3.6462197875976563,0.0,18.133333333337454,1426,1705,538.0,499.0
2026-06-18T22:12:52.090825+00:00,,3.279508056640625,0.0,18.133333333337454,1426,1705,538.0,499.0
2026-06-18T22:12:52.189763+00:00,,2.9735751342773438,0.0,18.133333333337454,1426,1705,538.0,499.0
2026-06-18T22:12:52.290801+00:00,,2.640247802734375,0.0,18.133333333337454,1426,1705,538.0,499.0
2026-06-18T22:12:52.390851+00:00,,2.3622422790527344,0.0,18.133333333337454,1426,1705,538.0,499.0
2026-06-18T22:12:52.490797+00:00,,2.096429748535156,0.0,18.133333333337454,1426,1705,538.0,499.0
2026-06-18T22:12:52.590871+00:00,,1.806923065185547,0.0,18.133333333337454,1426,1705,538.0,499.0
2026-06-18T22:12:52.690822+00:00,,1.5319509887695313,0.0,18.133333333337454,1426,1705,538.0,499.0
2026-06-18T22:12:52.790939+00:00,,1.3027244567871095,0.0,18.133333333337454,1426,1705,538.0,499.0
2026-06-18T22:12:52.890242+00:00,,1.0531496429443359,0.0,18.133333333337454,1426,1705,538.0,499.0
2026-06-18T22:12:52.990853+00:00,,0.9628438568115235,0.0,18.133333333337454,1426,1705,538.0,499.0
2026-06-18T22:12:53.089960+00:00,,0.7304497528076171,0.0,18.133333333337454,1426,1705,538.0,499.0
2026-06-18T22:12:53.190545+00:00,,0.5098310470581054,0.0,18.133333333337454,1426,1705,538.0,499.0
2026-06-18T22:12:53.289928+00:00,,0.32599605560302736,0.0,18.133333333337454,1426,1705,538.0,499.0
2026-06-18T22:12:53.409883+00:00,,0.1259252166748047,1.733333333339639,0.0,1557,686,169.0,37.0
2026-06-18T22:12:53.490818+00:00,,0.0,3.4666666666635138,0.0,1689,686,102.0,46.0
2026-06-18T22:12:53.590949+00:00,,0.0,5.200000000003153,0.0,1820,686,132.0,7.0
2026-06-18T22:12:53.689966+00:00,,0.024342775344848633,6.9333333333270275,0.0,1952,686,259.0,18.0
2026-06-18T22:12:53.790985+00:00,,0.25451725006103515,8.68400000000353,0.0,2085,686,131.0,65.0
2026-06-18T22:12:53.891894+00:00,,0.6687786865234375,10.417333333327406,0.0,2216,686,279.0,181.0
2026-06-18T22:12:53.991921+00:00,,1.3227426147460937,12.150666666667044,0.0,2348,686,254.0,194.0
2026-06-18T22:12:54.091008+00:00,,2.1430841064453126,13.884000000006683,0.0,2479,686,218.0,118.0
2026-06-18T22:12:54.191916+00:00,,3.0226220703125,15.61733333333056,0.0,2611,686,185.0,23.0
2026-06-18T22:12:54.290917+00:00,,3.5725906372070315,17.350666666670197,0.0,2742,686,203.0,171.0
2026-06-18T22:12:54.391300+00:00,,4.8058255004882815,19.083999999994074,0.0,2874,686,281.0,58.0
2026-06-18T22:12:54.492055+00:00,,6.057329711914063,20.81733333333371,0.0,3005,686,151.0,15.0
2026-06-18T22:12:54.591843+00:00,,7.699380493164063,22.55066666667335,0.0,3137,686,145.0,63.0
2026-06-18T22:12:54.690956+00:00,,9.297813110351562,24.283999999997224,0.0,3268,686,218.0,143.0
2026-06-18T22:12:54.791946+00:00,,11.271878662109375,26.0,0.0,3398,686,123.0,29.0
2026-06-18T22:12:54.891988+00:00,,13.462117919921875,26.0,0.0,3398,686,156.0,96.0
2026-06-18T22:12:54.991167+00:00,,15.557257080078125,26.0,0.0,3398,686,239.0,499.0
2026-06-18T22:12:55.090975+00:00,,18.05396240234375,26.0,0.0,3398,686,538.0,499.0
2026-06-18T22:12:55.191986+00:00,,20.181883544921874,26.0,0.0,3398,686,538.0,499.0
2026-06-18T22:12:55.293018+00:00,,22.534555664062502,26.0,0.0,3398,686,538.0,499.0
2026-06-18T22:12:55.393014+00:00,,24.52784912109375,26.0,0.0,3398,686,538.0,499.0
2026-06-18T22:12:55.493010+00:00,,25.640878906250002,26.0,0.0,3398,686,538.0,499.0
2026-06-18T22:12:55.593087+00:00,,27.8130078125,26.0,0.0,3398,686,538.0,499.0
2026-06-18T22:12:55.693039+00:00,,29.6574853515625,26.0,0.0,3398,686,538.0,499.0
2026-06-18T22:12:55.793191+00:00,,31.7049951171875,26.0,0.0,3398,686,538.0,499.0
2026-06-18T22:12:55.894050+00:00,,33.4465380859375,26.0,0.0,3398,686,538.0,499.0
2026-06-18T22:12:55.995039+00:00,,35.3828955078125,26.0,0.0,3398,686,538.0,499.0
2026-06-18T22:12:56.095314+00:00,,37.03247802734375,26.0,0.0,3398,686,538.0,499.0
2026-06-18T22:12:56.196115+00:00,,38.86938232421875,26.0,0.0,3398,686,538.0,499.0
2026-06-18T22:12:56.295863+00:00,,40.43656494140625,26.0,0.0,3398,686,538.0,499.0
2026-06-18T22:12:56.396650+00:00,,42.1842333984375,26.0,0.0,3398,686,538.0,499.0
2026-06-18T22:12:56.497115+00:00,,43.677392578125,26.0,0.0,3398,686,538.0,499.0
2026-06-18T22:12:56.596229+00:00,,45.1385791015625,26.0,0.0,3398,686,538.0,499.0
2026-06-18T22:12:56.695959+00:00,,46.771298828125,26.0,0.0,3398,686,538.0,499.0
2026-06-18T22:12:56.796687+00:00,,48.3663623046875,26.0,0.0,3398,686,538.0,499.0
2026-06-18T22:12:56.896472+00:00,,49.150400390625,26.0,0.0,3398,686,538.0,499.0
2026-06-18T22:12:56.996260+00:00,,50.5017333984375,26.0,0.0,3398,686,538.0,499.0
2026-06-18T22:12:57.096054+00:00,,52.015141601562505,26.0,0.0,3398,686,538.0,499.0
2026-06-18T22:12:57.196171+00:00,,53.313564453125004,26.0,0.0,3398,686,538.0,499.0
2026-06-18T22:12:57.296182+00:00,,54.769453125,26.0,0.0,3398,686,538.0,499.0
2026-06-18T22:12:57.396311+00:00,,56.0199951171875,26.0,0.0,3398,686,538.0,499.0
2026-06-18T22:12:57.495314+00:00,,57.4238037109375,26.0,0.0,3398,686,538.0,499.0
2026-06-18T22:12:57.596215+00:00,,58.6309716796875,26.0,0.0,3398,686,538.0,499.0
2026-06-18T22:12:57.696207+00:00,,59.987587890625,26.0,0.0,3398,686,538.0,499.0
2026-06-18T22:12:57.796361+00:00,,61.1554443359375,26.0,0.0,3398,686,538.0,499.0
2026-06-18T22:12:57.895228+00:00,,62.306240234375004,26.0,0.0,3398,686,538.0,499.0
2026-06-18T22:12:57.996355+00:00,,63.6015234375,26.0,0.0,3398,686,538.0,499.0
2026-06-18T22:12:58.096183+00:00,,64.2415234375,26.0,0.0,3398,686,538.0,499.0
2026-06-18T22:12:58.197197+00:00,,65.34977050781251,26.0,0.0,3398,686,538.0,499.0
2026-06-18T22:12:58.296310+00:00,,66.59876953125,26.0,0.0,3398,686,538.0,499.0
2026-06-18T22:12:58.396229+00:00,,67.6770068359375,26.0,0.0,3398,686,538.0,499.0
2026-06-18T22:12:58.496366+00:00,,68.742236328125,26.0,0.0,3398,686,538.0,499.0
2026-06-18T22:12:58.597276+00:00,,69.94448242187501,26.0,0.0,3398,686,538.0,499.0
2026-06-18T22:12:58.696340+00:00,,71.1313818359375,26.0,0.0,3398,686,538.0,499.0
2026-06-18T22:12:58.796234+00:00,,72.15798339843751,26.0,0.0,3398,686,538.0,499.0
2026-06-18T22:12:58.897223+00:00,,73.173994140625,26.0,0.0,3398,686,538.0,499.0
2026-06-18T22:12:58.997387+00:00,,74.3228466796875,26.0,0.0,3398,686,538.0,499.0
2026-06-18T22:12:59.098284+00:00,,75.317880859375,26.0,0.0,3398,686,538.0,499.0
2026-06-18T22:12:59.198263+00:00,,76.444033203125,26.0,0.0,3398,686,538.0,499.0
2026-06-18T22:12:59.297267+00:00,,77.4202880859375,26.0,0.0,3398,686,538.0,499.0
2026-06-18T22:12:59.715037+00:00,,78.5261669921875,0.0,0.0,1426,686,309.0,499.0
2026-06-18T22:12:59.798355+00:00,,80.8866796875,0.0,0.0,1426,686,125.0,499.0
2026-06-18T22:12:59.898347+00:00,,80.75892578125,0.0,0.0,1426,686,162.0,499.0
2026-06-18T22:12:59.999420+00:00,,80.4673876953125,0.0,0.0,1426,686,538.0,499.0
2026-06-18T22:13:00.098312+00:00,,80.1722607421875,0.0,0.0,1426,686,538.0,499.0
2026-06-18T22:13:00.198351+00:00,,79.8305712890625,0.0,0.0,1426,686,538.0,499.0
2026-06-18T22:13:00.298339+00:00,,79.52773437500001,0.0,0.0,1426,686,538.0,499.0
2026-06-18T22:13:00.399372+00:00,,79.1772119140625,0.0,0.0,1426,686,538.0,499.0
2026-06-18T22:13:00.499534+00:00,,78.821962890625,0.0,0.0,1426,686,538.0,499.0
2026-06-18T22:13:00.598382+00:00,,78.50724121093751,0.0,0.0,1426,686,538.0,499.0
2026-06-18T22:13:00.699389+00:00,,78.18889648437501,0.0,0.0,1426,686,538.0,499.0
2026-06-18T22:13:00.798367+00:00,,78.0053564453125,0.0,0.0,1426,686,538.0,499.0
2026-06-18T22:13:00.898360+00:00,,77.6347216796875,0.0,0.0,1426,686,538.0,499.0
2026-06-18T22:13:00.998468+00:00,,77.3065283203125,0.0,0.0,1426,686,538.0,499.0
2026-06-18T22:13:01.099383+00:00,,76.927021484375,0.0,0.0,1426,686,538.0,499.0
2026-06-18T22:13:01.199414+00:00,,76.5910693359375,0.0,0.0,1426,686,538.0,499.0
2026-06-18T22:13:01.299388+00:00,,76.202705078125,0.0,0.0,1426,686,538.0,499.0
2026-06-18T22:13:01.399402+00:00,,75.80962890625,0.0,0.0,1426,686,538.0,499.0
2026-06-18T22:13:01.499529+00:00,,75.4618359375,0.0,0.0,1426,686,538.0,499.0
2026-06-18T22:13:01.600502+00:00,,75.110458984375,0.0,0.0,1426,686,538.0,499.0
2026-06-18T22:13:01.701448+00:00,,74.70451171875,0.0,0.0,1426,686,538.0,499.0
2026-06-18T22:13:01.801437+00:00,,74.34549804687501,0.0,0.0,1426,686,538.0,499.0
2026-06-18T22:13:01.901463+00:00,,73.930859375,0.0,0.0,1426,686,538.0,499.0
2026-06-18T22:13:02.001663+00:00,,73.5642822265625,0.0,0.0,1426,686,538.0,499.0
2026-06-18T22:13:02.101516+00:00,,73.353232421875,0.0,0.0,1426,686,538.0,499.0
2026-06-18T22:13:02.201453+00:00,,72.9277197265625,0.0,0.0,1426,686,538.0,499.0
2026-06-18T22:13:02.301451+00:00,,72.497685546875,0.0,0.0,1426,686,538.0,499.0
2026-06-18T22:13:02.402522+00:00,,72.1177197265625,0.0,0.0,1426,686,538.0,499.0
2026-06-18T22:13:02.502587+00:00,,71.6793017578125,0.0,0.0,1426,686,538.0,499.0
2026-06-18T22:13:02.602525+00:00,,71.292060546875,0.0,0.0,1426,686,538.0,499.0
2026-06-18T22:13:02.702506+00:00,,70.901474609375,0.0,0.0,1426,686,538.0,499.0
2026-06-18T22:13:02.802515+00:00,,70.451025390625,0.0,0.0,1426,686,538.0,499.0
2026-06-18T22:13:02.902484+00:00,,69.996298828125,0.0,0.0,1426,686,538.0,499.0
2026-06-18T22:13:03.001634+00:00,,69.5949365234375,0.0,0.0,1426,686,538.0,499.0
2026-06-18T22:13:03.103536+00:00,,69.1903759765625,0.0,0.0,1426,686,538.0,499.0
2026-06-18T22:13:03.203542+00:00,,68.724150390625,0.0,0.0,1426,686,538.0,499.0
2026-06-18T22:13:03.303546+00:00,,68.48951171875,0.0,0.0,1426,686,538.0,499.0
2026-06-18T22:13:03.403542+00:00,,68.07646484375,0.0,0.0,1426,686,538.0,499.0
2026-06-18T22:13:03.503155+00:00,,67.6006884765625,0.0,0.0,1426,686,538.0,499.0
2026-06-18T22:13:03.603932+00:00,,67.1811767578125,0.0,0.0,1426,686,538.0,499.0
2026-06-18T22:13:03.703678+00:00,,66.698134765625,0.0,0.0,1426,686,538.0,499.0
2026-06-18T22:13:03.802577+00:00,,66.211318359375,0.0,0.0,1426,686,538.0,499.0
2026-06-18T22:13:03.903231+00:00,,65.78232421875,0.0,0.0,1426,686,538.0,499.0
2026-06-18T22:13:04.004003+00:00,,65.2886572265625,0.0,0.0,1426,686,538.0,499.0
2026-06-18T22:13:04.103764+00:00,,64.8537890625,0.0,0.0,1426,686,538.0,499.0
2026-06-18T22:13:04.204539+00:00,,64.3535595703125,0.0,0.0,1426,686,538.0,499.0
2026-06-18T22:13:04.304313+00:00,,63.913090820312505,0.0,0.0,1426,686,538.0,499.0
2026-06-18T22:13:04.404102+00:00,,63.4066162109375,0.0,0.0,1426,686,538.0,499.0
2026-06-18T22:13:04.504819+00:00,,62.9608251953125,0.0,0.0,1426,686,538.0,499.0
2026-06-18T22:13:04.604638+00:00,,62.4484326171875,0.0,0.0,1426,686,538.0,499.0
2026-06-18T22:13:04.705381+00:00,,62.191103515625,0.0,0.0,1426,686,538.0,499.0
2026-06-18T22:13:04.804633+00:00,,61.73900390625,0.0,0.0,1426,686,538.0,499.0
2026-06-18T22:13:04.904899+00:00,,61.2847021484375,0.0,0.0,1426,686,538.0,499.0
2026-06-18T22:13:05.004818+00:00,,60.762905273437504,0.0,0.0,1426,686,538.0,499.0
2026-06-18T22:13:05.104650+00:00,,60.304140625,0.0,0.0,1426,686,538.0,499.0
2026-06-18T22:13:05.205219+00:00,,59.777431640625004,0.0,0.0,1426,686,538.0,499.0
2026-06-18T22:13:05.322924+00:00,,59.314541015625004,0.0,2.400000000008731,1426,821,538.0,131.0
2026-06-18T22:13:05.405790+00:00,,58.7833203125,0.0,4.799999999995634,1426,956,538.0,130.0
2026-06-18T22:13:05.505974+00:00,,58.249853515625,0.0,7.224000000009255,1426,1092,538.0,6.0
2026-06-18T22:13:05.605659+00:00,,57.76439453125,0.0,9.623999999996158,1426,1227,538.0,59.0
2026-06-18T22:13:05.706670+00:00,,56.9217431640625,0.0,12.02400000000489,1426,1362,538.0,144.0
2026-06-18T22:13:05.806661+00:00,,55.8883642578125,0.0,14.423999999991793,1426,1496,538.0,180.0
2026-06-18T22:13:05.906666+00:00,,55.2266552734375,0.0,16.824000000000524,1426,1631,538.0,50.0
2026-06-18T22:13:06.006764+00:00,,53.9258203125,0.0,19.224000000009255,1426,1766,538.0,170.0
2026-06-18T22:13:06.106674+00:00,,52.1686181640625,0.0,21.62399999999616,1426,1901,538.0,145.0
2026-06-18T22:13:06.225741+00:00,,50.30173828125,0.0,21.62399999999616,1426,1901,538.0,3.0
2026-06-18T22:13:06.306691+00:00,,47.8914111328125,0.0,21.62399999999616,1426,1901,538.0,20.0
2026-06-18T22:13:06.406716+00:00,,45.6408984375,0.0,21.62399999999616,1426,1901,538.0,499.0
2026-06-18T22:13:06.506836+00:00,,43.4099072265625,0.0,21.62399999999616,1426,1901,538.0,499.0
2026-06-18T22:13:06.606952+00:00,,40.9512744140625,0.0,21.62399999999616,1426,1901,538.0,499.0
2026-06-18T22:13:06.705755+00:00,,38.8788671875,0.0,21.62399999999616,1426,1901,538.0,499.0
2026-06-18T22:13:06.806730+00:00,,36.5993994140625,0.0,21.62399999999616,1426,1901,538.0,499.0
2026-06-18T22:13:06.906741+00:00,,34.68157958984375,0.0,21.62399999999616,1426,1901,538.0,499.0
2026-06-18T22:13:07.006000+00:00,,32.57590087890625,0.0,21.62399999999616,1426,1901,538.0,499.0
2026-06-18T22:13:07.106762+00:00,,31.556943359375,0.0,21.62399999999616,1426,1901,538.0,499.0
2026-06-18T22:13:07.206779+00:00,,29.8271533203125,0.0,21.62399999999616,1426,1901,538.0,499.0
2026-06-18T22:13:07.307764+00:00,,27.9318359375,0.0,21.62399999999616,1426,1901,538.0,499.0
2026-06-18T22:13:07.407793+00:00,,26.34311767578125,0.0,21.62399999999616,1426,1901,538.0,499.0
2026-06-18T22:13:07.507853+00:00,,24.8177783203125,0.0,21.62399999999616,1426,1901,538.0,499.0
2026-06-18T22:13:07.607818+00:00,,23.15003662109375,0.0,21.62399999999616,1426,1901,538.0,499.0
2026-06-18T22:13:07.707786+00:00,,21.7549365234375,0.0,21.62399999999616,1426,1901,538.0,499.0
2026-06-18T22:13:07.807807+00:00,,20.231575927734376,0.0,21.62399999999616,1426,1901,538.0,499.0
2026-06-18T22:13:07.907806+00:00,,18.781505126953125,0.0,21.62399999999616,1426,1901,538.0,499.0
2026-06-18T22:13:08.007867+00:00,,17.570758056640624,0.0,21.62399999999616,1426,1901,538.0,499.0
2026-06-18T22:13:08.106821+00:00,,16.25105224609375,0.0,21.62399999999616,1426,1901,538.0,499.0
2026-06-18T22:13:08.207822+00:00,,15.150347900390626,0.0,21.62399999999616,1426,1901,538.0,499.0
2026-06-18T22:13:08.307831+00:00,,13.951822509765625,0.0,21.62399999999616,1426,1901,538.0,499.0
2026-06-18T22:13:08.407843+00:00,,13.5182177734375,0.0,21.62399999999616,1426,1901,538.0,499.0
2026-06-18T22:13:08.508874+00:00,,12.40280029296875,0.0,21.62399999999616,1426,1901,538.0,499.0
2026-06-18T22:13:08.608891+00:00,,11.474014892578126,0.0,21.62399999999616,1426,1901,538.0,499.0
2026-06-18T22:13:08.708862+00:00,,10.46427001953125,0.0,21.62399999999616,1426,1901,538.0,499.0
2026-06-18T22:13:08.808876+00:00,,9.624174194335938,0.0,21.62399999999616,1426,1901,538.0,499.0
2026-06-18T22:13:08.907880+00:00,,8.711567993164063,0.0,21.62399999999616,1426,1901,538.0,499.0
2026-06-18T22:13:09.008894+00:00,,7.952860717773437,0.0,21.62399999999616,1426,1901,538.0,499.0
2026-06-18T22:13:09.108138+00:00,,7.129254150390625,0.0,21.62399999999616,1426,1901,538.0,499.0
2026-06-18T22:13:09.208916+00:00,,6.445003051757813,0.0,21.62399999999616,1426,1901,538.0,499.0
2026-06-18T22:13:09.308910+00:00,,5.7932366943359375,0.0,21.62399999999616,1426,1901,538.0,499.0
2026-06-18T22:13:09.409930+00:00,,5.086368408203125,0.0,21.62399999999616,1426,1901,538.0,499.0
2026-06-18T22:13:09.510192+00:00,,4.499617614746094,0.0,21.62399999999616,1426,1901,538.0,499.0
2026-06-18T22:13:09.611009+00:00,,3.941156311035156,0.0,21.62399999999616,1426,1901,538.0,499.0
2026-06-18T22:13:09.710946+00:00,,3.335959167480469,0.0,21.62399999999616,1426,1901,538.0,499.0
2026-06-18T22:13:09.810934+00:00,,2.7642962646484377,0.0,21.62399999999616,1426,1901,538.0,499.0
2026-06-18T22:13:09.910143+00:00,,2.5582151794433594,0.0,21.62399999999616,1426,1901,538.0,499.0
2026-06-18T22:13:10.010955+00:00,,2.0298719787597657,0.0,21.62399999999616,1426,1901,538.0,499.0
2026-06-18T22:13:10.110953+00:00,,1.591884002685547,0.0,21.62399999999616,1426,1901,538.0,499.0
2026-06-18T22:13:10.210966+00:00,,1.117717056274414,0.0,21.62399999999616,1426,1901,538.0,499.0
2026-06-18T22:13:10.310969+00:00,,0.7247942352294922,0.0,21.62399999999616,1426,1901,538.0,499.0
2026-06-18T22:13:10.410189+00:00,,0.29957204818725586,0.0,21.62399999999616,1426,1901,538.0,499.0
2026-06-18T22:13:10.530026+00:00,,0.0,1.8666666666564804,0.0,1568,686,150.0,73.0
2026-06-18T22:13:10.611994+00:00,,0.0,3.733333333329938,0.0,1709,686,152.0,139.0
2026-06-18T22:13:10.711075+00:00,,0.0,5.600000000003396,0.0,1851,686,154.0,101.0
2026-06-18T22:13:10.812005+00:00,,0.02606170415878296,7.466666666659876,0.0,1992,686,152.0,26.0
2026-06-18T22:13:10.910918+00:00,,0.185013484954834,9.333333333333332,0.0,2134,686,150.0,27.0
2026-06-18T22:13:11.011684+00:00,,0.6738003540039063,11.199999999989814,0.0,2276,686,146.0,233.0
2026-06-18T22:13:11.110450+00:00,,0.9146037292480469,13.06666666666327,0.0,2417,686,133.0,39.0
2026-06-18T22:13:11.210226+00:00,,1.688011932373047,14.933333333336728,0.0,2559,686,188.0,38.0
2026-06-18T22:13:11.310994+00:00,,2.5654852294921877,16.79999999999321,0.0,2700,686,229.0,230.0
2026-06-18T22:13:11.410774+00:00,,3.7486065673828124,18.666666666666664,0.0,2842,686,152.0,232.0
2026-06-18T22:13:11.510527+00:00,,5.004433288574218,20.53333333332315,0.0,2984,686,207.0,192.0
2026-06-18T22:13:11.611304+00:00,,6.613510742187501,22.399999999996602,0.0,3125,686,248.0,69.0
2026-06-18T22:13:11.711140+00:00,,8.38849853515625,24.266666666670062,0.0,3267,686,171.0,17.0
2026-06-18T22:13:11.810813+00:00,,10.134356689453126,26.13333333332654,0.0,3408,686,155.0,20.0
2026-06-18T22:13:11.911574+00:00,,12.3174169921875,28.0,0.0,3550,686,173.0,35.0
2026-06-18T22:13:12.011341+00:00,,14.6870263671875,28.0,0.0,3550,686,202.0,39.0
2026-06-18T22:13:12.111161+00:00,,17.02371337890625,28.0,0.0,3550,686,319.0,323.0
2026-06-18T22:13:12.211889+00:00,,19.431885986328126,28.0,0.0,3550,686,538.0,499.0
2026-06-18T22:13:12.311673+00:00,,22.08915283203125,28.0,0.0,3550,686,538.0,499.0
2026-06-18T22:13:12.411469+00:00,,24.65168701171875,28.0,0.0,3550,686,538.0,499.0
2026-06-18T22:13:12.511237+00:00,,25.5895068359375,28.0,0.0,3550,686,538.0,499.0
2026-06-18T22:13:12.611135+00:00,,28.03188720703125,28.0,0.0,3550,686,538.0,499.0
2026-06-18T22:13:12.711789+00:00,,30.3935595703125,28.0,0.0,3550,686,538.0,499.0
2026-06-18T22:13:12.813130+00:00,,32.3978515625,28.0,0.0,3550,686,538.0,499.0
2026-06-18T22:13:12.912252+00:00,,34.621669921875004,28.0,0.0,3550,686,538.0,499.0
2026-06-18T22:13:13.013169+00:00,,36.512373046875,28.0,0.0,3550,686,538.0,499.0
2026-06-18T22:13:13.113163+00:00,,38.61383056640625,28.0,0.0,3550,686,538.0,499.0
2026-06-18T22:13:13.213178+00:00,,40.4035400390625,28.0,0.0,3550,686,538.0,499.0
2026-06-18T22:13:13.313176+00:00,,42.39603515625,28.0,0.0,3550,686,538.0,499.0
2026-06-18T22:13:13.413304+00:00,,44.3352880859375,28.0,0.0,3550,686,538.0,499.0
2026-06-18T22:13:13.513194+00:00,,45.99087890625,28.0,0.0,3550,686,538.0,499.0
2026-06-18T22:13:13.613227+00:00,,47.8384375,28.0,0.0,3550,686,538.0,499.0
2026-06-18T22:13:13.713412+00:00,,49.41810546875,28.0,0.0,3550,686,538.0,499.0
2026-06-18T22:13:13.814206+00:00,,50.305986328125,28.0,0.0,3550,686,538.0,499.0
2026-06-18T22:13:13.914279+00:00,,51.835,28.0,0.0,3550,686,538.0,499.0
2026-06-18T22:13:14.014224+00:00,,53.545537109375005,28.0,0.0,3550,686,538.0,499.0
2026-06-18T22:13:14.114237+00:00,,55.2187939453125,28.0,0.0,3550,686,538.0,499.0
2026-06-18T22:13:14.215225+00:00,,56.65392578125,28.0,0.0,3550,686,538.0,499.0
2026-06-18T22:13:14.314249+00:00,,58.262724609375,28.0,0.0,3550,686,538.0,499.0
2026-06-18T22:13:14.414325+00:00,,59.644360351562504,28.0,0.0,3550,686,538.0,499.0
2026-06-18T22:13:14.514581+00:00,,61.195141601562504,28.0,0.0,3550,686,538.0,499.0
2026-06-18T22:13:14.614367+00:00,,62.5286181640625,28.0,0.0,3550,686,538.0,499.0
2026-06-18T22:13:14.715281+00:00,,64.0271826171875,28.0,0.0,3550,686,538.0,499.0
2026-06-18T22:13:14.814877+00:00,,65.50005371093751,28.0,0.0,3550,686,538.0,499.0
2026-06-18T22:13:14.914361+00:00,,66.0460498046875,28.0,0.0,3550,686,538.0,499.0
2026-06-18T22:13:15.014308+00:00,,67.4858837890625,28.0,0.0,3550,686,538.0,499.0
2026-06-18T22:13:15.114297+00:00,,68.727265625,28.0,0.0,3550,686,538.0,499.0
2026-06-18T22:13:15.215310+00:00,,70.12600097656251,28.0,0.0,3550,686,538.0,499.0
2026-06-18T22:13:15.314320+00:00,,71.33330566406251,28.0,0.0,3550,686,538.0,499.0
2026-06-18T22:13:15.414370+00:00,,72.6951416015625,28.0,0.0,3550,686,538.0,499.0
2026-06-18T22:13:15.515402+00:00,,73.87187988281251,28.0,0.0,3550,686,538.0,499.0
2026-06-18T22:13:15.615345+00:00,,75.2006640625,28.0,0.0,3550,686,538.0,499.0
2026-06-18T22:13:15.714380+00:00,,76.513291015625,28.0,0.0,3550,686,538.0,499.0
2026-06-18T22:13:15.815359+00:00,,77.6493408203125,28.0,0.0,3550,686,538.0,499.0
2026-06-18T22:13:15.915368+00:00,,78.7743798828125,28.0,0.0,3550,686,538.0,499.0
2026-06-18T22:13:16.016375+00:00,,80.047431640625,28.0,0.0,3550,686,538.0,499.0
2026-06-18T22:13:16.116363+00:00,,80.67913085937501,28.0,0.0,3550,686,538.0,499.0
2026-06-18T22:13:16.216393+00:00,,81.7772705078125,28.0,0.0,3550,686,538.0,499.0
2026-06-18T22:13:16.316571+00:00,,83.02146484375,28.0,0.0,3550,686,538.0,499.0
2026-06-18T22:13:16.416398+00:00,,84.101259765625,28.0,0.0,3550,686,538.0,499.0
2026-06-18T22:13:16.534450+00:00,,85.325869140625,0.0,0.0,1426,686,211.0,499.0
2026-06-18T22:13:16.616432+00:00,,86.449716796875,0.0,0.0,1426,686,216.0,499.0
2026-06-18T22:13:16.717424+00:00,,87.567978515625,0.0,0.0,1426,686,222.0,499.0
2026-06-18T22:13:16.816607+00:00,,88.1781640625,0.0,0.0,1426,686,246.0,499.0
2026-06-18T22:13:16.916424+00:00,,88.496533203125,0.0,0.0,1426,686,198.0,499.0
2026-06-18T22:13:17.016434+00:00,,88.4573046875,0.0,0.0,1426,686,146.0,499.0
2026-06-18T22:13:17.116574+00:00,,88.272783203125,0.0,0.0,1426,686,538.0,499.0
2026-06-18T22:13:17.216452+00:00,,88.0854296875,0.0,0.0,1426,686,538.0,499.0
2026-06-18T22:13:17.317081+00:00,,87.867783203125,0.0,0.0,1426,686,538.0,499.0
2026-06-18T22:13:17.416467+00:00,,87.7575390625,0.0,0.0,1426,686,538.0,499.0
2026-06-18T22:13:17.519507+00:00,,87.5341796875,0.0,0.0,1426,686,538.0,499.0
2026-06-18T22:13:17.617480+00:00,,87.335576171875,0.0,0.0,1426,686,538.0,499.0
2026-06-18T22:13:17.718485+00:00,,87.10494140625,0.0,0.0,1426,686,538.0,499.0
2026-06-18T22:13:17.817900+00:00,,86.89990234375,0.0,0.0,1426,686,538.0,499.0
2026-06-18T22:13:17.919533+00:00,,86.69181640625,0.0,0.0,1426,686,538.0,499.0
2026-06-18T22:13:18.019547+00:00,,86.45023437500001,0.0,0.0,1426,686,538.0,499.0
2026-06-18T22:13:18.119503+00:00,,86.235517578125,0.0,0.0,1426,686,538.0,499.0
2026-06-18T22:13:18.218987+00:00,,85.9862890625,0.0,0.0,1426,686,538.0,499.0
2026-06-18T22:13:18.318764+00:00,,85.764833984375,0.0,0.0,1426,686,538.0,499.0
2026-06-18T22:13:18.418611+00:00,,85.507822265625,0.0,0.0,1426,686,538.0,499.0
2026-06-18T22:13:18.519505+00:00,,85.2466015625,0.0,0.0,1426,686,538.0,499.0
2026-06-18T22:13:18.619056+00:00,,85.014560546875,0.0,0.0,1426,686,538.0,499.0
2026-06-18T22:13:18.719847+00:00,,84.77923828125,0.0,0.0,1426,686,538.0,499.0
2026-06-18T22:13:18.819734+00:00,,84.643291015625,0.0,0.0,1426,686,538.0,499.0
2026-06-18T22:13:18.920354+00:00,,84.368154296875,0.0,0.0,1426,686,538.0,499.0
2026-06-18T22:13:19.020151+00:00,,84.12381835937501,0.0,0.0,1426,686,538.0,499.0
2026-06-18T22:13:19.120926+00:00,,83.84047851562501,0.0,0.0,1426,686,538.0,499.0
2026-06-18T22:13:19.220711+00:00,,83.588916015625,0.0,0.0,1426,686,538.0,499.0
2026-06-18T22:13:19.320458+00:00,,83.297255859375,0.0,0.0,1426,686,538.0,499.0
2026-06-18T22:13:19.420246+00:00,,83.03837890625,0.0,0.0,1426,686,538.0,499.0
2026-06-18T22:13:19.520057+00:00,,82.738291015625,0.0,0.0,1426,686,538.0,499.0
2026-06-18T22:13:19.619760+00:00,,82.4719921875,0.0,0.0,1426,686,538.0,499.0
2026-06-18T22:13:19.720541+00:00,,82.163388671875,0.0,0.0,1426,686,538.0,499.0
2026-06-18T22:13:19.821289+00:00,,81.8895947265625,0.0,0.0,1426,686,538.0,499.0
2026-06-18T22:13:19.921072+00:00,,81.5723828125,0.0,0.0,1426,686,538.0,499.0
2026-06-18T22:13:20.020637+00:00,,81.291025390625,0.0,0.0,1426,686,538.0,499.0
2026-06-18T22:13:20.121624+00:00,,81.1286572265625,0.0,0.0,1426,686,538.0,499.0
2026-06-18T22:13:20.221636+00:00,,80.8004345703125,0.0,0.0,1426,686,538.0,499.0
2026-06-18T22:13:20.321859+00:00,,80.5094091796875,0.0,0.0,1426,686,538.0,499.0
2026-06-18T22:13:20.420648+00:00,,80.17241699218751,0.0,0.0,1426,686,538.0,499.0
2026-06-18T22:13:20.521703+00:00,,79.873701171875,0.0,0.0,1426,686,538.0,499.0
2026-06-18T22:13:20.620658+00:00,,79.5278955078125,0.0,0.0,1426,686,538.0,499.0
2026-06-18T22:13:20.721672+00:00,,79.2214501953125,0.0,0.0,1426,686,538.0,499.0
2026-06-18T22:13:20.821838+00:00,,78.8667919921875,0.0,0.0,1426,686,538.0,499.0
2026-06-18T22:13:20.921769+00:00,,78.5074072265625,0.0,0.0,1426,686,538.0,499.0
2026-06-18T22:13:21.022694+00:00,,78.1890625,0.0,0.0,1426,686,538.0,499.0
2026-06-18T22:13:21.122698+00:00,,77.86708984375001,0.0,0.0,1426,686,538.0,499.0
2026-06-18T22:13:21.222718+00:00,,77.49468261718751,0.0,0.0,1426,686,538.0,499.0
2026-06-18T22:13:21.323871+00:00,,77.3067041015625,0.0,0.0,1426,686,538.0,499.0
2026-06-18T22:13:21.423734+00:00,,76.97489257812501,0.0,0.0,1426,686,538.0,499.0
2026-06-18T22:13:21.523765+00:00,,76.59125,0.0,0.0,1426,686,538.0,499.0
2026-06-18T22:13:21.624743+00:00,,76.251689453125,0.0,0.0,1426,686,538.0,499.0
2026-06-18T22:13:21.723920+00:00,,75.8592041015625,0.0,0.0,1426,686,538.0,499.0
2026-06-18T22:13:21.824846+00:00,,75.511923828125,0.0,0.0,1426,686,538.0,499.0
2026-06-18T22:13:21.924753+00:00,,75.11064453125,0.0,0.0,1426,686,538.0,499.0
2026-06-18T22:13:22.024764+00:00,,74.7556982421875,0.0,0.0,1426,686,538.0,499.0
2026-06-18T22:13:22.124972+00:00,,74.3456884765625,0.0,0.0,1426,686,538.0,499.0
2026-06-18T22:13:22.224762+00:00,,73.93105468750001,0.0,0.0,1426,686,538.0,499.0
2026-06-18T22:13:22.324887+00:00,,73.56447265625,0.0,0.0,1426,686,538.0,499.0
2026-06-18T22:13:22.424788+00:00,,73.141240234375,0.0,0.0,1426,686,538.0,499.0
2026-06-18T22:13:22.542832+00:00,,72.7671826171875,0.0,2.5333333333425494,1426,828,538.0,37.0
2026-06-18T22:13:22.623812+00:00,,72.551884765625,0.0,5.066666666662059,1426,971,538.0,7.0
2026-06-18T22:13:22.724851+00:00,,72.1179248046875,0.0,7.600000000004608,1426,1113,538.0,56.0
2026-06-18T22:13:22.823954+00:00,,71.62442871093751,0.0,10.133333333324117,1426,1255,538.0,40.0
2026-06-18T22:13:22.924261+00:00,,70.8615625,0.0,12.666666666666666,1426,1398,538.0,80.0
2026-06-18T22:13:23.025285+00:00,,69.607783203125,0.0,15.22533333332467,1426,1541,538.0,131.0
2026-06-18T22:13:23.126185+00:00,,68.2482470703125,0.0,17.78400000000571,1426,1685,538.0,117.0
2026-06-18T22:13:23.243900+00:00,,66.34014160156251,0.0,17.78400000000571,1426,1685,538.0,94.0
2026-06-18T22:13:23.327320+00:00,,63.9792919921875,0.0,17.78400000000571,1426,1685,538.0,186.0
2026-06-18T22:13:23.426859+00:00,,61.78587890625,0.0,17.78400000000571,1426,1685,538.0,499.0
2026-06-18T22:13:23.526932+00:00,,59.33375,0.0,17.78400000000571,1426,1685,538.0,499.0
2026-06-18T22:13:23.626862+00:00,,57.236923828125,0.0,17.78400000000571,1426,1685,538.0,499.0
2026-06-18T22:13:23.726875+00:00,,56.0594873046875,0.0,17.78400000000571,1426,1685,538.0,499.0
2026-06-18T22:13:23.826932+00:00,,54.035712890625,0.0,17.78400000000571,1426,1685,538.0,499.0
2026-06-18T22:13:23.926883+00:00,,51.7806640625,0.0,17.78400000000571,1426,1685,538.0,499.0
2026-06-18T22:13:24.025995+00:00,,49.858544921875,0.0,17.78400000000571,1426,1685,538.0,499.0
2026-06-18T22:13:24.126912+00:00,,47.720556640625,0.0,17.78400000000571,1426,1685,538.0,499.0
2026-06-18T22:13:24.226083+00:00,,45.9013671875,0.0,17.78400000000571,1426,1685,538.0,499.0
2026-06-18T22:13:24.326944+00:00,,43.8812646484375,0.0,17.78400000000571,1426,1685,538.0,499.0
2026-06-18T22:13:24.427934+00:00,,42.1651904296875,0.0,17.78400000000571,1426,1685,538.0,499.0
2026-06-18T22:13:24.527993+00:00,,40.262607421875,0.0,17.78400000000571,1426,1685,538.0,499.0
2026-06-18T22:13:24.627169+00:00,,38.64885986328125,0.0,17.78400000000571,1426,1685,538.0,499.0
2026-06-18T22:13:24.726947+00:00,,36.862392578125004,0.0,17.78400000000571,1426,1685,538.0,499.0
2026-06-18T22:13:24.827961+00:00,,35.349326171875,0.0,17.78400000000571,1426,1685,538.0,499.0
2026-06-18T22:13:24.926964+00:00,,33.676662597656254,0.0,17.78400000000571,1426,1685,538.0,499.0
2026-06-18T22:13:25.026975+00:00,,32.26190673828125,0.0,17.78400000000571,1426,1685,538.0,499.0
2026-06-18T22:13:25.126964+00:00,,30.6999755859375,0.0,17.78400000000571,1426,1685,538.0,499.0
2026-06-18T22:13:25.226980+00:00,,29.38055419921875,0.0,17.78400000000571,1426,1685,538.0,499.0
2026-06-18T22:13:25.327006+00:00,,28.646103515625,0.0,17.78400000000571,1426,1685,538.0,499.0
2026-06-18T22:13:25.428028+00:00,,27.3944140625,0.0,17.78400000000571,1426,1685,538.0,499.0
2026-06-18T22:13:25.527197+00:00,,26.18478515625,0.0,17.78400000000571,1426,1685,538.0,499.0
2026-06-18T22:13:25.627856+00:00,,24.85276123046875,0.0,17.78400000000571,1426,1685,538.0,499.0
2026-06-18T22:13:25.728622+00:00,,23.73035888671875,0.0,17.78400000000571,1426,1685,538.0,499.0
2026-06-18T22:13:25.827385+00:00,,22.495673828125,0.0,17.78400000000571,1426,1685,538.0,499.0
2026-06-18T22:13:25.928148+00:00,,21.456337890625,0.0,17.78400000000571,1426,1685,538.0,499.0
2026-06-18T22:13:26.027886+00:00,,20.3141357421875,0.0,17.78400000000571,1426,1685,538.0,499.0
2026-06-18T22:13:26.127657+00:00,,19.353546142578125,0.0,17.78400000000571,1426,1685,538.0,499.0
2026-06-18T22:13:26.227436+00:00,,18.298826904296874,0.0,17.78400000000571,1426,1685,538.0,499.0
2026-06-18T22:13:26.327203+00:00,,17.2886962890625,0.0,17.78400000000571,1426,1685,538.0,499.0
2026-06-18T22:13:26.428974+00:00,,16.440277099609375,0.0,17.78400000000571,1426,1685,538.0,499.0
2026-06-18T22:13:26.529794+00:00,,15.509873046875,0.0,17.78400000000571,1426,1685,538.0,499.0
2026-06-18T22:13:26.628519+00:00,,15.05993408203125,0.0,17.78400000000571,1426,1685,538.0,499.0
2026-06-18T22:13:26.729273+00:00,,14.296347656250001,0.0,17.78400000000571,1426,1685,538.0,499.0
2026-06-18T22:13:26.829124+00:00,,13.459736328125,0.0,17.78400000000571,1426,1685,538.0,499.0
2026-06-18T22:13:26.929815+00:00,,12.758206787109375,0.0,17.78400000000571,1426,1685,538.0,499.0
2026-06-18T22:13:27.029565+00:00,,11.99009033203125,0.0,17.78400000000571,1426,1685,538.0,499.0
2026-06-18T22:13:27.129337+00:00,,11.256553955078125,0.0,17.78400000000571,1426,1685,538.0,499.0
2026-06-18T22:13:27.229209+00:00,,10.642037353515626,0.0,17.78400000000571,1426,1685,538.0,499.0
2026-06-18T22:13:27.328883+00:00,,10.052113647460938,0.0,17.78400000000571,1426,1685,538.0,499.0
2026-06-18T22:13:27.429666+00:00,,9.406939086914063,0.0,17.78400000000571,1426,1685,538.0,499.0
2026-06-18T22:13:27.529193+00:00,,8.866873779296876,0.0,17.78400000000571,1426,1685,538.0,499.0
2026-06-18T22:13:27.629140+00:00,,8.276524658203126,0.0,17.78400000000571,1426,1685,538.0,499.0
2026-06-18T22:13:27.729183+00:00,,7.782592163085938,0.0,17.78400000000571,1426,1685,538.0,499.0
2026-06-18T22:13:27.829192+00:00,,7.509510498046875,0.0,17.78400000000571,1426,1685,538.0,499.0
2026-06-18T22:13:27.930180+00:00,,6.982680053710937,0.0,17.78400000000571,1426,1685,538.0,499.0
2026-06-18T22:13:28.030212+00:00,,6.542135620117188,0.0,17.78400000000571,1426,1685,538.0,499.0
2026-06-18T22:13:28.130167+00:00,,6.119912109375,0.0,17.78400000000571,1426,1685,538.0,499.0
2026-06-18T22:13:28.231205+00:00,,5.6589160156250005,0.0,17.78400000000571,1426,1685,538.0,499.0
2026-06-18T22:13:28.330217+00:00,,5.273641967773438,0.0,17.78400000000571,1426,1685,538.0,499.0
2026-06-18T22:13:28.430212+00:00,,4.8531396484375,0.0,17.78400000000571,1426,1685,538.0,499.0
2026-06-18T22:13:28.531258+00:00,,4.501829223632813,0.0,17.78400000000571,1426,1685,538.0,499.0
2026-06-18T22:13:28.631209+00:00,,4.118521728515625,0.0,17.78400000000571,1426,1685,538.0,499.0
2026-06-18T22:13:28.731217+00:00,,3.798386535644531,0.0,17.78400000000571,1426,1685,538.0,499.0
2026-06-18T22:13:28.831254+00:00,,3.4919003295898436,0.0,17.78400000000571,1426,1685,538.0,499.0
2026-06-18T22:13:28.931234+00:00,,3.1576434326171876,0.0,17.78400000000571,1426,1685,538.0,499.0
2026-06-18T22:13:29.031237+00:00,,2.8785894775390624,0.0,17.78400000000571,1426,1685,538.0,499.0
2026-06-18T22:13:29.131240+00:00,,2.5743301391601565,0.0,17.78400000000571,1426,1685,538.0,499.0
2026-06-18T22:13:29.231449+00:00,,2.427847442626953,0.0,17.78400000000571,1426,1685,538.0,499.0
2026-06-18T22:13:29.331286+00:00,,2.180225372314453,0.0,17.78400000000571,1426,1685,538.0,499.0
2026-06-18T22:13:29.432295+00:00,,1.9433132934570312,0.0,17.78400000000571,1426,1685,538.0,499.0
2026-06-18T22:13:29.533318+00:00,,1.6851049804687501,0.0,17.78400000000571,1426,1685,538.0,499.0
2026-06-18T22:13:29.632278+00:00,,1.4696760559082032,0.0,17.78400000000571,1426,1685,538.0,499.0
2026-06-18T22:13:29.733285+00:00,,1.234929428100586,0.0,17.78400000000571,1426,1685,538.0,499.0
2026-06-18T22:13:29.832314+00:00,,1.0391128540039063,0.0,17.78400000000571,1426,1685,538.0,499.0
2026-06-18T22:13:29.932314+00:00,,0.8257762908935548,0.0,17.78400000000571,1426,1685,538.0,499.0
2026-06-18T22:13:30.032570+00:00,,0.6230770111083984,0.0,17.78400000000571,1426,1685,538.0,499.0
2026-06-18T22:13:30.133307+00:00,,0.4540374755859375,0.0,17.78400000000571,1426,1685,538.0,499.0
2026-06-18T22:13:30.549505+00:00,,0.269919548034668,2.000000000007276,0.0,1578,686,162.0,47.0
2026-06-18T22:13:30.634370+00:00,,0.24484306335449219,10.020000000004075,0.0,2186,686,140.0,24.0
2026-06-18T22:13:30.734542+00:00,,0.6694437408447266,12.02000000001135,0.0,2338,686,155.0,131.0
2026-06-18T22:13:30.834356+00:00,,1.387000274658203,14.020000000000437,0.0,2490,686,208.0,179.0
2026-06-18T22:13:30.934371+00:00,,2.3087832641601564,16.020000000007713,0.0,2641,686,200.0,171.0
2026-06-18T22:13:31.034363+00:00,,3.2678106689453124,18.0199999999968,0.0,2793,686,223.0,27.0
2026-06-18T22:13:31.134380+00:00,,4.605783386230469,20.020000000004075,0.0,2945,686,167.0,62.0
2026-06-18T22:13:31.235387+00:00,,5.950060424804688,22.02000000001135,0.0,3096,686,189.0,22.0
2026-06-18T22:13:31.334618+00:00,,7.487848510742188,24.020000000000437,0.0,3248,686,256.0,21.0
2026-06-18T22:13:31.434424+00:00,,9.458195800781251,26.020000000007713,0.0,3400,686,137.0,84.0
2026-06-18T22:13:31.534453+00:00,,11.644637451171874,28.0199999999968,0.0,3552,686,194.0,141.0
2026-06-18T22:13:31.634417+00:00,,13.759444580078124,30.0,0.0,3702,686,223.0,25.0
2026-06-18T22:13:31.733651+00:00,,15.057274169921875,30.0,0.0,3702,686,262.0,285.0
2026-06-18T22:13:31.834430+00:00,,17.906226806640625,30.0,0.0,3702,686,270.0,499.0
2026-06-18T22:13:31.934424+00:00,,20.5140869140625,30.0,0.0,3702,686,538.0,499.0
2026-06-18T22:13:32.034420+00:00,,23.42837158203125,30.0,0.0,3702,686,538.0,499.0
2026-06-18T22:13:32.134484+00:00,,25.931748046875,30.0,0.0,3702,686,538.0,499.0
2026-06-18T22:13:32.234391+00:00,,28.69619873046875,30.0,0.0,3702,686,538.0,499.0
2026-06-18T22:13:32.334445+00:00,,31.035927734375,30.0,0.0,3702,686,538.0,499.0
2026-06-18T22:13:32.434959+00:00,,33.625270996093754,30.0,0.0,3702,686,538.0,499.0
2026-06-18T22:13:32.534739+00:00,,35.82140869140625,30.0,0.0,3702,686,538.0,499.0
2026-06-18T22:13:32.634493+00:00,,38.256787109375004,30.0,0.0,3702,686,538.0,499.0
2026-06-18T22:13:32.734237+00:00,,40.3264208984375,30.0,0.0,3702,686,538.0,499.0
2026-06-18T22:13:32.834477+00:00,,42.625908203125,30.0,0.0,3702,686,538.0,499.0
2026-06-18T22:13:32.933801+00:00,,44.583701171875,30.0,0.0,3702,686,538.0,499.0
2026-06-18T22:13:33.033663+00:00,,46.762861328125,30.0,0.0,3702,686,538.0,499.0
2026-06-18T22:13:33.133552+00:00,,47.83025390625,30.0,0.0,3702,686,538.0,499.0
2026-06-18T22:13:33.233733+00:00,,49.664345703125,30.0,0.0,3702,686,538.0,499.0
2026-06-18T22:13:33.333918+00:00,,51.7102197265625,30.0,0.0,3702,686,538.0,499.0
2026-06-18T22:13:33.433698+00:00,,53.4588330078125,30.0,0.0,3702,686,538.0,499.0
2026-06-18T22:13:33.534535+00:00,,55.1708154296875,30.0,0.0,3702,686,538.0,499.0
2026-06-18T22:13:33.633584+00:00,,57.0849462890625,30.0,0.0,3702,686,538.0,499.0
2026-06-18T22:13:33.734007+00:00,,58.956386718750004,30.0,0.0,3702,686,538.0,499.0
2026-06-18T22:13:33.833750+00:00,,60.78763671875,30.0,0.0,3702,686,538.0,499.0
2026-06-18T22:13:33.934519+00:00,,62.3588671875,30.0,0.0,3702,686,538.0,499.0
2026-06-18T22:13:34.033575+00:00,,63.9026171875,30.0,0.0,3702,686,538.0,499.0
2026-06-18T22:13:34.134027+00:00,,65.6350537109375,30.0,0.0,3702,686,538.0,499.0
2026-06-18T22:13:34.234876+00:00,,67.124560546875,30.0,0.0,3702,686,538.0,499.0
2026-06-18T22:13:34.335606+00:00,,68.7984130859375,30.0,0.0,3702,686,538.0,499.0
2026-06-18T22:13:34.435439+00:00,,69.6244921875,30.0,0.0,3702,686,538.0,499.0
2026-06-18T22:13:34.535183+00:00,,71.0535595703125,30.0,0.0,3702,686,538.0,499.0
2026-06-18T22:13:34.634884+00:00,,72.662158203125,30.0,0.0,3702,686,538.0,499.0
2026-06-18T22:13:34.735735+00:00,,74.24601074218751,30.0,0.0,3702,686,538.0,499.0
2026-06-18T22:13:34.835657+00:00,,75.6127587890625,30.0,0.0,3702,686,538.0,499.0
2026-06-18T22:13:34.935669+00:00,,77.154189453125,30.0,0.0,3702,686,538.0,499.0
2026-06-18T22:13:35.035713+00:00,,78.674990234375,30.0,0.0,3702,686,538.0,499.0
2026-06-18T22:13:35.135743+00:00,,79.98979980468751,30.0,0.0,3702,686,538.0,499.0
2026-06-18T22:13:35.235839+00:00,,81.4754052734375,30.0,0.0,3702,686,538.0,499.0
2026-06-18T22:13:35.335694+00:00,,82.76130859375,30.0,0.0,3702,686,538.0,499.0
2026-06-18T22:13:35.435749+00:00,,84.21596679687501,30.0,0.0,3702,686,538.0,499.0
2026-06-18T22:13:35.535768+00:00,,85.47654296875,30.0,0.0,3702,686,538.0,499.0
2026-06-18T22:13:35.636699+00:00,,86.726455078125,30.0,0.0,3702,686,538.0,499.0
2026-06-18T22:13:35.736833+00:00,,88.142763671875,30.0,0.0,3702,686,538.0,499.0
2026-06-18T22:13:35.836741+00:00,,88.846357421875,30.0,0.0,3702,686,538.0,499.0
2026-06-18T22:13:35.937828+00:00,,90.07080078125,30.0,0.0,3702,686,538.0,499.0
2026-06-18T22:13:36.037740+00:00,,91.46021484375,30.0,0.0,3702,686,538.0,499.0
2026-06-18T22:13:36.137732+00:00,,92.667958984375,30.0,0.0,3702,686,538.0,499.0
2026-06-18T22:13:36.255863+00:00,,94.03994140625001,0.0,0.0,1426,686,80.0,499.0
2026-06-18T22:13:36.337980+00:00,,95.342587890625,0.0,0.0,1426,686,188.0,499.0
2026-06-18T22:13:36.437818+00:00,,96.55380859375,0.0,0.0,1426,686,272.0,499.0
2026-06-18T22:13:36.537838+00:00,,97.288193359375,0.0,0.0,1426,686,182.0,499.0
2026-06-18T22:13:36.637774+00:00,,97.83181640625,0.0,0.0,1426,686,177.0,499.0
2026-06-18T22:13:36.737896+00:00,,97.873779296875,0.0,0.0,1426,686,153.0,499.0
2026-06-18T22:13:36.837790+00:00,,97.733779296875,0.0,0.0,1426,686,538.0,499.0
2026-06-18T22:13:36.937791+00:00,,97.573779296875,0.0,0.0,1426,686,538.0,499.0
2026-06-18T22:13:37.037790+00:00,,97.433779296875,0.0,0.0,1426,686,538.0,499.0
2026-06-18T22:13:37.138095+00:00,,97.353779296875,0.0,0.0,1426,686,538.0,499.0
2026-06-18T22:13:37.238902+00:00,,97.213779296875,0.0,0.0,1426,686,538.0,499.0
2026-06-18T22:13:37.337893+00:00,,97.053779296875,0.0,0.0,1426,686,538.0,499.0
2026-06-18T22:13:37.438844+00:00,,96.893779296875,0.0,0.0,1426,686,538.0,499.0
2026-06-18T22:13:37.538249+00:00,,96.753779296875,0.0,0.0,1426,686,538.0,499.0
2026-06-18T22:13:37.638873+00:00,,96.593779296875,0.0,0.0,1426,686,538.0,499.0
2026-06-18T22:13:37.737896+00:00,,96.453779296875,0.0,0.0,1426,686,538.0,499.0
2026-06-18T22:13:37.837866+00:00,,96.313779296875,0.0,0.0,1426,686,538.0,499.0
2026-06-18T22:13:37.938835+00:00,,96.153779296875,0.0,0.0,1426,686,538.0,499.0
2026-06-18T22:13:38.038891+00:00,,96.013779296875,0.0,0.0,1426,686,538.0,499.0
2026-06-18T22:13:38.138868+00:00,,95.853779296875,0.0,0.0,1426,686,538.0,499.0
2026-06-18T22:13:38.239947+00:00,,95.713779296875,0.0,0.0,1426,686,538.0,499.0
2026-06-18T22:13:38.339886+00:00,,95.553779296875,0.0,0.0,1426,686,538.0,499.0
2026-06-18T22:13:38.440914+00:00,,95.393779296875,0.0,0.0,1426,686,538.0,499.0
2026-06-18T22:13:38.540976+00:00,,95.33377929687501,0.0,0.0,1426,686,538.0,499.0
2026-06-18T22:13:38.640888+00:00,,95.173779296875,0.0,0.0,1426,686,538.0,499.0
2026-06-18T22:13:38.740966+00:00,,95.013779296875,0.0,0.0,1426,686,538.0,499.0
2026-06-18T22:13:38.840941+00:00,,94.873779296875,0.0,0.0,1426,686,538.0,499.0
2026-06-18T22:13:38.939996+00:00,,94.713779296875,0.0,0.0,1426,686,538.0,499.0
2026-06-18T22:13:39.040940+00:00,,94.573779296875,0.0,0.0,1426,686,538.0,499.0
2026-06-18T22:13:39.141957+00:00,,94.413779296875,0.0,0.0,1426,686,538.0,499.0
2026-06-18T22:13:39.242196+00:00,,94.273779296875,0.0,0.0,1426,686,538.0,499.0
2026-06-18T22:13:39.342960+00:00,,94.113779296875,0.0,0.0,1426,686,538.0,499.0
2026-06-18T22:13:39.442960+00:00,,93.97377929687501,0.0,0.0,1426,686,538.0,499.0
2026-06-18T22:13:39.543008+00:00,,93.83377929687501,0.0,0.0,1426,686,538.0,499.0
2026-06-18T22:13:39.642972+00:00,,93.673779296875,0.0,0.0,1426,686,538.0,499.0
2026-06-18T22:13:39.743107+00:00,,93.513779296875,0.0,0.0,1426,686,538.0,499.0
2026-06-18T22:13:39.842981+00:00,,93.453779296875,0.0,0.0,1426,686,538.0,499.0
2026-06-18T22:13:39.944039+00:00,,93.293779296875,0.0,0.0,1426,686,538.0,499.0
2026-06-18T22:13:40.044068+00:00,,93.153779296875,0.0,0.0,1426,686,538.0,499.0
2026-06-18T22:13:40.144125+00:00,,92.993779296875,0.0,0.0,1426,686,538.0,499.0
2026-06-18T22:13:40.243868+00:00,,92.853779296875,0.0,0.0,1426,686,538.0,499.0
2026-06-18T22:13:40.343596+00:00,,92.69377929687501,0.0,0.0,1426,686,538.0,499.0
2026-06-18T22:13:40.445357+00:00,,92.553779296875,0.0,0.0,1426,686,538.0,499.0
2026-06-18T22:13:40.544214+00:00,,92.393779296875,0.0,0.0,1426,686,538.0,499.0
2026-06-18T22:13:40.643050+00:00,,92.253779296875,0.0,0.0,1426,686,538.0,499.0
2026-06-18T22:13:40.743664+00:00,,92.093779296875,0.0,0.0,1426,686,538.0,499.0
2026-06-18T22:13:40.843434+00:00,,91.953779296875,0.0,0.0,1426,686,538.0,499.0
2026-06-18T22:13:40.943202+00:00,,91.793779296875,0.0,0.0,1426,686,538.0,499.0
2026-06-18T22:13:41.044001+00:00,,91.653779296875,0.0,0.0,1426,686,538.0,499.0
2026-06-18T22:13:41.144742+00:00,,91.573779296875,0.0,0.0,1426,686,538.0,499.0
2026-06-18T22:13:41.244535+00:00,,91.413779296875,0.0,0.0,1426,686,538.0,499.0
2026-06-18T22:13:41.344296+00:00,,91.273779296875,0.0,0.0,1426,686,538.0,499.0
2026-06-18T22:13:41.445086+00:00,,91.11361328125,0.0,0.0,1426,686,538.0,499.0
2026-06-18T22:13:41.545152+00:00,,90.971552734375,0.0,0.0,1426,686,538.0,499.0
2026-06-18T22:13:41.645567+00:00,,90.80632812500001,0.0,0.0,1426,686,538.0,499.0
2026-06-18T22:13:41.744365+00:00,,90.65921875000001,0.0,0.0,1426,686,538.0,499.0
2026-06-18T22:13:41.845244+00:00,,90.50969726562501,0.0,0.0,1426,686,538.0,499.0
2026-06-18T22:13:41.944906+00:00,,90.335830078125,0.0,0.0,1426,686,538.0,499.0
2026-06-18T22:13:42.044652+00:00,,90.15873046875001,0.0,0.0,1426,686,538.0,499.0
2026-06-18T22:13:42.145431+00:00,,90.001083984375,0.0,0.0,1426,686,538.0,499.0
2026-06-18T22:13:42.563552+00:00,,89.81780273437501,0.0,2.6666666666763676,1426,836,538.0,163.0
2026-06-18T22:13:42.647320+00:00,,88.53333984375,0.0,13.360000000005432,1426,1437,538.0,154.0
2026-06-18T22:13:42.747165+00:00,,87.136142578125,0.0,16.026666666681802,1426,1586,538.0,145.0
2026-06-18T22:13:42.846198+00:00,,85.58915039062501,0.0,18.693333333333914,1426,1736,538.0,146.0
2026-06-18T22:13:43.262967+00:00,,83.31974609375,0.0,18.693333333333914,1426,1736,538.0,499.0
2026-06-18T22:13:43.346353+00:00,,72.7316357421875,0.0,18.693333333333914,1426,1736,538.0,499.0
2026-06-18T22:13:43.446257+00:00,,69.8860986328125,0.0,18.693333333333914,1426,1736,538.0,499.0
2026-06-18T22:13:43.546289+00:00,,67.4456005859375,0.0,18.693333333333914,1426,1736,538.0,499.0
2026-06-18T22:13:43.646373+00:00,,64.714814453125,0.0,18.693333333333914,1426,1736,538.0,499.0
2026-06-18T22:13:43.746271+00:00,,62.048095703125,0.0,18.693333333333914,1426,1736,538.0,499.0
2026-06-18T22:13:43.847294+00:00,,61.06494140625,0.0,18.693333333333914,1426,1736,538.0,499.0
2026-06-18T22:13:43.946303+00:00,,58.4889453125,0.0,18.693333333333914,1426,1736,538.0,499.0
2026-06-18T22:13:44.047282+00:00,,56.290302734375004,0.0,18.693333333333914,1426,1736,538.0,499.0
2026-06-18T22:13:44.148353+00:00,,53.8417529296875,0.0,18.693333333333914,1426,1736,538.0,499.0
2026-06-18T22:13:44.247350+00:00,,51.756015625,0.0,18.693333333333914,1426,1736,538.0,499.0
2026-06-18T22:13:44.347437+00:00,,49.4376611328125,0.0,18.693333333333914,1426,1736,538.0,499.0
2026-06-18T22:13:44.447766+00:00,,47.466533203125,0.0,18.693333333333914,1426,1736,538.0,499.0
2026-06-18T22:13:44.547813+00:00,,45.2795556640625,0.0,18.693333333333914,1426,1736,538.0,499.0
2026-06-18T22:13:44.647937+00:00,,43.42341796875,0.0,18.693333333333914,1426,1736,538.0,499.0
2026-06-18T22:13:44.747892+00:00,,41.3675537109375,0.0,18.693333333333914,1426,1736,538.0,499.0
2026-06-18T22:13:44.847819+00:00,,39.381064453125,0.0,18.693333333333914,1426,1736,538.0,499.0
2026-06-18T22:13:44.947791+00:00,,37.6993212890625,0.0,18.693333333333914,1426,1736,538.0,499.0
2026-06-18T22:13:45.047932+00:00,,35.841137695312504,0.0,18.693333333333914,1426,1736,538.0,499.0
2026-06-18T22:13:45.148483+00:00,,34.9373095703125,0.0,18.693333333333914,1426,1736,538.0,499.0
2026-06-18T22:13:45.247810+00:00,,33.39566162109375,0.0,18.693333333333914,1426,1736,538.0,499.0
2026-06-18T22:13:45.348067+00:00,,31.6953857421875,0.0,18.693333333333914,1426,1736,538.0,499.0
2026-06-18T22:13:45.448422+00:00,,30.2606591796875,0.0,18.693333333333914,1426,1736,538.0,499.0
2026-06-18T22:13:45.548419+00:00,,28.68041015625,0.0,18.693333333333914,1426,1736,538.0,499.0
2026-06-18T22:13:45.648484+00:00,,27.348681640625,0.0,18.693333333333914,1426,1736,538.0,499.0
2026-06-18T22:13:45.748389+00:00,,25.88369140625,0.0,18.693333333333914,1426,1736,538.0,499.0
2026-06-18T22:13:45.848407+00:00,,24.47805908203125,0.0,18.693333333333914,1426,1736,538.0,499.0
2026-06-18T22:13:45.948414+00:00,,23.29560791015625,0.0,18.693333333333914,1426,1736,538.0,499.0
2026-06-18T22:13:46.049360+00:00,,21.99707275390625,0.0,18.693333333333914,1426,1736,538.0,499.0
2026-06-18T22:13:46.149441+00:00,,20.753349609375,0.0,18.693333333333914,1426,1736,538.0,499.0
2026-06-18T22:13:46.249366+00:00,,19.708765869140624,0.0,18.693333333333914,1426,1736,538.0,499.0
2026-06-18T22:13:46.349381+00:00,,18.563380126953124,0.0,18.693333333333914,1426,1736,538.0,499.0
2026-06-18T22:13:46.449396+00:00,,18.14685546875,0.0,18.693333333333914,1426,1736,538.0,499.0
2026-06-18T22:13:46.549440+00:00,,17.069871826171877,0.0,18.693333333333914,1426,1736,538.0,499.0
2026-06-18T22:13:46.649486+00:00,,16.166751708984375,0.0,18.693333333333914,1426,1736,538.0,499.0
2026-06-18T22:13:46.749434+00:00,,15.177972412109375,0.0,18.693333333333914,1426,1736,538.0,499.0
2026-06-18T22:13:46.849511+00:00,,14.34948974609375,0.0,18.693333333333914,1426,1736,538.0,499.0
2026-06-18T22:13:46.949434+00:00,,13.44312744140625,0.0,18.693333333333914,1426,1736,538.0,499.0
2026-06-18T22:13:47.049450+00:00,,12.5783935546875,0.0,18.693333333333914,1426,1736,538.0,499.0
2026-06-18T22:13:47.149770+00:00,,11.85465087890625,0.0,18.693333333333914,1426,1736,538.0,499.0
2026-06-18T22:13:47.249551+00:00,,11.0637158203125,0.0,18.693333333333914,1426,1736,538.0,499.0
2026-06-18T22:13:47.349453+00:00,,10.309923095703125,0.0,18.693333333333914,1426,1736,538.0,499.0
2026-06-18T22:13:47.449465+00:00,,9.679647216796875,0.0,18.693333333333914,1426,1736,538.0,499.0
2026-06-18T22:13:47.548859+00:00,,8.99149169921875,0.0,18.693333333333914,1426,1736,538.0,499.0
2026-06-18T22:13:47.649612+00:00,,8.4164208984375,0.0,18.693333333333914,1426,1736,538.0,499.0
2026-06-18T22:13:47.750357+00:00,,7.788877563476563,0.0,18.693333333333914,1426,1736,538.0,499.0
2026-06-18T22:13:47.850148+00:00,,7.26472900390625,0.0,18.693333333333914,1426,1736,538.0,499.0
2026-06-18T22:13:47.949904+00:00,,6.975311279296875,0.0,18.693333333333914,1426,1736,538.0,499.0
2026-06-18T22:13:48.049703+00:00,,6.485917358398438,0.0,18.693333333333914,1426,1736,538.0,499.0
2026-06-18T22:13:48.149551+00:00,,5.95230712890625,0.0,18.693333333333914,1426,1736,538.0,499.0
2026-06-18T22:13:48.249515+00:00,,5.50696533203125,0.0,18.693333333333914,1426,1736,538.0,499.0
2026-06-18T22:13:48.350618+00:00,,5.080922546386719,0.0,18.693333333333914,1426,1736,538.0,499.0
2026-06-18T22:13:48.450742+00:00,,4.6166650390625,0.0,18.693333333333914,1426,1736,538.0,499.0
2026-06-18T22:13:48.550628+00:00,,4.229425048828125,0.0,18.693333333333914,1426,1736,538.0,499.0
2026-06-18T22:13:48.651564+00:00,,3.807603759765625,0.0,18.693333333333914,1426,1736,538.0,499.0
2026-06-18T22:13:48.752068+00:00,,3.4069180297851562,0.0,18.693333333333914,1426,1736,538.0,499.0
2026-06-18T22:13:48.851831+00:00,,3.0728771972656252,0.0,18.693333333333914,1426,1736,538.0,499.0
2026-06-18T22:13:48.951649+00:00,,2.7536218261718752,0.0,18.693333333333914,1426,1736,538.0,499.0
2026-06-18T22:13:49.052587+00:00,,2.4060745239257812,0.0,18.693333333333914,1426,1736,538.0,499.0
2026-06-18T22:13:49.152581+00:00,,2.116457824707031,0.0,18.693333333333914,1426,1736,538.0,499.0
2026-06-18T22:13:49.252896+00:00,,1.956800994873047,0.0,18.693333333333914,1426,1736,538.0,499.0
2026-06-18T22:13:49.352690+00:00,,1.6872474670410156,0.0,18.693333333333914,1426,1736,538.0,499.0
2026-06-18T22:13:49.453458+00:00,,1.4297671508789063,0.0,18.693333333333914,1426,1736,538.0,499.0
2026-06-18T22:13:49.553791+00:00,,1.1496273803710937,0.0,18.693333333333914,1426,1736,538.0,499.0
2026-06-18T22:13:49.653623+00:00,,0.9163080596923828,0.0,18.693333333333914,1426,1736,538.0,499.0
2026-06-18T22:13:49.753733+00:00,,0.662510986328125,0.0,18.693333333333914,1426,1736,538.0,499.0
2026-06-18T22:13:49.853618+00:00,,0.45117576599121095,0.0,18.693333333333914,1426,1736,538.0,499.0
2026-06-18T22:13:50.271614+00:00,,0.22133773803710938,2.133333333321692,0.0,1588,686,26.0,23.0
2026-06-18T22:13:50.354914+00:00,,0.46034236907958986,10.688000000004346,0.0,2237,686,182.0,210.0
2026-06-18T22:13:50.455136+00:00,,0.9925806427001953,12.821333333326038,0.0,2399,686,151.0,68.0
2026-06-18T22:13:50.554824+00:00,,1.8419309997558595,14.954666666667132,0.0,2560,686,218.0,213.0
2026-06-18T22:13:50.654659+00:00,,2.7597952270507813,17.087999999988824,0.0,2722,686,97.0,55.0
2026-06-18T22:13:50.754652+00:00,,3.365248718261719,19.22133333332992,0.0,2884,686,177.0,14.0
2026-06-18T22:13:50.854678+00:00,,4.602984313964844,21.35466666667101,0.0,3046,686,258.0,10.0
2026-06-18T22:13:50.954671+00:00,,6.249091796875,23.509333333330385,0.0,3209,686,217.0,18.0
2026-06-18T22:13:51.055806+00:00,,8.073550415039062,25.642666666671477,0.0,3371,686,201.0,34.0
2026-06-18T22:13:51.154676+00:00,,9.872338256835938,27.77599999999317,0.0,3533,686,228.0,31.0
2026-06-18T22:13:51.255714+00:00,,12.1918896484375,29.909333333334263,0.0,3695,686,233.0,21.0
2026-06-18T22:13:51.355699+00:00,,14.789276123046875,32.0,0.0,3854,686,247.0,56.0
2026-06-18T22:13:51.455736+00:00,,17.259566650390624,32.0,0.0,3854,686,216.0,10.0
2026-06-18T22:13:51.555852+00:00,,20.370556640625,32.0,0.0,3854,686,300.0,468.0
2026-06-18T22:13:51.655746+00:00,,23.56648193359375,32.0,0.0,3854,686,538.0,499.0
2026-06-18T22:13:51.756746+00:00,,26.2783203125,32.0,0.0,3854,686,538.0,499.0
2026-06-18T22:13:51.856789+00:00,,28.901455078125,32.0,0.0,3854,686,538.0,499.0
2026-06-18T22:13:51.956762+00:00,,31.79781005859375,32.0,0.0,3854,686,538.0,499.0
2026-06-18T22:13:52.055847+00:00,,33.20765625,32.0,0.0,3854,686,538.0,499.0
2026-06-18T22:13:52.156764+00:00,,35.61678955078125,32.0,0.0,3854,686,538.0,499.0
2026-06-18T22:13:52.257887+00:00,,37.9557861328125,32.0,0.0,3854,686,538.0,499.0
2026-06-18T22:13:52.357791+00:00,,40.54835693359375,32.0,0.0,3854,686,538.0,499.0
2026-06-18T22:13:52.457795+00:00,,42.7506640625,32.0,0.0,3854,686,538.0,499.0
2026-06-18T22:13:52.557204+00:00,,45.19669921875,32.0,0.0,3854,686,538.0,499.0
2026-06-18T22:13:52.657829+00:00,,47.278652343750004,32.0,0.0,3854,686,538.0,499.0
2026-06-18T22:13:52.756798+00:00,,49.595463867187505,32.0,0.0,3854,686,538.0,499.0
2026-06-18T22:13:52.857816+00:00,,51.571123046875,32.0,0.0,3854,686,538.0,499.0
2026-06-18T22:13:52.958201+00:00,,53.7736572265625,32.0,0.0,3854,686,538.0,499.0
2026-06-18T22:13:53.058008+00:00,,55.6552099609375,32.0,0.0,3854,686,538.0,499.0
2026-06-18T22:13:53.158827+00:00,,57.7564697265625,32.0,0.0,3854,686,538.0,499.0
2026-06-18T22:13:53.258837+00:00,,58.531572265625,32.0,0.0,3854,686,538.0,499.0
2026-06-18T22:13:53.358074+00:00,,60.56587890625,32.0,0.0,3854,686,538.0,499.0
2026-06-18T22:13:53.458843+00:00,,62.5550146484375,32.0,0.0,3854,686,538.0,499.0
2026-06-18T22:13:53.558029+00:00,,64.260625,32.0,0.0,3854,686,538.0,499.0
2026-06-18T22:13:53.658888+00:00,,66.1723583984375,32.0,0.0,3854,686,538.0,499.0
2026-06-18T22:13:53.757874+00:00,,67.81412597656251,32.0,0.0,3854,686,538.0,499.0
2026-06-18T22:13:53.858888+00:00,,69.657080078125,32.0,0.0,3854,686,538.0,499.0
2026-06-18T22:13:53.958973+00:00,,71.24211914062501,32.0,0.0,3854,686,538.0,499.0
2026-06-18T22:13:54.058983+00:00,,72.80291015625001,32.0,0.0,3854,686,538.0,499.0
2026-06-18T22:13:54.159902+00:00,,74.5586669921875,32.0,0.0,3854,686,538.0,499.0
2026-06-18T22:13:54.260926+00:00,,76.0718603515625,32.0,0.0,3854,686,538.0,499.0
2026-06-18T22:13:54.360561+00:00,,77.7764404296875,32.0,0.0,3854,686,538.0,499.0
2026-06-18T22:13:54.459969+00:00,,79.2475341796875,32.0,0.0,3854,686,538.0,499.0
2026-06-18T22:13:54.560514+00:00,,80.0800537109375,32.0,0.0,3854,686,538.0,499.0
2026-06-18T22:13:54.660955+00:00,,81.52347656250001,32.0,0.0,3854,686,538.0,499.0
2026-06-18T22:13:54.761960+00:00,,83.153212890625,32.0,0.0,3854,686,538.0,499.0
2026-06-18T22:13:54.860825+00:00,,84.763134765625,32.0,0.0,3854,686,538.0,499.0
2026-06-18T22:13:54.961566+00:00,,86.15666992187501,32.0,0.0,3854,686,538.0,499.0
2026-06-18T22:13:55.062362+00:00,,87.7331640625,32.0,0.0,3854,686,538.0,499.0
2026-06-18T22:13:55.162105+00:00,,89.2937109375,32.0,0.0,3854,686,538.0,499.0
2026-06-18T22:13:55.262905+00:00,,90.647109375,32.0,0.0,3854,686,538.0,499.0
2026-06-18T22:13:55.361657+00:00,,92.181103515625,32.0,0.0,3854,686,538.0,499.0
2026-06-18T22:13:55.461465+00:00,,93.702646484375,32.0,0.0,3854,686,538.0,499.0
2026-06-18T22:13:55.562221+00:00,,95.024677734375,32.0,0.0,3854,686,538.0,499.0
2026-06-18T22:13:55.662005+00:00,,96.525908203125,32.0,0.0,3854,686,538.0,499.0
2026-06-18T22:13:55.761009+00:00,,97.272978515625,32.0,0.0,3854,686,538.0,499.0
2026-06-18T22:13:55.862058+00:00,,98.575185546875,32.0,0.0,3854,686,538.0,499.0
2026-06-18T22:13:56.280607+00:00,,100.056123046875,0.0,0.0,1426,686,245.0,499.0
2026-06-18T22:13:56.361337+00:00,,104.430712890625,0.0,0.0,1426,686,225.0,499.0
2026-06-18T22:13:56.462148+00:00,,104.649140625,0.0,0.0,1426,686,130.0,499.0
2026-06-18T22:13:56.562157+00:00,,104.489140625,0.0,0.0,1426,686,538.0,499.0
2026-06-18T22:13:56.661628+00:00,,104.349140625,0.0,0.0,1426,686,538.0,499.0
2026-06-18T22:13:56.762074+00:00,,104.18914062500001,0.0,0.0,1426,686,538.0,499.0
2026-06-18T22:13:56.862095+00:00,,104.049140625,0.0,0.0,1426,686,538.0,499.0
2026-06-18T22:13:56.962091+00:00,,103.96914062500001,0.0,0.0,1426,686,538.0,499.0
2026-06-18T22:13:57.062174+00:00,,103.809140625,0.0,0.0,1426,686,538.0,499.0
2026-06-18T22:13:57.162102+00:00,,103.669140625,0.0,0.0,1426,686,538.0,499.0
2026-06-18T22:13:57.263129+00:00,,103.529140625,0.0,0.0,1426,686,538.0,499.0
2026-06-18T22:13:57.362115+00:00,,103.369140625,0.0,0.0,1426,686,538.0,499.0
2026-06-18T22:13:57.463161+00:00,,103.229140625,0.0,0.0,1426,686,538.0,499.0
2026-06-18T22:13:57.563190+00:00,,103.069140625,0.0,0.0,1426,686,538.0,499.0
2026-06-18T22:13:57.663315+00:00,,102.929140625,0.0,0.0,1426,686,538.0,499.0
2026-06-18T22:13:57.763142+00:00,,102.769140625,0.0,0.0,1426,686,538.0,499.0
2026-06-18T22:13:57.865238+00:00,,102.60914062500001,0.0,0.0,1426,686,538.0,499.0
2026-06-18T22:13:57.965612+00:00,,102.46914062500001,0.0,0.0,1426,686,538.0,499.0
2026-06-18T22:13:58.065420+00:00,,102.309140625,0.0,0.0,1426,686,538.0,499.0
2026-06-18T22:13:58.165243+00:00,,102.169140625,0.0,0.0,1426,686,538.0,499.0
2026-06-18T22:13:58.265189+00:00,,102.089140625,0.0,0.0,1426,686,538.0,499.0
2026-06-18T22:13:58.366255+00:00,,101.929140625,0.0,0.0,1426,686,538.0,499.0
2026-06-18T22:13:58.466206+00:00,,101.789140625,0.0,0.0,1426,686,538.0,499.0
2026-06-18T22:13:58.567269+00:00,,101.629140625,0.0,0.0,1426,686,538.0,499.0
2026-06-18T22:13:58.666229+00:00,,101.489140625,0.0,0.0,1426,686,538.0,499.0
2026-06-18T22:13:58.767224+00:00,,101.32914062500001,0.0,0.0,1426,686,538.0,499.0
2026-06-18T22:13:58.866238+00:00,,101.169140625,0.0,0.0,1426,686,538.0,499.0
2026-06-18T22:13:58.966214+00:00,,101.029140625,0.0,0.0,1426,686,538.0,499.0
2026-06-18T22:13:59.066259+00:00,,100.869140625,0.0,0.0,1426,686,538.0,499.0
2026-06-18T22:13:59.167247+00:00,,100.729140625,0.0,0.0,1426,686,538.0,499.0
2026-06-18T22:13:59.266278+00:00,,100.569140625,0.0,0.0,1426,686,538.0,499.0
2026-06-18T22:13:59.366356+00:00,,100.429140625,0.0,0.0,1426,686,538.0,499.0
2026-06-18T22:13:59.466291+00:00,,100.269140625,0.0,0.0,1426,686,538.0,499.0
2026-06-18T22:13:59.567282+00:00,,100.129140625,0.0,0.0,1426,686,538.0,499.0
2026-06-18T22:13:59.668315+00:00,,99.96914062500001,0.0,0.0,1426,686,538.0,499.0
2026-06-18T22:13:59.769341+00:00,,99.909140625,0.0,0.0,1426,686,538.0,499.0
2026-06-18T22:13:59.868326+00:00,,99.749140625,0.0,0.0,1426,686,538.0,499.0
2026-06-18T22:13:59.968313+00:00,,99.60914062500001,0.0,0.0,1426,686,538.0,499.0
2026-06-18T22:14:00.069340+00:00,,99.449140625,0.0,0.0,1426,686,538.0,499.0
2026-06-18T22:14:00.169293+00:00,,99.309140625,0.0,0.0,1426,686,538.0,499.0
2026-06-18T22:14:00.269342+00:00,,99.149140625,0.0,0.0,1426,686,538.0,499.0
2026-06-18T22:14:00.369316+00:00,,98.989140625,0.0,0.0,1426,686,538.0,499.0
2026-06-18T22:14:00.470359+00:00,,98.849140625,0.0,0.0,1426,686,538.0,499.0
2026-06-18T22:14:00.569558+00:00,,98.709140625,0.0,0.0,1426,686,538.0,499.0
2026-06-18T22:14:00.670449+00:00,,98.549140625,0.0,0.0,1426,686,538.0,499.0
2026-06-18T22:14:00.770339+00:00,,98.409140625,0.0,0.0,1426,686,538.0,499.0
2026-06-18T22:14:00.870368+00:00,,98.249140625,0.0,0.0,1426,686,538.0,499.0
2026-06-18T22:14:00.969622+00:00,,98.10914062500001,0.0,0.0,1426,686,538.0,499.0
2026-06-18T22:14:01.070382+00:00,,98.029140625,0.0,0.0,1426,686,538.0,499.0
2026-06-18T22:14:01.170370+00:00,,97.889140625,0.0,0.0,1426,686,538.0,499.0
2026-06-18T22:14:01.270401+00:00,,97.729140625,0.0,0.0,1426,686,538.0,499.0
2026-06-18T22:14:01.370384+00:00,,97.589140625,0.0,0.0,1426,686,538.0,499.0
2026-06-18T22:14:01.470501+00:00,,97.429140625,0.0,0.0,1426,686,538.0,499.0
2026-06-18T22:14:01.570431+00:00,,97.289140625,0.0,0.0,1426,686,538.0,499.0
2026-06-18T22:14:01.670419+00:00,,97.149140625,0.0,0.0,1426,686,538.0,499.0
2026-06-18T22:14:01.770409+00:00,,96.989140625,0.0,0.0,1426,686,538.0,499.0
2026-06-18T22:14:01.870440+00:00,,96.849140625,0.0,0.0,1426,686,538.0,499.0
2026-06-18T22:14:01.988560+00:00,,96.68914062500001,0.0,2.827999999990425,1426,845,538.0,42.0
2026-06-18T22:14:02.071080+00:00,,96.549140625,0.0,5.628000000000611,1426,1002,538.0,110.0
2026-06-18T22:14:02.171823+00:00,,96.4091015625,0.0,8.428000000010798,1426,1159,538.0,110.0
2026-06-18T22:14:02.271607+00:00,,96.040263671875,0.0,11.227999999995518,1426,1317,538.0,121.0
2026-06-18T22:14:02.371375+00:00,,95.58293945312501,0.0,14.028000000005704,1426,1474,538.0,73.0
2026-06-18T22:14:02.471157+00:00,,94.17543945312501,0.0,16.827999999990425,1426,1631,538.0,67.0
2026-06-18T22:14:02.571939+00:00,,92.537666015625,0.0,19.656000000006316,1426,1790,538.0,133.0
2026-06-18T22:14:02.689652+00:00,,90.070654296875,0.0,19.656000000006316,1426,1790,538.0,0.0
2026-06-18T22:14:02.772455+00:00,,87.3171875,0.0,19.656000000006316,1426,1790,538.0,439.0
2026-06-18T22:14:02.872215+00:00,,83.95275390625,0.0,19.656000000006316,1426,1790,538.0,499.0
2026-06-18T22:14:02.972959+00:00,,81.0560986328125,0.0,19.656000000006316,1426,1790,538.0,499.0
2026-06-18T22:14:03.071766+00:00,,77.8031005859375,0.0,19.656000000006316,1426,1790,538.0,499.0
2026-06-18T22:14:03.172580+00:00,,75.0096923828125,0.0,19.656000000006316,1426,1790,538.0,499.0
2026-06-18T22:14:03.273291+00:00,,71.880673828125,0.0,19.656000000006316,1426,1790,538.0,499.0
2026-06-18T22:14:03.372063+00:00,,70.342412109375,0.0,19.656000000006316,1426,1790,538.0,499.0
2026-06-18T22:14:03.471833+00:00,,67.693828125,0.0,19.656000000006316,1426,1790,538.0,499.0
2026-06-18T22:14:03.571634+00:00,,64.736220703125,0.0,19.656000000006316,1426,1790,538.0,499.0
2026-06-18T22:14:03.671557+00:00,,62.210537109375004,0.0,19.656000000006316,1426,1790,538.0,499.0
2026-06-18T22:14:03.772569+00:00,,59.39671875,0.0,19.656000000006316,1426,1790,538.0,499.0
2026-06-18T22:14:03.872547+00:00,,56.9992822265625,0.0,19.656000000006316,1426,1790,538.0,499.0
2026-06-18T22:14:03.972738+00:00,,54.334233398437505,0.0,19.656000000006316,1426,1790,538.0,499.0
2026-06-18T22:14:04.073557+00:00,,51.74982421875,0.0,19.656000000006316,1426,1790,538.0,499.0
2026-06-18T22:14:04.174545+00:00,,49.555004882812504,0.0,19.656000000006316,1426,1790,538.0,499.0
2026-06-18T22:14:04.274567+00:00,,47.122890625000004,0.0,19.656000000006316,1426,1790,538.0,499.0
2026-06-18T22:14:04.374553+00:00,,44.7720703125,0.0,19.656000000006316,1426,1790,538.0,499.0
2026-06-18T22:14:04.474702+00:00,,42.7815625,0.0,19.656000000006316,1426,1790,538.0,499.0
2026-06-18T22:14:04.575603+00:00,,40.582177734375,0.0,19.656000000006316,1426,1790,538.0,499.0
2026-06-18T22:14:04.675603+00:00,,38.72322021484375,0.0,19.656000000006316,1426,1790,538.0,499.0
2026-06-18T22:14:04.775590+00:00,,37.6881640625,0.0,19.656000000006316,1426,1790,538.0,499.0
2026-06-18T22:14:04.875617+00:00,,35.676784667968754,0.0,19.656000000006316,1426,1790,538.0,499.0
2026-06-18T22:14:04.974721+00:00,,33.98028564453125,0.0,19.656000000006316,1426,1790,538.0,499.0
2026-06-18T22:14:05.075630+00:00,,32.3420849609375,0.0,19.656000000006316,1426,1790,538.0,499.0
2026-06-18T22:14:05.175882+00:00,,30.53999267578125,0.0,19.656000000006316,1426,1790,538.0,499.0
2026-06-18T22:14:05.275755+00:00,,28.811201171875002,0.0,19.656000000006316,1426,1790,538.0,499.0
2026-06-18T22:14:05.375673+00:00,,27.154035644531252,0.0,19.656000000006316,1426,1790,538.0,499.0
2026-06-18T22:14:05.475727+00:00,,25.761376953125,0.0,19.656000000006316,1426,1790,538.0,499.0
2026-06-18T22:14:05.575957+00:00,,24.233671875,0.0,19.656000000006316,1426,1790,538.0,499.0
2026-06-18T22:14:05.674742+00:00,,22.9514111328125,0.0,19.656000000006316,1426,1790,538.0,499.0
2026-06-18T22:14:05.775694+00:00,,21.718637695312502,0.0,19.656000000006316,1426,1790,538.0,499.0
2026-06-18T22:14:05.875686+00:00,,20.36864013671875,0.0,19.656000000006316,1426,1790,538.0,499.0
2026-06-18T22:14:05.975766+00:00,,19.237409667968752,0.0,19.656000000006316,1426,1790,538.0,499.0
2026-06-18T22:14:06.074677+00:00,,18.611402587890627,0.0,19.656000000006316,1426,1790,538.0,499.0
2026-06-18T22:14:06.175666+00:00,,17.4027099609375,0.0,19.656000000006316,1426,1790,538.0,499.0
2026-06-18T22:14:06.275727+00:00,,16.391170654296875,0.0,19.656000000006316,1426,1790,538.0,499.0
2026-06-18T22:14:06.375691+00:00,,15.285953369140625,0.0,19.656000000006316,1426,1790,538.0,499.0
2026-06-18T22:14:06.475839+00:00,,14.361848144531251,0.0,19.656000000006316,1426,1790,538.0,499.0
2026-06-18T22:14:06.575780+00:00,,13.353033447265625,0.0,19.656000000006316,1426,1790,538.0,499.0
2026-06-18T22:14:06.675728+00:00,,12.51023193359375,0.0,19.656000000006316,1426,1790,538.0,499.0
2026-06-18T22:14:06.775716+00:00,,11.590897216796876,0.0,19.656000000006316,1426,1790,538.0,499.0
2026-06-18T22:14:06.875748+00:00,,10.823428955078125,0.0,19.656000000006316,1426,1790,538.0,499.0
2026-06-18T22:14:06.975801+00:00,,9.986870727539063,0.0,19.656000000006316,1426,1790,538.0,499.0
2026-06-18T22:14:07.074744+00:00,,9.288984985351563,0.0,19.656000000006316,1426,1790,538.0,499.0
2026-06-18T22:14:07.175792+00:00,,8.528768310546875,0.0,19.656000000006316,1426,1790,538.0,499.0
2026-06-18T22:14:07.275770+00:00,,7.806742553710937,0.0,19.656000000006316,1426,1790,538.0,499.0
2026-06-18T22:14:07.375792+00:00,,7.2049658203125,0.0,19.656000000006316,1426,1790,538.0,499.0
2026-06-18T22:14:07.476833+00:00,,6.873213500976562,0.0,19.656000000006316,1426,1790,538.0,499.0
2026-06-18T22:14:07.576787+00:00,,6.313131713867188,0.0,19.656000000006316,1426,1790,538.0,499.0
2026-06-18T22:14:07.676062+00:00,,5.703800048828125,0.0,19.656000000006316,1426,1790,538.0,499.0
2026-06-18T22:14:07.776778+00:00,,5.19640625,0.0,19.656000000006316,1426,1790,538.0,499.0
2026-06-18T22:14:07.876798+00:00,,4.644657287597656,0.0,19.656000000006316,1426,1790,538.0,499.0
2026-06-18T22:14:07.976339+00:00,,4.185421752929687,0.0,19.656000000006316,1426,1790,538.0,499.0
2026-06-18T22:14:08.077135+00:00,,3.686256103515625,0.0,19.656000000006316,1426,1790,538.0,499.0
2026-06-18T22:14:08.177884+00:00,,3.213211669921875,0.0,19.656000000006316,1426,1790,538.0,499.0
2026-06-18T22:14:08.277841+00:00,,2.8197250366210938,0.0,19.656000000006316,1426,1790,538.0,499.0
2026-06-18T22:14:08.377415+00:00,,2.3922741699218752,0.0,19.656000000006316,1426,1790,538.0,499.0
2026-06-18T22:14:08.476851+00:00,,2.0368382263183595,0.0,19.656000000006316,1426,1790,538.0,499.0
2026-06-18T22:14:08.577860+00:00,,1.650850830078125,0.0,19.656000000006316,1426,1790,538.0,499.0
2026-06-18T22:14:08.676851+00:00,,1.5114570617675782,0.0,19.656000000006316,1426,1790,538.0,499.0
2026-06-18T22:14:08.777848+00:00,,1.153439407348633,0.0,19.656000000006316,1426,1790,538.0,499.0
2026-06-18T22:14:08.876293+00:00,,0.814548110961914,0.0,19.656000000006316,1426,1790,538.0,499.0
2026-06-18T22:14:08.977861+00:00,,0.532942237854004,0.0,19.656000000006316,1426,1790,538.0,499.0
2026-06-18T22:14:09.076879+00:00,,0.22732681274414063,0.0,19.656000000006316,1426,1790,538.0,499.0
2026-06-18T22:14:09.194882+00:00,,0.0,2.266666666654298,0.0,1598,686,178.0,67.0
2026-06-18T22:14:09.277894+00:00,,0.0,4.556000000000495,0.0,1772,686,179.0,200.0
2026-06-18T22:14:09.378075+00:00,,0.0,6.822666666654792,0.0,1944,686,232.0,24.0
2026-06-18T22:14:09.477871+00:00,,0.0901645278930664,9.089333333329705,0.0,2116,686,195.0,98.0
2026-06-18T22:14:09.577912+00:00,,0.42252597808837894,11.355999999984004,0.0,2287,686,116.0,9.0
2026-06-18T22:14:09.678397+00:00,,1.0417012023925782,13.6453333333302,0.0,2461,686,195.0,45.0
2026-06-18T22:14:09.779156+00:00,,1.9592185974121095,15.911999999984499,0.0,2633,686,199.0,0.0
2026-06-18T22:14:09.879105+00:00,,2.373889617919922,18.17866666665941,0.0,2805,686,218.0,13.0
2026-06-18T22:14:09.978960+00:00,,3.6460885620117187,20.445333333334325,0.0,2977,686,232.0,3.0
2026-06-18T22:14:10.079485+00:00,,5.028537902832031,22.71199999998862,0.0,3149,686,256.0,86.0
2026-06-18T22:14:10.179210+00:00,,6.82054931640625,24.978666666663536,0.0,3321,686,86.0,213.0
2026-06-18T22:14:10.279053+00:00,,8.805409545898438,27.24533333331783,0.0,3493,686,225.0,116.0
2026-06-18T22:14:10.378784+00:00,,10.766878662109375,29.511999999992746,0.0,3665,686,135.0,49.0
2026-06-18T22:14:10.479582+00:00,,12.99349609375,31.778666666667654,0.0,3837,686,192.0,13.0
2026-06-18T22:14:10.578344+00:00,,15.800770263671875,34.0,0.0,4005,686,144.0,30.0
2026-06-18T22:14:10.679104+00:00,,18.463492431640624,34.0,0.0,4005,686,247.0,136.0
2026-06-18T22:14:10.779843+00:00,,21.75814208984375,34.0,0.0,4005,686,289.0,131.0
2026-06-18T22:14:10.879628+00:00,,24.70026123046875,34.0,0.0,4005,686,538.0,499.0
2026-06-18T22:14:10.979380+00:00,,27.582895507812502,34.0,0.0,4005,686,538.0,499.0
2026-06-18T22:14:11.080034+00:00,,30.75977294921875,34.0,0.0,4005,686,538.0,499.0
2026-06-18T22:14:11.180001+00:00,,31.920576171875002,34.0,0.0,4005,686,538.0,499.0
2026-06-18T22:14:11.280069+00:00,,34.93933349609375,34.0,0.0,4005,686,538.0,499.0
2026-06-18T22:14:11.381121+00:00,,37.852822265625,34.0,0.0,4005,686,538.0,499.0
2026-06-18T22:14:11.481089+00:00,,40.3215966796875,34.0,0.0,4005,686,538.0,499.0
2026-06-18T22:14:11.581125+00:00,,42.7200048828125,34.0,0.0,4005,686,538.0,499.0
2026-06-18T22:14:11.680080+00:00,,45.380283203125,34.0,0.0,4005,686,538.0,499.0
2026-06-18T22:14:11.780074+00:00,,47.641743164062504,34.0,0.0,4005,686,538.0,499.0
2026-06-18T22:14:11.880193+00:00,,50.1553662109375,34.0,0.0,4005,686,538.0,499.0
2026-06-18T22:14:11.981115+00:00,,52.296513671875005,34.0,0.0,4005,686,538.0,499.0
2026-06-18T22:14:12.081113+00:00,,54.3865380859375,34.0,0.0,4005,686,538.0,499.0
2026-06-18T22:14:12.180135+00:00,,56.71626953125,34.0,0.0,4005,686,538.0,499.0
2026-06-18T22:14:12.280421+00:00,,58.7063232421875,34.0,0.0,4005,686,538.0,499.0
2026-06-18T22:14:12.381167+00:00,,59.824228515625,34.0,0.0,4005,686,538.0,499.0
2026-06-18T22:14:12.481152+00:00,,62.0201318359375,34.0,0.0,4005,686,538.0,499.0
2026-06-18T22:14:12.581160+00:00,,63.900107421875,34.0,0.0,4005,686,538.0,499.0
2026-06-18T22:14:12.681167+00:00,,66.0041748046875,34.0,0.0,4005,686,538.0,499.0
2026-06-18T22:14:12.782172+00:00,,67.8085791015625,34.0,0.0,4005,686,538.0,499.0
2026-06-18T22:14:12.881190+00:00,,69.8314111328125,34.0,0.0,4005,686,538.0,499.0
2026-06-18T22:14:12.981152+00:00,,71.568974609375,34.0,0.0,4005,686,538.0,499.0
2026-06-18T22:14:13.082181+00:00,,73.2780615234375,34.0,0.0,4005,686,538.0,499.0
2026-06-18T22:14:13.181313+00:00,,75.198486328125,34.0,0.0,4005,686,538.0,499.0
2026-06-18T22:14:13.281179+00:00,,76.8518505859375,34.0,0.0,4005,686,538.0,499.0
2026-06-18T22:14:13.381838+00:00,,78.71248046875,34.0,0.0,4005,686,538.0,499.0
2026-06-18T22:14:13.481214+00:00,,80.3167529296875,34.0,0.0,4005,686,538.0,499.0
2026-06-18T22:14:13.581203+00:00,,82.12478515625,34.0,0.0,4005,686,538.0,499.0
2026-06-18T22:14:13.681225+00:00,,83.6859765625,34.0,0.0,4005,686,538.0,499.0
2026-06-18T22:14:13.781202+00:00,,85.447958984375,34.0,0.0,4005,686,538.0,499.0
2026-06-18T22:14:13.881240+00:00,,86.971533203125,34.0,0.0,4005,686,538.0,499.0
2026-06-18T22:14:13.981240+00:00,,87.83498046875,34.0,0.0,4005,686,538.0,499.0
2026-06-18T22:14:14.082235+00:00,,89.5471875,34.0,0.0,4005,686,538.0,499.0
2026-06-18T22:14:14.181242+00:00,,91.241064453125,34.0,0.0,4005,686,538.0,499.0
2026-06-18T22:14:14.281246+00:00,,92.709345703125,34.0,0.0,4005,686,538.0,499.0
2026-06-18T22:14:14.382267+00:00,,94.165693359375,34.0,0.0,4005,686,538.0,499.0
2026-06-18T22:14:14.483282+00:00,,95.816669921875,34.0,0.0,4005,686,538.0,499.0
2026-06-18T22:14:14.582267+00:00,,97.250546875,34.0,0.0,4005,686,538.0,499.0
2026-06-18T22:14:14.682280+00:00,,98.878154296875,34.0,0.0,4005,686,538.0,499.0
2026-06-18T22:14:14.782642+00:00,,100.495166015625,34.0,0.0,4005,686,538.0,499.0
2026-06-18T22:14:14.882309+00:00,,101.902314453125,34.0,0.0,4005,686,538.0,499.0
2026-06-18T22:14:15.000316+00:00,,103.502744140625,0.0,0.0,1426,686,250.0,499.0
2026-06-18T22:14:15.082319+00:00,,105.020107421875,0.0,0.0,1426,686,256.0,499.0
2026-06-18T22:14:15.182718+00:00,,106.40880859375,0.0,0.0,1426,686,249.0,499.0
2026-06-18T22:14:15.283491+00:00,,107.47875,0.0,0.0,1426,686,190.0,499.0
2026-06-18T22:14:15.382328+00:00,,108.140361328125,0.0,0.0,1426,686,181.0,499.0
2026-06-18T22:14:15.482333+00:00,,108.348974609375,0.0,0.0,1426,686,120.0,499.0
2026-06-18T22:14:15.583383+00:00,,108.208974609375,0.0,0.0,1426,686,538.0,499.0
2026-06-18T22:14:15.683376+00:00,,108.04897460937501,0.0,0.0,1426,686,538.0,499.0
2026-06-18T22:14:15.782311+00:00,,107.90897460937501,0.0,0.0,1426,686,538.0,499.0
2026-06-18T22:14:15.882353+00:00,,107.748974609375,0.0,0.0,1426,686,538.0,499.0
2026-06-18T22:14:15.982390+00:00,,107.608974609375,0.0,0.0,1426,686,538.0,499.0
2026-06-18T22:14:16.082369+00:00,,107.448974609375,0.0,0.0,1426,686,538.0,499.0
2026-06-18T22:14:16.182365+00:00,,107.308974609375,0.0,0.0,1426,686,538.0,499.0
2026-06-18T22:14:16.282183+00:00,,107.148974609375,0.0,0.0,1426,686,538.0,499.0
2026-06-18T22:14:16.383380+00:00,,107.008974609375,0.0,0.0,1426,686,538.0,499.0
2026-06-18T22:14:16.482397+00:00,,106.848974609375,0.0,0.0,1426,686,538.0,499.0
2026-06-18T22:14:16.583405+00:00,,106.708974609375,0.0,0.0,1426,686,538.0,499.0
2026-06-18T22:14:16.682416+00:00,,106.54897460937501,0.0,0.0,1426,686,538.0,499.0
2026-06-18T22:14:16.782975+00:00,,106.488974609375,0.0,0.0,1426,686,538.0,499.0
2026-06-18T22:14:16.882750+00:00,,106.328974609375,0.0,0.0,1426,686,538.0,499.0
2026-06-18T22:14:16.982534+00:00,,106.168974609375,0.0,0.0,1426,686,538.0,499.0
2026-06-18T22:14:17.082456+00:00,,106.028974609375,0.0,0.0,1426,686,538.0,499.0
2026-06-18T22:14:17.183008+00:00,,105.868974609375,0.0,0.0,1426,686,538.0,499.0
2026-06-18T22:14:17.282771+00:00,,105.708974609375,0.0,0.0,1426,686,538.0,499.0
2026-06-18T22:14:17.382537+00:00,,105.568974609375,0.0,0.0,1426,686,538.0,499.0
2026-06-18T22:14:17.483292+00:00,,105.40897460937501,0.0,0.0,1426,686,538.0,499.0
2026-06-18T22:14:17.583083+00:00,,105.26897460937501,0.0,0.0,1426,686,538.0,499.0
2026-06-18T22:14:17.682868+00:00,,105.18897460937501,0.0,0.0,1426,686,538.0,499.0
2026-06-18T22:14:17.783666+00:00,,105.04897460937501,0.0,0.0,1426,686,538.0,499.0
2026-06-18T22:14:17.883529+00:00,,104.888974609375,0.0,0.0,1426,686,538.0,499.0
2026-06-18T22:14:17.983180+00:00,,104.748974609375,0.0,0.0,1426,686,538.0,499.0
2026-06-18T22:14:18.083959+00:00,,104.588974609375,0.0,0.0,1426,686,538.0,499.0
2026-06-18T22:14:18.183704+00:00,,104.448974609375,0.0,0.0,1426,686,538.0,499.0
2026-06-18T22:14:18.283476+00:00,,104.288974609375,0.0,0.0,1426,686,538.0,499.0
2026-06-18T22:14:18.383229+00:00,,104.148974609375,0.0,0.0,1426,686,538.0,499.0
2026-06-18T22:14:18.483028+00:00,,103.988974609375,0.0,0.0,1426,686,538.0,499.0
2026-06-18T22:14:18.583524+00:00,,103.848974609375,0.0,0.0,1426,686,538.0,499.0
2026-06-18T22:14:18.683537+00:00,,103.68897460937501,0.0,0.0,1426,686,538.0,499.0
2026-06-18T22:14:18.783638+00:00,,103.54897460937501,0.0,0.0,1426,686,538.0,499.0
2026-06-18T22:14:18.884560+00:00,,103.388974609375,0.0,0.0,1426,686,538.0,499.0
2026-06-18T22:14:18.984540+00:00,,103.228974609375,0.0,0.0,1426,686,538.0,499.0
2026-06-18T22:14:19.084573+00:00,,103.088974609375,0.0,0.0,1426,686,538.0,499.0
2026-06-18T22:14:19.184559+00:00,,103.008974609375,0.0,0.0,1426,686,538.0,499.0
2026-06-18T22:14:19.284679+00:00,,102.868974609375,0.0,0.0,1426,686,538.0,499.0
2026-06-18T22:14:19.384571+00:00,,102.708974609375,0.0,0.0,1426,686,538.0,499.0
2026-06-18T22:14:19.484635+00:00,,102.568974609375,0.0,0.0,1426,686,538.0,499.0
2026-06-18T22:14:19.584608+00:00,,102.40897460937501,0.0,0.0,1426,686,538.0,499.0
2026-06-18T22:14:19.684617+00:00,,102.26897460937501,0.0,0.0,1426,686,538.0,499.0
2026-06-18T22:14:19.784681+00:00,,102.108974609375,0.0,0.0,1426,686,538.0,499.0
2026-06-18T22:14:19.884637+00:00,,101.968974609375,0.0,0.0,1426,686,538.0,499.0
2026-06-18T22:14:19.984628+00:00,,101.808974609375,0.0,0.0,1426,686,538.0,499.0
2026-06-18T22:14:20.084638+00:00,,101.668974609375,0.0,0.0,1426,686,538.0,499.0
2026-06-18T22:14:20.184621+00:00,,101.508974609375,0.0,0.0,1426,686,538.0,499.0
2026-06-18T22:14:20.285583+00:00,,101.368974609375,0.0,0.0,1426,686,538.0,499.0
2026-06-18T22:14:20.384628+00:00,,101.208974609375,0.0,0.0,1426,686,538.0,499.0
2026-06-18T22:14:20.484669+00:00,,101.128974609375,0.0,0.0,1426,686,538.0,499.0
2026-06-18T22:14:20.584709+00:00,,100.968974609375,0.0,0.0,1426,686,538.0,499.0
2026-06-18T22:14:20.684859+00:00,,100.828974609375,0.0,0.0,1426,686,538.0,499.0
2026-06-18T22:14:20.784708+00:00,,100.668974609375,0.0,0.0,1426,686,538.0,499.0
2026-06-18T22:14:20.884691+00:00,,100.528974609375,0.0,0.0,1426,686,538.0,499.0
2026-06-18T22:14:21.301451+00:00,,100.368974609375,0.0,2.9333333333440046,1426,851,538.0,70.0
2026-06-18T22:14:21.384685+00:00,,98.900146484375,0.0,14.696000000005975,1426,1512,538.0,109.0
2026-06-18T22:14:21.485714+00:00,,97.567021484375,0.0,17.65866666666261,1426,1678,538.0,70.0
2026-06-18T22:14:21.586726+00:00,,95.803095703125,0.0,20.62133333331925,1426,1845,538.0,132.0
2026-06-18T22:14:21.704885+00:00,,93.090380859375,0.0,20.62133333331925,1426,1845,538.0,125.0
2026-06-18T22:14:21.787692+00:00,,91.442265625,0.0,20.62133333331925,1426,1845,538.0,157.0
2026-06-18T22:14:21.888733+00:00,,87.888759765625,0.0,20.62133333331925,1426,1845,538.0,499.0
2026-06-18T22:14:21.988731+00:00,,84.77853515625,0.0,20.62133333331925,1426,1845,538.0,499.0
2026-06-18T22:14:22.088847+00:00,,81.285009765625,0.0,20.62133333331925,1426,1845,538.0,499.0
2026-06-18T22:14:22.188929+00:00,,78.2847509765625,0.0,20.62133333331925,1426,1845,538.0,499.0
2026-06-18T22:14:22.289111+00:00,,74.9239990234375,0.0,20.62133333331925,1426,1845,538.0,499.0
2026-06-18T22:14:22.389823+00:00,,72.0455615234375,0.0,20.62133333331925,1426,1845,538.0,499.0
2026-06-18T22:14:22.488803+00:00,,68.82978515625,0.0,20.62133333331925,1426,1845,538.0,499.0
2026-06-18T22:14:22.589870+00:00,,66.0826416015625,0.0,20.62133333331925,1426,1845,538.0,499.0
2026-06-18T22:14:22.689956+00:00,,63.0213037109375,0.0,20.62133333331925,1426,1845,538.0,499.0
2026-06-18T22:14:22.789926+00:00,,60.412548828125004,0.0,20.62133333331925,1426,1845,538.0,499.0
2026-06-18T22:14:22.888807+00:00,,57.512402343750004,0.0,20.62133333331925,1426,1845,538.0,499.0
2026-06-18T22:14:22.989812+00:00,,55.0468017578125,0.0,20.62133333331925,1426,1845,538.0,499.0
2026-06-18T22:14:23.088845+00:00,,52.312041015625,0.0,20.62133333331925,1426,1845,538.0,499.0
2026-06-18T22:14:23.190020+00:00,,51.3094580078125,0.0,20.62133333331925,1426,1845,538.0,499.0
2026-06-18T22:14:23.289868+00:00,,48.6972412109375,0.0,20.62133333331925,1426,1845,538.0,499.0
2026-06-18T22:14:23.389834+00:00,,46.1742529296875,0.0,20.62133333331925,1426,1845,538.0,499.0
2026-06-18T22:14:23.490310+00:00,,44.039638671875004,0.0,20.62133333331925,1426,1845,538.0,499.0
2026-06-18T22:14:23.591091+00:00,,41.972797851562504,0.0,20.62133333331925,1426,1845,538.0,499.0
2026-06-18T22:14:23.690031+00:00,,39.693012695312504,0.0,20.62133333331925,1426,1845,538.0,499.0
2026-06-18T22:14:23.790857+00:00,,37.7694921875,0.0,20.62133333331925,1426,1845,538.0,499.0
2026-06-18T22:14:23.890873+00:00,,35.65158447265625,0.0,20.62133333331925,1426,1845,538.0,499.0
2026-06-18T22:14:23.990128+00:00,,33.867724609375,0.0,20.62133333331925,1426,1845,538.0,499.0
2026-06-18T22:14:24.089963+00:00,,31.906843261718752,0.0,20.62133333331925,1426,1845,538.0,499.0
2026-06-18T22:14:24.190960+00:00,,30.257883300781252,0.0,20.62133333331925,1426,1845,538.0,499.0
2026-06-18T22:14:24.291460+00:00,,28.448068847656252,0.0,20.62133333331925,1426,1845,538.0,499.0
2026-06-18T22:14:24.392227+00:00,,26.92839111328125,0.0,20.62133333331925,1426,1845,538.0,499.0
2026-06-18T22:14:24.492012+00:00,,26.08623779296875,0.0,20.62133333331925,1426,1845,538.0,499.0
2026-06-18T22:14:24.591923+00:00,,24.65742431640625,0.0,20.62133333331925,1426,1845,538.0,499.0
2026-06-18T22:14:24.691550+00:00,,23.09296142578125,0.0,20.62133333331925,1426,1845,538.0,499.0
2026-06-18T22:14:24.792322+00:00,,21.78230712890625,0.0,20.62133333331925,1426,1845,538.0,499.0
2026-06-18T22:14:24.892099+00:00,,20.34897705078125,0.0,20.62133333331925,1426,1845,538.0,499.0
2026-06-18T22:14:24.991929+00:00,,18.9823291015625,0.0,20.62133333331925,1426,1845,538.0,499.0
2026-06-18T22:14:25.091948+00:00,,17.839410400390626,0.0,20.62133333331925,1426,1845,538.0,499.0
2026-06-18T22:14:25.192368+00:00,,16.59160888671875,0.0,20.62133333331925,1426,1845,538.0,499.0
2026-06-18T22:14:25.292180+00:00,,15.549147949218751,0.0,20.62133333331925,1426,1845,538.0,499.0
2026-06-18T22:14:25.391894+00:00,,14.551158447265625,0.0,20.62133333331925,1426,1845,538.0,499.0
2026-06-18T22:14:25.491688+00:00,,13.4631103515625,0.0,20.62133333331925,1426,1845,538.0,499.0
2026-06-18T22:14:25.592494+00:00,,12.555329589843751,0.0,20.62133333331925,1426,1845,538.0,499.0
2026-06-18T22:14:25.693197+00:00,,11.5664697265625,0.0,20.62133333331925,1426,1845,538.0,499.0
2026-06-18T22:14:25.792936+00:00,,10.6273779296875,0.0,20.62133333331925,1426,1845,538.0,499.0
2026-06-18T22:14:25.894009+00:00,,10.287613525390626,0.0,20.62133333331925,1426,1845,538.0,499.0
2026-06-18T22:14:25.994011+00:00,,9.520266723632814,0.0,20.62133333331925,1426,1845,538.0,499.0
2026-06-18T22:14:26.093262+00:00,,8.685462646484375,0.0,20.62133333331925,1426,1845,538.0,499.0
2026-06-18T22:14:26.193075+00:00,,7.893712158203125,0.0,20.62133333331925,1426,1845,538.0,499.0
2026-06-18T22:14:26.293017+00:00,,7.234713745117188,0.0,20.62133333331925,1426,1845,538.0,499.0
2026-06-18T22:14:26.394055+00:00,,6.518480224609375,0.0,20.62133333331925,1426,1845,538.0,499.0
2026-06-18T22:14:26.493073+00:00,,5.922688598632813,0.0,20.62133333331925,1426,1845,538.0,499.0
2026-06-18T22:14:26.594092+00:00,,5.2755126953125,0.0,20.62133333331925,1426,1845,538.0,499.0
2026-06-18T22:14:26.694125+00:00,,4.737452392578125,0.0,20.62133333331925,1426,1845,538.0,499.0
2026-06-18T22:14:26.793044+00:00,,4.153282165527344,0.0,20.62133333331925,1426,1845,538.0,499.0
2026-06-18T22:14:26.894058+00:00,,3.667838134765625,0.0,20.62133333331925,1426,1845,538.0,499.0
2026-06-18T22:14:26.994049+00:00,,3.4007904052734377,0.0,20.62133333331925,1426,1845,538.0,499.0
2026-06-18T22:14:27.093246+00:00,,2.888382873535156,0.0,20.62133333331925,1426,1845,538.0,499.0
2026-06-18T22:14:27.193149+00:00,,2.462804260253906,0.0,20.62133333331925,1426,1845,538.0,499.0
2026-06-18T22:14:27.294116+00:00,,2.057500915527344,0.0,20.62133333331925,1426,1845,538.0,499.0
2026-06-18T22:14:27.394075+00:00,,1.6179664611816407,0.0,20.62133333331925,1426,1845,538.0,499.0
2026-06-18T22:14:27.494106+00:00,,1.2531112670898439,0.0,20.62133333331925,1426,1845,538.0,499.0
2026-06-18T22:14:27.594112+00:00,,0.8575766754150391,0.0,20.62133333331925,1426,1845,538.0,499.0
2026-06-18T22:14:27.694179+00:00,,0.5293526458740234,0.0,20.62133333331925,1426,1845,538.0,499.0
2026-06-18T22:14:27.794113+00:00,,0.17363901138305665,0.0,20.62133333331925,1426,1845,538.0,499.0
2026-06-18T22:14:27.913142+00:00,,0.0,2.400000000008731,0.0,1608,686,188.0,71.0
2026-06-18T22:14:27.994120+00:00,,0.0,4.799999999995634,0.0,1790,686,162.0,36.0
2026-06-18T22:14:28.095143+00:00,,0.0,7.200000000004366,0.0,1972,686,234.0,121.0
2026-06-18T22:14:28.195187+00:00,,0.09713561058044434,9.599999999991269,0.0,2154,686,207.0,137.0
2026-06-18T22:14:28.294210+00:00,,0.2571222114562988,12.0,0.0,2336,686,156.0,55.0
2026-06-18T22:14:28.394140+00:00,,0.8349260711669922,14.400000000008731,0.0,2518,686,114.0,15.0
2026-06-18T22:14:28.494177+00:00,,1.5690838623046874,16.799999999995634,0.0,2700,686,275.0,19.0
2026-06-18T22:14:28.595172+00:00,,2.661263427734375,19.200000000004366,0.0,2883,686,107.0,190.0
2026-06-18T22:14:28.695269+00:00,,3.887655944824219,21.62399999999616,0.0,3066,686,267.0,13.0
2026-06-18T22:14:28.795149+00:00,,5.573221435546875,24.02400000000489,0.0,3248,686,133.0,18.0
2026-06-18T22:14:28.895186+00:00,,7.491458129882813,26.423999999991793,0.0,3431,686,229.0,26.0
2026-06-18T22:14:28.996199+00:00,,9.345353393554687,28.824000000000524,0.0,3613,686,199.0,77.0
2026-06-18T22:14:29.095201+00:00,,11.480198974609376,31.224000000009255,0.0,3795,686,147.0,90.0
2026-06-18T22:14:29.195179+00:00,,13.87957275390625,33.62399999999616,0.0,3977,686,219.0,134.0
2026-06-18T22:14:29.295216+00:00,,16.906204833984376,36.0,0.0,4157,686,193.0,84.0
2026-06-18T22:14:29.396216+00:00,,19.825689697265627,36.0,0.0,4157,686,234.0,149.0
2026-06-18T22:14:29.495231+00:00,,21.58416259765625,36.0,0.0,4157,686,295.0,499.0
2026-06-18T22:14:29.595240+00:00,,25.15879150390625,36.0,0.0,4157,686,538.0,499.0
2026-06-18T22:14:29.695257+00:00,,28.1849755859375,36.0,0.0,4157,686,538.0,499.0
2026-06-18T22:14:29.795233+00:00,,31.1080322265625,36.0,0.0,4157,686,538.0,499.0
2026-06-18T22:14:29.896316+00:00,,34.331081542968754,36.0,0.0,4157,686,538.0,499.0
2026-06-18T22:14:29.995241+00:00,,37.43757080078125,36.0,0.0,4157,686,538.0,499.0
2026-06-18T22:14:30.095267+00:00,,40.4359375,36.0,0.0,4157,686,538.0,499.0
2026-06-18T22:14:30.195262+00:00,,42.9768896484375,36.0,0.0,4157,686,538.0,499.0
2026-06-18T22:14:30.295509+00:00,,45.44572265625,36.0,0.0,4157,686,538.0,499.0
2026-06-18T22:14:30.395337+00:00,,48.184560546875,36.0,0.0,4157,686,538.0,499.0
2026-06-18T22:14:30.496313+00:00,,50.534321289062504,36.0,0.0,4157,686,538.0,499.0
2026-06-18T22:14:30.595295+00:00,,53.1753857421875,36.0,0.0,4157,686,538.0,499.0
2026-06-18T22:14:30.695566+00:00,,55.4249755859375,36.0,0.0,4157,686,538.0,499.0
2026-06-18T22:14:30.795363+00:00,,57.930361328125,36.0,0.0,4157,686,538.0,499.0
2026-06-18T22:14:30.895317+00:00,,58.852763671875,36.0,0.0,4157,686,538.0,499.0
2026-06-18T22:14:30.995861+00:00,,61.2692578125,36.0,0.0,4157,686,538.0,499.0
2026-06-18T22:14:31.095664+00:00,,63.3346728515625,36.0,0.0,4157,686,538.0,499.0
2026-06-18T22:14:31.195377+00:00,,65.642666015625,36.0,0.0,4157,686,538.0,499.0
2026-06-18T22:14:31.296181+00:00,,67.6190185546875,36.0,0.0,4157,686,538.0,499.0
2026-06-18T22:14:31.394942+00:00,,69.831513671875,36.0,0.0,4157,686,538.0,499.0
2026-06-18T22:14:31.494728+00:00,,71.7294580078125,36.0,0.0,4157,686,538.0,499.0
2026-06-18T22:14:31.594615+00:00,,73.8578857421875,36.0,0.0,4157,686,538.0,499.0
2026-06-18T22:14:31.695376+00:00,,75.686845703125,36.0,0.0,4157,686,538.0,499.0
2026-06-18T22:14:31.795363+00:00,,77.74134765625,36.0,0.0,4157,686,538.0,499.0
2026-06-18T22:14:31.896412+00:00,,79.7601904296875,36.0,0.0,4157,686,538.0,499.0
2026-06-18T22:14:31.995545+00:00,,81.499345703125,36.0,0.0,4157,686,538.0,499.0
2026-06-18T22:14:32.095558+00:00,,82.48232421875001,36.0,0.0,4157,686,538.0,499.0
2026-06-18T22:14:32.195383+00:00,,84.425986328125,36.0,0.0,4157,686,538.0,499.0
2026-06-18T22:14:32.296415+00:00,,86.10369140625001,36.0,0.0,4157,686,538.0,499.0
2026-06-18T22:14:32.396606+00:00,,87.996630859375,36.0,0.0,4157,686,538.0,499.0
2026-06-18T22:14:32.497480+00:00,,89.633017578125,36.0,0.0,4157,686,538.0,499.0
2026-06-18T22:14:32.597173+00:00,,91.482099609375,36.0,0.0,4157,686,538.0,499.0
2026-06-18T22:14:32.696940+00:00,,93.08294921875,36.0,0.0,4157,686,538.0,499.0
2026-06-18T22:14:32.797687+00:00,,94.89451171875,36.0,0.0,4157,686,538.0,499.0
2026-06-18T22:14:32.897517+00:00,,96.46515625,36.0,0.0,4157,686,538.0,499.0
2026-06-18T22:14:32.996433+00:00,,98.02341796875,36.0,0.0,4157,686,538.0,499.0
2026-06-18T22:14:33.097605+00:00,,99.79046875,36.0,0.0,4157,686,538.0,499.0
2026-06-18T22:14:33.197739+00:00,,101.325703125,36.0,0.0,4157,686,538.0,499.0
2026-06-18T22:14:33.297555+00:00,,103.06908203125,36.0,0.0,4157,686,538.0,499.0
2026-06-18T22:14:33.715658+00:00,,104.585859375,0.0,0.0,1426,686,63.0,499.0
2026-06-18T22:14:33.798526+00:00,,109.128544921875,0.0,0.0,1426,686,221.0,499.0
2026-06-18T22:14:33.898505+00:00,,109.559375,0.0,0.0,1426,686,119.0,499.0
2026-06-18T22:14:33.998493+00:00,,109.419375,0.0,0.0,1426,686,538.0,499.0
2026-06-18T22:14:34.098632+00:00,,109.259375,0.0,0.0,1426,686,538.0,499.0
2026-06-18T22:14:34.198498+00:00,,109.09937500000001,0.0,0.0,1426,686,538.0,499.0
2026-06-18T22:14:34.298522+00:00,,108.939375,0.0,0.0,1426,686,538.0,499.0
2026-06-18T22:14:34.398510+00:00,,108.799375,0.0,0.0,1426,686,538.0,499.0
2026-06-18T22:14:34.500080+00:00,,108.639375,0.0,0.0,1426,686,538.0,499.0
2026-06-18T22:14:34.599637+00:00,,108.499375,0.0,0.0,1426,686,538.0,499.0
2026-06-18T22:14:34.699563+00:00,,108.419375,0.0,0.0,1426,686,538.0,499.0
2026-06-18T22:14:34.800576+00:00,,108.279375,0.0,0.0,1426,686,538.0,499.0
2026-06-18T22:14:34.900608+00:00,,108.119375,0.0,0.0,1426,686,538.0,499.0
2026-06-18T22:14:35.000595+00:00,,107.95937500000001,0.0,0.0,1426,686,538.0,499.0
2026-06-18T22:14:35.100635+00:00,,107.81937500000001,0.0,0.0,1426,686,538.0,499.0
2026-06-18T22:14:35.200601+00:00,,107.659375,0.0,0.0,1426,686,538.0,499.0
2026-06-18T22:14:35.300642+00:00,,107.499375,0.0,0.0,1426,686,538.0,499.0
2026-06-18T22:14:35.400594+00:00,,107.359375,0.0,0.0,1426,686,538.0,499.0
2026-06-18T22:14:35.500627+00:00,,107.199375,0.0,0.0,1426,686,538.0,499.0
2026-06-18T22:14:35.600687+00:00,,107.059375,0.0,0.0,1426,686,538.0,499.0
2026-06-18T22:14:35.701003+00:00,,106.899375,0.0,0.0,1426,686,538.0,499.0
2026-06-18T22:14:35.800622+00:00,,106.81937500000001,0.0,0.0,1426,686,538.0,499.0
2026-06-18T22:14:35.900641+00:00,,106.67937500000001,0.0,0.0,1426,686,538.0,499.0
2026-06-18T22:14:36.000629+00:00,,106.519375,0.0,0.0,1426,686,538.0,499.0
2026-06-18T22:14:36.100702+00:00,,106.379375,0.0,0.0,1426,686,538.0,499.0
2026-06-18T22:14:36.200617+00:00,,106.219375,0.0,0.0,1426,686,538.0,499.0
2026-06-18T22:14:36.300637+00:00,,106.059375,0.0,0.0,1426,686,538.0,499.0
2026-06-18T22:14:36.400626+00:00,,105.919375,0.0,0.0,1426,686,538.0,499.0
2026-06-18T22:14:36.499675+00:00,,105.779375,0.0,0.0,1426,686,538.0,499.0
2026-06-18T22:14:36.600677+00:00,,105.619375,0.0,0.0,1426,686,538.0,499.0
2026-06-18T22:14:36.700671+00:00,,105.479375,0.0,0.0,1426,686,538.0,499.0
2026-06-18T22:14:36.800660+00:00,,105.31937500000001,0.0,0.0,1426,686,538.0,499.0
2026-06-18T22:14:36.900692+00:00,,105.159375,0.0,0.0,1426,686,538.0,499.0
2026-06-18T22:14:36.998962+00:00,,105.019375,0.0,0.0,1426,686,538.0,499.0
2026-06-18T22:14:37.099804+00:00,,104.939375,0.0,0.0,1426,686,538.0,499.0
2026-06-18T22:14:37.200729+00:00,,104.779375,0.0,0.0,1426,686,538.0,499.0
2026-06-18T22:14:37.300718+00:00,,104.619375,0.0,0.0,1426,686,538.0,499.0
2026-06-18T22:14:37.400748+00:00,,104.479375,0.0,0.0,1426,686,538.0,499.0
2026-06-18T22:14:37.499933+00:00,,104.31937500000001,0.0,0.0,1426,686,538.0,499.0
2026-06-18T22:14:37.600772+00:00,,104.159375,0.0,0.0,1426,686,538.0,499.0
2026-06-18T22:14:37.700749+00:00,,104.019375,0.0,0.0,1426,686,538.0,499.0
2026-06-18T22:14:37.800095+00:00,,103.879375,0.0,0.0,1426,686,538.0,499.0
2026-06-18T22:14:37.899879+00:00,,103.719375,0.0,0.0,1426,686,538.0,499.0
2026-06-18T22:14:38.000315+00:00,,103.579375,0.0,0.0,1426,686,538.0,499.0
2026-06-18T22:14:38.100829+00:00,,103.419375,0.0,0.0,1426,686,538.0,499.0
2026-06-18T22:14:38.200219+00:00,,103.279375,0.0,0.0,1426,686,538.0,499.0
2026-06-18T22:14:38.300871+00:00,,103.119375,0.0,0.0,1426,686,538.0,499.0
2026-06-18T22:14:38.399781+00:00,,102.95937500000001,0.0,0.0,1426,686,538.0,499.0
2026-06-18T22:14:38.500556+00:00,,102.899375,0.0,0.0,1426,686,538.0,499.0
2026-06-18T22:14:38.600307+00:00,,102.739375,0.0,0.0,1426,686,538.0,499.0
2026-06-18T22:14:38.700050+00:00,,102.59937500000001,0.0,0.0,1426,686,538.0,499.0
2026-06-18T22:14:38.798929+00:00,,102.439375,0.0,0.0,1426,686,538.0,499.0
2026-06-18T22:14:38.899615+00:00,,102.279375,0.0,0.0,1426,686,538.0,499.0
2026-06-18T22:14:39.000355+00:00,,102.139375,0.0,0.0,1426,686,538.0,499.0
2026-06-18T22:14:39.100149+00:00,,101.999375,0.0,0.0,1426,686,538.0,499.0
2026-06-18T22:14:39.199976+00:00,,101.839375,0.0,0.0,1426,686,538.0,499.0
2026-06-18T22:14:39.299699+00:00,,101.67937500000001,0.0,0.0,1426,686,538.0,499.0
2026-06-18T22:14:39.418417+00:00,,101.539375,0.0,3.0666666666499323,1426,858,538.0,48.0
2026-06-18T22:14:39.500292+00:00,,101.379375,0.0,6.133333333327755,1426,1031,538.0,99.0
2026-06-18T22:14:39.617978+00:00,,101.25188476562501,0.0,6.133333333327755,1426,1031,538.0,79.0
2026-06-18T22:14:39.699893+00:00,,100.9233203125,0.0,6.133333333327755,1426,1031,538.0,253.0
2026-06-18T22:14:39.799432+00:00,,100.638173828125,0.0,6.133333333327755,1426,1031,538.0,499.0
2026-06-18T22:14:39.900263+00:00,,100.060908203125,0.0,6.133333333327755,1426,1031,538.0,499.0
2026-06-18T22:14:40.000114+00:00,,99.474345703125,0.0,6.133333333327755,1426,1031,538.0,499.0
2026-06-18T22:14:40.100010+00:00,,98.9534765625,0.0,6.133333333327755,1426,1031,538.0,499.0
2026-06-18T22:14:40.199551+00:00,,98.349501953125,0.0,6.133333333327755,1426,1031,538.0,499.0
2026-06-18T22:14:40.300346+00:00,,97.813427734375,0.0,6.133333333327755,1426,1031,538.0,499.0
2026-06-18T22:14:40.400129+00:00,,97.192109375,0.0,6.133333333327755,1426,1031,538.0,499.0
2026-06-18T22:14:40.501130+00:00,,96.640927734375,0.0,6.133333333327755,1426,1031,538.0,499.0
2026-06-18T22:14:40.600999+00:00,,96.082724609375,0.0,6.133333333327755,1426,1031,538.0,499.0
2026-06-18T22:14:40.700030+00:00,,95.436240234375,0.0,6.133333333327755,1426,1031,538.0,499.0
2026-06-18T22:14:40.800974+00:00,,94.86314453125,0.0,6.133333333327755,1426,1031,538.0,499.0
2026-06-18T22:14:40.900086+00:00,,94.199755859375,0.0,6.133333333327755,1426,1031,538.0,499.0
2026-06-18T22:14:41.000695+00:00,,93.61197265625,0.0,6.133333333327755,1426,1031,538.0,499.0
2026-06-18T22:14:41.100497+00:00,,92.931943359375,0.0,6.133333333327755,1426,1031,538.0,499.0
2026-06-18T22:14:41.201051+00:00,,92.67466796875,0.0,6.133333333327755,1426,1031,538.0,499.0
2026-06-18T22:14:41.301106+00:00,,91.982646484375,0.0,6.133333333327755,1426,1031,538.0,499.0
2026-06-18T22:14:41.401519+00:00,,91.28202148437501,0.0,6.133333333327755,1426,1031,538.0,499.0
2026-06-18T22:14:41.501162+00:00,,90.66201171875001,0.0,6.133333333327755,1426,1031,538.0,499.0
2026-06-18T22:14:41.601134+00:00,,90.035595703125,0.0,6.133333333327755,1426,1031,538.0,499.0
2026-06-18T22:14:41.702555+00:00,,89.311962890625,0.0,6.133333333327755,1426,1031,538.0,499.0
2026-06-18T22:14:41.802027+00:00,,88.672119140625,0.0,6.133333333327755,1426,1031,538.0,499.0
2026-06-18T22:14:41.901055+00:00,,87.9333984375,0.0,6.133333333327755,1426,1031,538.0,499.0
2026-06-18T22:14:42.002191+00:00,,87.28060546875,0.0,6.133333333327755,1426,1031,538.0,499.0
2026-06-18T22:14:42.102151+00:00,,86.52736328125,0.0,6.133333333327755,1426,1031,538.0,499.0
2026-06-18T22:14:42.203039+00:00,,85.862138671875,0.0,6.133333333327755,1426,1031,538.0,499.0
2026-06-18T22:14:42.303056+00:00,,85.09500976562501,0.0,6.133333333327755,1426,1031,538.0,499.0
2026-06-18T22:14:42.403047+00:00,,84.4179296875,0.0,6.133333333327755,1426,1031,538.0,499.0
2026-06-18T22:14:42.503767+00:00,,83.6376171875,0.0,6.133333333327755,1426,1031,538.0,499.0
2026-06-18T22:14:42.603078+00:00,,82.949306640625,0.0,6.133333333327755,1426,1031,538.0,499.0
2026-06-18T22:14:42.703089+00:00,,82.55373046875,0.0,6.133333333327755,1426,1031,538.0,499.0
2026-06-18T22:14:42.804169+00:00,,81.8576220703125,0.0,6.133333333327755,1426,1031,538.0,499.0
2026-06-18T22:14:42.905152+00:00,,81.0562548828125,0.0,6.133333333327755,1426,1031,538.0,499.0
2026-06-18T22:14:43.004447+00:00,,80.3501416015625,0.0,6.133333333327755,1426,1031,538.0,499.0
2026-06-18T22:14:43.105366+00:00,,79.53777343750001,0.0,6.133333333327755,1426,1031,538.0,499.0
2026-06-18T22:14:43.204097+00:00,,78.822431640625,0.0,6.133333333327755,1426,1031,538.0,499.0
2026-06-18T22:14:43.305122+00:00,,77.999970703125,0.0,6.133333333327755,1426,1031,538.0,499.0
2026-06-18T22:14:43.405104+00:00,,77.2762109375,0.0,6.133333333327755,1426,1031,538.0,499.0
2026-06-18T22:14:43.505254+00:00,,76.4446142578125,0.0,6.133333333327755,1426,1031,538.0,499.0
2026-06-18T22:14:43.604684+00:00,,75.60855957031251,0.0,6.133333333327755,1426,1031,538.0,499.0
2026-06-18T22:14:43.704415+00:00,,74.87357421875001,0.0,6.133333333327755,1426,1031,538.0,499.0
2026-06-18T22:14:43.805143+00:00,,74.02994140625,0.0,6.133333333327755,1426,1031,538.0,499.0
2026-06-18T22:14:43.904163+00:00,,73.7126318359375,0.0,6.133333333327755,1426,1031,538.0,499.0
2026-06-18T22:14:44.004245+00:00,,72.86412109375,0.0,6.133333333327755,1426,1031,538.0,499.0
2026-06-18T22:14:44.104195+00:00,,72.11905761718751,0.0,6.133333333327755,1426,1031,538.0,499.0
2026-06-18T22:14:44.205165+00:00,,71.26484375,0.0,6.133333333327755,1426,1031,538.0,499.0
2026-06-18T22:14:44.304177+00:00,,70.5152783203125,0.0,6.133333333327755,1426,1031,538.0,499.0
2026-06-18T22:14:44.404166+00:00,,69.6564892578125,0.0,6.133333333327755,1426,1031,538.0,499.0
2026-06-18T22:14:44.504314+00:00,,68.90341796875,0.0,6.133333333327755,1426,1031,538.0,499.0
2026-06-18T22:14:44.604337+00:00,,68.041201171875,0.0,6.133333333327755,1426,1031,538.0,499.0
2026-06-18T22:14:44.704206+00:00,,67.2856396484375,0.0,6.133333333327755,1426,1031,538.0,499.0
2026-06-18T22:14:44.805186+00:00,,66.421162109375,0.0,6.133333333327755,1426,1031,538.0,499.0
2026-06-18T22:14:44.905234+00:00,,65.664140625,0.0,6.133333333327755,1426,1031,538.0,499.0
2026-06-18T22:14:45.004411+00:00,,64.7985888671875,0.0,6.133333333327755,1426,1031,538.0,499.0
2026-06-18T22:14:45.105276+00:00,,64.4739599609375,0.0,6.133333333327755,1426,1031,538.0,499.0
2026-06-18T22:14:45.205261+00:00,,63.608369140625,0.0,6.133333333327755,1426,1031,538.0,499.0
2026-06-18T22:14:45.305294+00:00,,62.8512744140625,0.0,6.133333333327755,1426,1031,538.0,499.0
2026-06-18T22:14:45.405453+00:00,,61.986660156250004,0.0,6.133333333327755,1426,1031,538.0,499.0
2026-06-18T22:14:45.505235+00:00,,61.2309375,0.0,6.133333333327755,1426,1031,538.0,499.0
2026-06-18T22:14:45.605031+00:00,,60.368481445312504,0.0,6.133333333327755,1426,1031,538.0,499.0
2026-06-18T22:14:45.704777+00:00,,59.5076611328125,0.0,6.133333333327755,1426,1031,538.0,499.0
2026-06-18T22:14:45.805510+00:00,,58.756044921875,0.0,6.133333333327755,1426,1031,538.0,499.0
2026-06-18T22:14:45.906342+00:00,,58.006142578125,0.0,6.133333333327755,1426,1031,538.0,499.0
2026-06-18T22:14:46.007048+00:00,,57.15150390625,0.0,6.133333333327755,1426,1031,538.0,499.0
2026-06-18T22:14:46.105806+00:00,,56.406025390625004,0.0,6.133333333327755,1426,1031,538.0,499.0
2026-06-18T22:14:46.206564+00:00,,55.5569970703125,0.0,6.133333333327755,1426,1031,538.0,499.0
2026-06-18T22:14:46.305400+00:00,,54.816914062500004,0.0,6.133333333327755,1426,1031,538.0,499.0
2026-06-18T22:14:46.406273+00:00,,53.9745947265625,0.0,6.133333333327755,1426,1031,538.0,499.0
2026-06-18T22:14:46.505336+00:00,,53.65974609375,0.0,6.133333333327755,1426,1031,538.0,499.0
2026-06-18T22:14:46.606379+00:00,,52.82302734375,0.0,6.133333333327755,1426,1031,538.0,499.0
2026-06-18T22:14:46.706429+00:00,,52.09451171875,0.0,6.133333333327755,1426,1031,538.0,499.0
2026-06-18T22:14:46.806164+00:00,,51.266318359375,0.0,6.133333333327755,1426,1031,538.0,499.0
2026-06-18T22:14:46.906332+00:00,,50.545703125,0.0,6.133333333327755,1426,1031,538.0,499.0
2026-06-18T22:14:47.005707+00:00,,49.7270263671875,0.0,6.133333333327755,1426,1031,538.0,499.0
2026-06-18T22:14:47.105493+00:00,,49.015156250000004,0.0,6.133333333327755,1426,1031,538.0,499.0
2026-06-18T22:14:47.205363+00:00,,48.2069384765625,0.0,6.133333333327755,1426,1031,538.0,499.0
2026-06-18T22:14:47.306020+00:00,,47.5046142578125,0.0,6.133333333327755,1426,1031,538.0,499.0
2026-06-18T22:14:47.406644+00:00,,46.7077392578125,0.0,6.133333333327755,1426,1031,538.0,499.0
2026-06-18T22:14:47.505603+00:00,,46.0157177734375,0.0,6.133333333327755,1426,1031,538.0,499.0
2026-06-18T22:14:47.606399+00:00,,45.231025390625,0.0,6.133333333327755,1426,1031,538.0,499.0
2026-06-18T22:14:47.706403+00:00,,44.9385107421875,0.0,6.133333333327755,1426,1031,538.0,499.0
2026-06-18T22:14:47.806382+00:00,,44.1632470703125,0.0,6.133333333327755,1426,1031,538.0,499.0
2026-06-18T22:14:47.906603+00:00,,43.4907177734375,0.0,6.133333333327755,1426,1031,538.0,499.0
2026-06-18T22:14:48.006551+00:00,,42.7289404296875,0.0,6.133333333327755,1426,1031,538.0,499.0
2026-06-18T22:14:48.106424+00:00,,42.0685107421875,0.0,6.133333333327755,1426,1031,538.0,499.0
2026-06-18T22:14:48.206421+00:00,,41.3208935546875,0.0,6.133333333327755,1426,1031,538.0,499.0
2026-06-18T22:14:48.307434+00:00,,40.673125,0.0,6.133333333327755,1426,1031,538.0,499.0
2026-06-18T22:14:48.407600+00:00,,39.940273437500004,0.0,6.133333333327755,1426,1031,538.0,499.0
2026-06-18T22:14:48.508455+00:00,,39.21552490234375,0.0,6.133333333327755,1426,1031,538.0,499.0
2026-06-18T22:14:48.608465+00:00,,38.58812744140625,0.0,6.133333333327755,1426,1031,538.0,499.0
2026-06-18T22:14:48.708470+00:00,,37.87895263671875,0.0,6.133333333327755,1426,1031,538.0,499.0
2026-06-18T22:14:48.808527+00:00,,37.17826904296875,0.0,6.133333333327755,1426,1031,538.0,499.0
2026-06-18T22:14:48.909578+00:00,,36.57222900390625,0.0,6.133333333327755,1426,1031,538.0,499.0
2026-06-18T22:14:49.009466+00:00,,36.2289111328125,0.0,6.133333333327755,1426,1031,538.0,499.0
2026-06-18T22:14:49.109536+00:00,,35.54885009765625,0.0,6.133333333327755,1426,1031,538.0,499.0
2026-06-18T22:14:49.209517+00:00,,34.96105712890625,0.0,6.133333333327755,1426,1031,538.0,499.0
2026-06-18T22:14:49.309570+00:00,,34.38009765625,0.0,6.133333333327755,1426,1031,538.0,499.0
2026-06-18T22:14:49.428575+00:00,,33.724580078125,2.533333333319509,0.0,1618,686,46.0,31.0
2026-06-18T22:14:49.509502+00:00,,33.07812744140625,5.066666666662059,0.0,1810,686,206.0,77.0
2026-06-18T22:14:49.610557+00:00,,32.37664306640625,7.625333333320062,0.0,2004,686,111.0,94.0
2026-06-18T22:14:49.710532+00:00,,31.95924560546875,10.158666666662612,0.0,2197,686,98.0,98.0
2026-06-18T22:14:49.810561+00:00,,31.7797412109375,12.69200000000516,0.0,2389,686,120.0,102.0
2026-06-18T22:14:49.910649+00:00,,31.780791015625002,15.22533333332467,0.0,2581,686,267.0,99.0
2026-06-18T22:14:50.010561+00:00,,32.040241699218754,17.758666666667217,0.0,2773,686,141.0,106.0
2026-06-18T22:14:50.109550+00:00,,32.47162109375,20.29199999998673,0.0,2965,686,187.0,107.0
2026-06-18T22:14:50.210538+00:00,,33.27348388671875,22.82533333332928,0.0,3158,686,141.0,109.0
2026-06-18T22:14:50.310560+00:00,,34.19929443359375,25.358666666671827,0.0,3350,686,125.0,106.0
2026-06-18T22:14:50.410633+00:00,,35.46775634765625,27.891999999991338,0.0,3542,686,263.0,109.0
2026-06-18T22:14:50.510642+00:00,,36.205048828125,30.425333333333885,0.0,3734,686,157.0,64.0
2026-06-18T22:14:50.610592+00:00,,37.6601806640625,32.9586666666534,0.0,3926,686,249.0,75.0
2026-06-18T22:14:50.711066+00:00,,39.65216552734375,35.49199999999594,0.0,4118,686,178.0,118.0
2026-06-18T22:14:50.810577+00:00,,41.6424169921875,38.0,0.0,4309,686,147.0,121.0
2026-06-18T22:14:50.910713+00:00,,44.1940087890625,38.0,0.0,4309,686,182.0,91.0
2026-06-18T22:14:51.010590+00:00,,46.62466796875,38.0,0.0,4309,686,205.0,62.0
2026-06-18T22:14:51.111133+00:00,,49.6013525390625,38.0,0.0,4309,686,538.0,93.0
2026-06-18T22:14:51.210620+00:00,,52.1295849609375,38.0,0.0,4309,686,538.0,499.0
2026-06-18T22:14:51.310636+00:00,,54.93763671875,38.0,0.0,4309,686,538.0,499.0
2026-06-18T22:14:51.410687+00:00,,57.3280712890625,38.0,0.0,4309,686,538.0,499.0
2026-06-18T22:14:51.510642+00:00,,59.9889404296875,38.0,0.0,4309,686,538.0,499.0
2026-06-18T22:14:51.610672+00:00,,62.579013671875,38.0,0.0,4309,686,538.0,499.0
2026-06-18T22:14:51.710659+00:00,,64.79106933593751,38.0,0.0,4309,686,538.0,499.0
2026-06-18T22:14:51.809852+00:00,,66.03360839843751,38.0,0.0,4309,686,538.0,499.0
2026-06-18T22:14:51.910677+00:00,,68.172373046875,38.0,0.0,4309,686,538.0,499.0
2026-06-18T22:14:52.011661+00:00,,70.564072265625,38.0,0.0,4309,686,538.0,499.0
2026-06-18T22:14:52.111676+00:00,,72.9033203125,38.0,0.0,4309,686,538.0,499.0
2026-06-18T22:14:52.211656+00:00,,74.9099609375,38.0,0.0,4309,686,538.0,499.0
2026-06-18T22:14:52.310866+00:00,,77.1603271484375,38.0,0.0,4309,686,538.0,499.0
2026-06-18T22:14:52.411709+00:00,,79.0942138671875,38.0,0.0,4309,686,538.0,499.0
2026-06-18T22:14:52.511703+00:00,,81.266845703125,38.0,0.0,4309,686,538.0,499.0
2026-06-18T22:14:52.611715+00:00,,83.4021484375,38.0,0.0,4309,686,538.0,499.0
2026-06-18T22:14:52.712713+00:00,,85.24203125,38.0,0.0,4309,686,538.0,499.0
2026-06-18T22:14:52.813125+00:00,,87.057080078125,38.0,0.0,4309,686,538.0,499.0
2026-06-18T22:14:52.912900+00:00,,89.103095703125,38.0,0.0,4309,686,538.0,499.0
2026-06-18T22:14:53.013685+00:00,,90.870302734375,38.0,0.0,4309,686,538.0,499.0
2026-06-18T22:14:53.113458+00:00,,92.86560546875,38.0,0.0,4309,686,538.0,499.0
2026-06-18T22:14:53.214185+00:00,,93.85415039062501,38.0,0.0,4309,686,538.0,499.0
2026-06-18T22:14:53.314008+00:00,,95.570439453125,38.0,0.0,4309,686,538.0,499.0
2026-06-18T22:14:53.414841+00:00,,97.2705078125,38.0,0.0,4309,686,538.0,499.0
2026-06-18T22:14:53.514529+00:00,,99.19521484375001,38.0,0.0,4309,686,538.0,499.0
2026-06-18T22:14:53.614296+00:00,,100.864775390625,38.0,0.0,4309,686,538.0,499.0
2026-06-18T22:14:53.714058+00:00,,102.75782226562501,38.0,0.0,4309,686,538.0,499.0
2026-06-18T22:14:54.131153+00:00,,104.40240234375,0.0,0.0,1426,686,83.0,499.0
2026-06-18T22:14:54.213972+00:00,,109.9885546875,0.0,0.0,1426,686,209.0,499.0
2026-06-18T22:14:54.314044+00:00,,110.29455078125,0.0,0.0,1426,686,106.0,499.0
2026-06-18T22:14:54.414489+00:00,,110.13455078125,0.0,0.0,1426,686,538.0,499.0
2026-06-18T22:14:54.514241+00:00,,109.97455078125,0.0,0.0,1426,686,538.0,499.0
2026-06-18T22:14:54.615892+00:00,,109.83455078125,0.0,0.0,1426,686,538.0,499.0
2026-06-18T22:14:54.715881+00:00,,109.67455078125,0.0,0.0,1426,686,538.0,499.0
2026-06-18T22:14:54.816036+00:00,,109.53455078125,0.0,0.0,1426,686,538.0,499.0
2026-06-18T22:14:54.919694+00:00,,109.37455078125001,0.0,0.0,1426,686,538.0,499.0
2026-06-18T22:14:55.016861+00:00,,109.23455078125001,0.0,0.0,1426,686,538.0,499.0
2026-06-18T22:14:55.116884+00:00,,109.07455078125,0.0,0.0,1426,686,538.0,499.0
2026-06-18T22:14:55.216873+00:00,,108.91455078125,0.0,0.0,1426,686,538.0,499.0
2026-06-18T22:14:55.317096+00:00,,108.77455078125,0.0,0.0,1426,686,538.0,499.0
2026-06-18T22:14:55.417138+00:00,,108.61455078125,0.0,0.0,1426,686,538.0,499.0
2026-06-18T22:14:55.517960+00:00,,108.47455078125,0.0,0.0,1426,686,538.0,499.0
2026-06-18T22:14:55.617932+00:00,,108.31455078125,0.0,0.0,1426,686,538.0,499.0
2026-06-18T22:14:55.717935+00:00,,108.25455078125,0.0,0.0,1426,686,538.0,499.0
2026-06-18T22:14:55.818062+00:00,,108.09455078125,0.0,0.0,1426,686,538.0,499.0
2026-06-18T22:14:55.918019+00:00,,107.93455078125,0.0,0.0,1426,686,538.0,499.0
2026-06-18T22:14:56.018950+00:00,,107.79455078125,0.0,0.0,1426,686,538.0,499.0
2026-06-18T22:14:56.118425+00:00,,107.63455078125,0.0,0.0,1426,686,538.0,499.0
2026-06-18T22:14:56.218946+00:00,,107.49455078125,0.0,0.0,1426,686,538.0,499.0
2026-06-18T22:14:56.319087+00:00,,107.35455078125,0.0,0.0,1426,686,538.0,499.0
2026-06-18T22:14:56.417955+00:00,,107.19455078125,0.0,0.0,1426,686,538.0,499.0
2026-06-18T22:14:56.518977+00:00,,107.05455078125,0.0,0.0,1426,686,538.0,499.0
2026-06-18T22:14:56.619993+00:00,,106.89455078125,0.0,0.0,1426,686,538.0,499.0
2026-06-18T22:14:56.719969+00:00,,106.73455078125001,0.0,0.0,1426,686,538.0,499.0
2026-06-18T22:14:56.820060+00:00,,106.59455078125,0.0,0.0,1426,686,538.0,499.0
2026-06-18T22:14:56.919996+00:00,,106.45455078125,0.0,0.0,1426,686,538.0,499.0
2026-06-18T22:14:57.020978+00:00,,106.29455078125,0.0,0.0,1426,686,538.0,499.0
2026-06-18T22:14:57.120998+00:00,,106.21455078125,0.0,0.0,1426,686,538.0,499.0
2026-06-18T22:14:57.220989+00:00,,106.07455078125,0.0,0.0,1426,686,538.0,499.0
2026-06-18T22:14:57.321094+00:00,,105.91455078125,0.0,0.0,1426,686,538.0,499.0
2026-06-18T22:14:57.421078+00:00,,105.77455078125,0.0,0.0,1426,686,538.0,499.0
2026-06-18T22:14:57.521088+00:00,,105.61455078125,0.0,0.0,1426,686,538.0,499.0
2026-06-18T22:14:57.621049+00:00,,105.47455078125,0.0,0.0,1426,686,538.0,499.0
2026-06-18T22:14:57.721079+00:00,,105.31455078125,0.0,0.0,1426,686,538.0,499.0
2026-06-18T22:14:57.821158+00:00,,105.17455078125,0.0,0.0,1426,686,538.0,499.0
2026-06-18T22:14:57.921121+00:00,,105.01455078125001,0.0,0.0,1426,686,538.0,499.0
2026-06-18T22:14:58.022088+00:00,,104.85455078125,0.0,0.0,1426,686,538.0,499.0
2026-06-18T22:14:58.121097+00:00,,104.71455078125,0.0,0.0,1426,686,538.0,499.0
2026-06-18T22:14:58.221092+00:00,,104.55455078125,0.0,0.0,1426,686,538.0,499.0
2026-06-18T22:14:58.321188+00:00,,104.47455078125,0.0,0.0,1426,686,538.0,499.0
2026-06-18T22:14:58.421153+00:00,,104.33455078125,0.0,0.0,1426,686,538.0,499.0
2026-06-18T22:14:58.521118+00:00,,104.17455078125,0.0,0.0,1426,686,538.0,499.0
2026-06-18T22:14:58.621107+00:00,,104.03455078125,0.0,0.0,1426,686,538.0,499.0
2026-06-18T22:14:58.721378+00:00,,103.87455078125001,0.0,0.0,1426,686,538.0,499.0
2026-06-18T22:14:58.821294+00:00,,103.73455078125001,0.0,0.0,1426,686,538.0,499.0
2026-06-18T22:14:58.922148+00:00,,103.57455078125,0.0,0.0,1426,686,538.0,499.0
2026-06-18T22:14:59.023148+00:00,,103.43455078125,0.0,0.0,1426,686,538.0,499.0
2026-06-18T22:14:59.123450+00:00,,103.27455078125,0.0,0.0,1426,686,538.0,499.0
2026-06-18T22:14:59.223245+00:00,,103.13455078125,0.0,0.0,1426,686,538.0,499.0
2026-06-18T22:14:59.323214+00:00,,102.99455078125,0.0,0.0,1426,686,538.0,499.0
2026-06-18T22:14:59.424195+00:00,,102.83455078125,0.0,0.0,1426,686,538.0,499.0
2026-06-18T22:14:59.523210+00:00,,102.67455078125,0.0,0.0,1426,686,538.0,499.0
2026-06-18T22:14:59.623181+00:00,,102.53455078125,0.0,0.0,1426,686,538.0,499.0
2026-06-18T22:14:59.723205+00:00,,102.45455078125,0.0,0.0,1426,686,538.0,499.0
2026-06-18T22:14:59.842190+00:00,,102.31455078125,0.0,3.2000000000116415,1426,866,538.0,47.0
2026-06-18T22:14:59.925354+00:00,,102.15455078125001,0.0,6.399999999994179,1426,1046,538.0,118.0
2026-06-18T22:15:00.040307+00:00,,102.01455078125001,0.0,6.399999999994179,1426,1046,538.0,22.0
2026-06-18T22:15:00.123205+00:00,,101.78223632812501,0.0,6.399999999994179,1426,1046,538.0,295.0
2026-06-18T22:15:00.223215+00:00,,101.226123046875,0.0,6.399999999994179,1426,1046,538.0,499.0
2026-06-18T22:15:00.324622+00:00,,100.581142578125,0.0,6.399999999994179,1426,1046,538.0,499.0
2026-06-18T22:15:00.423423+00:00,,100.008564453125,0.0,6.399999999994179,1426,1046,538.0,499.0
2026-06-18T22:15:00.524294+00:00,,99.344833984375,0.0,6.399999999994179,1426,1046,538.0,499.0
2026-06-18T22:15:00.624034+00:00,,98.755908203125,0.0,6.399999999994179,1426,1046,538.0,499.0
2026-06-18T22:15:00.723711+00:00,,98.07359375,0.0,6.399999999994179,1426,1046,538.0,499.0
2026-06-18T22:15:00.823492+00:00,,97.46851562500001,0.0,6.399999999994179,1426,1046,538.0,499.0
2026-06-18T22:15:00.924285+00:00,,96.7678515625,0.0,6.399999999994179,1426,1046,538.0,499.0
2026-06-18T22:15:01.025085+00:00,,96.41388671875,0.0,6.399999999994179,1426,1046,538.0,499.0
2026-06-18T22:15:01.125810+00:00,,95.788681640625,0.0,6.399999999994179,1426,1046,538.0,499.0
2026-06-18T22:15:01.225606+00:00,,95.156171875,0.0,6.399999999994179,1426,1046,538.0,499.0
2026-06-18T22:15:01.326414+00:00,,94.42447265625,0.0,6.399999999994179,1426,1046,538.0,499.0
2026-06-18T22:15:01.427164+00:00,,93.68345703125,0.0,6.399999999994179,1426,1046,538.0,499.0
2026-06-18T22:15:01.526246+00:00,,93.027529296875,0.0,6.399999999994179,1426,1046,538.0,499.0
2026-06-18T22:15:01.626661+00:00,,92.2694140625,0.0,6.399999999994179,1426,1046,538.0,499.0
2026-06-18T22:15:01.726457+00:00,,91.598759765625,0.0,6.399999999994179,1426,1046,538.0,499.0
2026-06-18T22:15:01.825353+00:00,,90.824091796875,0.0,6.399999999994179,1426,1046,538.0,499.0
2026-06-18T22:15:01.927333+00:00,,90.13919921875001,0.0,6.399999999994179,1426,1046,538.0,499.0
2026-06-18T22:15:02.028355+00:00,,89.34857421875,0.0,6.399999999994179,1426,1046,538.0,499.0
2026-06-18T22:15:02.127369+00:00,,88.650009765625,0.0,6.399999999994179,1426,1046,538.0,499.0
2026-06-18T22:15:02.227356+00:00,,87.945283203125,0.0,6.399999999994179,1426,1046,538.0,499.0
2026-06-18T22:15:02.327359+00:00,,87.132509765625,0.0,6.399999999994179,1426,1046,538.0,499.0
2026-06-18T22:15:02.427390+00:00,,86.8257421875,0.0,6.399999999994179,1426,1046,538.0,499.0
2026-06-18T22:15:02.527431+00:00,,86.002509765625,0.0,6.399999999994179,1426,1046,538.0,499.0
2026-06-18T22:15:02.628397+00:00,,85.276171875,0.0,6.399999999994179,1426,1046,538.0,499.0
2026-06-18T22:15:02.727570+00:00,,84.4394140625,0.0,6.399999999994179,1426,1046,538.0,499.0
2026-06-18T22:15:02.827389+00:00,,83.70162109375,0.0,6.399999999994179,1426,1046,538.0,499.0
2026-06-18T22:15:02.928437+00:00,,82.85224609375,0.0,6.399999999994179,1426,1046,538.0,499.0
2026-06-18T22:15:03.029411+00:00,,82.103828125,0.0,6.399999999994179,1426,1046,538.0,499.0
2026-06-18T22:15:03.130461+00:00,,81.24279296875,0.0,6.399999999994179,1426,1046,538.0,499.0
2026-06-18T22:15:03.229547+00:00,,80.484619140625,0.0,6.399999999994179,1426,1046,538.0,499.0
2026-06-18T22:15:03.329401+00:00,,79.612958984375,0.0,6.399999999994179,1426,1046,538.0,499.0
2026-06-18T22:15:03.429493+00:00,,78.84595703125,0.0,6.399999999994179,1426,1046,538.0,499.0
2026-06-18T22:15:03.529431+00:00,,77.9647509765625,0.0,6.399999999994179,1426,1046,538.0,499.0
2026-06-18T22:15:03.629928+00:00,,77.189892578125,0.0,6.399999999994179,1426,1046,538.0,499.0
2026-06-18T22:15:03.729700+00:00,,76.7456103515625,0.0,6.399999999994179,1426,1046,538.0,499.0
2026-06-18T22:15:03.829498+00:00,,75.965634765625,0.0,6.399999999994179,1426,1046,538.0,499.0
2026-06-18T22:15:03.929441+00:00,,75.0706201171875,0.0,6.399999999994179,1426,1046,538.0,499.0
2026-06-18T22:15:04.030433+00:00,,74.2845751953125,0.0,6.399999999994179,1426,1046,538.0,499.0
2026-06-18T22:15:04.129759+00:00,,73.38323242187501,0.0,6.399999999994179,1426,1046,538.0,499.0
2026-06-18T22:15:04.229593+00:00,,72.5921923828125,0.0,6.399999999994179,1426,1046,538.0,499.0
2026-06-18T22:15:04.330280+00:00,,71.6857763671875,0.0,6.399999999994179,1426,1046,538.0,499.0
2026-06-18T22:15:04.429477+00:00,,70.890859375,0.0,6.399999999994179,1426,1046,538.0,499.0
2026-06-18T22:15:04.530538+00:00,,69.9806494140625,0.0,6.399999999994179,1426,1046,538.0,499.0
2026-06-18T22:15:04.630526+00:00,,69.0689453125,0.0,6.399999999994179,1426,1046,538.0,499.0
2026-06-18T22:15:04.730681+00:00,,68.2702734375,0.0,6.399999999994179,1426,1046,538.0,499.0
2026-06-18T22:15:04.830529+00:00,,67.35677734375,0.0,6.399999999994179,1426,1046,538.0,499.0
2026-06-18T22:15:04.930549+00:00,,66.5571142578125,0.0,6.399999999994179,1426,1046,538.0,499.0
2026-06-18T22:15:05.030574+00:00,,65.6431494140625,0.0,6.399999999994179,1426,1046,538.0,499.0
2026-06-18T22:15:05.130563+00:00,,64.84365234375,0.0,6.399999999994179,1426,1046,538.0,499.0
2026-06-18T22:15:05.230687+00:00,,64.04462890625,0.0,6.399999999994179,1426,1046,538.0,499.0
2026-06-18T22:15:05.330562+00:00,,63.588349609375,0.0,6.399999999994179,1426,1046,538.0,499.0
2026-06-18T22:15:05.430634+00:00,,62.67669921875,0.0,6.399999999994179,1426,1046,538.0,499.0
2026-06-18T22:15:05.530638+00:00,,61.880224609375,0.0,6.399999999994179,1426,1046,538.0,499.0
2026-06-18T22:15:05.630555+00:00,,60.9717041015625,0.0,6.399999999994179,1426,1046,538.0,499.0
2026-06-18T22:15:05.730719+00:00,,60.065380859375004,0.0,6.399999999994179,1426,1046,538.0,499.0
2026-06-18T22:15:05.830613+00:00,,59.2744384765625,0.0,6.399999999994179,1426,1046,538.0,499.0
2026-06-18T22:15:05.930631+00:00,,58.4856982421875,0.0,6.399999999994179,1426,1046,538.0,499.0
2026-06-18T22:15:06.030583+00:00,,57.5872900390625,0.0,6.399999999994179,1426,1046,538.0,499.0
2026-06-18T22:15:06.130615+00:00,,56.8040771484375,0.0,6.399999999994179,1426,1046,538.0,499.0
2026-06-18T22:15:06.230925+00:00,,55.9125927734375,0.0,6.399999999994179,1426,1046,538.0,499.0
2026-06-18T22:15:06.330623+00:00,,55.135966796875,0.0,6.399999999994179,1426,1046,538.0,499.0
2026-06-18T22:15:06.430625+00:00,,54.252607421875,0.0,6.399999999994179,1426,1046,538.0,499.0
2026-06-18T22:15:06.532268+00:00,,53.4835986328125,0.0,6.399999999994179,1426,1046,538.0,499.0
2026-06-18T22:15:06.632609+00:00,,53.045903320312505,0.0,6.399999999994179,1426,1046,538.0,499.0
2026-06-18T22:15:06.731769+00:00,,52.1744775390625,0.0,6.399999999994179,1426,1046,538.0,499.0
2026-06-18T22:15:06.832646+00:00,,51.4165283203125,0.0,6.399999999994179,1426,1046,538.0,499.0
2026-06-18T22:15:06.932741+00:00,,50.55576171875,0.0,6.399999999994179,1426,1046,538.0,499.0
2026-06-18T22:15:07.033674+00:00,,49.80759765625,0.0,6.399999999994179,1426,1046,538.0,499.0
2026-06-18T22:15:07.132854+00:00,,48.958525390625,0.0,6.399999999994179,1426,1046,538.0,499.0
2026-06-18T22:15:07.233753+00:00,,48.1160888671875,0.0,6.399999999994179,1426,1046,538.0,499.0
2026-06-18T22:15:07.333681+00:00,,47.384609375000004,0.0,6.399999999994179,1426,1046,538.0,499.0
2026-06-18T22:15:07.434153+00:00,,46.555322265625,0.0,6.399999999994179,1426,1046,538.0,499.0
2026-06-18T22:15:07.533963+00:00,,45.8357421875,0.0,6.399999999994179,1426,1046,538.0,499.0
2026-06-18T22:15:07.633854+00:00,,45.020473632812504,0.0,6.399999999994179,1426,1046,538.0,499.0
2026-06-18T22:15:07.734791+00:00,,44.313515625,0.0,6.399999999994179,1426,1046,538.0,499.0
2026-06-18T22:15:07.835244+00:00,,43.9122802734375,0.0,6.399999999994179,1426,1046,538.0,499.0
2026-06-18T22:15:07.935043+00:00,,43.1159130859375,0.0,6.399999999994179,1426,1046,538.0,499.0
2026-06-18T22:15:08.034833+00:00,,42.4258984375,0.0,6.399999999994179,1426,1046,538.0,499.0
2026-06-18T22:15:08.135582+00:00,,41.742373046875,0.0,6.399999999994179,1426,1046,538.0,499.0
2026-06-18T22:15:08.234312+00:00,,40.969296875,0.0,6.399999999994179,1426,1046,538.0,499.0
2026-06-18T22:15:08.335115+00:00,,40.300078125,0.0,6.399999999994179,1426,1046,538.0,499.0
2026-06-18T22:15:08.434906+00:00,,39.54364501953125,0.0,6.399999999994179,1426,1046,538.0,499.0
2026-06-18T22:15:08.535700+00:00,,38.88922607421875,0.0,6.399999999994179,1426,1046,538.0,499.0
2026-06-18T22:15:08.635442+00:00,,38.1499658203125,0.0,6.399999999994179,1426,1046,538.0,499.0
2026-06-18T22:15:08.735215+00:00,,37.51078125,0.0,6.399999999994179,1426,1046,538.0,499.0
2026-06-18T22:15:08.835929+00:00,,36.78915283203125,0.0,6.399999999994179,1426,1046,538.0,499.0
2026-06-18T22:15:08.935784+00:00,,36.16556884765625,0.0,6.399999999994179,1426,1046,538.0,499.0
2026-06-18T22:15:09.036788+00:00,,35.81255126953125,0.0,6.399999999994179,1426,1046,538.0,499.0
2026-06-18T22:15:09.137240+00:00,,35.11380126953125,0.0,6.399999999994179,1426,1046,538.0,499.0
2026-06-18T22:15:09.236812+00:00,,34.51041748046875,0.0,6.399999999994179,1426,1046,538.0,499.0
2026-06-18T22:15:09.336842+00:00,,33.8300732421875,0.0,6.399999999994179,1426,1046,538.0,499.0
2026-06-18T22:15:09.436823+00:00,,33.15964599609375,0.0,6.399999999994179,1426,1046,538.0,499.0
2026-06-18T22:15:09.536843+00:00,,32.58119873046875,0.0,6.399999999994179,1426,1046,538.0,499.0
2026-06-18T22:15:09.637028+00:00,,31.929506835937502,0.0,6.399999999994179,1426,1046,538.0,499.0
2026-06-18T22:15:09.736880+00:00,,31.36751708984375,0.0,6.399999999994179,1426,1046,538.0,499.0
2026-06-18T22:15:09.854903+00:00,,30.7346923828125,2.6666666666763676,0.0,1628,686,50.0,33.0
2026-06-18T22:15:09.936853+00:00,,30.18925048828125,5.333333333328483,0.0,1831,686,228.0,58.0
2026-06-18T22:15:10.036888+00:00,,29.53887451171875,8.000000000004851,0.0,2033,686,131.0,129.0
2026-06-18T22:15:10.137460+00:00,,29.17784423828125,10.666666666656965,0.0,2235,686,239.0,93.0
2026-06-18T22:15:10.236837+00:00,,29.09278076171875,13.333333333333332,0.0,2437,686,163.0,27.0
2026-06-18T22:15:10.336873+00:00,,29.1425927734375,16.000000000009702,0.0,2640,686,154.0,94.0
2026-06-18T22:15:10.436920+00:00,,29.3762451171875,18.666666666661815,0.0,2842,686,259.0,58.0
2026-06-18T22:15:10.536917+00:00,,29.90676025390625,21.33333333333818,0.0,3044,686,323.0,99.0
2026-06-18T22:15:10.636008+00:00,,30.6455908203125,23.9999999999903,0.0,3247,686,316.0,53.0
2026-06-18T22:15:10.736933+00:00,,31.73803466796875,26.666666666666664,0.0,3449,686,327.0,103.0
2026-06-18T22:15:10.836273+00:00,,32.95061767578125,29.333333333343035,0.0,3651,686,221.0,109.0
2026-06-18T22:15:10.936102+00:00,,34.60617431640625,31.999999999995147,0.0,3854,686,316.0,124.0
2026-06-18T22:15:11.036915+00:00,,36.32414794921875,34.66666666667152,0.0,4056,686,268.0,11.0
2026-06-18T22:15:11.136103+00:00,,38.60220458984375,37.33333333332363,0.0,4258,686,165.0,104.0
2026-06-18T22:15:11.235913+00:00,,40.8566162109375,40.0,0.0,4460,686,326.0,105.0
2026-06-18T22:15:11.337131+00:00,,43.6488720703125,40.0,0.0,4460,686,291.0,85.0
2026-06-18T22:15:11.436937+00:00,,46.3897021484375,40.0,0.0,4460,686,132.0,65.0
2026-06-18T22:15:11.536723+00:00,,49.2630322265625,40.0,0.0,4460,686,538.0,7.0
2026-06-18T22:15:11.637074+00:00,,52.4450439453125,40.0,0.0,4460,686,538.0,109.0
2026-06-18T22:15:11.737179+00:00,,53.9977392578125,40.0,0.0,4460,686,538.0,499.0
2026-06-18T22:15:11.836926+00:00,,56.657099609375,40.0,0.0,4460,686,538.0,499.0
2026-06-18T22:15:11.936967+00:00,,59.6114111328125,40.0,0.0,4460,686,538.0,499.0
2026-06-18T22:15:12.037989+00:00,,62.127026367187504,40.0,0.0,4460,686,538.0,499.0
2026-06-18T22:15:12.137094+00:00,,64.9281494140625,40.0,0.0,4460,686,538.0,499.0
2026-06-18T22:15:12.237963+00:00,,67.31873046875,40.0,0.0,4460,686,538.0,499.0
2026-06-18T22:15:12.337973+00:00,,69.98648925781251,40.0,0.0,4460,686,538.0,499.0
2026-06-18T22:15:12.437997+00:00,,72.2681640625,40.0,0.0,4460,686,538.0,499.0
2026-06-18T22:15:12.539019+00:00,,74.81974609375,40.0,0.0,4460,686,538.0,499.0
2026-06-18T22:15:12.638099+00:00,,77.0065380859375,40.0,0.0,4460,686,538.0,499.0
2026-06-18T22:15:12.739025+00:00,,79.4569384765625,40.0,0.0,4460,686,538.0,499.0
2026-06-18T22:15:12.838981+00:00,,81.8588720703125,40.0,0.0,4460,686,538.0,499.0
2026-06-18T22:15:12.940026+00:00,,83.923583984375,40.0,0.0,4460,686,538.0,499.0
2026-06-18T22:15:13.040046+00:00,,85.088837890625,40.0,0.0,4460,686,538.0,499.0
2026-06-18T22:15:13.139169+00:00,,87.10393554687501,40.0,0.0,4460,686,538.0,499.0
2026-06-18T22:15:13.240037+00:00,,89.37162109375001,40.0,0.0,4460,686,538.0,499.0
2026-06-18T22:15:13.339080+00:00,,91.32716796875,40.0,0.0,4460,686,538.0,499.0
2026-06-18T22:15:13.440058+00:00,,93.531767578125,40.0,0.0,4460,686,538.0,499.0
2026-06-18T22:15:13.539124+00:00,,95.43626953125,40.0,0.0,4460,686,538.0,499.0
2026-06-18T22:15:13.638775+00:00,,97.587080078125,40.0,0.0,4460,686,538.0,499.0
2026-06-18T22:15:13.739071+00:00,,99.448310546875,40.0,0.0,4460,686,538.0,499.0
2026-06-18T22:15:13.840071+00:00,,101.55380859375,40.0,0.0,4460,686,538.0,499.0
2026-06-18T22:15:13.940105+00:00,,103.37890625,40.0,0.0,4460,686,538.0,499.0
2026-06-18T22:15:14.357254+00:00,,105.44697265625,0.0,0.0,1426,686,257.0,499.0
2026-06-18T22:15:14.439138+00:00,,110.921455078125,0.0,0.0,1426,686,184.0,499.0
2026-06-18T22:15:14.539701+00:00,,111.548779296875,0.0,0.0,1426,686,97.0,499.0
2026-06-18T22:15:14.639429+00:00,,111.408779296875,0.0,0.0,1426,686,538.0,499.0
2026-06-18T22:15:14.739211+00:00,,111.248779296875,0.0,0.0,1426,686,538.0,499.0
2026-06-18T22:15:14.840124+00:00,,111.108779296875,0.0,0.0,1426,686,538.0,499.0
2026-06-18T22:15:14.940169+00:00,,110.948779296875,0.0,0.0,1426,686,538.0,499.0
2026-06-18T22:15:15.040530+00:00,,110.808779296875,0.0,0.0,1426,686,538.0,499.0
2026-06-18T22:15:15.139524+00:00,,110.648779296875,0.0,0.0,1426,686,538.0,499.0
2026-06-18T22:15:15.239160+00:00,,110.48877929687501,0.0,0.0,1426,686,538.0,499.0
2026-06-18T22:15:15.340185+00:00,,110.34877929687501,0.0,0.0,1426,686,538.0,499.0
2026-06-18T22:15:15.440645+00:00,,110.188779296875,0.0,0.0,1426,686,538.0,499.0
2026-06-18T22:15:15.540415+00:00,,110.108779296875,0.0,0.0,1426,686,538.0,499.0
2026-06-18T22:15:15.640150+00:00,,109.968779296875,0.0,0.0,1426,686,538.0,499.0
2026-06-18T22:15:15.739939+00:00,,109.828779296875,0.0,0.0,1426,686,538.0,499.0
2026-06-18T22:15:15.840190+00:00,,109.668779296875,0.0,0.0,1426,686,538.0,499.0
2026-06-18T22:15:15.940428+00:00,,109.528779296875,0.0,0.0,1426,686,538.0,499.0
2026-06-18T22:15:16.040197+00:00,,109.368779296875,0.0,0.0,1426,686,538.0,499.0
2026-06-18T22:15:16.140311+00:00,,109.228779296875,0.0,0.0,1426,686,538.0,499.0
2026-06-18T22:15:16.241247+00:00,,109.06877929687501,0.0,0.0,1426,686,538.0,499.0
2026-06-18T22:15:16.341474+00:00,,108.928779296875,0.0,0.0,1426,686,538.0,499.0
2026-06-18T22:15:16.442313+00:00,,108.768779296875,0.0,0.0,1426,686,538.0,499.0
2026-06-18T22:15:16.542263+00:00,,108.628779296875,0.0,0.0,1426,686,538.0,499.0
2026-06-18T22:15:16.641320+00:00,,108.468779296875,0.0,0.0,1426,686,538.0,499.0
2026-06-18T22:15:16.741567+00:00,,108.388779296875,0.0,0.0,1426,686,538.0,499.0
2026-06-18T22:15:16.841275+00:00,,108.228779296875,0.0,0.0,1426,686,538.0,499.0
2026-06-18T22:15:16.942278+00:00,,108.088779296875,0.0,0.0,1426,686,538.0,499.0
2026-06-18T22:15:17.041272+00:00,,107.928779296875,0.0,0.0,1426,686,538.0,499.0
2026-06-18T22:15:17.141340+00:00,,107.788779296875,0.0,0.0,1426,686,538.0,499.0
2026-06-18T22:15:17.241291+00:00,,107.628779296875,0.0,0.0,1426,686,538.0,499.0
2026-06-18T22:15:17.341298+00:00,,107.48877929687501,0.0,0.0,1426,686,538.0,499.0
2026-06-18T22:15:17.441323+00:00,,107.328779296875,0.0,0.0,1426,686,538.0,499.0
2026-06-18T22:15:17.541333+00:00,,107.188779296875,0.0,0.0,1426,686,538.0,499.0
2026-06-18T22:15:17.642375+00:00,,107.028779296875,0.0,0.0,1426,686,538.0,499.0
2026-06-18T22:15:17.743348+00:00,,106.888779296875,0.0,0.0,1426,686,538.0,499.0
2026-06-18T22:15:17.844337+00:00,,106.748779296875,0.0,0.0,1426,686,538.0,499.0
2026-06-18T22:15:17.945340+00:00,,106.588779296875,0.0,0.0,1426,686,538.0,499.0
2026-06-18T22:15:18.045351+00:00,,106.528779296875,0.0,0.0,1426,686,538.0,499.0
2026-06-18T22:15:18.145354+00:00,,106.368779296875,0.0,0.0,1426,686,538.0,499.0
2026-06-18T22:15:18.245373+00:00,,106.20877929687501,0.0,0.0,1426,686,538.0,499.0
2026-06-18T22:15:18.346381+00:00,,106.06877929687501,0.0,0.0,1426,686,538.0,499.0
2026-06-18T22:15:18.446367+00:00,,105.908779296875,0.0,0.0,1426,686,538.0,499.0
2026-06-18T22:15:18.546393+00:00,,105.768779296875,0.0,0.0,1426,686,538.0,499.0
2026-06-18T22:15:18.646359+00:00,,105.628779296875,0.0,0.0,1426,686,538.0,499.0
2026-06-18T22:15:18.747392+00:00,,105.468779296875,0.0,0.0,1426,686,538.0,499.0
2026-06-18T22:15:18.847603+00:00,,105.328779296875,0.0,0.0,1426,686,538.0,499.0
2026-06-18T22:15:18.947470+00:00,,105.168779296875,0.0,0.0,1426,686,538.0,499.0
2026-06-18T22:15:19.048156+00:00,,105.028779296875,0.0,0.0,1426,686,538.0,499.0
2026-06-18T22:15:19.147915+00:00,,104.868779296875,0.0,0.0,1426,686,538.0,499.0
2026-06-18T22:15:19.247672+00:00,,104.728779296875,0.0,0.0,1426,686,538.0,499.0
2026-06-18T22:15:19.347418+00:00,,104.648779296875,0.0,0.0,1426,686,538.0,499.0
2026-06-18T22:15:19.447434+00:00,,104.508779296875,0.0,0.0,1426,686,538.0,499.0
2026-06-18T22:15:19.547607+00:00,,104.34877929687501,0.0,0.0,1426,686,538.0,499.0
2026-06-18T22:15:19.647470+00:00,,104.20877929687501,0.0,0.0,1426,686,538.0,499.0
2026-06-18T22:15:19.747444+00:00,,104.048779296875,0.0,0.0,1426,686,538.0,499.0
2026-06-18T22:15:19.847473+00:00,,103.908779296875,0.0,0.0,1426,686,538.0,499.0
2026-06-18T22:15:19.947472+00:00,,103.748779296875,0.0,0.0,1426,686,538.0,499.0
2026-06-18T22:15:20.065570+00:00,,103.608779296875,0.0,3.3333333333151436,1426,873,538.0,41.0
2026-06-18T22:15:20.147630+00:00,,103.448779296875,0.0,6.666666666660603,1426,1061,538.0,83.0
2026-06-18T22:15:20.265456+00:00,,103.347119140625,0.0,6.666666666660603,1426,1061,538.0,77.0
2026-06-18T22:15:20.347520+00:00,,102.95037109375001,0.0,6.666666666660603,1426,1061,538.0,299.0
2026-06-18T22:15:20.447511+00:00,,102.603251953125,0.0,6.666666666660603,1426,1061,538.0,499.0
2026-06-18T22:15:20.547634+00:00,,101.98927734375,0.0,6.666666666660603,1426,1061,538.0,499.0
2026-06-18T22:15:20.647503+00:00,,101.367060546875,0.0,6.666666666660603,1426,1061,538.0,499.0
2026-06-18T22:15:20.747511+00:00,,100.645908203125,0.0,6.666666666660603,1426,1061,538.0,499.0
2026-06-18T22:15:20.847522+00:00,,100.006171875,0.0,6.666666666660603,1426,1061,538.0,499.0
2026-06-18T22:15:20.947532+00:00,,99.26514648437501,0.0,6.666666666660603,1426,1061,538.0,499.0
2026-06-18T22:15:21.046655+00:00,,98.51365234375,0.0,6.666666666660603,1426,1061,538.0,499.0
2026-06-18T22:15:21.147538+00:00,,97.84759765625,0.0,6.666666666660603,1426,1061,538.0,499.0
2026-06-18T22:15:21.247566+00:00,,97.076796875,0.0,6.666666666660603,1426,1061,538.0,499.0
2026-06-18T22:15:21.347812+00:00,,96.295869140625,0.0,6.666666666660603,1426,1061,538.0,499.0
2026-06-18T22:15:21.448572+00:00,,95.604375,0.0,6.666666666660603,1426,1061,538.0,499.0
2026-06-18T22:15:21.548378+00:00,,94.804892578125,0.0,6.666666666660603,1426,1061,538.0,499.0
2026-06-18T22:15:21.649098+00:00,,94.40150390625,0.0,6.666666666660603,1426,1061,538.0,499.0
2026-06-18T22:15:21.748876+00:00,,93.68984375000001,0.0,6.666666666660603,1426,1061,538.0,499.0
2026-06-18T22:15:21.848652+00:00,,92.8676953125,0.0,6.666666666660603,1426,1061,538.0,499.0
2026-06-18T22:15:21.947603+00:00,,92.036337890625,0.0,6.666666666660603,1426,1061,538.0,499.0
2026-06-18T22:15:22.047660+00:00,,91.30150390625,0.0,6.666666666660603,1426,1061,538.0,499.0
2026-06-18T22:15:22.147959+00:00,,90.453447265625,0.0,6.666666666660603,1426,1061,538.0,499.0
2026-06-18T22:15:22.247715+00:00,,89.70435546875,0.0,6.666666666660603,1426,1061,538.0,499.0
2026-06-18T22:15:22.347618+00:00,,88.840419921875,0.0,6.666666666660603,1426,1061,538.0,499.0
2026-06-18T22:15:22.447633+00:00,,88.077822265625,0.0,6.666666666660603,1426,1061,538.0,499.0
2026-06-18T22:15:22.548062+00:00,,87.19892578125,0.0,6.666666666660603,1426,1061,538.0,499.0
2026-06-18T22:15:22.648785+00:00,,86.42365234375,0.0,6.666666666660603,1426,1061,538.0,499.0
2026-06-18T22:15:22.748624+00:00,,85.530771484375,0.0,6.666666666660603,1426,1061,538.0,499.0
2026-06-18T22:15:22.849303+00:00,,85.194111328125,0.0,6.666666666660603,1426,1061,538.0,499.0
2026-06-18T22:15:22.949078+00:00,,84.291630859375,0.0,6.666666666660603,1426,1061,538.0,499.0
2026-06-18T22:15:23.049845+00:00,,83.49654296875,0.0,6.666666666660603,1426,1061,538.0,499.0
2026-06-18T22:15:23.149712+00:00,,82.58197265625,0.0,6.666666666660603,1426,1061,538.0,499.0
2026-06-18T22:15:23.250374+00:00,,81.66141601562501,0.0,6.666666666660603,1426,1061,538.0,499.0
2026-06-18T22:15:23.350149+00:00,,80.851298828125,0.0,6.666666666660603,1426,1061,538.0,499.0
2026-06-18T22:15:23.450687+00:00,,79.9204736328125,0.0,6.666666666660603,1426,1061,538.0,499.0
2026-06-18T22:15:23.550862+00:00,,79.1019189453125,0.0,6.666666666660603,1426,1061,538.0,499.0
2026-06-18T22:15:23.649669+00:00,,78.16208984375,0.0,6.666666666660603,1426,1061,538.0,499.0
2026-06-18T22:15:23.750702+00:00,,77.2180029296875,0.0,6.666666666660603,1426,1061,538.0,499.0
2026-06-18T22:15:23.850694+00:00,,76.38873046875,0.0,6.666666666660603,1426,1061,538.0,499.0
2026-06-18T22:15:23.950788+00:00,,75.4376953125,0.0,6.666666666660603,1426,1061,538.0,499.0
2026-06-18T22:15:24.050777+00:00,,74.60294433593751,0.0,6.666666666660603,1426,1061,538.0,499.0
2026-06-18T22:15:24.150718+00:00,,74.124970703125,0.0,6.666666666660603,1426,1061,538.0,499.0
2026-06-18T22:15:24.250029+00:00,,73.2869873046875,0.0,6.666666666660603,1426,1061,538.0,499.0
2026-06-18T22:15:24.350809+00:00,,72.447294921875,0.0,6.666666666660603,1426,1061,538.0,499.0
2026-06-18T22:15:24.450596+00:00,,71.4859130859375,0.0,6.666666666660603,1426,1061,538.0,499.0
2026-06-18T22:15:24.549833+00:00,,70.52306640625,0.0,6.666666666660603,1426,1061,538.0,499.0
2026-06-18T22:15:24.650731+00:00,,69.67971191406251,0.0,6.666666666660603,1426,1061,538.0,499.0
2026-06-18T22:15:24.750761+00:00,,68.71525390625,0.0,6.666666666660603,1426,1061,538.0,499.0
2026-06-18T22:15:24.849760+00:00,,67.87113281250001,0.0,6.666666666660603,1426,1061,538.0,499.0
2026-06-18T22:15:24.949788+00:00,,66.90654296875,0.0,6.666666666660603,1426,1061,538.0,499.0
2026-06-18T22:15:25.050840+00:00,,66.0629443359375,0.0,6.666666666660603,1426,1061,538.0,499.0
2026-06-18T22:15:25.150784+00:00,,65.0996875,0.0,6.666666666660603,1426,1061,538.0,499.0
2026-06-18T22:15:25.250780+00:00,,64.257900390625,0.0,6.666666666660603,1426,1061,538.0,499.0
2026-06-18T22:15:25.350798+00:00,,63.4173974609375,0.0,6.666666666660603,1426,1061,538.0,499.0
2026-06-18T22:15:25.450824+00:00,,62.93779296875,0.0,6.666666666660603,1426,1061,538.0,499.0
2026-06-18T22:15:25.550849+00:00,,61.9803173828125,0.0,6.666666666660603,1426,1061,538.0,499.0
2026-06-18T22:15:25.649870+00:00,,61.1446826171875,0.0,6.666666666660603,1426,1061,538.0,499.0
2026-06-18T22:15:25.750886+00:00,,60.1925048828125,0.0,6.666666666660603,1426,1061,538.0,499.0
2026-06-18T22:15:25.850807+00:00,,59.3621240234375,0.0,6.666666666660603,1426,1061,538.0,499.0
2026-06-18T22:15:25.950836+00:00,,58.534609375,0.0,6.666666666660603,1426,1061,538.0,499.0
2026-06-18T22:15:26.050843+00:00,,57.592724609375004,0.0,6.666666666660603,1426,1061,538.0,499.0
2026-06-18T22:15:26.150843+00:00,,56.772221679687505,0.0,6.666666666660603,1426,1061,538.0,499.0
2026-06-18T22:15:26.250828+00:00,,55.839013671875,0.0,6.666666666660603,1426,1061,538.0,499.0
2026-06-18T22:15:26.350868+00:00,,54.910961914062504,0.0,6.666666666660603,1426,1061,538.0,499.0
2026-06-18T22:15:26.450874+00:00,,54.103427734375,0.0,6.666666666660603,1426,1061,538.0,499.0
2026-06-18T22:15:26.550884+00:00,,53.186005859375,0.0,6.666666666660603,1426,1061,538.0,499.0
2026-06-18T22:15:26.650875+00:00,,52.38830078125,0.0,6.666666666660603,1426,1061,538.0,499.0
2026-06-18T22:15:26.750886+00:00,,51.934677734375,0.0,6.666666666660603,1426,1061,538.0,499.0
2026-06-18T22:15:26.849982+00:00,,51.1448388671875,0.0,6.666666666660603,1426,1061,538.0,499.0
2026-06-18T22:15:26.949907+00:00,,50.3602734375,0.0,6.666666666660603,1426,1061,538.0,499.0
2026-06-18T22:15:27.049908+00:00,,49.470356445312504,0.0,6.666666666660603,1426,1061,538.0,499.0
2026-06-18T22:15:27.149912+00:00,,48.6977880859375,0.0,6.666666666660603,1426,1061,538.0,499.0
2026-06-18T22:15:27.250910+00:00,,47.822094726562504,0.0,6.666666666660603,1426,1061,538.0,499.0
2026-06-18T22:15:27.351922+00:00,,47.06240234375,0.0,6.666666666660603,1426,1061,538.0,499.0
2026-06-18T22:15:27.451113+00:00,,46.2018994140625,0.0,6.666666666660603,1426,1061,538.0,499.0
2026-06-18T22:15:27.550952+00:00,,45.455898437500004,0.0,6.666666666660603,1426,1061,538.0,499.0
2026-06-18T22:15:27.651936+00:00,,44.6114794921875,0.0,6.666666666660603,1426,1061,538.0,499.0
2026-06-18T22:15:27.750941+00:00,,43.8799169921875,0.0,6.666666666660603,1426,1061,538.0,499.0
2026-06-18T22:15:27.851940+00:00,,43.052387695312504,0.0,6.666666666660603,1426,1061,538.0,499.0
2026-06-18T22:15:27.951459+00:00,,42.6421044921875,0.0,6.666666666660603,1426,1061,538.0,499.0
2026-06-18T22:15:28.051250+00:00,,41.92978515625,0.0,6.666666666660603,1426,1061,538.0,499.0
2026-06-18T22:15:28.150969+00:00,,41.224794921875,0.0,6.666666666660603,1426,1061,538.0,499.0
2026-06-18T22:15:28.251981+00:00,,40.42822509765625,0.0,6.666666666660603,1426,1061,538.0,499.0
2026-06-18T22:15:28.351977+00:00,,39.739338378906254,0.0,6.666666666660603,1426,1061,538.0,499.0
2026-06-18T22:15:28.451303+00:00,,38.9614501953125,0.0,6.666666666660603,1426,1061,538.0,499.0
2026-06-18T22:15:28.552106+00:00,,38.193737792968754,0.0,6.666666666660603,1426,1061,538.0,499.0
2026-06-18T22:15:28.652813+00:00,,37.436328125,0.0,6.666666666660603,1426,1061,538.0,499.0
2026-06-18T22:15:28.752601+00:00,,36.78214111328125,0.0,6.666666666660603,1426,1061,538.0,499.0
2026-06-18T22:15:28.852329+00:00,,36.136005859375004,0.0,6.666666666660603,1426,1061,538.0,499.0
2026-06-18T22:15:28.952139+00:00,,35.40750244140625,0.0,6.666666666660603,1426,1061,538.0,499.0
2026-06-18T22:15:29.052889+00:00,,34.6896826171875,0.0,6.666666666660603,1426,1061,538.0,499.0
2026-06-18T22:15:29.153662+00:00,,34.07041015625,0.0,6.666666666660603,1426,1061,538.0,499.0
2026-06-18T22:15:29.253412+00:00,,33.72025634765625,0.0,6.666666666660603,1426,1061,538.0,499.0
2026-06-18T22:15:29.353211+00:00,,33.11400634765625,0.0,6.666666666660603,1426,1061,538.0,499.0
2026-06-18T22:15:29.453226+00:00,,32.51608642578125,0.0,6.666666666660603,1426,1061,538.0,499.0
2026-06-18T22:15:29.552791+00:00,,31.84298095703125,0.0,6.666666666660603,1426,1061,538.0,499.0
2026-06-18T22:15:29.652544+00:00,,31.18081298828125,0.0,6.666666666660603,1426,1061,538.0,499.0
2026-06-18T22:15:29.753074+00:00,,30.61040283203125,0.0,6.666666666660603,1426,1061,538.0,499.0
2026-06-18T22:15:29.853140+00:00,,30.04838623046875,0.0,6.666666666660603,1426,1061,538.0,499.0
2026-06-18T22:15:29.954245+00:00,,29.41635986328125,0.0,6.666666666660603,1426,1061,538.0,499.0
2026-06-18T22:15:30.072095+00:00,,28.87232177734375,2.8000000000101863,0.0,1638,686,209.0,26.0
2026-06-18T22:15:30.154365+00:00,,28.26081787109375,5.599999999994907,0.0,1851,686,275.0,4.0
2026-06-18T22:15:30.254155+00:00,,27.68634765625,8.400000000005093,0.0,2063,686,152.0,52.0
2026-06-18T22:15:30.354110+00:00,,27.278269042968752,11.227999999995518,0.0,2278,686,172.0,89.0
2026-06-18T22:15:30.455268+00:00,,27.21391357421875,14.028000000005704,0.0,2490,686,125.0,93.0
2026-06-18T22:15:30.555155+00:00,,27.4146435546875,16.82800000001589,0.0,2703,686,160.0,94.0
2026-06-18T22:15:30.655120+00:00,,27.8063330078125,19.62800000000061,0.0,2915,686,229.0,104.0
2026-06-18T22:15:30.755143+00:00,,28.16542236328125,22.428000000010798,0.0,3127,686,165.0,111.0
2026-06-18T22:15:30.855125+00:00,,29.12575927734375,25.227999999995518,0.0,3340,686,161.0,106.0
2026-06-18T22:15:30.955258+00:00,,30.1975244140625,28.028000000005704,0.0,3552,686,176.0,108.0
2026-06-18T22:15:31.055144+00:00,,31.7278955078125,30.82800000001589,0.0,3765,686,199.0,108.0
2026-06-18T22:15:31.155157+00:00,,33.32814697265625,33.62800000000061,0.0,3977,686,169.0,28.0
2026-06-18T22:15:31.255147+00:00,,35.48296875,36.4280000000108,0.0,4189,686,185.0,15.0
2026-06-18T22:15:31.356182+00:00,,37.65563720703125,39.22799999999552,0.0,4402,686,221.0,123.0
2026-06-18T22:15:31.456301+00:00,,40.417446289062504,42.0,0.0,4612,686,190.0,98.0
2026-06-18T22:15:31.555210+00:00,,42.990244140625,42.0,0.0,4612,686,167.0,76.0
2026-06-18T22:15:31.656222+00:00,,46.369824218750004,42.0,0.0,4612,686,234.0,86.0
2026-06-18T22:15:31.755621+00:00,,49.856982421875,42.0,0.0,4612,686,538.0,129.0
2026-06-18T22:15:31.856213+00:00,,52.881718750000005,42.0,0.0,4612,686,538.0,89.0
2026-06-18T22:15:31.955316+00:00,,56.2309912109375,42.0,0.0,4612,686,538.0,210.0
2026-06-18T22:15:32.055208+00:00,,57.865224609375,42.0,0.0,4612,686,538.0,499.0
2026-06-18T22:15:32.155220+00:00,,60.66421875,42.0,0.0,4612,686,538.0,499.0
2026-06-18T22:15:32.255213+00:00,,63.390068359375,42.0,0.0,4612,686,538.0,499.0
2026-06-18T22:15:32.356303+00:00,,66.421884765625,42.0,0.0,4612,686,538.0,499.0
2026-06-18T22:15:32.456346+00:00,,69.0066796875,42.0,0.0,4612,686,538.0,499.0
2026-06-18T22:15:32.556275+00:00,,71.8884716796875,42.0,0.0,4612,686,538.0,499.0
2026-06-18T22:15:32.657250+00:00,,74.3510888671875,42.0,0.0,4612,686,538.0,499.0
2026-06-18T22:15:32.757264+00:00,,77.1028955078125,42.0,0.0,4612,686,538.0,499.0
2026-06-18T22:15:32.857256+00:00,,79.79263671875,42.0,0.0,4612,686,538.0,499.0
2026-06-18T22:15:32.957363+00:00,,82.098876953125,42.0,0.0,4612,686,538.0,499.0
2026-06-18T22:15:33.058294+00:00,,84.68443359375,42.0,0.0,4612,686,538.0,499.0
2026-06-18T22:15:33.157382+00:00,,86.905947265625,42.0,0.0,4612,686,538.0,499.0
2026-06-18T22:15:33.258271+00:00,,89.401591796875,42.0,0.0,4612,686,538.0,499.0
2026-06-18T22:15:33.357297+00:00,,91.550166015625,42.0,0.0,4612,686,538.0,499.0
2026-06-18T22:15:33.457369+00:00,,92.764140625,42.0,0.0,4612,686,538.0,499.0
2026-06-18T22:15:33.557333+00:00,,94.865966796875,42.0,0.0,4612,686,538.0,499.0
2026-06-18T22:15:33.657315+00:00,,97.23513671875,42.0,0.0,4612,686,538.0,499.0
2026-06-18T22:15:33.758330+00:00,,99.281611328125,42.0,0.0,4612,686,538.0,499.0
2026-06-18T22:15:33.857325+00:00,,101.5926953125,42.0,0.0,4612,686,538.0,499.0
2026-06-18T22:15:33.958386+00:00,,103.5926953125,42.0,0.0,4612,686,538.0,499.0
2026-06-18T22:15:34.376560+00:00,,105.8554296875,0.0,0.0,1426,686,77.0,499.0
2026-06-18T22:15:34.459445+00:00,,112.220576171875,0.0,0.0,1426,686,195.0,499.0
2026-06-18T22:15:34.559401+00:00,,112.572568359375,0.0,0.0,1426,686,61.0,499.0
2026-06-18T22:15:34.659391+00:00,,112.432568359375,0.0,0.0,1426,686,538.0,499.0
2026-06-18T22:15:34.759415+00:00,,112.272568359375,0.0,0.0,1426,686,538.0,499.0
2026-06-18T22:15:34.859395+00:00,,112.212568359375,0.0,0.0,1426,686,538.0,499.0
2026-06-18T22:15:34.959448+00:00,,112.052568359375,0.0,0.0,1426,686,538.0,499.0
2026-06-18T22:15:35.059406+00:00,,111.912568359375,0.0,0.0,1426,686,538.0,499.0
2026-06-18T22:15:35.159481+00:00,,111.752568359375,0.0,0.0,1426,686,538.0,499.0
2026-06-18T22:15:35.259426+00:00,,111.612568359375,0.0,0.0,1426,686,538.0,499.0
2026-06-18T22:15:35.359429+00:00,,111.472568359375,0.0,0.0,1426,686,538.0,499.0
2026-06-18T22:15:35.460490+00:00,,111.312568359375,0.0,0.0,1426,686,538.0,499.0
2026-06-18T22:15:35.561448+00:00,,111.172568359375,0.0,0.0,1426,686,538.0,499.0
2026-06-18T22:15:35.661440+00:00,,111.012568359375,0.0,0.0,1426,686,538.0,499.0
2026-06-18T22:15:35.761456+00:00,,110.87256835937501,0.0,0.0,1426,686,538.0,499.0
2026-06-18T22:15:35.861453+00:00,,110.712568359375,0.0,0.0,1426,686,538.0,499.0
2026-06-18T22:15:35.960806+00:00,,110.572568359375,0.0,0.0,1426,686,538.0,499.0
2026-06-18T22:15:36.060566+00:00,,110.412568359375,0.0,0.0,1426,686,538.0,499.0
2026-06-18T22:15:36.161321+00:00,,110.332568359375,0.0,0.0,1426,686,538.0,499.0
2026-06-18T22:15:36.262111+00:00,,110.192568359375,0.0,0.0,1426,686,538.0,499.0
2026-06-18T22:15:36.361844+00:00,,110.052568359375,0.0,0.0,1426,686,538.0,499.0
2026-06-18T22:15:36.462624+00:00,,109.892568359375,0.0,0.0,1426,686,538.0,499.0
2026-06-18T22:15:36.563520+00:00,,109.752568359375,0.0,0.0,1426,686,538.0,499.0
2026-06-18T22:15:36.664138+00:00,,109.59256835937501,0.0,0.0,1426,686,538.0,499.0
2026-06-18T22:15:36.764892+00:00,,109.45256835937501,0.0,0.0,1426,686,538.0,499.0
2026-06-18T22:15:36.864660+00:00,,109.292568359375,0.0,0.0,1426,686,538.0,499.0
2026-06-18T22:15:36.964441+00:00,,109.152568359375,0.0,0.0,1426,686,538.0,499.0
2026-06-18T22:15:37.064186+00:00,,108.992568359375,0.0,0.0,1426,686,538.0,499.0
2026-06-18T22:15:37.163948+00:00,,108.852568359375,0.0,0.0,1426,686,538.0,499.0
2026-06-18T22:15:37.264549+00:00,,108.712568359375,0.0,0.0,1426,686,538.0,499.0
2026-06-18T22:15:37.364718+00:00,,108.552568359375,0.0,0.0,1426,686,538.0,499.0
2026-06-18T22:15:37.464580+00:00,,108.412568359375,0.0,0.0,1426,686,538.0,499.0
2026-06-18T22:15:37.565578+00:00,,108.272568359375,0.0,0.0,1426,686,538.0,499.0
2026-06-18T22:15:37.665785+00:00,,108.112568359375,0.0,0.0,1426,686,538.0,499.0
2026-06-18T22:15:37.766592+00:00,,108.032568359375,0.0,0.0,1426,686,538.0,499.0
2026-06-18T22:15:37.866710+00:00,,107.892568359375,0.0,0.0,1426,686,538.0,499.0
2026-06-18T22:15:37.967594+00:00,,107.73256835937501,0.0,0.0,1426,686,538.0,499.0
2026-06-18T22:15:38.067619+00:00,,107.59256835937501,0.0,0.0,1426,686,538.0,499.0
2026-06-18T22:15:38.167615+00:00,,107.432568359375,0.0,0.0,1426,686,538.0,499.0
2026-06-18T22:15:38.267596+00:00,,107.272568359375,0.0,0.0,1426,686,538.0,499.0
2026-06-18T22:15:38.367750+00:00,,107.132568359375,0.0,0.0,1426,686,538.0,499.0
2026-06-18T22:15:38.467649+00:00,,106.972568359375,0.0,0.0,1426,686,538.0,499.0
2026-06-18T22:15:38.567731+00:00,,106.832568359375,0.0,0.0,1426,686,538.0,499.0
2026-06-18T22:15:38.667622+00:00,,106.672568359375,0.0,0.0,1426,686,538.0,499.0
2026-06-18T22:15:38.767640+00:00,,106.532568359375,0.0,0.0,1426,686,538.0,499.0
2026-06-18T22:15:38.867778+00:00,,106.37256835937501,0.0,0.0,1426,686,538.0,499.0
2026-06-18T22:15:38.966799+00:00,,106.292568359375,0.0,0.0,1426,686,538.0,499.0
2026-06-18T22:15:39.067657+00:00,,106.152568359375,0.0,0.0,1426,686,538.0,499.0
2026-06-18T22:15:39.167278+00:00,,105.992568359375,0.0,0.0,1426,686,538.0,499.0
2026-06-18T22:15:39.267665+00:00,,105.852568359375,0.0,0.0,1426,686,538.0,499.0
2026-06-18T22:15:39.367899+00:00,,105.692568359375,0.0,0.0,1426,686,538.0,499.0
2026-06-18T22:15:39.467682+00:00,,105.552568359375,0.0,0.0,1426,686,538.0,499.0
2026-06-18T22:15:39.567704+00:00,,105.392568359375,0.0,0.0,1426,686,538.0,499.0
2026-06-18T22:15:39.667683+00:00,,105.252568359375,0.0,0.0,1426,686,538.0,499.0
2026-06-18T22:15:39.766890+00:00,,105.09256835937501,0.0,0.0,1426,686,538.0,499.0
2026-06-18T22:15:39.867811+00:00,,104.95256835937501,0.0,0.0,1426,686,538.0,499.0
2026-06-18T22:15:39.967718+00:00,,104.792568359375,0.0,0.0,1426,686,538.0,499.0
2026-06-18T22:15:40.085722+00:00,,104.652568359375,0.0,3.6666666666800056,1426,892,538.0,40.0
2026-06-18T22:15:40.170019+00:00,,104.572568359375,0.0,7.443333333349074,1426,1104,538.0,86.0
2026-06-18T22:15:40.288730+00:00,,104.379365234375,0.0,7.443333333349074,1426,1104,538.0,86.0
2026-06-18T22:15:40.370851+00:00,,104.203701171875,0.0,7.443333333349074,1426,1104,538.0,312.0
2026-06-18T22:15:40.470752+00:00,,103.386357421875,0.0,7.443333333349074,1426,1104,538.0,499.0
2026-06-18T22:15:40.570791+00:00,,102.54708984375,0.0,7.443333333349074,1426,1104,538.0,499.0
2026-06-18T22:15:40.670789+00:00,,101.802998046875,0.0,7.443333333349074,1426,1104,538.0,499.0
2026-06-18T22:15:40.769765+00:00,,101.049931640625,0.0,7.443333333349074,1426,1104,538.0,499.0
2026-06-18T22:15:40.870879+00:00,,100.178447265625,0.0,7.443333333349074,1426,1104,538.0,499.0
2026-06-18T22:15:40.970802+00:00,,99.4065625,0.0,7.443333333349074,1426,1104,538.0,499.0
2026-06-18T22:15:41.071863+00:00,,98.513916015625,0.0,7.443333333349074,1426,1104,538.0,499.0
2026-06-18T22:15:41.172923+00:00,,97.72384765625,0.0,7.443333333349074,1426,1104,538.0,499.0
2026-06-18T22:15:41.272792+00:00,,96.92552734375,0.0,7.443333333349074,1426,1104,538.0,499.0
2026-06-18T22:15:41.373146+00:00,,96.003291015625,0.0,7.443333333349074,1426,1104,538.0,499.0
2026-06-18T22:15:41.473923+00:00,,95.07076171875,0.0,7.443333333349074,1426,1104,538.0,499.0
2026-06-18T22:15:41.573842+00:00,,94.60073242187501,0.0,7.443333333349074,1426,1104,538.0,499.0
2026-06-18T22:15:41.673811+00:00,,93.772265625,0.0,7.443333333349074,1426,1104,538.0,499.0
2026-06-18T22:15:41.773211+00:00,,92.816474609375,0.0,7.443333333349074,1426,1104,538.0,499.0
2026-06-18T22:15:41.872974+00:00,,91.9725390625,0.0,7.443333333349074,1426,1104,538.0,499.0
2026-06-18T22:15:41.972854+00:00,,91.12171875,0.0,7.443333333349074,1426,1104,538.0,499.0
2026-06-18T22:15:42.073502+00:00,,90.14123046875,0.0,7.443333333349074,1426,1104,538.0,499.0
2026-06-18T22:15:42.173861+00:00,,89.276474609375,0.0,7.443333333349074,1426,1104,538.0,499.0
2026-06-18T22:15:42.274055+00:00,,88.28068359375,0.0,7.443333333349074,1426,1104,538.0,499.0
2026-06-18T22:15:42.374957+00:00,,87.403125,0.0,7.443333333349074,1426,1104,538.0,499.0
2026-06-18T22:15:42.473866+00:00,,86.52,0.0,7.443333333349074,1426,1104,538.0,499.0
2026-06-18T22:15:42.573885+00:00,,85.5042578125,0.0,7.443333333349074,1426,1104,538.0,499.0
2026-06-18T22:15:42.674841+00:00,,84.482021484375,0.0,7.443333333349074,1426,1104,538.0,499.0
2026-06-18T22:15:42.774885+00:00,,83.58259765625,0.0,7.443333333349074,1426,1104,538.0,499.0
2026-06-18T22:15:42.873882+00:00,,82.549384765625,0.0,7.443333333349074,1426,1104,538.0,499.0
2026-06-18T22:15:42.974426+00:00,,82.16056640625,0.0,7.443333333349074,1426,1104,538.0,499.0
2026-06-18T22:15:43.074247+00:00,,81.120302734375,0.0,7.443333333349074,1426,1104,538.0,499.0
2026-06-18T22:15:43.175037+00:00,,80.20630859375,0.0,7.443333333349074,1426,1104,538.0,499.0
2026-06-18T22:15:43.274739+00:00,,79.15786132812501,0.0,7.443333333349074,1426,1104,538.0,499.0
2026-06-18T22:15:43.374965+00:00,,78.237431640625,0.0,7.443333333349074,1426,1104,538.0,499.0
2026-06-18T22:15:43.475260+00:00,,77.31451171875,0.0,7.443333333349074,1426,1104,538.0,499.0
2026-06-18T22:15:43.575020+00:00,,76.2571142578125,0.0,7.443333333349074,1426,1104,538.0,499.0
2026-06-18T22:15:43.674835+00:00,,75.329970703125,0.0,7.443333333349074,1426,1104,538.0,499.0
2026-06-18T22:15:43.775543+00:00,,74.2686279296875,0.0,7.443333333349074,1426,1104,538.0,499.0
2026-06-18T22:15:43.874314+00:00,,73.3388037109375,0.0,7.443333333349074,1426,1104,538.0,499.0
2026-06-18T22:15:43.975105+00:00,,72.40826171875,0.0,7.443333333349074,1426,1104,538.0,499.0
2026-06-18T22:15:44.075857+00:00,,71.3443408203125,0.0,7.443333333349074,1426,1104,538.0,499.0
2026-06-18T22:15:44.175683+00:00,,70.4134130859375,0.0,7.443333333349074,1426,1104,538.0,499.0
2026-06-18T22:15:44.276368+00:00,,69.349951171875,0.0,7.443333333349074,1426,1104,538.0,499.0
2026-06-18T22:15:44.376172+00:00,,68.4202001953125,0.0,7.443333333349074,1426,1104,538.0,499.0
2026-06-18T22:15:44.476066+00:00,,67.8893798828125,0.0,7.443333333349074,1426,1104,538.0,499.0
2026-06-18T22:15:44.576721+00:00,,66.8290625,0.0,7.443333333349074,1426,1104,538.0,499.0
2026-06-18T22:15:44.675449+00:00,,65.903046875,0.0,7.443333333349074,1426,1104,538.0,499.0
2026-06-18T22:15:44.776296+00:00,,64.9790380859375,0.0,7.443333333349074,1426,1104,538.0,499.0
2026-06-18T22:15:44.877091+00:00,,63.9258984375,0.0,7.443333333349074,1426,1104,538.0,499.0
2026-06-18T22:15:44.978060+00:00,,62.876298828125,0.0,7.443333333349074,1426,1104,538.0,499.0
2026-06-18T22:15:45.078045+00:00,,61.9611767578125,0.0,7.443333333349074,1426,1104,538.0,499.0
2026-06-18T22:15:45.179120+00:00,,60.919501953125,0.0,7.443333333349074,1426,1104,538.0,499.0
2026-06-18T22:15:45.278188+00:00,,60.0120458984375,0.0,7.443333333349074,1426,1104,538.0,499.0
2026-06-18T22:15:45.378080+00:00,,58.979951171875,0.0,7.443333333349074,1426,1104,538.0,499.0
2026-06-18T22:15:45.478101+00:00,,58.081572265625,0.0,7.443333333349074,1426,1104,538.0,499.0
2026-06-18T22:15:45.578133+00:00,,57.060634765625004,0.0,7.443333333349074,1426,1104,538.0,499.0
2026-06-18T22:15:45.678161+00:00,,56.172695312500004,0.0,7.443333333349074,1426,1104,538.0,499.0
2026-06-18T22:15:45.779218+00:00,,55.6676708984375,0.0,7.443333333349074,1426,1104,538.0,499.0
2026-06-18T22:15:45.878081+00:00,,54.6630322265625,0.0,7.443333333349074,1426,1104,538.0,499.0
2026-06-18T22:15:45.978141+00:00,,53.79015625,0.0,7.443333333349074,1426,1104,538.0,499.0
2026-06-18T22:15:46.079133+00:00,,52.7999951171875,0.0,7.443333333349074,1426,1104,538.0,499.0
2026-06-18T22:15:46.178137+00:00,,51.9403759765625,0.0,7.443333333349074,1426,1104,538.0,499.0
2026-06-18T22:15:46.279230+00:00,,51.0873291015625,0.0,7.443333333349074,1426,1104,538.0,499.0
2026-06-18T22:15:46.379155+00:00,,50.120771484375,0.0,7.443333333349074,1426,1104,538.0,499.0
2026-06-18T22:15:46.480180+00:00,,49.163447265625,0.0,7.443333333349074,1426,1104,538.0,499.0
2026-06-18T22:15:46.579201+00:00,,48.33361328125,0.0,7.443333333349074,1426,1104,538.0,499.0
2026-06-18T22:15:46.680153+00:00,,47.511298828125,0.0,7.443333333349074,1426,1104,538.0,499.0
2026-06-18T22:15:46.779307+00:00,,46.580966796875,0.0,7.443333333349074,1426,1104,538.0,499.0
2026-06-18T22:15:46.880176+00:00,,45.775419921875,0.0,7.443333333349074,1426,1104,538.0,499.0
2026-06-18T22:15:46.980197+00:00,,44.8647265625,0.0,7.443333333349074,1426,1104,538.0,499.0
2026-06-18T22:15:47.079158+00:00,,44.0767529296875,0.0,7.443333333349074,1426,1104,538.0,499.0
2026-06-18T22:15:47.179194+00:00,,43.1865673828125,0.0,7.443333333349074,1426,1104,538.0,499.0
2026-06-18T22:15:47.280365+00:00,,42.7456884765625,0.0,7.443333333349074,1426,1104,538.0,499.0
2026-06-18T22:15:47.380290+00:00,,41.872470703125,0.0,7.443333333349074,1426,1104,538.0,499.0
2026-06-18T22:15:47.480356+00:00,,41.117880859375,0.0,7.443333333349074,1426,1104,538.0,499.0
2026-06-18T22:15:47.579231+00:00,,40.2664794921875,0.0,7.443333333349074,1426,1104,538.0,499.0
2026-06-18T22:15:47.679282+00:00,,39.5312451171875,0.0,7.443333333349074,1426,1104,538.0,499.0
2026-06-18T22:15:47.779327+00:00,,38.702236328125004,0.0,7.443333333349074,1426,1104,538.0,499.0
2026-06-18T22:15:47.880219+00:00,,37.98681396484375,0.0,7.443333333349074,1426,1104,538.0,499.0
2026-06-18T22:15:47.979228+00:00,,37.180676269531254,0.0,7.443333333349074,1426,1104,538.0,499.0
2026-06-18T22:15:48.079238+00:00,,36.4854345703125,0.0,7.443333333349074,1426,1104,538.0,499.0
2026-06-18T22:15:48.179307+00:00,,35.799716796875,0.0,7.443333333349074,1426,1104,538.0,499.0
2026-06-18T22:15:48.279366+00:00,,35.027763671875,0.0,7.443333333349074,1426,1104,538.0,499.0
2026-06-18T22:15:48.380269+00:00,,34.3626171875,0.0,7.443333333349074,1426,1104,538.0,499.0
2026-06-18T22:15:48.480275+00:00,,33.70712890625,0.0,7.443333333349074,1426,1104,538.0,499.0
2026-06-18T22:15:48.580280+00:00,,33.33691162109375,0.0,7.443333333349074,1426,1104,538.0,499.0
2026-06-18T22:15:48.680253+00:00,,32.6059814453125,0.0,7.443333333349074,1426,1104,538.0,499.0
2026-06-18T22:15:48.781392+00:00,,31.97682861328125,0.0,7.443333333349074,1426,1104,538.0,499.0
2026-06-18T22:15:48.880265+00:00,,31.2697021484375,0.0,7.443333333349074,1426,1104,538.0,499.0
2026-06-18T22:15:48.980364+00:00,,30.6613818359375,0.0,7.443333333349074,1426,1104,538.0,499.0
2026-06-18T22:15:49.080275+00:00,,29.97804931640625,0.0,7.443333333349074,1426,1104,538.0,499.0
2026-06-18T22:15:49.181326+00:00,,29.3905224609375,0.0,7.443333333349074,1426,1104,538.0,499.0
2026-06-18T22:15:49.279664+00:00,,28.812666015625002,0.0,7.443333333349074,1426,1104,538.0,499.0
2026-06-18T22:15:49.380314+00:00,,28.1640625,0.0,7.443333333349074,1426,1104,538.0,499.0
2026-06-18T22:15:49.480325+00:00,,27.60682373046875,0.0,7.443333333349074,1426,1104,538.0,499.0
2026-06-18T22:15:49.580340+00:00,,26.9816845703125,0.0,7.443333333349074,1426,1104,538.0,499.0
2026-06-18T22:15:49.680741+00:00,,26.444873046875,0.0,7.443333333349074,1426,1104,538.0,499.0
2026-06-18T22:15:49.779529+00:00,,25.91751220703125,0.0,7.443333333349074,1426,1104,538.0,499.0
2026-06-18T22:15:49.880356+00:00,,25.6203857421875,0.0,7.443333333349074,1426,1104,538.0,499.0
2026-06-18T22:15:49.980359+00:00,,25.035288085937502,0.0,7.443333333349074,1426,1104,538.0,499.0
2026-06-18T22:15:50.397156+00:00,,24.53327880859375,2.9333333333440046,0.0,1649,686,214.0,119.0
2026-06-18T22:15:50.480916+00:00,,22.96959228515625,14.696000000005975,0.0,2541,686,161.0,134.0
2026-06-18T22:15:50.581388+00:00,,23.19064453125,17.629333333349983,0.0,2763,686,206.0,136.0
2026-06-18T22:15:50.680451+00:00,,23.72336181640625,20.562666666667305,0.0,2986,686,215.0,159.0
2026-06-18T22:15:50.780501+00:00,,24.60605712890625,23.49600000001131,0.0,3208,686,210.0,144.0
2026-06-18T22:15:50.880958+00:00,,25.855207519531252,26.429333333355316,0.0,3431,686,249.0,29.0
2026-06-18T22:15:50.980740+00:00,,27.1713671875,29.36266666667264,0.0,3653,686,196.0,82.0
2026-06-18T22:15:51.081480+00:00,,29.034130859375,32.29600000001665,0.0,3876,686,233.0,68.0
2026-06-18T22:15:51.181393+00:00,,30.9556396484375,35.22933333333397,0.0,4098,686,236.0,121.0
2026-06-18T22:15:51.281020+00:00,,33.48687744140625,38.16266666667798,0.0,4321,686,232.0,113.0
2026-06-18T22:15:51.380782+00:00,,34.530498046875,41.09600000002199,0.0,4544,686,211.0,46.0
2026-06-18T22:15:51.480536+00:00,,37.52512939453125,44.0,0.0,4764,686,187.0,73.0
2026-06-18T22:15:51.581319+00:00,,40.43687744140625,44.0,0.0,4764,686,213.0,499.0
2026-06-18T22:15:51.681082+00:00,,44.090380859375,44.0,0.0,4764,686,96.0,499.0
2026-06-18T22:15:51.780820+00:00,,47.95861328125,44.0,0.0,4764,686,538.0,499.0
2026-06-18T22:15:51.881582+00:00,,51.2496630859375,44.0,0.0,4764,686,538.0,499.0
2026-06-18T22:15:51.982474+00:00,,54.886479492187505,44.0,0.0,4764,686,538.0,499.0
2026-06-18T22:15:52.082470+00:00,,57.9677490234375,44.0,0.0,4764,686,538.0,499.0
2026-06-18T22:15:52.182899+00:00,,61.3824755859375,44.0,0.0,4764,686,538.0,499.0
2026-06-18T22:15:52.282702+00:00,,64.283603515625,44.0,0.0,4764,686,538.0,499.0
2026-06-18T22:15:52.382526+00:00,,67.50732421875,44.0,0.0,4764,686,538.0,499.0
2026-06-18T22:15:52.482515+00:00,,70.25333984375,44.0,0.0,4764,686,538.0,499.0
2026-06-18T22:15:52.582989+00:00,,72.9344580078125,44.0,0.0,4764,686,538.0,499.0
2026-06-18T22:15:52.682512+00:00,,74.4390673828125,44.0,0.0,4764,686,538.0,499.0
2026-06-18T22:15:52.782604+00:00,,77.3919873046875,44.0,0.0,4764,686,538.0,499.0
2026-06-18T22:15:52.882518+00:00,,79.9179345703125,44.0,0.0,4764,686,538.0,499.0
2026-06-18T22:15:52.982544+00:00,,82.743427734375,44.0,0.0,4764,686,538.0,499.0
2026-06-18T22:15:53.082614+00:00,,85.165888671875,44.0,0.0,4764,686,538.0,499.0
2026-06-18T22:15:53.182583+00:00,,87.88166015625,44.0,0.0,4764,686,538.0,499.0
2026-06-18T22:15:53.282623+00:00,,90.21512695312501,44.0,0.0,4764,686,538.0,499.0
2026-06-18T22:15:53.382575+00:00,,92.836748046875,44.0,0.0,4764,686,538.0,499.0
2026-06-18T22:15:53.482622+00:00,,95.094072265625,44.0,0.0,4764,686,538.0,499.0
2026-06-18T22:15:53.582709+00:00,,97.635380859375,44.0,0.0,4764,686,538.0,499.0
2026-06-18T22:15:53.682593+00:00,,99.828017578125,44.0,0.0,4764,686,538.0,499.0
2026-06-18T22:15:53.782645+00:00,,101.068876953125,44.0,0.0,4764,686,538.0,499.0
2026-06-18T22:15:53.882605+00:00,,103.526171875,44.0,0.0,4764,686,538.0,499.0
2026-06-18T22:15:54.001621+00:00,,105.65162109375001,0.0,0.0,1426,686,128.0,499.0
2026-06-18T22:15:54.082697+00:00,,108.12818359375001,0.0,0.0,1426,686,226.0,499.0
2026-06-18T22:15:54.182611+00:00,,110.31154296875,0.0,0.0,1426,686,259.0,499.0
2026-06-18T22:15:54.282690+00:00,,111.76203125,0.0,0.0,1426,686,276.0,499.0
2026-06-18T22:15:54.382684+00:00,,112.864345703125,0.0,0.0,1426,686,237.0,499.0
2026-06-18T22:15:54.482729+00:00,,113.27009765625,0.0,0.0,1426,686,128.0,499.0
2026-06-18T22:15:54.582658+00:00,,113.11009765625,0.0,0.0,1426,686,538.0,499.0
2026-06-18T22:15:54.683187+00:00,,112.97009765625,0.0,0.0,1426,686,538.0,499.0
2026-06-18T22:15:54.783777+00:00,,112.81009765625001,0.0,0.0,1426,686,538.0,499.0
2026-06-18T22:15:54.883799+00:00,,112.73009765625,0.0,0.0,1426,686,538.0,499.0
2026-06-18T22:15:54.983716+00:00,,112.59009765625001,0.0,0.0,1426,686,538.0,499.0
2026-06-18T22:15:55.083670+00:00,,112.43009765625,0.0,0.0,1426,686,538.0,499.0
2026-06-18T22:15:55.183669+00:00,,112.29009765625,0.0,0.0,1426,686,538.0,499.0
2026-06-18T22:15:55.283746+00:00,,112.13009765625,0.0,0.0,1426,686,538.0,499.0
2026-06-18T22:15:55.383696+00:00,,111.99009765625,0.0,0.0,1426,686,538.0,499.0
2026-06-18T22:15:55.483744+00:00,,111.83009765625,0.0,0.0,1426,686,538.0,499.0
2026-06-18T22:15:55.583749+00:00,,111.69009765625,0.0,0.0,1426,686,538.0,499.0
2026-06-18T22:15:55.683729+00:00,,111.53009765625,0.0,0.0,1426,686,538.0,499.0
2026-06-18T22:15:55.784732+00:00,,111.39009765625,0.0,0.0,1426,686,538.0,499.0
2026-06-18T22:15:55.884716+00:00,,111.23009765625,0.0,0.0,1426,686,538.0,499.0
2026-06-18T22:15:55.983735+00:00,,111.09009765625001,0.0,0.0,1426,686,538.0,499.0
2026-06-18T22:15:56.083880+00:00,,110.93009765625,0.0,0.0,1426,686,538.0,499.0
2026-06-18T22:15:56.185028+00:00,,110.79009765625,0.0,0.0,1426,686,538.0,499.0
2026-06-18T22:15:56.284768+00:00,,110.63009765625,0.0,0.0,1426,686,538.0,499.0
2026-06-18T22:15:56.385784+00:00,,110.55009765625,0.0,0.0,1426,686,538.0,499.0
2026-06-18T22:15:56.485804+00:00,,110.41009765625,0.0,0.0,1426,686,538.0,499.0
2026-06-18T22:15:56.585834+00:00,,110.25009765625,0.0,0.0,1426,686,538.0,499.0
2026-06-18T22:15:56.686473+00:00,,110.11009765625,0.0,0.0,1426,686,538.0,499.0
2026-06-18T22:15:56.787806+00:00,,109.95009765625001,0.0,0.0,1426,686,538.0,499.0
2026-06-18T22:15:56.888012+00:00,,109.81009765625001,0.0,0.0,1426,686,538.0,499.0
2026-06-18T22:15:56.987898+00:00,,109.65009765625,0.0,0.0,1426,686,538.0,499.0
2026-06-18T22:15:57.087834+00:00,,109.51009765625,0.0,0.0,1426,686,538.0,499.0
2026-06-18T22:15:57.187325+00:00,,109.37009765625,0.0,0.0,1426,686,538.0,499.0
2026-06-18T22:15:57.288133+00:00,,109.21009765625,0.0,0.0,1426,686,538.0,499.0
2026-06-18T22:15:57.388889+00:00,,109.05009765625,0.0,0.0,1426,686,538.0,499.0
2026-06-18T22:15:57.488654+00:00,,108.89009765625,0.0,0.0,1426,686,538.0,499.0
2026-06-18T22:15:57.588382+00:00,,108.75009765625,0.0,0.0,1426,686,538.0,499.0
2026-06-18T22:15:57.688143+00:00,,108.69009765625,0.0,0.0,1426,686,538.0,499.0
2026-06-18T22:15:57.788933+00:00,,108.53009765625,0.0,0.0,1426,686,538.0,499.0
2026-06-18T22:15:57.888702+00:00,,108.37009765625,0.0,0.0,1426,686,538.0,499.0
2026-06-18T22:15:57.988888+00:00,,108.23009765625,0.0,0.0,1426,686,538.0,499.0
2026-06-18T22:15:58.089201+00:00,,108.07009765625,0.0,0.0,1426,686,538.0,499.0
2026-06-18T22:15:58.189038+00:00,,107.91009765625,0.0,0.0,1426,686,538.0,499.0
2026-06-18T22:15:58.288836+00:00,,107.77009765625,0.0,0.0,1426,686,538.0,499.0
2026-06-18T22:15:58.389874+00:00,,107.61009765625,0.0,0.0,1426,686,538.0,499.0
2026-06-18T22:15:58.489880+00:00,,107.47009765625,0.0,0.0,1426,686,538.0,499.0
2026-06-18T22:15:58.590047+00:00,,107.31009765625001,0.0,0.0,1426,686,538.0,499.0
2026-06-18T22:15:58.690799+00:00,,107.17009765625001,0.0,0.0,1426,686,538.0,499.0
2026-06-18T22:15:58.790885+00:00,,107.01009765625,0.0,0.0,1426,686,538.0,499.0
2026-06-18T22:15:58.891319+00:00,,106.87009765625,0.0,0.0,1426,686,538.0,499.0
2026-06-18T22:15:58.991901+00:00,,106.73009765625,0.0,0.0,1426,686,538.0,499.0
2026-06-18T22:15:59.091948+00:00,,106.65009765625,0.0,0.0,1426,686,538.0,499.0
2026-06-18T22:15:59.191062+00:00,,106.49009765625,0.0,0.0,1426,686,538.0,499.0
2026-06-18T22:15:59.290899+00:00,,106.35009765625,0.0,0.0,1426,686,538.0,499.0
2026-06-18T22:15:59.391939+00:00,,106.21009765625,0.0,0.0,1426,686,538.0,499.0
2026-06-18T22:15:59.492935+00:00,,106.05009765625,0.0,0.0,1426,686,538.0,499.0
2026-06-18T22:15:59.592946+00:00,,105.89009765625,0.0,0.0,1426,686,538.0,499.0
2026-06-18T22:15:59.692122+00:00,,105.75009765625,0.0,0.0,1426,686,538.0,499.0
2026-06-18T22:15:59.792957+00:00,,105.59009765625001,0.0,0.0,1426,686,538.0,499.0
2026-06-18T22:15:59.892970+00:00,,105.45009765625001,0.0,0.0,1426,686,538.0,499.0
2026-06-18T22:16:00.309141+00:00,,105.29009765625,0.0,4.000000000014552,1426,911,538.0,137.0
2026-06-18T22:16:00.393000+00:00,,103.74353515625,0.0,20.04000000000815,1426,1812,538.0,119.0
2026-06-18T22:16:00.511012+00:00,,101.742744140625,0.0,20.04000000000815,1426,1812,538.0,76.0
2026-06-18T22:16:00.593005+00:00,,99.134765625,0.0,20.04000000000815,1426,1812,538.0,203.0
2026-06-18T22:16:00.694153+00:00,,96.05775390625,0.0,20.04000000000815,1426,1812,538.0,499.0
2026-06-18T22:16:00.794016+00:00,,92.56669921875,0.0,20.04000000000815,1426,1812,538.0,499.0
2026-06-18T22:16:00.893995+00:00,,89.12216796875,0.0,20.04000000000815,1426,1812,538.0,499.0
2026-06-18T22:16:00.994028+00:00,,86.150029296875,0.0,20.04000000000815,1426,1812,538.0,499.0
2026-06-18T22:16:01.095019+00:00,,82.80505859375,0.0,20.04000000000815,1426,1812,538.0,499.0
2026-06-18T22:16:01.194230+00:00,,79.92656738281251,0.0,20.04000000000815,1426,1812,538.0,499.0
2026-06-18T22:16:01.295046+00:00,,77.0958544921875,0.0,20.04000000000815,1426,1812,538.0,499.0
2026-06-18T22:16:01.395049+00:00,,73.8592626953125,0.0,20.04000000000815,1426,1812,538.0,499.0
2026-06-18T22:16:01.495293+00:00,,71.07779785156251,0.0,20.04000000000815,1426,1812,538.0,499.0
2026-06-18T22:16:01.595161+00:00,,68.35367675781251,0.0,20.04000000000815,1426,1812,538.0,499.0
2026-06-18T22:16:01.695153+00:00,,66.8234423828125,0.0,20.04000000000815,1426,1812,538.0,499.0
2026-06-18T22:16:01.796098+00:00,,63.8219287109375,0.0,20.04000000000815,1426,1812,538.0,499.0
2026-06-18T22:16:01.896082+00:00,,61.261357421875005,0.0,20.04000000000815,1426,1812,538.0,499.0
2026-06-18T22:16:01.996111+00:00,,58.7633154296875,0.0,20.04000000000815,1426,1812,538.0,499.0
2026-06-18T22:16:02.095067+00:00,,55.9860986328125,0.0,20.04000000000815,1426,1812,538.0,499.0
2026-06-18T22:16:02.196585+00:00,,53.624760742187505,0.0,20.04000000000815,1426,1812,538.0,499.0
2026-06-18T22:16:02.295439+00:00,,51.005253906250005,0.0,20.04000000000815,1426,1812,538.0,499.0
2026-06-18T22:16:02.396148+00:00,,48.7827294921875,0.0,20.04000000000815,1426,1812,538.0,499.0
2026-06-18T22:16:02.496139+00:00,,46.322275390625,0.0,20.04000000000815,1426,1812,538.0,499.0
2026-06-18T22:16:02.595124+00:00,,44.2388623046875,0.0,20.04000000000815,1426,1812,538.0,499.0
2026-06-18T22:16:02.695186+00:00,,41.936855468750004,0.0,20.04000000000815,1426,1812,538.0,499.0
2026-06-18T22:16:02.795131+00:00,,39.9912548828125,0.0,20.04000000000815,1426,1812,538.0,499.0
2026-06-18T22:16:02.895119+00:00,,37.84539306640625,0.0,20.04000000000815,1426,1812,538.0,499.0
2026-06-18T22:16:02.995145+00:00,,36.0349267578125,0.0,20.04000000000815,1426,1812,538.0,499.0
2026-06-18T22:16:03.095214+00:00,,35.02818603515625,0.0,20.04000000000815,1426,1812,538.0,499.0
2026-06-18T22:16:03.196264+00:00,,33.07457275390625,0.0,20.04000000000815,1426,1812,538.0,499.0
2026-06-18T22:16:03.297181+00:00,,31.42966064453125,0.0,20.04000000000815,1426,1812,538.0,499.0
2026-06-18T22:16:03.397200+00:00,,29.62202392578125,0.0,20.04000000000815,1426,1812,538.0,499.0
2026-06-18T22:16:03.497217+00:00,,28.10226806640625,0.0,20.04000000000815,1426,1812,538.0,499.0
2026-06-18T22:16:03.598250+00:00,,26.43452880859375,0.0,20.04000000000815,1426,1812,538.0,499.0
2026-06-18T22:16:03.698219+00:00,,25.03429931640625,0.0,20.04000000000815,1426,1812,538.0,499.0
2026-06-18T22:16:03.798274+00:00,,23.49972900390625,0.0,20.04000000000815,1426,1812,538.0,499.0
2026-06-18T22:16:03.897256+00:00,,22.21292236328125,0.0,20.04000000000815,1426,1812,538.0,499.0
2026-06-18T22:16:03.998264+00:00,,20.80434814453125,0.0,20.04000000000815,1426,1812,538.0,499.0
2026-06-18T22:16:04.098265+00:00,,19.459942626953126,0.0,20.04000000000815,1426,1812,538.0,499.0
2026-06-18T22:16:04.197090+00:00,,18.334544677734375,0.0,20.04000000000815,1426,1812,538.0,499.0
2026-06-18T22:16:04.297773+00:00,,17.712230224609375,0.0,20.04000000000815,1426,1812,538.0,499.0
2026-06-18T22:16:04.397562+00:00,,16.658553466796874,0.0,20.04000000000815,1426,1812,538.0,499.0
2026-06-18T22:16:04.497319+00:00,,15.507891845703126,0.0,20.04000000000815,1426,1812,538.0,499.0
2026-06-18T22:16:04.597130+00:00,,14.5463037109375,0.0,20.04000000000815,1426,1812,538.0,499.0
2026-06-18T22:16:04.697820+00:00,,13.497149658203126,0.0,20.04000000000815,1426,1812,538.0,499.0
2026-06-18T22:16:04.798613+00:00,,12.62114501953125,0.0,20.04000000000815,1426,1812,538.0,499.0
2026-06-18T22:16:04.898394+00:00,,11.66614990234375,0.0,20.04000000000815,1426,1812,538.0,499.0
2026-06-18T22:16:04.999194+00:00,,10.869389648437501,0.0,20.04000000000815,1426,1812,538.0,499.0
2026-06-18T22:16:05.098309+00:00,,10.001431884765625,0.0,20.04000000000815,1426,1812,538.0,499.0
2026-06-18T22:16:05.197702+00:00,,9.177078857421876,0.0,20.04000000000815,1426,1812,538.0,499.0
2026-06-18T22:16:05.297444+00:00,,8.49004638671875,0.0,20.04000000000815,1426,1812,538.0,499.0
2026-06-18T22:16:05.398354+00:00,,7.742379760742188,0.0,20.04000000000815,1426,1812,538.0,499.0
2026-06-18T22:16:05.497349+00:00,,7.383015747070313,0.0,20.04000000000815,1426,1812,538.0,499.0
2026-06-18T22:16:05.597788+00:00,,6.776503295898437,0.0,20.04000000000815,1426,1812,538.0,499.0
2026-06-18T22:16:05.698505+00:00,,6.116943969726563,0.0,20.04000000000815,1426,1812,538.0,499.0
2026-06-18T22:16:05.799392+00:00,,5.567974243164063,0.0,20.04000000000815,1426,1812,538.0,499.0
2026-06-18T22:16:05.900037+00:00,,4.971297607421875,0.0,20.04000000000815,1426,1812,538.0,499.0
2026-06-18T22:16:06.000830+00:00,,4.405894165039062,0.0,20.04000000000815,1426,1812,538.0,499.0
2026-06-18T22:16:06.100381+00:00,,3.935638122558594,0.0,20.04000000000815,1426,1812,538.0,499.0
2026-06-18T22:16:06.201567+00:00,,3.4872061157226564,0.0,20.04000000000815,1426,1812,538.0,499.0
2026-06-18T22:16:06.300377+00:00,,3.000235595703125,0.0,20.04000000000815,1426,1812,538.0,499.0
2026-06-18T22:16:06.400374+00:00,,2.595457763671875,0.0,20.04000000000815,1426,1812,538.0,499.0
2026-06-18T22:16:06.500364+00:00,,2.156060028076172,0.0,20.04000000000815,1426,1812,538.0,499.0
2026-06-18T22:16:06.600476+00:00,,1.7909576416015625,0.0,20.04000000000815,1426,1812,538.0,499.0
2026-06-18T22:16:06.700461+00:00,,1.5901188659667969,0.0,20.04000000000815,1426,1812,538.0,499.0
2026-06-18T22:16:06.800395+00:00,,1.2517632293701173,0.0,20.04000000000815,1426,1812,538.0,499.0
2026-06-18T22:16:06.900412+00:00,,0.8846788787841797,0.0,20.04000000000815,1426,1812,538.0,499.0
2026-06-18T22:16:07.000504+00:00,,0.5374814987182618,0.0,20.04000000000815,1426,1812,538.0,499.0
2026-06-18T22:16:07.100406+00:00,,0.24919002532958984,0.0,20.04000000000815,1426,1812,538.0,499.0
2026-06-18T22:16:07.517401+00:00,,0.0,3.0666666666499323,0.0,1659,686,153.0,36.0
2026-06-18T22:16:07.600937+00:00,,0.576485595703125,15.333333333333332,0.0,2589,686,194.0,45.0
2026-06-18T22:16:07.701085+00:00,,1.4370979309082033,18.399999999983265,0.0,2822,686,130.0,2.0
2026-06-18T22:16:07.800453+00:00,,2.7099697875976565,21.466666666661087,0.0,3054,686,222.0,4.0
2026-06-18T22:16:07.901436+00:00,,4.185069885253906,24.563999999983935,0.0,3289,686,210.0,60.0
2026-06-18T22:16:08.001451+00:00,,6.1664758300781255,27.63066666666176,0.0,3522,686,199.0,98.0
2026-06-18T22:16:08.101482+00:00,,7.30006103515625,30.69733333331169,0.0,3755,686,245.0,76.0
2026-06-18T22:16:08.201483+00:00,,9.479301147460937,33.763999999989515,0.0,3987,686,213.0,96.0
2026-06-18T22:16:08.301492+00:00,,12.32728271484375,36.830666666667334,0.0,4220,686,132.0,36.0
2026-06-18T22:16:08.401470+00:00,,15.17864990234375,39.89733333331727,0.0,4453,686,273.0,26.0
2026-06-18T22:16:08.501496+00:00,,18.75745849609375,42.96399999999509,0.0,4685,686,222.0,171.0
2026-06-18T22:16:08.601525+00:00,,22.5970166015625,46.0,0.0,4916,686,198.0,174.0
2026-06-18T22:16:08.701574+00:00,,26.379824218750002,46.0,0.0,4916,686,187.0,403.0
2026-06-18T22:16:08.801531+00:00,,30.9803857421875,46.0,0.0,4916,686,232.0,499.0
2026-06-18T22:16:08.901509+00:00,,35.03721435546875,46.0,0.0,4916,686,538.0,499.0
2026-06-18T22:16:09.001851+00:00,,39.48504150390625,46.0,0.0,4916,686,538.0,499.0
2026-06-18T22:16:09.101540+00:00,,43.22498046875,46.0,0.0,4916,686,538.0,499.0
2026-06-18T22:16:09.201536+00:00,,47.339677734375,46.0,0.0,4916,686,538.0,499.0
2026-06-18T22:16:09.300547+00:00,,51.2977880859375,46.0,0.0,4916,686,538.0,499.0
2026-06-18T22:16:09.401571+00:00,,52.7443603515625,46.0,0.0,4916,686,538.0,499.0
2026-06-18T22:16:09.501586+00:00,,56.0446240234375,46.0,0.0,4916,686,538.0,499.0
2026-06-18T22:16:09.602604+00:00,,59.6954150390625,46.0,0.0,4916,686,538.0,499.0
2026-06-18T22:16:09.701564+00:00,,63.227041015625,46.0,0.0,4916,686,538.0,499.0
2026-06-18T22:16:09.801584+00:00,,66.22684570312501,46.0,0.0,4916,686,538.0,499.0
2026-06-18T22:16:09.901762+00:00,,69.1483642578125,46.0,0.0,4916,686,538.0,499.0
2026-06-18T22:16:10.001625+00:00,,72.39821777343751,46.0,0.0,4916,686,538.0,499.0
2026-06-18T22:16:10.101781+00:00,,75.5601611328125,46.0,0.0,4916,686,538.0,499.0
2026-06-18T22:16:10.202608+00:00,,78.2601025390625,46.0,0.0,4916,686,538.0,499.0
2026-06-18T22:16:10.302616+00:00,,81.275107421875,46.0,0.0,4916,686,538.0,499.0
2026-06-18T22:16:10.401709+00:00,,84.220380859375,46.0,0.0,4916,686,538.0,499.0
2026-06-18T22:16:10.502628+00:00,,86.74458984375,46.0,0.0,4916,686,538.0,499.0
2026-06-18T22:16:10.602843+00:00,,89.223017578125,46.0,0.0,4916,686,538.0,499.0
2026-06-18T22:16:10.702616+00:00,,90.61857421875,46.0,0.0,4916,686,538.0,499.0
2026-06-18T22:16:10.803741+00:00,,93.42041015625,46.0,0.0,4916,686,538.0,499.0
2026-06-18T22:16:10.904631+00:00,,95.83029296875,46.0,0.0,4916,686,538.0,499.0
2026-06-18T22:16:11.004664+00:00,,98.540615234375,46.0,0.0,4916,686,538.0,499.0
2026-06-18T22:16:11.103998+00:00,,100.876865234375,46.0,0.0,4916,686,538.0,499.0
2026-06-18T22:16:11.204747+00:00,,103.51,46.0,0.0,4916,686,538.0,499.0
2026-06-18T22:16:11.322670+00:00,,105.78451171875,0.0,0.0,1426,686,56.0,499.0
2026-06-18T22:16:11.404348+00:00,,108.422470703125,0.0,0.0,1426,686,273.0,499.0
2026-06-18T22:16:11.505095+00:00,,110.391552734375,0.0,0.0,1426,686,244.0,499.0
2026-06-18T22:16:11.604934+00:00,,112.027529296875,0.0,0.0,1426,686,272.0,499.0
2026-06-18T22:16:11.705622+00:00,,113.01486328125,0.0,0.0,1426,686,292.0,499.0
2026-06-18T22:16:11.805420+00:00,,113.419873046875,0.0,0.0,1426,686,146.0,499.0
2026-06-18T22:16:11.905151+00:00,,113.339873046875,0.0,0.0,1426,686,538.0,499.0
2026-06-18T22:16:12.004968+00:00,,113.199873046875,0.0,0.0,1426,686,538.0,499.0
2026-06-18T22:16:12.105697+00:00,,113.059873046875,0.0,0.0,1426,686,538.0,499.0
2026-06-18T22:16:12.205542+00:00,,112.899873046875,0.0,0.0,1426,686,538.0,499.0
2026-06-18T22:16:12.306234+00:00,,112.759873046875,0.0,0.0,1426,686,538.0,499.0
2026-06-18T22:16:12.405014+00:00,,112.599873046875,0.0,0.0,1426,686,538.0,499.0
2026-06-18T22:16:12.504852+00:00,,112.459873046875,0.0,0.0,1426,686,538.0,499.0
2026-06-18T22:16:12.604897+00:00,,112.299873046875,0.0,0.0,1426,686,538.0,499.0
2026-06-18T22:16:12.704774+00:00,,112.159873046875,0.0,0.0,1426,686,538.0,499.0
2026-06-18T22:16:12.804167+00:00,,111.999873046875,0.0,0.0,1426,686,538.0,499.0
2026-06-18T22:16:12.904890+00:00,,111.85987304687501,0.0,0.0,1426,686,538.0,499.0
2026-06-18T22:16:13.004785+00:00,,111.699873046875,0.0,0.0,1426,686,538.0,499.0
2026-06-18T22:16:13.104945+00:00,,111.559873046875,0.0,0.0,1426,686,538.0,499.0
2026-06-18T22:16:13.205792+00:00,,111.479873046875,0.0,0.0,1426,686,538.0,499.0
2026-06-18T22:16:13.304986+00:00,,111.339873046875,0.0,0.0,1426,686,538.0,499.0
2026-06-18T22:16:13.404795+00:00,,111.179873046875,0.0,0.0,1426,686,538.0,499.0
2026-06-18T22:16:13.505862+00:00,,111.039873046875,0.0,0.0,1426,686,538.0,499.0
2026-06-18T22:16:13.605985+00:00,,110.879873046875,0.0,0.0,1426,686,538.0,499.0
2026-06-18T22:16:13.705796+00:00,,110.739873046875,0.0,0.0,1426,686,538.0,499.0
2026-06-18T22:16:13.804827+00:00,,110.57987304687501,0.0,0.0,1426,686,538.0,499.0
2026-06-18T22:16:13.905806+00:00,,110.43987304687501,0.0,0.0,1426,686,538.0,499.0
2026-06-18T22:16:14.005830+00:00,,110.299873046875,0.0,0.0,1426,686,538.0,499.0
2026-06-18T22:16:14.105895+00:00,,110.139873046875,0.0,0.0,1426,686,538.0,499.0
2026-06-18T22:16:14.205826+00:00,,109.999873046875,0.0,0.0,1426,686,538.0,499.0
2026-06-18T22:16:14.305815+00:00,,109.919873046875,0.0,0.0,1426,686,538.0,499.0
2026-06-18T22:16:14.406850+00:00,,109.779873046875,0.0,0.0,1426,686,538.0,499.0
2026-06-18T22:16:14.506863+00:00,,109.619873046875,0.0,0.0,1426,686,538.0,499.0
2026-06-18T22:16:14.606941+00:00,,109.479873046875,0.0,0.0,1426,686,538.0,499.0
2026-06-18T22:16:14.705846+00:00,,109.319873046875,0.0,0.0,1426,686,538.0,499.0
2026-06-18T22:16:14.806875+00:00,,109.179873046875,0.0,0.0,1426,686,538.0,499.0
2026-06-18T22:16:14.907156+00:00,,109.019873046875,0.0,0.0,1426,686,538.0,499.0
2026-06-18T22:16:15.007895+00:00,,108.85987304687501,0.0,0.0,1426,686,538.0,499.0
2026-06-18T22:16:15.107936+00:00,,108.71987304687501,0.0,0.0,1426,686,538.0,499.0
2026-06-18T22:16:15.208949+00:00,,108.559873046875,0.0,0.0,1426,686,538.0,499.0
2026-06-18T22:16:15.307893+00:00,,108.419873046875,0.0,0.0,1426,686,538.0,499.0
2026-06-18T22:16:15.408927+00:00,,108.259873046875,0.0,0.0,1426,686,538.0,499.0
2026-06-18T22:16:15.508922+00:00,,108.119873046875,0.0,0.0,1426,686,538.0,499.0
2026-06-18T22:16:15.608969+00:00,,107.959873046875,0.0,0.0,1426,686,538.0,499.0
2026-06-18T22:16:15.710048+00:00,,107.819873046875,0.0,0.0,1426,686,538.0,499.0
2026-06-18T22:16:15.809037+00:00,,107.739873046875,0.0,0.0,1426,686,538.0,499.0
2026-06-18T22:16:15.908932+00:00,,107.599873046875,0.0,0.0,1426,686,538.0,499.0
2026-06-18T22:16:16.009972+00:00,,107.43987304687501,0.0,0.0,1426,686,538.0,499.0
2026-06-18T22:16:16.108977+00:00,,107.279873046875,0.0,0.0,1426,686,538.0,499.0
2026-06-18T22:16:16.209973+00:00,,107.119873046875,0.0,0.0,1426,686,538.0,499.0
2026-06-18T22:16:16.308938+00:00,,106.979873046875,0.0,0.0,1426,686,538.0,499.0
2026-06-18T22:16:16.409976+00:00,,106.839873046875,0.0,0.0,1426,686,538.0,499.0
2026-06-18T22:16:16.511000+00:00,,106.679873046875,0.0,0.0,1426,686,538.0,499.0
2026-06-18T22:16:16.611256+00:00,,106.539873046875,0.0,0.0,1426,686,538.0,499.0
2026-06-18T22:16:16.712047+00:00,,106.379873046875,0.0,0.0,1426,686,538.0,499.0
2026-06-18T22:16:16.811005+00:00,,106.239873046875,0.0,0.0,1426,686,538.0,499.0
2026-06-18T22:16:16.910999+00:00,,106.07987304687501,0.0,0.0,1426,686,538.0,499.0
2026-06-18T22:16:17.011290+00:00,,105.93987304687501,0.0,0.0,1426,686,538.0,499.0
2026-06-18T22:16:17.111090+00:00,,105.85987304687501,0.0,0.0,1426,686,538.0,499.0
2026-06-18T22:16:17.212051+00:00,,105.699873046875,0.0,0.0,1426,686,538.0,499.0
2026-06-18T22:16:17.627964+00:00,,105.559873046875,0.0,4.333333333309687,1426,929,538.0,152.0
2026-06-18T22:16:17.712094+00:00,,103.41283203125,0.0,21.70999999996942,1426,1906,538.0,117.0
2026-06-18T22:16:18.131159+00:00,,101.341298828125,0.0,21.70999999996942,1426,1906,538.0,70.0
2026-06-18T22:16:18.213096+00:00,,87.2712890625,0.0,21.70999999996942,1426,1906,538.0,499.0
2026-06-18T22:16:18.313148+00:00,,83.999189453125,0.0,21.70999999996942,1426,1906,538.0,499.0
2026-06-18T22:16:18.414250+00:00,,80.3305859375,0.0,21.70999999996942,1426,1906,538.0,499.0
2026-06-18T22:16:18.512752+00:00,,77.1859716796875,0.0,21.70999999996942,1426,1906,538.0,499.0
2026-06-18T22:16:18.612553+00:00,,75.4175634765625,0.0,21.70999999996942,1426,1906,538.0,499.0
2026-06-18T22:16:18.712319+00:00,,72.37439453125,0.0,21.70999999996942,1426,1906,538.0,499.0
2026-06-18T22:16:18.813084+00:00,,68.97923828125,0.0,21.70999999996942,1426,1906,538.0,499.0
2026-06-18T22:16:18.912839+00:00,,66.08302734375,0.0,21.70999999996942,1426,1906,538.0,499.0
2026-06-18T22:16:19.013612+00:00,,62.8604296875,0.0,21.70999999996942,1426,1906,538.0,499.0
2026-06-18T22:16:19.112362+00:00,,59.7328857421875,0.0,21.70999999996942,1426,1906,538.0,499.0
2026-06-18T22:16:19.214134+00:00,,56.7018896484375,0.0,21.70999999996942,1426,1906,538.0,499.0
2026-06-18T22:16:19.313883+00:00,,54.1298095703125,0.0,21.70999999996942,1426,1906,538.0,499.0
2026-06-18T22:16:19.414663+00:00,,51.282353515625005,0.0,21.70999999996942,1426,1906,538.0,499.0
2026-06-18T22:16:19.514477+00:00,,48.871601562500004,0.0,21.70999999996942,1426,1906,538.0,499.0
2026-06-18T22:16:19.614265+00:00,,46.5361865234375,0.0,21.70999999996942,1426,1906,538.0,499.0
2026-06-18T22:16:19.713949+00:00,,43.9590625,0.0,21.70999999996942,1426,1906,538.0,499.0
2026-06-18T22:16:19.813741+00:00,,41.47931640625,0.0,21.70999999996942,1426,1906,538.0,499.0
2026-06-18T22:16:19.914482+00:00,,40.27565673828125,0.0,21.70999999996942,1426,1906,538.0,499.0
2026-06-18T22:16:20.014384+00:00,,37.94001953125,0.0,21.70999999996942,1426,1906,538.0,499.0
2026-06-18T22:16:20.114211+00:00,,35.973818359375,0.0,21.70999999996942,1426,1906,538.0,499.0
2026-06-18T22:16:20.214218+00:00,,34.07880859375,0.0,21.70999999996942,1426,1906,538.0,499.0
2026-06-18T22:16:20.315307+00:00,,31.99870361328125,0.0,21.70999999996942,1426,1906,538.0,499.0
2026-06-18T22:16:20.416262+00:00,,30.252058105468752,0.0,21.70999999996942,1426,1906,538.0,499.0
2026-06-18T22:16:20.515328+00:00,,28.57248046875,0.0,21.70999999996942,1426,1906,538.0,499.0
2026-06-18T22:16:20.616260+00:00,,26.73316162109375,0.0,21.70999999996942,1426,1906,538.0,499.0
2026-06-18T22:16:20.716231+00:00,,24.977148437500002,0.0,21.70999999996942,1426,1906,538.0,499.0
2026-06-18T22:16:20.816257+00:00,,23.507055664062502,0.0,21.70999999996942,1426,1906,538.0,499.0
2026-06-18T22:16:20.916249+00:00,,22.097204589843752,0.0,21.70999999996942,1426,1906,538.0,499.0
2026-06-18T22:16:21.017373+00:00,,20.55751220703125,0.0,21.70999999996942,1426,1906,538.0,499.0
2026-06-18T22:16:21.118250+00:00,,19.091678466796875,0.0,21.70999999996942,1426,1906,538.0,499.0
2026-06-18T22:16:21.217293+00:00,,17.867607421875,0.0,21.70999999996942,1426,1906,538.0,499.0
2026-06-18T22:16:21.318273+00:00,,17.191953125,0.0,21.70999999996942,1426,1906,538.0,499.0
2026-06-18T22:16:21.418288+00:00,,16.050052490234375,0.0,21.70999999996942,1426,1906,538.0,499.0
2026-06-18T22:16:21.518395+00:00,,14.80619384765625,0.0,21.70999999996942,1426,1906,538.0,499.0
2026-06-18T22:16:21.618331+00:00,,13.76939208984375,0.0,21.70999999996942,1426,1906,538.0,499.0
2026-06-18T22:16:21.718377+00:00,,12.641112060546876,0.0,21.70999999996942,1426,1906,538.0,499.0
2026-06-18T22:16:21.819334+00:00,,11.570819091796876,0.0,21.70999999996942,1426,1906,538.0,499.0
2026-06-18T22:16:21.919317+00:00,,10.6799267578125,0.0,21.70999999996942,1426,1906,538.0,499.0
2026-06-18T22:16:22.019633+00:00,,9.829896240234374,0.0,21.70999999996942,1426,1906,538.0,499.0
2026-06-18T22:16:22.119403+00:00,,8.906415405273437,0.0,21.70999999996942,1426,1906,538.0,499.0
2026-06-18T22:16:22.220176+00:00,,8.138604125976563,0.0,21.70999999996942,1426,1906,538.0,499.0
2026-06-18T22:16:22.320330+00:00,,7.305048828125,0.0,21.70999999996942,1426,1906,538.0,499.0
2026-06-18T22:16:22.420722+00:00,,6.612479248046875,0.0,21.70999999996942,1426,1906,538.0,499.0
2026-06-18T22:16:22.520429+00:00,,5.861097412109375,0.0,21.70999999996942,1426,1906,538.0,499.0
2026-06-18T22:16:22.620375+00:00,,5.237188720703125,0.0,21.70999999996942,1426,1906,538.0,499.0
2026-06-18T22:16:22.720372+00:00,,4.894181518554688,0.0,21.70999999996942,1426,1906,538.0,499.0
2026-06-18T22:16:22.821383+00:00,,4.236488342285156,0.0,21.70999999996942,1426,1906,538.0,499.0
2026-06-18T22:16:22.921363+00:00,,3.6907550048828126,0.0,21.70999999996942,1426,1906,538.0,499.0
2026-06-18T22:16:23.021423+00:00,,3.0994140625,0.0,21.70999999996942,1426,1906,538.0,499.0
2026-06-18T22:16:23.121407+00:00,,2.60897705078125,0.0,21.70999999996942,1426,1906,538.0,499.0
2026-06-18T22:16:23.221401+00:00,,2.0777987670898437,0.0,21.70999999996942,1426,1906,538.0,499.0
2026-06-18T22:16:23.321421+00:00,,1.6374514770507813,0.0,21.70999999996942,1426,1906,538.0,499.0
2026-06-18T22:16:23.421580+00:00,,1.1607210540771484,0.0,21.70999999996942,1426,1906,538.0,499.0
2026-06-18T22:16:23.521464+00:00,,0.7108527374267578,0.0,21.70999999996942,1426,1906,538.0,499.0
2026-06-18T22:16:23.621440+00:00,,0.3381303024291992,0.0,21.70999999996942,1426,1906,538.0,499.0
2026-06-18T22:16:23.739456+00:00,,0.0,3.1999999999825377,0.0,1669,686,75.0,79.0
2026-06-18T22:16:23.821518+00:00,,0.0,6.399999999994179,0.0,1912,686,172.0,49.0
2026-06-18T22:16:23.921426+00:00,,0.0,9.60000000000582,0.0,2154,686,97.0,96.0
2026-06-18T22:16:24.021507+00:00,,0.0820289421081543,12.799999999988358,0.0,2397,686,161.0,123.0
2026-06-18T22:16:24.121692+00:00,,0.43682388305664066,16.0,0.0,2640,686,175.0,14.0
2026-06-18T22:16:24.221452+00:00,,1.234500732421875,19.199999999982538,0.0,2883,686,221.0,20.0
2026-06-18T22:16:24.321437+00:00,,2.4611247253417967,22.39999999999418,0.0,3125,686,89.0,13.0
2026-06-18T22:16:24.421485+00:00,,4.1331002807617185,25.60000000000582,0.0,3368,686,188.0,22.0
2026-06-18T22:16:24.521787+00:00,,5.894296875,28.79999999998836,0.0,3611,686,210.0,219.0
2026-06-18T22:16:24.621564+00:00,,8.303463745117188,32.0,0.0,3854,686,132.0,210.0
2026-06-18T22:16:24.721468+00:00,,10.6972119140625,35.19999999998254,0.0,4096,686,276.0,212.0
2026-06-18T22:16:24.822092+00:00,,13.804676513671875,38.39999999999418,0.0,4339,686,224.0,38.0
2026-06-18T22:16:24.921505+00:00,,16.892764892578125,41.60000000000582,0.0,4582,686,149.0,150.0
2026-06-18T22:16:25.021563+00:00,,20.64335205078125,44.79999999998836,0.0,4825,686,192.0,38.0
2026-06-18T22:16:25.121507+00:00,,24.34664306640625,48.0,0.0,5067,686,226.0,22.0
2026-06-18T22:16:25.221523+00:00,,26.57119140625,48.0,0.0,5067,686,161.0,128.0
2026-06-18T22:16:25.322520+00:00,,30.6607568359375,48.0,0.0,5067,686,239.0,307.0
2026-06-18T22:16:25.422567+00:00,,34.991970214843754,48.0,0.0,5067,686,538.0,499.0
2026-06-18T22:16:25.521602+00:00,,39.785400390625,48.0,0.0,5067,686,538.0,499.0
2026-06-18T22:16:25.622300+00:00,,43.809482421875,48.0,0.0,5067,686,538.0,499.0
2026-06-18T22:16:25.722008+00:00,,48.230312500000004,48.0,0.0,5067,686,538.0,499.0
2026-06-18T22:16:25.822800+00:00,,51.95501953125,48.0,0.0,5067,686,538.0,499.0
2026-06-18T22:16:25.923610+00:00,,56.06115234375,48.0,0.0,5067,686,538.0,499.0
2026-06-18T22:16:26.024340+00:00,,59.5323046875,48.0,0.0,5067,686,538.0,499.0
2026-06-18T22:16:26.123563+00:00,,63.3712548828125,48.0,0.0,5067,686,538.0,499.0
2026-06-18T22:16:26.223837+00:00,,66.6266845703125,48.0,0.0,5067,686,538.0,499.0
2026-06-18T22:16:26.324629+00:00,,70.2379150390625,48.0,0.0,5067,686,538.0,499.0
2026-06-18T22:16:26.425429+00:00,,73.3092138671875,48.0,0.0,5067,686,538.0,499.0
2026-06-18T22:16:26.525185+00:00,,75.0295263671875,48.0,0.0,5067,686,538.0,499.0
2026-06-18T22:16:26.625954+00:00,,77.9829931640625,48.0,0.0,5067,686,538.0,499.0
2026-06-18T22:16:26.725709+00:00,,81.27509765625,48.0,0.0,5067,686,538.0,499.0
2026-06-18T22:16:26.825485+00:00,,84.48517578125,48.0,0.0,5067,686,538.0,499.0
2026-06-18T22:16:26.925264+00:00,,87.2319140625,48.0,0.0,5067,686,538.0,499.0
2026-06-18T22:16:27.026008+00:00,,89.925029296875,48.0,0.0,5067,686,538.0,499.0
2026-06-18T22:16:27.126761+00:00,,92.94216796875,48.0,0.0,5067,686,538.0,499.0
2026-06-18T22:16:27.226627+00:00,,95.533115234375,48.0,0.0,5067,686,538.0,499.0
2026-06-18T22:16:27.327311+00:00,,98.4426953125,48.0,0.0,5067,686,538.0,499.0
2026-06-18T22:16:27.426856+00:00,,100.94712890625,48.0,0.0,5067,686,538.0,499.0
2026-06-18T22:16:27.527708+00:00,,103.766025390625,48.0,0.0,5067,686,538.0,499.0
2026-06-18T22:16:27.645670+00:00,,106.197880859375,0.0,0.0,1426,686,123.0,499.0
2026-06-18T22:16:27.727651+00:00,,109.01628906250001,0.0,0.0,1426,686,267.0,499.0
2026-06-18T22:16:27.827673+00:00,,110.30605468750001,0.0,0.0,1426,686,283.0,499.0
2026-06-18T22:16:27.927834+00:00,,111.964384765625,0.0,0.0,1426,686,263.0,499.0
2026-06-18T22:16:28.027916+00:00,,113.244853515625,0.0,0.0,1426,686,274.0,499.0
2026-06-18T22:16:28.127687+00:00,,113.98869140625,0.0,0.0,1426,686,5.0,499.0
2026-06-18T22:16:28.228706+00:00,,113.82869140625,0.0,0.0,1426,686,538.0,499.0
2026-06-18T22:16:28.327694+00:00,,113.66869140625,0.0,0.0,1426,686,538.0,499.0
2026-06-18T22:16:28.427883+00:00,,113.52869140625,0.0,0.0,1426,686,538.0,499.0
2026-06-18T22:16:28.528751+00:00,,113.38869140625,0.0,0.0,1426,686,538.0,499.0
2026-06-18T22:16:28.627734+00:00,,113.22869140625001,0.0,0.0,1426,686,538.0,499.0
2026-06-18T22:16:28.728722+00:00,,113.08869140625,0.0,0.0,1426,686,538.0,499.0
2026-06-18T22:16:28.828744+00:00,,113.00869140625001,0.0,0.0,1426,686,538.0,499.0
2026-06-18T22:16:28.927864+00:00,,112.84869140625,0.0,0.0,1426,686,538.0,499.0
2026-06-18T22:16:29.028748+00:00,,112.70869140625,0.0,0.0,1426,686,538.0,499.0
2026-06-18T22:16:29.129077+00:00,,112.54869140625,0.0,0.0,1426,686,538.0,499.0
2026-06-18T22:16:29.229760+00:00,,112.40869140625,0.0,0.0,1426,686,538.0,499.0
2026-06-18T22:16:29.329748+00:00,,112.26869140625,0.0,0.0,1426,686,538.0,499.0
2026-06-18T22:16:29.429925+00:00,,112.10869140625,0.0,0.0,1426,686,538.0,499.0
2026-06-18T22:16:29.529813+00:00,,111.94869140625,0.0,0.0,1426,686,538.0,499.0
2026-06-18T22:16:29.628953+00:00,,111.80869140625,0.0,0.0,1426,686,538.0,499.0
2026-06-18T22:16:29.729772+00:00,,111.66869140625,0.0,0.0,1426,686,538.0,499.0
2026-06-18T22:16:29.829825+00:00,,111.50869140625001,0.0,0.0,1426,686,538.0,499.0
2026-06-18T22:16:29.929941+00:00,,111.36869140625001,0.0,0.0,1426,686,538.0,499.0
2026-06-18T22:16:30.029814+00:00,,111.20869140625,0.0,0.0,1426,686,538.0,499.0
2026-06-18T22:16:30.128805+00:00,,111.06869140625,0.0,0.0,1426,686,538.0,499.0
2026-06-18T22:16:30.229819+00:00,,110.98869140625,0.0,0.0,1426,686,538.0,499.0
2026-06-18T22:16:30.329802+00:00,,110.84869140625,0.0,0.0,1426,686,538.0,499.0
2026-06-18T22:16:30.430003+00:00,,110.68869140625,0.0,0.0,1426,686,538.0,499.0
2026-06-18T22:16:30.529865+00:00,,110.54869140625,0.0,0.0,1426,686,538.0,499.0
2026-06-18T22:16:30.629834+00:00,,110.38869140625,0.0,0.0,1426,686,538.0,499.0
2026-06-18T22:16:30.728828+00:00,,110.22869140625001,0.0,0.0,1426,686,538.0,499.0
2026-06-18T22:16:30.829853+00:00,,110.08869140625,0.0,0.0,1426,686,538.0,499.0
2026-06-18T22:16:30.929976+00:00,,109.94869140625,0.0,0.0,1426,686,538.0,499.0
2026-06-18T22:16:31.029854+00:00,,109.78869140625,0.0,0.0,1426,686,538.0,499.0
2026-06-18T22:16:31.129879+00:00,,109.62869140625,0.0,0.0,1426,686,538.0,499.0
2026-06-18T22:16:31.229888+00:00,,109.48869140625,0.0,0.0,1426,686,538.0,499.0
2026-06-18T22:16:31.329867+00:00,,109.32869140625,0.0,0.0,1426,686,538.0,499.0
2026-06-18T22:16:31.429021+00:00,,109.24869140625,0.0,0.0,1426,686,538.0,499.0
2026-06-18T22:16:31.529936+00:00,,109.10869140625,0.0,0.0,1426,686,538.0,499.0
2026-06-18T22:16:31.629917+00:00,,108.94869140625,0.0,0.0,1426,686,538.0,499.0
2026-06-18T22:16:31.729905+00:00,,108.80869140625,0.0,0.0,1426,686,538.0,499.0
2026-06-18T22:16:31.829989+00:00,,108.64869140625001,0.0,0.0,1426,686,538.0,499.0
2026-06-18T22:16:31.928581+00:00,,108.50869140625001,0.0,0.0,1426,686,538.0,499.0
2026-06-18T22:16:32.029950+00:00,,108.34869140625,0.0,0.0,1426,686,538.0,499.0
2026-06-18T22:16:32.130123+00:00,,108.20869140625,0.0,0.0,1426,686,538.0,499.0
2026-06-18T22:16:32.229997+00:00,,108.04869140625,0.0,0.0,1426,686,538.0,499.0
2026-06-18T22:16:32.329939+00:00,,107.90869140625,0.0,0.0,1426,686,538.0,499.0
2026-06-18T22:16:32.430444+00:00,,107.74869140625,0.0,0.0,1426,686,538.0,499.0
2026-06-18T22:16:32.529999+00:00,,107.60869140625,0.0,0.0,1426,686,538.0,499.0
2026-06-18T22:16:32.630058+00:00,,107.44869140625,0.0,0.0,1426,686,538.0,499.0
2026-06-18T22:16:32.729723+00:00,,107.30869140625,0.0,0.0,1426,686,538.0,499.0
2026-06-18T22:16:32.829532+00:00,,107.22869140625001,0.0,0.0,1426,686,538.0,499.0
2026-06-18T22:16:32.930271+00:00,,107.06869140625,0.0,0.0,1426,686,538.0,499.0
2026-06-18T22:16:33.030280+00:00,,106.92869140625,0.0,0.0,1426,686,538.0,499.0
2026-06-18T22:16:33.130006+00:00,,106.76869140625,0.0,0.0,1426,686,538.0,499.0
2026-06-18T22:16:33.230010+00:00,,106.62869140625,0.0,0.0,1426,686,538.0,499.0
2026-06-18T22:16:33.330369+00:00,,106.46869140625,0.0,0.0,1426,686,538.0,499.0
2026-06-18T22:16:33.430170+00:00,,106.32869140625,0.0,0.0,1426,686,538.0,499.0
2026-06-18T22:16:33.531081+00:00,,106.16869140625,0.0,0.0,1426,686,538.0,499.0
2026-06-18T22:16:33.648638+00:00,,106.02869140625,0.0,4.666666666683644,1426,948,538.0,16.0
2026-06-18T22:16:33.730411+00:00,,105.86869140625001,0.0,9.333333333324845,1426,1210,538.0,62.0
2026-06-18T22:16:33.849238+00:00,,105.814716796875,0.0,9.333333333324845,1426,1210,538.0,137.0
2026-06-18T22:16:33.931055+00:00,,105.00849609375,0.0,9.333333333324845,1426,1210,538.0,240.0
2026-06-18T22:16:34.031081+00:00,,103.9329296875,0.0,9.333333333324845,1426,1210,538.0,499.0
2026-06-18T22:16:34.130497+00:00,,102.691240234375,0.0,9.333333333324845,1426,1210,538.0,499.0
2026-06-18T22:16:34.231283+00:00,,102.06556640625,0.0,9.333333333324845,1426,1210,538.0,499.0
2026-06-18T22:16:34.331025+00:00,,100.80494140625001,0.0,9.333333333324845,1426,1210,538.0,499.0
2026-06-18T22:16:34.431877+00:00,,99.692119140625,0.0,9.333333333324845,1426,1210,538.0,499.0
2026-06-18T22:16:34.532125+00:00,,98.40970703125001,0.0,9.333333333324845,1426,1210,538.0,499.0
2026-06-18T22:16:34.633103+00:00,,97.27880859375,0.0,9.333333333324845,1426,1210,538.0,499.0
2026-06-18T22:16:34.732094+00:00,,96.140166015625,0.0,9.333333333324845,1426,1210,538.0,499.0
2026-06-18T22:16:34.832143+00:00,,94.829970703125,0.0,9.333333333324845,1426,1210,538.0,499.0
2026-06-18T22:16:34.932126+00:00,,93.67630859375001,0.0,9.333333333324845,1426,1210,538.0,499.0
2026-06-18T22:16:35.033147+00:00,,92.35021484375,0.0,9.333333333324845,1426,1210,538.0,499.0
2026-06-18T22:16:35.133125+00:00,,91.18376953125001,0.0,9.333333333324845,1426,1210,538.0,499.0
2026-06-18T22:16:35.232157+00:00,,89.84439453125,0.0,9.333333333324845,1426,1210,538.0,499.0
2026-06-18T22:16:35.333325+00:00,,88.66751953125001,0.0,9.333333333324845,1426,1210,538.0,499.0
2026-06-18T22:16:35.432199+00:00,,87.4866015625,0.0,9.333333333324845,1426,1210,538.0,499.0
2026-06-18T22:16:35.533197+00:00,,86.64090820312501,0.0,9.333333333324845,1426,1210,538.0,499.0
2026-06-18T22:16:35.632181+00:00,,85.45431640625,0.0,9.333333333324845,1426,1210,538.0,499.0
2026-06-18T22:16:35.732167+00:00,,84.26515625,0.0,9.333333333324845,1426,1210,538.0,499.0
2026-06-18T22:16:35.833353+00:00,,82.903681640625,0.0,9.333333333324845,1426,1210,538.0,499.0
2026-06-18T22:16:35.932326+00:00,,81.5404052734375,0.0,9.333333333324845,1426,1210,538.0,499.0
2026-06-18T22:16:36.032209+00:00,,80.1761669921875,0.0,9.333333333324845,1426,1210,538.0,499.0
2026-06-18T22:16:36.132207+00:00,,78.9823291015625,0.0,9.333333333324845,1426,1210,538.0,499.0
2026-06-18T22:16:36.232201+00:00,,77.6185498046875,0.0,9.333333333324845,1426,1210,538.0,499.0
2026-06-18T22:16:36.333319+00:00,,76.4264013671875,0.0,9.333333333324845,1426,1210,538.0,499.0
2026-06-18T22:16:36.433262+00:00,,75.0660205078125,0.0,9.333333333324845,1426,1210,538.0,499.0
2026-06-18T22:16:36.534232+00:00,,73.7086474609375,0.0,9.333333333324845,1426,1210,538.0,499.0
2026-06-18T22:16:36.633244+00:00,,72.5240625,0.0,9.333333333324845,1426,1210,538.0,499.0
2026-06-18T22:16:36.733439+00:00,,71.848681640625,0.0,9.333333333324845,1426,1210,538.0,499.0
2026-06-18T22:16:36.833407+00:00,,70.6698046875,0.0,9.333333333324845,1426,1210,538.0,499.0
2026-06-18T22:16:36.933238+00:00,,69.3278369140625,0.0,9.333333333324845,1426,1210,538.0,499.0
2026-06-18T22:16:37.033775+00:00,,68.1588623046875,0.0,9.333333333324845,1426,1210,538.0,499.0
2026-06-18T22:16:37.133518+00:00,,66.829580078125,0.0,9.333333333324845,1426,1210,538.0,499.0
2026-06-18T22:16:37.233341+00:00,,65.6728857421875,0.0,9.333333333324845,1426,1210,538.0,499.0
2026-06-18T22:16:37.333362+00:00,,64.3589453125,0.0,9.333333333324845,1426,1210,538.0,499.0
2026-06-18T22:16:37.433285+00:00,,63.216796875,0.0,9.333333333324845,1426,1210,538.0,499.0
2026-06-18T22:16:37.534328+00:00,,61.920727539062504,0.0,9.333333333324845,1426,1210,538.0,499.0
2026-06-18T22:16:37.633349+00:00,,60.7952734375,0.0,9.333333333324845,1426,1210,538.0,499.0
2026-06-18T22:16:37.733670+00:00,,59.6783056640625,0.0,9.333333333324845,1426,1210,538.0,499.0
2026-06-18T22:16:37.834444+00:00,,58.4127197265625,0.0,9.333333333324845,1426,1210,538.0,499.0
2026-06-18T22:16:37.933696+00:00,,57.315361328125,0.0,9.333333333324845,1426,1210,538.0,499.0
2026-06-18T22:16:38.034345+00:00,,56.073232421875,0.0,9.333333333324845,1426,1210,538.0,499.0
2026-06-18T22:16:38.135302+00:00,,54.997280273437504,0.0,9.333333333324845,1426,1210,538.0,499.0
2026-06-18T22:16:38.235309+00:00,,54.387172851562504,0.0,9.333333333324845,1426,1210,538.0,499.0
2026-06-18T22:16:38.335382+00:00,,53.327978515625,0.0,9.333333333324845,1426,1210,538.0,499.0
2026-06-18T22:16:38.436362+00:00,,52.131064453125,0.0,9.333333333324845,1426,1210,538.0,499.0
2026-06-18T22:16:38.536352+00:00,,51.0960107421875,0.0,9.333333333324845,1426,1210,538.0,499.0
2026-06-18T22:16:38.636331+00:00,,49.927490234375,0.0,9.333333333324845,1426,1210,538.0,499.0
2026-06-18T22:16:38.736321+00:00,,48.917934570312504,0.0,9.333333333324845,1426,1210,538.0,499.0
2026-06-18T22:16:38.836549+00:00,,47.9206884765625,0.0,9.333333333324845,1426,1210,538.0,499.0
2026-06-18T22:16:38.936407+00:00,,46.7963623046875,0.0,9.333333333324845,1426,1210,538.0,499.0
2026-06-18T22:16:39.036359+00:00,,45.8262744140625,0.0,9.333333333324845,1426,1210,538.0,499.0
2026-06-18T22:16:39.136355+00:00,,44.733540039062504,0.0,9.333333333324845,1426,1210,538.0,499.0
2026-06-18T22:16:39.236635+00:00,,43.7915380859375,0.0,9.333333333324845,1426,1210,538.0,499.0
2026-06-18T22:16:39.337415+00:00,,42.73134765625,0.0,9.333333333324845,1426,1210,538.0,499.0
2026-06-18T22:16:39.437398+00:00,,41.8181787109375,0.0,9.333333333324845,1426,1210,538.0,499.0
2026-06-18T22:16:39.537400+00:00,,41.3024951171875,0.0,9.333333333324845,1426,1210,538.0,499.0
2026-06-18T22:16:39.637417+00:00,,40.410854492187504,0.0,9.333333333324845,1426,1210,538.0,499.0
2026-06-18T22:16:39.737471+00:00,,39.408779296875004,0.0,9.333333333324845,1426,1210,538.0,499.0
2026-06-18T22:16:39.836461+00:00,,38.546884765625,0.0,9.333333333324845,1426,1210,538.0,499.0
2026-06-18T22:16:39.937019+00:00,,37.57900390625,0.0,9.333333333324845,1426,1210,538.0,499.0
2026-06-18T22:16:40.037442+00:00,,36.74716552734375,0.0,9.333333333324845,1426,1210,538.0,499.0
2026-06-18T22:16:40.136540+00:00,,35.81375244140625,0.0,9.333333333324845,1426,1210,538.0,499.0
2026-06-18T22:16:40.237428+00:00,,35.012138671875,0.0,9.333333333324845,1426,1210,538.0,499.0
2026-06-18T22:16:40.337452+00:00,,34.113300781250004,0.0,9.333333333324845,1426,1210,538.0,499.0
2026-06-18T22:16:40.436842+00:00,,33.341938476562504,0.0,9.333333333324845,1426,1210,538.0,499.0
2026-06-18T22:16:40.537590+00:00,,32.4776318359375,0.0,9.333333333324845,1426,1210,538.0,499.0
2026-06-18T22:16:40.638372+00:00,,31.736418457031252,0.0,9.333333333324845,1426,1210,538.0,499.0
2026-06-18T22:16:40.737463+00:00,,30.9064599609375,0.0,9.333333333324845,1426,1210,538.0,499.0
2026-06-18T22:16:40.837879+00:00,,30.19517822265625,0.0,9.333333333324845,1426,1210,538.0,499.0
2026-06-18T22:16:40.937620+00:00,,29.39925537109375,0.0,9.333333333324845,1426,1210,538.0,499.0
2026-06-18T22:16:41.037492+00:00,,29.00804443359375,0.0,9.333333333324845,1426,1210,538.0,499.0
2026-06-18T22:16:41.138186+00:00,,28.33419677734375,0.0,9.333333333324845,1426,1210,538.0,499.0
2026-06-18T22:16:41.237946+00:00,,27.58075439453125,0.0,9.333333333324845,1426,1210,538.0,499.0
2026-06-18T22:16:41.337710+00:00,,26.93595947265625,0.0,9.333333333324845,1426,1210,538.0,499.0
2026-06-18T22:16:41.438585+00:00,,26.21543212890625,0.0,9.333333333324845,1426,1210,538.0,499.0
2026-06-18T22:16:41.538324+00:00,,25.599165039062502,0.0,9.333333333324845,1426,1210,538.0,499.0
2026-06-18T22:16:41.638521+00:00,,24.9109033203125,0.0,9.333333333324845,1426,1210,538.0,499.0
2026-06-18T22:16:41.738533+00:00,,24.32256103515625,0.0,9.333333333324845,1426,1210,538.0,499.0
2026-06-18T22:16:41.838630+00:00,,23.665842285156252,0.0,9.333333333324845,1426,1210,538.0,499.0
2026-06-18T22:16:41.938535+00:00,,23.10475830078125,0.0,9.333333333324845,1426,1210,538.0,499.0
2026-06-18T22:16:42.038558+00:00,,22.47879150390625,0.0,9.333333333324845,1426,1210,538.0,499.0
2026-06-18T22:16:42.138552+00:00,,21.86888427734375,0.0,9.333333333324845,1426,1210,538.0,499.0
2026-06-18T22:16:42.238672+00:00,,21.348193359375,0.0,9.333333333324845,1426,1210,538.0,499.0
2026-06-18T22:16:42.339550+00:00,,20.76772216796875,0.0,9.333333333324845,1426,1210,538.0,499.0
2026-06-18T22:16:42.439587+00:00,,20.27239501953125,0.0,9.333333333324845,1426,1210,538.0,499.0
2026-06-18T22:16:42.539594+00:00,,19.994552001953124,0.0,9.333333333324845,1426,1210,538.0,499.0
2026-06-18T22:16:42.639592+00:00,,19.517310791015625,0.0,9.333333333324845,1426,1210,538.0,499.0
2026-06-18T22:16:42.738577+00:00,,18.985689697265624,0.0,9.333333333324845,1426,1210,538.0,499.0
2026-06-18T22:16:42.839611+00:00,,18.532391357421876,0.0,9.333333333324845,1426,1210,538.0,499.0
2026-06-18T22:16:42.939605+00:00,,18.027652587890625,0.0,9.333333333324845,1426,1210,538.0,499.0
2026-06-18T22:16:43.039672+00:00,,17.597451171875,0.0,9.333333333324845,1426,1210,538.0,499.0
2026-06-18T22:16:43.139642+00:00,,17.118621826171875,0.0,9.333333333324845,1426,1210,538.0,499.0
2026-06-18T22:16:43.239822+00:00,,16.710660400390626,0.0,9.333333333324845,1426,1210,538.0,499.0
2026-06-18T22:16:43.340656+00:00,,16.25675537109375,0.0,9.333333333324845,1426,1210,538.0,499.0
2026-06-18T22:16:43.440889+00:00,,15.870172119140625,0.0,9.333333333324845,1426,1210,538.0,499.0
2026-06-18T22:16:43.541667+00:00,,15.440206298828125,0.0,9.333333333324845,1426,1210,538.0,499.0
2026-06-18T22:16:43.659693+00:00,,15.074139404296876,3.3333333333151436,0.0,1679,686,79.0,0.0
2026-06-18T22:16:43.741864+00:00,,14.667127685546875,6.666666666660603,0.0,1932,686,221.0,77.0
2026-06-18T22:16:43.841733+00:00,,14.3811181640625,10.000000000006064,0.0,2185,686,239.0,70.0
2026-06-18T22:16:43.941742+00:00,,14.169908447265625,13.333333333321207,0.0,2437,686,100.0,101.0
2026-06-18T22:16:44.041712+00:00,,14.33378173828125,16.70000000000679,0.0,2693,686,175.0,110.0
2026-06-18T22:16:44.142681+00:00,,14.7808251953125,20.033333333321934,0.0,2946,686,211.0,122.0
2026-06-18T22:16:44.243008+00:00,,15.6751171875,23.400000000007516,0.0,3201,686,257.0,79.0
2026-06-18T22:16:44.343820+00:00,,16.8062744140625,26.733333333322662,0.0,3454,686,247.0,133.0
2026-06-18T22:16:44.443737+00:00,,18.466944580078124,30.066666666668123,0.0,3707,686,273.0,128.0
2026-06-18T22:16:44.543747+00:00,,20.28410888671875,33.399999999983265,0.0,3960,686,270.0,26.0
2026-06-18T22:16:44.644023+00:00,,22.7254931640625,36.766666666668854,0.0,4215,686,159.0,57.0
2026-06-18T22:16:44.744900+00:00,,25.606640625,40.09999999998399,0.0,4468,686,306.0,116.0
2026-06-18T22:16:44.844763+00:00,,28.38128173828125,43.43333333332946,0.0,4721,686,175.0,119.0
2026-06-18T22:16:44.944737+00:00,,31.889284667968752,46.766666666644596,0.0,4974,686,225.0,55.0
2026-06-18T22:16:45.044765+00:00,,35.35423095703125,50.0,0.0,5219,686,217.0,137.0
2026-06-18T22:16:45.144760+00:00,,39.576611328125004,50.0,0.0,5219,686,187.0,128.0
2026-06-18T22:16:45.244836+00:00,,44.0945654296875,50.0,0.0,5219,686,221.0,132.0
2026-06-18T22:16:45.343761+00:00,,48.6989111328125,50.0,0.0,5219,686,538.0,34.0
2026-06-18T22:16:45.444783+00:00,,50.3768603515625,50.0,0.0,5219,686,538.0,341.0
2026-06-18T22:16:45.545774+00:00,,54.7305859375,50.0,0.0,5219,686,538.0,499.0
2026-06-18T22:16:45.644834+00:00,,58.4052685546875,50.0,0.0,5219,686,538.0,499.0
2026-06-18T22:16:45.745850+00:00,,61.963916015625,50.0,0.0,5219,686,538.0,499.0
2026-06-18T22:16:45.845784+00:00,,65.89978515625,50.0,0.0,5219,686,538.0,499.0
2026-06-18T22:16:45.945780+00:00,,69.2376513671875,50.0,0.0,5219,686,538.0,499.0
2026-06-18T22:16:46.045892+00:00,,72.9407568359375,50.0,0.0,5219,686,538.0,499.0
2026-06-18T22:16:46.145798+00:00,,76.0906689453125,50.0,0.0,5219,686,538.0,499.0
2026-06-18T22:16:46.246339+00:00,,79.5954296875,50.0,0.0,5219,686,538.0,499.0
2026-06-18T22:16:46.346811+00:00,,82.585087890625,50.0,0.0,5219,686,538.0,499.0
2026-06-18T22:16:46.446917+00:00,,85.920732421875,50.0,0.0,5219,686,538.0,499.0
2026-06-18T22:16:46.545838+00:00,,88.7737890625,50.0,0.0,5219,686,538.0,499.0
2026-06-18T22:16:46.646857+00:00,,91.965390625,50.0,0.0,5219,686,538.0,499.0
2026-06-18T22:16:46.746116+00:00,,93.14446289062501,50.0,0.0,5219,686,538.0,499.0
2026-06-18T22:16:46.845963+00:00,,96.244443359375,50.0,0.0,5219,686,538.0,499.0
2026-06-18T22:16:46.946108+00:00,,98.907607421875,50.0,0.0,5219,686,538.0,499.0
2026-06-18T22:16:47.046879+00:00,,101.528447265625,50.0,0.0,5219,686,538.0,499.0
2026-06-18T22:16:47.146431+00:00,,104.476171875,50.0,0.0,5219,686,538.0,499.0
2026-06-18T22:16:47.563356+00:00,,107.37772460937501,0.0,0.0,1426,686,274.0,499.0
2026-06-18T22:16:47.645096+00:00,,115.293212890625,0.0,0.0,1426,686,263.0,499.0
2026-06-18T22:16:47.746005+00:00,,115.82753906250001,0.0,0.0,1426,686,176.0,499.0
2026-06-18T22:16:47.845905+00:00,,115.6675390625,0.0,0.0,1426,686,537.0,499.0
2026-06-18T22:16:47.946362+00:00,,115.5875390625,0.0,0.0,1426,686,538.0,499.0
2026-06-18T22:16:48.046167+00:00,,115.4475390625,0.0,0.0,1426,686,538.0,499.0
2026-06-18T22:16:48.146000+00:00,,115.2875390625,0.0,0.0,1426,686,538.0,499.0
2026-06-18T22:16:48.247126+00:00,,115.1475390625,0.0,0.0,1426,686,538.0,499.0
2026-06-18T22:16:48.347020+00:00,,114.9875390625,0.0,0.0,1426,686,538.0,499.0
2026-06-18T22:16:48.447230+00:00,,114.82753906250001,0.0,0.0,1426,686,538.0,499.0
2026-06-18T22:16:48.547036+00:00,,114.68753906250001,0.0,0.0,1426,686,538.0,499.0
2026-06-18T22:16:48.647950+00:00,,114.5275390625,0.0,0.0,1426,686,538.0,499.0
2026-06-18T22:16:48.748071+00:00,,114.3875390625,0.0,0.0,1426,686,538.0,499.0
2026-06-18T22:16:48.846972+00:00,,114.2475390625,0.0,0.0,1426,686,538.0,499.0
2026-06-18T22:16:48.947943+00:00,,114.0875390625,0.0,0.0,1426,686,538.0,499.0
2026-06-18T22:16:49.046962+00:00,,113.9275390625,0.0,0.0,1426,686,538.0,499.0
2026-06-18T22:16:49.146958+00:00,,113.7875390625,0.0,0.0,1426,686,538.0,499.0
2026-06-18T22:16:49.248117+00:00,,113.6475390625,0.0,0.0,1426,686,538.0,499.0
2026-06-18T22:16:49.348113+00:00,,113.5675390625,0.0,0.0,1426,686,538.0,499.0
2026-06-18T22:16:49.449044+00:00,,113.4275390625,0.0,0.0,1426,686,538.0,499.0
2026-06-18T22:16:49.549023+00:00,,113.2675390625,0.0,0.0,1426,686,538.0,499.0
2026-06-18T22:16:49.649045+00:00,,113.1075390625,0.0,0.0,1426,686,538.0,499.0
2026-06-18T22:16:49.749205+00:00,,112.96753906250001,0.0,0.0,1426,686,538.0,499.0
2026-06-18T22:16:49.849009+00:00,,112.8075390625,0.0,0.0,1426,686,538.0,499.0
2026-06-18T22:16:49.950024+00:00,,112.6675390625,0.0,0.0,1426,686,538.0,499.0
2026-06-18T22:16:50.050046+00:00,,112.5075390625,0.0,0.0,1426,686,538.0,499.0
2026-06-18T22:16:50.150018+00:00,,112.3675390625,0.0,0.0,1426,686,538.0,499.0
2026-06-18T22:16:50.251169+00:00,,112.2075390625,0.0,0.0,1426,686,538.0,499.0
2026-06-18T22:16:50.351026+00:00,,112.04753906250001,0.0,0.0,1426,686,538.0,499.0
2026-06-18T22:16:50.451071+00:00,,111.9075390625,0.0,0.0,1426,686,538.0,499.0
2026-06-18T22:16:50.551083+00:00,,111.82753906250001,0.0,0.0,1426,686,538.0,499.0
2026-06-18T22:16:50.650079+00:00,,111.68753906250001,0.0,0.0,1426,686,538.0,499.0
2026-06-18T22:16:50.750179+00:00,,111.5275390625,0.0,0.0,1426,686,538.0,499.0
2026-06-18T22:16:50.850070+00:00,,111.3875390625,0.0,0.0,1426,686,538.0,499.0
2026-06-18T22:16:50.950064+00:00,,111.2275390625,0.0,0.0,1426,686,538.0,499.0
2026-06-18T22:16:51.050149+00:00,,111.0675390625,0.0,0.0,1426,686,538.0,499.0
2026-06-18T22:16:51.150129+00:00,,110.9275390625,0.0,0.0,1426,686,538.0,499.0
2026-06-18T22:16:51.250222+00:00,,110.7875390625,0.0,0.0,1426,686,538.0,499.0
2026-06-18T22:16:51.351101+00:00,,110.6275390625,0.0,0.0,1426,686,538.0,499.0
2026-06-18T22:16:51.451127+00:00,,110.4875390625,0.0,0.0,1426,686,538.0,499.0
2026-06-18T22:16:51.551144+00:00,,110.32753906250001,0.0,0.0,1426,686,538.0,499.0
2026-06-18T22:16:51.651130+00:00,,110.2675390625,0.0,0.0,1426,686,538.0,499.0
2026-06-18T22:16:51.752460+00:00,,110.1075390625,0.0,0.0,1426,686,538.0,499.0
2026-06-18T22:16:51.851231+00:00,,109.96753906250001,0.0,0.0,1426,686,538.0,499.0
2026-06-18T22:16:51.951126+00:00,,109.8075390625,0.0,0.0,1426,686,538.0,499.0
2026-06-18T22:16:52.051728+00:00,,109.6475390625,0.0,0.0,1426,686,538.0,499.0
2026-06-18T22:16:52.152149+00:00,,109.5075390625,0.0,0.0,1426,686,538.0,499.0
2026-06-18T22:16:52.252274+00:00,,109.3475390625,0.0,0.0,1426,686,538.0,499.0
2026-06-18T22:16:52.351139+00:00,,109.2075390625,0.0,0.0,1426,686,538.0,499.0
2026-06-18T22:16:52.452201+00:00,,109.04753906250001,0.0,0.0,1426,686,538.0,499.0
2026-06-18T22:16:52.552219+00:00,,108.9075390625,0.0,0.0,1426,686,538.0,499.0
2026-06-18T22:16:52.652196+00:00,,108.7475390625,0.0,0.0,1426,686,538.0,499.0
2026-06-18T22:16:52.753259+00:00,,108.6075390625,0.0,0.0,1426,686,538.0,499.0
2026-06-18T22:16:52.853182+00:00,,108.5275390625,0.0,0.0,1426,686,538.0,499.0
2026-06-18T22:16:52.954190+00:00,,108.3675390625,0.0,0.0,1426,686,538.0,499.0
2026-06-18T22:16:53.053227+00:00,,108.2275390625,0.0,0.0,1426,686,538.0,499.0
2026-06-18T22:16:53.153216+00:00,,108.0675390625,0.0,0.0,1426,686,538.0,499.0
2026-06-18T22:16:53.271290+00:00,,107.9275390625,0.0,4.999999999972715,1426,967,538.0,14.0
2026-06-18T22:16:53.354548+00:00,,107.7675390625,0.0,10.050000000001091,1426,1251,538.0,154.0
2026-06-18T22:16:53.473247+00:00,,107.72765625,0.0,10.050000000001091,1426,1251,538.0,80.0
2026-06-18T22:16:53.555258+00:00,,106.90957031250001,0.0,10.050000000001091,1426,1251,538.0,238.0
2026-06-18T22:16:53.654270+00:00,,105.611328125,0.0,10.050000000001091,1426,1251,538.0,499.0
2026-06-18T22:16:53.754825+00:00,,104.463837890625,0.0,10.050000000001091,1426,1251,538.0,499.0
2026-06-18T22:16:53.854567+00:00,,103.09441406250001,0.0,10.050000000001091,1426,1251,538.0,499.0
2026-06-18T22:16:53.953356+00:00,,101.86099609375,0.0,10.050000000001091,1426,1251,538.0,499.0
2026-06-18T22:16:54.054089+00:00,,100.618486328125,0.0,10.050000000001091,1426,1251,538.0,499.0
2026-06-18T22:16:54.153857+00:00,,99.188046875,0.0,10.050000000001091,1426,1251,538.0,499.0
2026-06-18T22:16:54.254635+00:00,,98.46890625,0.0,10.050000000001091,1426,1251,538.0,499.0
2026-06-18T22:16:54.353410+00:00,,97.20452148437501,0.0,10.050000000001091,1426,1251,538.0,499.0
2026-06-18T22:16:54.454215+00:00,,95.93314453125001,0.0,10.050000000001091,1426,1251,538.0,499.0
2026-06-18T22:16:54.554953+00:00,,94.472373046875,0.0,10.050000000001091,1426,1251,538.0,499.0
2026-06-18T22:16:54.653738+00:00,,93.188076171875,0.0,10.050000000001091,1426,1251,538.0,499.0
2026-06-18T22:16:54.754455+00:00,,91.71416015625,0.0,10.050000000001091,1426,1251,538.0,499.0
2026-06-18T22:16:54.855236+00:00,,90.419814453125,0.0,10.050000000001091,1426,1251,538.0,499.0
2026-06-18T22:16:54.955971+00:00,,88.936103515625,0.0,10.050000000001091,1426,1251,538.0,499.0
2026-06-18T22:16:55.054761+00:00,,87.63469726562501,0.0,10.050000000001091,1426,1251,538.0,499.0
2026-06-18T22:16:55.154517+00:00,,86.144638671875,0.0,10.050000000001091,1426,1251,538.0,499.0
2026-06-18T22:16:55.254374+00:00,,84.83919921875,0.0,10.050000000001091,1426,1251,538.0,499.0
2026-06-18T22:16:55.354350+00:00,,83.3462890625,0.0,10.050000000001091,1426,1251,538.0,499.0
2026-06-18T22:16:55.455399+00:00,,82.039892578125,0.0,10.050000000001091,1426,1251,538.0,499.0
2026-06-18T22:16:55.556387+00:00,,80.5476708984375,0.0,10.050000000001091,1426,1251,538.0,499.0
2026-06-18T22:16:55.656406+00:00,,79.24341796875,0.0,10.050000000001091,1426,1251,538.0,499.0
2026-06-18T22:16:55.756388+00:00,,78.4990087890625,0.0,10.050000000001091,1426,1251,538.0,499.0
2026-06-18T22:16:55.856385+00:00,,77.0127001953125,0.0,10.050000000001091,1426,1251,538.0,499.0
2026-06-18T22:16:55.956396+00:00,,75.7155615234375,0.0,10.050000000001091,1426,1251,538.0,499.0
2026-06-18T22:16:56.056404+00:00,,74.2378564453125,0.0,10.050000000001091,1426,1251,538.0,499.0
2026-06-18T22:16:56.156604+00:00,,72.9497412109375,0.0,10.050000000001091,1426,1251,538.0,499.0
2026-06-18T22:16:56.256403+00:00,,71.666845703125,0.0,10.050000000001091,1426,1251,538.0,499.0
2026-06-18T22:16:56.356412+00:00,,70.2078662109375,0.0,10.050000000001091,1426,1251,538.0,499.0
2026-06-18T22:16:56.456439+00:00,,68.9382421875,0.0,10.050000000001091,1426,1251,538.0,499.0
2026-06-18T22:16:56.556460+00:00,,67.49602539062501,0.0,10.050000000001091,1426,1251,538.0,499.0
2026-06-18T22:16:56.656613+00:00,,66.2424267578125,0.0,10.050000000001091,1426,1251,538.0,499.0
2026-06-18T22:16:56.756833+00:00,,64.8200390625,0.0,10.050000000001091,1426,1251,538.0,499.0
2026-06-18T22:16:56.856442+00:00,,64.2896337890625,0.0,10.050000000001091,1426,1251,538.0,499.0
2026-06-18T22:16:56.956440+00:00,,62.883632812500004,0.0,10.050000000001091,1426,1251,538.0,499.0
2026-06-18T22:16:57.057473+00:00,,61.663896484375,0.0,10.050000000001091,1426,1251,538.0,499.0
2026-06-18T22:16:57.157842+00:00,,60.282607421875,0.0,10.050000000001091,1426,1251,538.0,499.0
2026-06-18T22:16:57.257477+00:00,,59.085634765625,0.0,10.050000000001091,1426,1251,538.0,499.0
2026-06-18T22:16:57.357481+00:00,,57.7316015625,0.0,10.050000000001091,1426,1251,538.0,499.0
2026-06-18T22:16:57.457503+00:00,,56.55951171875,0.0,10.050000000001091,1426,1251,538.0,499.0
2026-06-18T22:16:57.557928+00:00,,55.235048828125,0.0,10.050000000001091,1426,1251,538.0,499.0
2026-06-18T22:16:57.657690+00:00,,53.927216796875,0.0,10.050000000001091,1426,1251,538.0,499.0
2026-06-18T22:16:57.757558+00:00,,52.796943359375,0.0,10.050000000001091,1426,1251,538.0,499.0
2026-06-18T22:16:57.857518+00:00,,51.521767578125,0.0,10.050000000001091,1426,1251,538.0,499.0
2026-06-18T22:16:57.957504+00:00,,50.42083984375,0.0,10.050000000001091,1426,1251,538.0,499.0
2026-06-18T22:16:58.057586+00:00,,49.1800146484375,0.0,10.050000000001091,1426,1251,538.0,499.0
2026-06-18T22:16:58.157734+00:00,,48.7195654296875,0.0,10.050000000001091,1426,1251,538.0,499.0
2026-06-18T22:16:58.257534+00:00,,47.5048779296875,0.0,10.050000000001091,1426,1251,538.0,499.0
2026-06-18T22:16:58.357561+00:00,,46.4579541015625,0.0,10.050000000001091,1426,1251,538.0,499.0
2026-06-18T22:16:58.457571+00:00,,45.279980468750004,0.0,10.050000000001091,1426,1251,538.0,499.0
2026-06-18T22:16:58.557573+00:00,,44.2656689453125,0.0,10.050000000001091,1426,1251,538.0,499.0
2026-06-18T22:16:58.657715+00:00,,43.125439453125004,0.0,10.050000000001091,1426,1251,538.0,499.0
2026-06-18T22:16:58.757546+00:00,,42.00568359375,0.0,10.050000000001091,1426,1251,538.0,499.0
2026-06-18T22:16:58.857561+00:00,,41.04283203125,0.0,10.050000000001091,1426,1251,538.0,499.0
2026-06-18T22:16:58.957562+00:00,,40.095908203125,0.0,10.050000000001091,1426,1251,538.0,499.0
2026-06-18T22:16:59.057584+00:00,,39.03331298828125,0.0,10.050000000001091,1426,1251,538.0,499.0
2026-06-18T22:16:59.157719+00:00,,38.120771484375,0.0,10.050000000001091,1426,1251,538.0,499.0
2026-06-18T22:16:59.257586+00:00,,37.22435791015625,0.0,10.050000000001091,1426,1251,538.0,499.0
2026-06-18T22:16:59.357733+00:00,,36.21967041015625,0.0,10.050000000001091,1426,1251,538.0,499.0
2026-06-18T22:16:59.457617+00:00,,35.725246582031254,0.0,10.050000000001091,1426,1251,538.0,499.0
2026-06-18T22:16:59.557636+00:00,,34.872700195312504,0.0,10.050000000001091,1426,1251,538.0,499.0
2026-06-18T22:16:59.658076+00:00,,33.9181298828125,0.0,10.050000000001091,1426,1251,538.0,499.0
2026-06-18T22:16:59.757614+00:00,,33.10013671875,0.0,10.050000000001091,1426,1251,538.0,499.0
2026-06-18T22:16:59.857682+00:00,,32.18494384765625,0.0,10.050000000001091,1426,1251,538.0,499.0
2026-06-18T22:16:59.957625+00:00,,31.401274414062502,0.0,10.050000000001091,1426,1251,538.0,499.0
2026-06-18T22:17:00.056642+00:00,,30.5251123046875,0.0,10.050000000001091,1426,1251,538.0,499.0
2026-06-18T22:17:00.155884+00:00,,29.775393066406252,0.0,10.050000000001091,1426,1251,538.0,499.0
2026-06-18T22:17:00.257649+00:00,,28.93776611328125,0.0,10.050000000001091,1426,1251,538.0,499.0
2026-06-18T22:17:00.357638+00:00,,28.22150390625,0.0,10.050000000001091,1426,1251,538.0,499.0
2026-06-18T22:17:00.457686+00:00,,27.42178466796875,0.0,10.050000000001091,1426,1251,538.0,499.0
2026-06-18T22:17:00.557700+00:00,,27.12703857421875,0.0,10.050000000001091,1426,1251,538.0,499.0
2026-06-18T22:17:00.656892+00:00,,26.3546533203125,0.0,10.050000000001091,1426,1251,538.0,499.0
2026-06-18T22:17:00.757677+00:00,,25.601870117187502,0.0,10.050000000001091,1426,1251,538.0,499.0
2026-06-18T22:17:00.857295+00:00,,24.95907470703125,0.0,10.050000000001091,1426,1251,538.0,499.0
2026-06-18T22:17:00.956679+00:00,,24.3309228515625,0.0,10.050000000001091,1426,1251,538.0,499.0
2026-06-18T22:17:01.056794+00:00,,23.6307373046875,0.0,10.050000000001091,1426,1251,538.0,499.0
2026-06-18T22:17:01.157570+00:00,,23.0333544921875,0.0,10.050000000001091,1426,1251,538.0,499.0
2026-06-18T22:17:01.258384+00:00,,22.36782958984375,0.0,10.050000000001091,1426,1251,538.0,499.0
2026-06-18T22:17:01.358090+00:00,,21.72036865234375,0.0,10.050000000001091,1426,1251,538.0,499.0
2026-06-18T22:17:01.459877+00:00,,21.16841796875,0.0,10.050000000001091,1426,1251,538.0,499.0
2026-06-18T22:17:01.560680+00:00,,20.55399658203125,0.0,10.050000000001091,1426,1251,538.0,499.0
2026-06-18T22:17:01.661426+00:00,,19.95674072265625,0.0,10.050000000001091,1426,1251,538.0,499.0
2026-06-18T22:17:01.761180+00:00,,19.44797119140625,0.0,10.050000000001091,1426,1251,538.0,499.0
2026-06-18T22:17:01.860935+00:00,,18.882032470703127,0.0,10.050000000001091,1426,1251,538.0,499.0
2026-06-18T22:17:01.960775+00:00,,18.40015869140625,0.0,10.050000000001091,1426,1251,538.0,499.0
2026-06-18T22:17:02.061461+00:00,,18.13029541015625,0.0,10.050000000001091,1426,1251,538.0,499.0
2026-06-18T22:17:02.162209+00:00,,17.667498779296874,0.0,10.050000000001091,1426,1251,538.0,499.0
2026-06-18T22:17:02.262986+00:00,,17.153085937500002,0.0,10.050000000001091,1426,1251,538.0,499.0
2026-06-18T22:17:02.362729+00:00,,16.71540771484375,0.0,10.050000000001091,1426,1251,538.0,499.0
2026-06-18T22:17:02.462525+00:00,,16.229112548828127,0.0,10.050000000001091,1426,1251,538.0,499.0
2026-06-18T22:17:02.562294+00:00,,15.815521240234375,0.0,10.050000000001091,1426,1251,538.0,499.0
2026-06-18T22:17:02.661841+00:00,,15.356162109375001,0.0,10.050000000001091,1426,1251,538.0,499.0
2026-06-18T22:17:02.762820+00:00,,14.965626220703125,0.0,10.050000000001091,1426,1251,538.0,499.0
2026-06-18T22:17:02.861807+00:00,,14.532031250000001,0.0,10.050000000001091,1426,1251,538.0,499.0
2026-06-18T22:17:02.961807+00:00,,14.163526611328125,0.0,10.050000000001091,1426,1251,538.0,499.0
2026-06-18T22:17:03.062843+00:00,,13.80495849609375,0.0,10.050000000001091,1426,1251,538.0,499.0
2026-06-18T22:17:03.162827+00:00,,13.40705078125,0.0,10.050000000001091,1426,1251,538.0,499.0
2026-06-18T22:17:03.280846+00:00,,13.212756347656251,3.666666666646658,0.0,1704,686,89.0,3.0
2026-06-18T22:17:03.362845+00:00,,12.88006103515625,7.333333333326664,0.0,1982,686,194.0,127.0
2026-06-18T22:17:03.462871+00:00,,12.422724609375,11.036666666647458,0.0,2263,686,164.0,126.0
2026-06-18T22:17:03.564058+00:00,,12.3251171875,14.703333333327464,0.0,2541,686,220.0,138.0
2026-06-18T22:17:03.662885+00:00,,12.584738769531251,18.369999999974123,0.0,2820,686,188.0,143.0
2026-06-18T22:17:03.762884+00:00,,13.1979931640625,22.036666666654128,0.0,3098,686,182.0,132.0
2026-06-18T22:17:03.863882+00:00,,14.344571533203125,25.703333333334133,0.0,3376,686,205.0,46.0
2026-06-18T22:17:03.963868+00:00,,15.96029052734375,29.36999999998079,0.0,3654,686,250.0,5.0
2026-06-18T22:17:04.064061+00:00,,17.7715478515625,33.0366666666608,0.0,3932,686,206.0,19.0
2026-06-18T22:17:04.163874+00:00,,19.94045166015625,36.703333333307455,0.0,4210,686,159.0,151.0
2026-06-18T22:17:04.263888+00:00,,22.908525390625,40.36999999998746,0.0,4488,686,237.0,49.0
2026-06-18T22:17:04.363882+00:00,,26.268476562500002,44.036666666667465,0.0,4767,686,220.0,66.0
2026-06-18T22:17:04.463987+00:00,,29.6188623046875,47.70333333331413,0.0,5045,686,210.0,131.0
2026-06-18T22:17:04.563141+00:00,,31.708078613281252,51.36999999999413,0.0,5323,686,258.0,0.0
2026-06-18T22:17:04.663431+00:00,,36.12837890625,55.0,0.0,5598,686,269.0,36.0
2026-06-18T22:17:04.764224+00:00,,40.38034912109375,55.0,0.0,5598,686,159.0,433.0
2026-06-18T22:17:04.865066+00:00,,45.415356445312504,55.0,0.0,5598,686,352.0,499.0
2026-06-18T22:17:04.964959+00:00,,49.9345263671875,55.0,0.0,5598,686,538.0,499.0
2026-06-18T22:17:05.065163+00:00,,54.892412109375,55.0,0.0,5598,686,538.0,499.0
2026-06-18T22:17:05.164968+00:00,,59.0647265625,55.0,0.0,5598,686,538.0,499.0
2026-06-18T22:17:05.265970+00:00,,63.659892578125,55.0,0.0,5598,686,538.0,499.0
2026-06-18T22:17:05.366967+00:00,,67.5414697265625,55.0,0.0,5598,686,538.0,499.0
2026-06-18T22:17:05.465994+00:00,,71.8318603515625,55.0,0.0,5598,686,538.0,499.0
2026-06-18T22:17:05.567204+00:00,,75.9797802734375,55.0,0.0,5598,686,538.0,499.0
2026-06-18T22:17:05.665991+00:00,,79.5020263671875,55.0,0.0,5598,686,538.0,499.0
2026-06-18T22:17:05.766993+00:00,,81.47292480468751,55.0,0.0,5598,686,538.0,499.0
2026-06-18T22:17:05.867002+00:00,,84.85357421875,55.0,0.0,5598,686,538.0,499.0
2026-06-18T22:17:05.966999+00:00,,88.61785156250001,55.0,0.0,5598,686,538.0,499.0
2026-06-18T22:17:06.068213+00:00,,91.83158203125001,55.0,0.0,5598,686,538.0,499.0
2026-06-18T22:17:06.167999+00:00,,95.86332031250001,55.0,0.0,5598,686,538.0,499.0
2026-06-18T22:17:06.267035+00:00,,98.927763671875,55.0,0.0,5598,686,538.0,499.0
2026-06-18T22:17:06.367019+00:00,,102.360380859375,55.0,0.0,5598,686,538.0,499.0
2026-06-18T22:17:06.468059+00:00,,105.30814453125001,55.0,0.0,5598,686,538.0,499.0
2026-06-18T22:17:06.585212+00:00,,108.61900390625,0.0,0.0,1426,686,51.0,499.0
2026-06-18T22:17:06.667037+00:00,,111.522197265625,0.0,0.0,1426,686,284.0,499.0
2026-06-18T22:17:06.768063+00:00,,114.398046875,0.0,0.0,1426,686,310.0,499.0
2026-06-18T22:17:06.868283+00:00,,116.25478515625001,0.0,0.0,1426,686,231.0,499.0
2026-06-18T22:17:06.968119+00:00,,116.795322265625,0.0,0.0,1426,686,296.0,499.0
2026-06-18T22:17:07.068802+00:00,,118.054365234375,0.0,0.0,1426,686,80.0,499.0
2026-06-18T22:17:07.169062+00:00,,118.11775390625,0.0,0.0,1426,686,432.0,499.0
2026-06-18T22:17:07.269117+00:00,,117.95775390625,0.0,0.0,1426,686,538.0,499.0
2026-06-18T22:17:07.368217+00:00,,117.81775390625,0.0,0.0,1426,686,538.0,499.0
2026-06-18T22:17:07.469097+00:00,,117.65775390625001,0.0,0.0,1426,686,538.0,499.0
2026-06-18T22:17:07.569216+00:00,,117.51775390625001,0.0,0.0,1426,686,538.0,499.0
2026-06-18T22:17:07.670139+00:00,,117.35775390625,0.0,0.0,1426,686,538.0,499.0
2026-06-18T22:17:07.770160+00:00,,117.21775390625,0.0,0.0,1426,686,538.0,499.0
2026-06-18T22:17:07.869951+00:00,,117.05775390625,0.0,0.0,1426,686,538.0,499.0
2026-06-18T22:17:07.969748+00:00,,116.91775390625,0.0,0.0,1426,686,538.0,499.0
2026-06-18T22:17:08.070515+00:00,,116.75775390625,0.0,0.0,1426,686,538.0,499.0
2026-06-18T22:17:08.169321+00:00,,116.61775390625,0.0,0.0,1426,686,538.0,499.0
2026-06-18T22:17:08.269143+00:00,,116.45775390625,0.0,0.0,1426,686,538.0,499.0
2026-06-18T22:17:08.370163+00:00,,116.39775390625,0.0,0.0,1426,686,538.0,499.0
2026-06-18T22:17:08.469558+00:00,,116.23775390625,0.0,0.0,1426,686,538.0,499.0
2026-06-18T22:17:08.570328+00:00,,116.09775390625,0.0,0.0,1426,686,538.0,499.0
2026-06-18T22:17:08.671099+00:00,,115.93775390625001,0.0,0.0,1426,686,538.0,499.0
2026-06-18T22:17:08.771167+00:00,,115.79775390625001,0.0,0.0,1426,686,538.0,499.0
2026-06-18T22:17:08.870592+00:00,,115.63775390625,0.0,0.0,1426,686,538.0,499.0
2026-06-18T22:17:08.971344+00:00,,115.49775390625,0.0,0.0,1426,686,538.0,499.0
2026-06-18T22:17:09.072261+00:00,,115.35775390625,0.0,0.0,1426,686,538.0,499.0
2026-06-18T22:17:09.173892+00:00,,115.19775390625,0.0,0.0,1426,686,538.0,499.0
2026-06-18T22:17:09.272656+00:00,,115.03775390625,0.0,0.0,1426,686,538.0,499.0
2026-06-18T22:17:09.373409+00:00,,114.89775390625,0.0,0.0,1426,686,538.0,499.0
2026-06-18T22:17:09.473221+00:00,,114.73775390625,0.0,0.0,1426,686,538.0,499.0
2026-06-18T22:17:09.573956+00:00,,114.59775390625,0.0,0.0,1426,686,538.0,499.0
2026-06-18T22:17:09.672754+00:00,,114.43775390625001,0.0,0.0,1426,686,538.0,499.0
2026-06-18T22:17:09.773505+00:00,,114.35775390625,0.0,0.0,1426,686,538.0,499.0
2026-06-18T22:17:09.874266+00:00,,114.21775390625,0.0,0.0,1426,686,538.0,499.0
2026-06-18T22:17:09.973246+00:00,,114.05775390625,0.0,0.0,1426,686,538.0,499.0
2026-06-18T22:17:10.073326+00:00,,113.91775390625,0.0,0.0,1426,686,538.0,499.0
2026-06-18T22:17:10.173240+00:00,,113.75775390625,0.0,0.0,1426,686,538.0,499.0
2026-06-18T22:17:10.273275+00:00,,113.61775390625,0.0,0.0,1426,686,538.0,499.0
2026-06-18T22:17:10.374248+00:00,,113.47775390625,0.0,0.0,1426,686,538.0,499.0
2026-06-18T22:17:10.474294+00:00,,113.31775390625,0.0,0.0,1426,686,538.0,499.0
2026-06-18T22:17:10.574316+00:00,,113.17775390625,0.0,0.0,1426,686,538.0,499.0
2026-06-18T22:17:10.674301+00:00,,113.01775390625001,0.0,0.0,1426,686,538.0,499.0
2026-06-18T22:17:10.774280+00:00,,112.87775390625,0.0,0.0,1426,686,538.0,499.0
2026-06-18T22:17:10.874316+00:00,,112.71775390625,0.0,0.0,1426,686,538.0,499.0
2026-06-18T22:17:10.975311+00:00,,112.57775390625,0.0,0.0,1426,686,538.0,499.0
2026-06-18T22:17:11.074383+00:00,,112.49775390625,0.0,0.0,1426,686,538.0,499.0
2026-06-18T22:17:11.174348+00:00,,112.35775390625,0.0,0.0,1426,686,538.0,499.0
2026-06-18T22:17:11.274374+00:00,,112.19775390625,0.0,0.0,1426,686,538.0,499.0
2026-06-18T22:17:11.375323+00:00,,112.05775390625,0.0,0.0,1426,686,538.0,499.0
2026-06-18T22:17:11.474349+00:00,,111.89775390625,0.0,0.0,1426,686,538.0,499.0
2026-06-18T22:17:11.574422+00:00,,111.75775390625,0.0,0.0,1426,686,538.0,499.0
2026-06-18T22:17:11.674339+00:00,,111.59775390625,0.0,0.0,1426,686,538.0,499.0
2026-06-18T22:17:11.774351+00:00,,111.45775390625,0.0,0.0,1426,686,538.0,499.0
2026-06-18T22:17:11.874371+00:00,,111.29775390625001,0.0,0.0,1426,686,538.0,499.0
2026-06-18T22:17:11.974423+00:00,,111.15775390625001,0.0,0.0,1426,686,538.0,499.0
2026-06-18T22:17:12.074400+00:00,,110.99775390625,0.0,0.0,1426,686,538.0,499.0
2026-06-18T22:17:12.174368+00:00,,110.85775390625,0.0,0.0,1426,686,538.0,499.0
2026-06-18T22:17:12.274718+00:00,,110.69775390625,0.0,0.0,1426,686,538.0,499.0
2026-06-18T22:17:12.374450+00:00,,110.55775390625,0.0,0.0,1426,686,538.0,499.0
2026-06-18T22:17:12.474420+00:00,,110.47775390625,0.0,0.0,1426,686,538.0,499.0
2026-06-18T22:17:12.890370+00:00,,110.33775390625,0.0,5.33333333330423,1426,986,538.0,140.0
2026-06-18T22:17:12.976422+00:00,,107.617919921875,0.0,26.77333333330656,1426,2190,538.0,175.0
2026-06-18T22:17:13.094469+00:00,,104.23630859375,0.0,26.77333333330656,1426,2190,538.0,5.0
2026-06-18T22:17:13.176446+00:00,,100.19304687500001,0.0,26.77333333330656,1426,2190,538.0,240.0
2026-06-18T22:17:13.276454+00:00,,95.8914453125,0.0,26.77333333330656,1426,2190,538.0,499.0
2026-06-18T22:17:13.376446+00:00,,91.075166015625,0.0,26.77333333330656,1426,2190,538.0,499.0
2026-06-18T22:17:13.476665+00:00,,86.954267578125,0.0,26.77333333330656,1426,2190,538.0,499.0
2026-06-18T22:17:13.576507+00:00,,82.357763671875,0.0,26.77333333330656,1426,2190,538.0,499.0
2026-06-18T22:17:13.677410+00:00,,77.88784179687501,0.0,26.77333333330656,1426,2190,538.0,499.0
2026-06-18T22:17:13.777477+00:00,,74.0847021484375,0.0,26.77333333330656,1426,2190,538.0,499.0
2026-06-18T22:17:13.878472+00:00,,69.86572265625,0.0,26.77333333330656,1426,2190,538.0,499.0
2026-06-18T22:17:13.977747+00:00,,68.31937500000001,0.0,26.77333333330656,1426,2190,538.0,499.0
2026-06-18T22:17:14.078493+00:00,,64.2927587890625,0.0,26.77333333330656,1426,2190,538.0,499.0
2026-06-18T22:17:14.178475+00:00,,60.408994140625,0.0,26.77333333330656,1426,2190,538.0,499.0
2026-06-18T22:17:14.278499+00:00,,57.1291064453125,0.0,26.77333333330656,1426,2190,538.0,499.0
2026-06-18T22:17:14.379487+00:00,,53.5166845703125,0.0,26.77333333330656,1426,2190,538.0,499.0
2026-06-18T22:17:14.478710+00:00,,50.474912109375,0.0,26.77333333330656,1426,2190,538.0,499.0
2026-06-18T22:17:14.579520+00:00,,47.5439208984375,0.0,26.77333333330656,1426,2190,538.0,499.0
2026-06-18T22:17:14.679527+00:00,,44.3288916015625,0.0,26.77333333330656,1426,2190,538.0,499.0
2026-06-18T22:17:14.779553+00:00,,41.255927734375,0.0,26.77333333330656,1426,2190,538.0,499.0
2026-06-18T22:17:14.879687+00:00,,38.322841796875004,0.0,26.77333333330656,1426,2190,538.0,499.0
2026-06-18T22:17:14.978638+00:00,,35.86907958984375,0.0,26.77333333330656,1426,2190,538.0,499.0
2026-06-18T22:17:15.078563+00:00,,34.5133447265625,0.0,26.77333333330656,1426,2190,538.0,499.0
2026-06-18T22:17:15.178968+00:00,,32.22056640625,0.0,26.77333333330656,1426,2190,538.0,499.0
2026-06-18T22:17:15.278729+00:00,,29.7219384765625,0.0,26.77333333330656,1426,2190,538.0,499.0
2026-06-18T22:17:15.378556+00:00,,27.63931640625,0.0,26.77333333330656,1426,2190,538.0,499.0
2026-06-18T22:17:15.478664+00:00,,25.3741357421875,0.0,26.77333333330656,1426,2190,538.0,499.0
2026-06-18T22:17:15.579024+00:00,,23.489609375,0.0,26.77333333330656,1426,2190,538.0,499.0
2026-06-18T22:17:15.678792+00:00,,21.443505859375,0.0,26.77333333330656,1426,2190,538.0,499.0
2026-06-18T22:17:15.779539+00:00,,19.744107666015626,0.0,26.77333333330656,1426,2190,538.0,499.0
2026-06-18T22:17:15.880328+00:00,,17.901944580078126,0.0,26.77333333330656,1426,2190,538.0,499.0
2026-06-18T22:17:15.980076+00:00,,16.3742529296875,0.0,26.77333333330656,1426,2190,538.0,499.0
2026-06-18T22:17:16.080855+00:00,,14.720595703125,0.0,26.77333333330656,1426,2190,538.0,499.0
2026-06-18T22:17:16.181672+00:00,,13.16117919921875,0.0,26.77333333330656,1426,2190,538.0,499.0
2026-06-18T22:17:16.280639+00:00,,12.41545654296875,0.0,26.77333333330656,1426,2190,538.0,499.0
2026-06-18T22:17:16.381138+00:00,,11.162923583984375,0.0,26.77333333330656,1426,2190,538.0,499.0
2026-06-18T22:17:16.480974+00:00,,9.810120849609374,0.0,26.77333333330656,1426,2190,538.0,499.0
2026-06-18T22:17:16.580743+00:00,,8.69214111328125,0.0,26.77333333330656,1426,2190,538.0,499.0
2026-06-18T22:17:16.681642+00:00,,7.48593505859375,0.0,26.77333333330656,1426,2190,538.0,499.0
2026-06-18T22:17:16.781646+00:00,,6.490098876953125,0.0,26.77333333330656,1426,2190,538.0,499.0
2026-06-18T22:17:16.881013+00:00,,5.547205810546875,0.0,26.77333333330656,1426,2190,538.0,499.0
2026-06-18T22:17:16.981818+00:00,,4.531265869140625,0.0,26.77333333330656,1426,2190,538.0,499.0
2026-06-18T22:17:17.081679+00:00,,3.5776675415039065,0.0,26.77333333330656,1426,2190,538.0,499.0
2026-06-18T22:17:17.181666+00:00,,2.7917041015625,0.0,26.77333333330656,1426,2190,538.0,499.0
2026-06-18T22:17:17.281705+00:00,,2.0486244201660155,0.0,26.77333333330656,1426,2190,538.0,499.0
2026-06-18T22:17:17.381855+00:00,,1.2491710662841797,0.0,26.77333333330656,1426,2190,538.0,499.0
2026-06-18T22:17:17.481824+00:00,,0.49989871978759765,0.0,26.77333333330656,1426,2190,538.0,499.0
2026-06-18T22:17:17.898781+00:00,,0.14316582679748535,4.000000000014552,0.0,1729,686,263.0,41.0
2026-06-18T22:17:17.982820+00:00,,0.43780735015869143,20.080000000016298,0.0,2949,686,226.0,50.0
2026-06-18T22:17:18.083755+00:00,,1.2795227813720704,24.07999999999447,0.0,3253,686,291.0,72.0
2026-06-18T22:17:18.183749+00:00,,2.779993591308594,28.080000000009022,0.0,3556,686,270.0,55.0
2026-06-18T22:17:18.283788+00:00,,4.895077819824219,32.080000000023574,0.0,3860,686,259.0,44.0
2026-06-18T22:17:18.383750+00:00,,7.099264526367188,36.080000000001746,0.0,4163,686,217.0,221.0
2026-06-18T22:17:18.483852+00:00,,10.198933715820313,40.0800000000163,0.0,4466,686,354.0,50.0
2026-06-18T22:17:18.583113+00:00,,13.832789306640626,44.07999999999447,0.0,4770,686,239.0,208.0
2026-06-18T22:17:18.684394+00:00,,17.33677978515625,48.08000000000902,0.0,5073,686,237.0,221.0
2026-06-18T22:17:18.783776+00:00,,21.91083984375,52.080000000023574,0.0,5377,686,244.0,29.0
2026-06-18T22:17:18.882793+00:00,,26.25155517578125,56.080000000001746,0.0,5680,686,247.0,208.0
2026-06-18T22:17:18.983825+00:00,,28.89378662109375,60.0,0.0,5978,686,246.0,31.0
2026-06-18T22:17:19.083937+00:00,,34.31700927734375,60.0,0.0,5978,686,258.0,73.0
2026-06-18T22:17:19.184791+00:00,,39.37816650390625,60.0,0.0,5978,686,59.0,396.0
2026-06-18T22:17:19.284826+00:00,,45.2396923828125,60.0,0.0,5978,686,538.0,499.0
2026-06-18T22:17:19.384235+00:00,,50.1419970703125,60.0,0.0,5978,686,538.0,499.0
2026-06-18T22:17:19.484887+00:00,,55.5096875,60.0,0.0,5978,686,538.0,499.0
2026-06-18T22:17:19.584854+00:00,,60.018740234375,60.0,0.0,5978,686,538.0,499.0
2026-06-18T22:17:19.684850+00:00,,64.9766357421875,60.0,0.0,5978,686,538.0,499.0
2026-06-18T22:17:19.784864+00:00,,69.158330078125,60.0,0.0,5978,686,538.0,499.0
2026-06-18T22:17:19.885046+00:00,,73.774169921875,60.0,0.0,5978,686,538.0,499.0
2026-06-18T22:17:19.983878+00:00,,78.2309033203125,60.0,0.0,5978,686,538.0,499.0
2026-06-18T22:17:20.084874+00:00,,82.011220703125,60.0,0.0,5978,686,538.0,499.0
2026-06-18T22:17:20.184851+00:00,,85.689296875,60.0,0.0,5978,686,538.0,499.0
2026-06-18T22:17:20.284873+00:00,,89.777841796875,60.0,0.0,5978,686,538.0,499.0
2026-06-18T22:17:20.386107+00:00,,91.281572265625,60.0,0.0,5978,686,538.0,499.0
2026-06-18T22:17:20.485850+00:00,,95.21853515625,60.0,0.0,5978,686,538.0,499.0
2026-06-18T22:17:20.585920+00:00,,98.5822265625,60.0,0.0,5978,686,538.0,499.0
2026-06-18T22:17:20.684908+00:00,,102.34181640625,60.0,0.0,5978,686,538.0,499.0
2026-06-18T22:17:20.785891+00:00,,105.5637109375,60.0,0.0,5978,686,538.0,499.0
2026-06-18T22:17:20.903084+00:00,,109.17548828125,0.0,0.0,1426,686,133.0,499.0
2026-06-18T22:17:20.986035+00:00,,112.762451171875,0.0,0.0,1426,686,254.0,499.0
2026-06-18T22:17:21.086047+00:00,,115.5491796875,0.0,0.0,1426,686,290.0,499.0
2026-06-18T22:17:21.186325+00:00,,117.675,0.0,0.0,1426,686,289.0,499.0
2026-06-18T22:17:21.285907+00:00,,119.32453125,0.0,0.0,1426,686,278.0,499.0
2026-06-18T22:17:21.385545+00:00,,120.624345703125,0.0,0.0,1426,686,31.0,499.0
2026-06-18T22:17:21.486958+00:00,,120.6356640625,0.0,0.0,1426,686,208.0,499.0
2026-06-18T22:17:21.587100+00:00,,120.4756640625,0.0,0.0,1426,686,538.0,499.0
2026-06-18T22:17:21.687974+00:00,,120.4156640625,0.0,0.0,1426,686,538.0,499.0
2026-06-18T22:17:21.786936+00:00,,120.2556640625,0.0,0.0,1426,686,538.0,499.0
2026-06-18T22:17:21.887393+00:00,,120.0956640625,0.0,0.0,1426,686,538.0,499.0
2026-06-18T22:17:21.987115+00:00,,119.9556640625,0.0,0.0,1426,686,538.0,499.0
2026-06-18T22:17:22.087920+00:00,,119.79566406250001,0.0,0.0,1426,686,538.0,499.0
2026-06-18T22:17:22.188670+00:00,,119.65566406250001,0.0,0.0,1426,686,538.0,499.0
2026-06-18T22:17:22.289438+00:00,,119.4956640625,0.0,0.0,1426,686,538.0,499.0
2026-06-18T22:17:22.389203+00:00,,119.3556640625,0.0,0.0,1426,686,538.0,499.0
2026-06-18T22:17:22.489102+00:00,,119.1956640625,0.0,0.0,1426,686,538.0,499.0
2026-06-18T22:17:22.588804+00:00,,119.0556640625,0.0,0.0,1426,686,538.0,499.0
2026-06-18T22:17:22.689003+00:00,,118.8956640625,0.0,0.0,1426,686,538.0,499.0
2026-06-18T22:17:22.788319+00:00,,118.7556640625,0.0,0.0,1426,686,538.0,499.0
2026-06-18T22:17:22.889167+00:00,,118.5956640625,0.0,0.0,1426,686,538.0,499.0
2026-06-18T22:17:22.989024+00:00,,118.51566406250001,0.0,0.0,1426,686,538.0,499.0
2026-06-18T22:17:23.089659+00:00,,118.3556640625,0.0,0.0,1426,686,538.0,499.0
2026-06-18T22:17:23.190397+00:00,,118.2156640625,0.0,0.0,1426,686,538.0,499.0
2026-06-18T22:17:23.291176+00:00,,118.0556640625,0.0,0.0,1426,686,538.0,499.0
2026-06-18T22:17:23.391215+00:00,,117.9156640625,0.0,0.0,1426,686,538.0,499.0
2026-06-18T22:17:23.490715+00:00,,117.7556640625,0.0,0.0,1426,686,538.0,499.0
2026-06-18T22:17:23.591078+00:00,,117.6156640625,0.0,0.0,1426,686,538.0,499.0
2026-06-18T22:17:23.691306+00:00,,117.4556640625,0.0,0.0,1426,686,538.0,499.0
2026-06-18T22:17:23.791068+00:00,,117.3156640625,0.0,0.0,1426,686,538.0,499.0
2026-06-18T22:17:23.891208+00:00,,117.1756640625,0.0,0.0,1426,686,538.0,499.0
2026-06-18T22:17:23.991544+00:00,,117.01566406250001,0.0,0.0,1426,686,538.0,499.0
2026-06-18T22:17:24.092110+00:00,,116.87566406250001,0.0,0.0,1426,686,538.0,499.0
2026-06-18T22:17:24.191136+00:00,,116.7156640625,0.0,0.0,1426,686,538.0,499.0
2026-06-18T22:17:24.292101+00:00,,116.5556640625,0.0,0.0,1426,686,538.0,499.0
2026-06-18T22:17:24.392583+00:00,,116.4756640625,0.0,0.0,1426,686,538.0,499.0
2026-06-18T22:17:24.493130+00:00,,116.3356640625,0.0,0.0,1426,686,538.0,499.0
2026-06-18T22:17:24.593222+00:00,,116.1756640625,0.0,0.0,1426,686,538.0,499.0
2026-06-18T22:17:24.694458+00:00,,116.0356640625,0.0,0.0,1426,686,538.0,499.0
2026-06-18T22:17:24.795138+00:00,,115.87566406250001,0.0,0.0,1426,686,538.0,499.0
2026-06-18T22:17:24.894280+00:00,,115.7356640625,0.0,0.0,1426,686,538.0,499.0
2026-06-18T22:17:24.994145+00:00,,115.5756640625,0.0,0.0,1426,686,538.0,499.0
2026-06-18T22:17:25.094147+00:00,,115.4356640625,0.0,0.0,1426,686,538.0,499.0
2026-06-18T22:17:25.195138+00:00,,115.2756640625,0.0,0.0,1426,686,538.0,499.0
2026-06-18T22:17:25.295160+00:00,,115.1356640625,0.0,0.0,1426,686,538.0,499.0
2026-06-18T22:17:25.394295+00:00,,114.9756640625,0.0,0.0,1426,686,538.0,499.0
2026-06-18T22:17:25.494183+00:00,,114.8356640625,0.0,0.0,1426,686,538.0,499.0
2026-06-18T22:17:25.595197+00:00,,114.6956640625,0.0,0.0,1426,686,538.0,499.0
2026-06-18T22:17:25.694177+00:00,,114.5356640625,0.0,0.0,1426,686,538.0,499.0
2026-06-18T22:17:25.794319+00:00,,114.37566406250001,0.0,0.0,1426,686,538.0,499.0
2026-06-18T22:17:25.894294+00:00,,114.2356640625,0.0,0.0,1426,686,538.0,499.0
2026-06-18T22:17:25.995191+00:00,,114.0956640625,0.0,0.0,1426,686,538.0,499.0
2026-06-18T22:17:26.095221+00:00,,114.01566406250001,0.0,0.0,1426,686,538.0,499.0
2026-06-18T22:17:26.195207+00:00,,113.8556640625,0.0,0.0,1426,686,538.0,499.0
2026-06-18T22:17:26.296274+00:00,,113.7156640625,0.0,0.0,1426,686,538.0,499.0
2026-06-18T22:17:26.396337+00:00,,113.5756640625,0.0,0.0,1426,686,538.0,499.0
2026-06-18T22:17:26.496251+00:00,,113.4156640625,0.0,0.0,1426,686,538.0,499.0
2026-06-18T22:17:26.596274+00:00,,113.2756640625,0.0,0.0,1426,686,538.0,499.0
2026-06-18T22:17:26.696243+00:00,,113.1156640625,0.0,0.0,1426,686,538.0,499.0
2026-06-18T22:17:26.797252+00:00,,112.9556640625,0.0,0.0,1426,686,538.0,499.0
2026-06-18T22:17:27.214088+00:00,,112.8156640625,0.0,0.7999999999956344,1426,731,538.0,169.0
2026-06-18T22:17:27.297282+00:00,,112.29566406250001,0.0,4.007999999994354,1426,911,538.0,8.0
2026-06-18T22:17:27.714891+00:00,,112.1356640625,0.0,4.007999999994354,1426,911,538.0,499.0
2026-06-18T22:17:27.797323+00:00,,112.507451171875,0.0,4.007999999994354,1426,911,538.0,499.0
2026-06-18T22:17:27.897362+00:00,,112.68447265625001,0.0,4.007999999994354,1426,911,538.0,499.0
2026-06-18T22:17:27.998313+00:00,,112.891953125,0.0,4.007999999994354,1426,911,538.0,499.0
2026-06-18T22:17:28.099320+00:00,,113.07816406250001,0.0,4.007999999994354,1426,911,538.0,499.0
2026-06-18T22:17:28.199351+00:00,,113.268857421875,0.0,4.007999999994354,1426,911,538.0,499.0
2026-06-18T22:17:28.299346+00:00,,113.492431640625,0.0,4.007999999994354,1426,911,538.0,499.0
2026-06-18T22:17:28.399384+00:00,,113.693134765625,0.0,4.007999999994354,1426,911,538.0,499.0
2026-06-18T22:17:28.500341+00:00,,113.928486328125,0.0,4.007999999994354,1426,911,538.0,499.0
2026-06-18T22:17:28.600371+00:00,,114.04861328125,0.0,4.007999999994354,1426,911,538.0,499.0
2026-06-18T22:17:28.700633+00:00,,114.26287109375001,0.0,4.007999999994354,1426,911,538.0,499.0
2026-06-18T22:17:28.800412+00:00,,114.51416992187501,0.0,4.007999999994354,1426,911,538.0,499.0
2026-06-18T22:17:28.901083+00:00,,114.73986328125,0.0,4.007999999994354,1426,911,538.0,499.0
2026-06-18T22:17:29.000835+00:00,,115.004638671875,0.0,4.007999999994354,1426,911,538.0,499.0
2026-06-18T22:17:29.100617+00:00,,115.24248046875,0.0,4.007999999994354,1426,911,538.0,499.0
2026-06-18T22:17:29.200434+00:00,,115.5215625,0.0,4.007999999994354,1426,911,538.0,499.0
2026-06-18T22:17:29.301176+00:00,,115.7723046875,0.0,4.007999999994354,1426,911,538.0,499.0
2026-06-18T22:17:29.400909+00:00,,116.02935546875,0.0,4.007999999994354,1426,911,538.0,499.0
2026-06-18T22:17:29.500686+00:00,,116.33107421875,0.0,4.007999999994354,1426,911,538.0,499.0
2026-06-18T22:17:29.601543+00:00,,116.6415625,0.0,4.007999999994354,1426,911,538.0,499.0
2026-06-18T22:17:29.702280+00:00,,116.92064453125,0.0,4.007999999994354,1426,911,538.0,499.0
2026-06-18T22:17:29.801979+00:00,,117.206875,0.0,4.007999999994354,1426,911,538.0,499.0
2026-06-18T22:17:29.901496+00:00,,117.54302734375,0.0,4.007999999994354,1426,911,538.0,499.0
2026-06-18T22:17:30.001526+00:00,,117.67162109375,0.0,4.007999999994354,1426,911,538.0,499.0
2026-06-18T22:17:30.101463+00:00,,118.021533203125,0.0,4.007999999994354,1426,911,538.0,499.0
2026-06-18T22:17:30.201465+00:00,,118.381865234375,0.0,4.007999999994354,1426,911,538.0,499.0
2026-06-18T22:17:30.301796+00:00,,118.706005859375,0.0,4.007999999994354,1426,911,538.0,499.0
2026-06-18T22:17:30.401575+00:00,,119.0869140625,0.0,4.007999999994354,1426,911,538.0,499.0
2026-06-18T22:17:30.501477+00:00,,119.429658203125,0.0,4.007999999994354,1426,911,538.0,499.0
2026-06-18T22:17:30.601493+00:00,,119.7815234375,0.0,4.007999999994354,1426,911,538.0,499.0
2026-06-18T22:17:30.702474+00:00,,120.195185546875,0.0,4.007999999994354,1426,911,538.0,499.0
2026-06-18T22:17:30.802468+00:00,,120.6216015625,0.0,4.007999999994354,1426,911,538.0,499.0
2026-06-18T22:17:30.902533+00:00,,121.00554687500001,0.0,4.007999999994354,1426,911,538.0,499.0
2026-06-18T22:17:31.002476+00:00,,121.39994140625001,0.0,4.007999999994354,1426,911,538.0,499.0
2026-06-18T22:17:31.102496+00:00,,121.863935546875,0.0,4.007999999994354,1426,911,538.0,499.0
2026-06-18T22:17:31.202693+00:00,,122.04167968750001,0.0,4.007999999994354,1426,911,538.0,499.0
2026-06-18T22:17:31.302503+00:00,,122.525966796875,0.0,4.007999999994354,1426,911,538.0,499.0
2026-06-18T22:17:31.402561+00:00,,122.96236328125,0.0,4.007999999994354,1426,911,538.0,499.0
2026-06-18T22:17:31.502536+00:00,,123.476103515625,0.0,4.007999999994354,1426,911,538.0,499.0
2026-06-18T22:17:31.602801+00:00,,123.939228515625,0.0,4.007999999994354,1426,911,538.0,499.0
2026-06-18T22:17:31.702589+00:00,,124.48465820312501,0.0,4.007999999994354,1426,911,538.0,499.0
2026-06-18T22:17:31.802533+00:00,,124.976552734375,0.0,4.007999999994354,1426,911,538.0,499.0
2026-06-18T22:17:31.903059+00:00,,125.556123046875,0.0,4.007999999994354,1426,911,538.0,499.0
2026-06-18T22:17:32.003552+00:00,,126.079052734375,0.0,4.007999999994354,1426,911,538.0,499.0
2026-06-18T22:17:32.103643+00:00,,126.69545898437501,0.0,4.007999999994354,1426,911,538.0,499.0
2026-06-18T22:17:32.203566+00:00,,127.33271484375,0.0,4.007999999994354,1426,911,538.0,499.0
2026-06-18T22:17:32.303571+00:00,,127.908115234375,0.0,4.007999999994354,1426,911,538.0,499.0
2026-06-18T22:17:32.403876+00:00,,128.500791015625,0.0,4.007999999994354,1426,911,538.0,499.0
2026-06-18T22:17:32.503590+00:00,,129.200126953125,0.0,4.007999999994354,1426,911,538.0,499.0
2026-06-18T22:17:32.603614+00:00,,129.4686328125,0.0,4.007999999994354,1426,911,538.0,499.0
2026-06-18T22:17:32.703605+00:00,,130.20189453125,0.0,4.007999999994354,1426,911,538.0,499.0
2026-06-18T22:17:32.803612+00:00,,130.961142578125,0.0,4.007999999994354,1426,911,538.0,499.0
2026-06-18T22:17:32.903638+00:00,,131.647744140625,0.0,4.007999999994354,1426,911,538.0,499.0
2026-06-18T22:17:33.003599+00:00,,132.458984375,0.0,4.007999999994354,1426,911,538.0,499.0
2026-06-18T22:17:33.103633+00:00,,133.19306640625,0.0,4.007999999994354,1426,911,538.0,499.0
2026-06-18T22:17:33.203618+00:00,,134.060966796875,0.0,4.007999999994354,1426,911,538.0,499.0
2026-06-18T22:17:33.303632+00:00,,134.846845703125,0.0,4.007999999994354,1426,911,538.0,499.0
2026-06-18T22:17:33.403658+00:00,,135.776650390625,0.0,4.007999999994354,1426,911,538.0,499.0
2026-06-18T22:17:33.503644+00:00,,136.619169921875,0.0,4.007999999994354,1426,911,538.0,499.0
2026-06-18T22:17:33.604663+00:00,,137.616728515625,0.0,4.007999999994354,1426,911,538.0,499.0
2026-06-18T22:17:33.704719+00:00,,138.12994140625,0.0,4.007999999994354,1426,911,538.0,499.0
2026-06-18T22:17:33.804689+00:00,,139.05212890625,0.0,4.007999999994354,1426,911,538.0,499.0
2026-06-18T22:17:33.904715+00:00,,140.145146484375,0.0,4.007999999994354,1426,911,538.0,499.0
2026-06-18T22:17:34.004679+00:00,,141.137373046875,0.0,4.007999999994354,1426,911,538.0,499.0
2026-06-18T22:17:34.103945+00:00,,142.16470703125,0.0,4.007999999994354,1426,911,538.0,499.0
2026-06-18T22:17:34.204675+00:00,,143.38392578125,0.0,4.007999999994354,1426,911,538.0,499.0
2026-06-18T22:17:34.304682+00:00,,144.653837890625,0.0,4.007999999994354,1426,911,538.0,499.0
2026-06-18T22:17:34.404252+00:00,,145.808837890625,0.0,4.007999999994354,1426,911,538.0,499.0
2026-06-18T22:17:34.504702+00:00,,147.181669921875,0.0,4.007999999994354,1426,911,538.0,499.0
2026-06-18T22:17:34.603810+00:00,,148.4316015625,0.0,4.007999999994354,1426,911,538.0,499.0
2026-06-18T22:17:34.704789+00:00,,149.918916015625,0.0,4.007999999994354,1426,911,538.0,499.0
2026-06-18T22:17:34.804711+00:00,,150.493564453125,0.0,4.007999999994354,1426,911,538.0,499.0
2026-06-18T22:17:34.903763+00:00,,152.07318359375,0.0,4.007999999994354,1426,911,538.0,499.0
2026-06-18T22:17:35.003725+00:00,,153.7248828125,0.0,4.007999999994354,1426,911,538.0,499.0
2026-06-18T22:17:35.103746+00:00,,155.232841796875,0.0,4.007999999994354,1426,911,538.0,499.0
2026-06-18T22:17:35.204745+00:00,,156.80278320312502,0.0,4.007999999994354,1426,911,538.0,499.0
2026-06-18T22:17:35.304755+00:00,,158.6774609375,0.0,4.007999999994354,1426,911,538.0,499.0
2026-06-18T22:17:35.404780+00:00,,160.0,0.0,4.007999999994354,1426,911,538.0,499.0
2026-06-18T22:17:35.505770+00:00,,160.0,0.0,4.007999999994354,1426,911,538.0,499.0
2026-06-18T22:17:35.604780+00:00,,160.0,0.0,4.007999999994354,1426,911,538.0,499.0
2026-06-18T22:17:35.705780+00:00,,160.0,0.0,4.007999999994354,1426,911,538.0,499.0
2026-06-18T22:17:35.805074+00:00,,160.0,0.0,4.007999999994354,1426,911,538.0,499.0
2026-06-18T22:17:35.904755+00:00,,160.0,0.0,4.007999999994354,1426,911,538.0,499.0
2026-06-18T22:17:36.005511+00:00,,160.0,0.0,4.007999999994354,1426,911,538.0,499.0
2026-06-18T22:17:36.105349+00:00,,160.0,0.0,4.007999999994354,1426,911,538.0,499.0
2026-06-18T22:17:36.205072+00:00,,160.0,0.0,4.007999999994354,1426,911,538.0,499.0
2026-06-18T22:17:36.306889+00:00,,160.0,0.0,4.007999999994354,1426,911,538.0,499.0
2026-06-18T22:17:36.406591+00:00,,160.0,0.0,4.007999999994354,1426,911,538.0,499.0
2026-06-18T22:17:36.506428+00:00,,160.0,0.0,4.007999999994354,1426,911,538.0,499.0
2026-06-18T22:17:36.606194+00:00,,160.0,0.0,4.007999999994354,1426,911,538.0,499.0
2026-06-18T22:17:36.705928+00:00,,160.0,0.0,4.007999999994354,1426,911,538.0,499.0
2026-06-18T22:17:36.805705+00:00,,160.0,0.0,4.007999999994354,1426,911,538.0,499.0
2026-06-18T22:17:37.223832+00:00,,160.0,4.333333333349097,0.0,1755,686,98.0,104.0
2026-06-18T22:17:37.306878+00:00,,160.0,21.710000000008826,0.0,3073,686,239.0,98.0
2026-06-18T22:17:37.725675+00:00,,160.0,0.0,0.0,1426,686,68.0,499.0
2026-06-18T22:17:37.811916+00:00,,159.82,0.0,0.0,1426,686,538.0,499.0
2026-06-18T22:17:37.911901+00:00,,159.66,0.0,0.0,1426,686,538.0,499.0
2026-06-18T22:17:38.010979+00:00,,159.52,0.0,0.0,1426,686,538.0,499.0
2026-06-18T22:17:38.111930+00:00,,159.36,0.0,0.0,1426,686,538.0,499.0
2026-06-18T22:17:38.211913+00:00,,159.22,0.0,0.0,1426,686,538.0,499.0
2026-06-18T22:17:38.312135+00:00,,159.06,0.0,0.0,1426,686,538.0,499.0
2026-06-18T22:17:38.410993+00:00,,158.92000000000002,0.0,0.0,1426,686,538.0,499.0
2026-06-18T22:17:38.511942+00:00,,158.78,0.0,0.0,1426,686,538.0,499.0
2026-06-18T22:17:38.610959+00:00,,158.62,0.0,0.0,1426,686,538.0,499.0
2026-06-18T22:17:38.712003+00:00,,158.46,0.0,0.0,1426,686,538.0,499.0
2026-06-18T22:17:38.813129+00:00,,158.32,0.0,0.0,1426,686,538.0,499.0
2026-06-18T22:17:38.911968+00:00,,158.16,0.0,0.0,1426,686,538.0,499.0
2026-06-18T22:17:39.012972+00:00,,158.02,0.0,0.0,1426,686,538.0,499.0
2026-06-18T22:17:39.113007+00:00,,157.94,0.0,0.0,1426,686,538.0,499.0
2026-06-18T22:17:39.213063+00:00,,157.78,0.0,0.0,1426,686,538.0,499.0
2026-06-18T22:17:39.314129+00:00,,157.64000000000001,0.0,0.0,1426,686,538.0,499.0
2026-06-18T22:17:39.415005+00:00,,157.5,0.0,0.0,1426,686,538.0,499.0
2026-06-18T22:17:39.516010+00:00,,157.34,0.0,0.0,1426,686,538.0,499.0
2026-06-18T22:17:39.615183+00:00,,157.20000000000002,0.0,0.0,1426,686,538.0,499.0
2026-06-18T22:17:39.716087+00:00,,157.04,0.0,0.0,1426,686,538.0,499.0
2026-06-18T22:17:39.815146+00:00,,156.9,0.0,0.0,1426,686,538.0,499.0
2026-06-18T22:17:39.915075+00:00,,156.74,0.0,0.0,1426,686,538.0,499.0
2026-06-18T22:17:40.016042+00:00,,156.6,0.0,0.0,1426,686,538.0,499.0
2026-06-18T22:17:40.115045+00:00,,156.44,0.0,0.0,1426,686,538.0,499.0
2026-06-18T22:17:40.215033+00:00,,156.3,0.0,0.0,1426,686,538.0,499.0
2026-06-18T22:17:40.315154+00:00,,156.14000000000001,0.0,0.0,1426,686,538.0,499.0
2026-06-18T22:17:40.416085+00:00,,156.08,0.0,0.0,1426,686,538.0,499.0
2026-06-18T22:17:40.516075+00:00,,155.92000000000002,0.0,0.0,1426,686,538.0,499.0
2026-06-18T22:17:40.615085+00:00,,155.78,0.0,0.0,1426,686,538.0,499.0
2026-06-18T22:17:40.715088+00:00,,155.62,0.0,0.0,1426,686,538.0,499.0
2026-06-18T22:17:40.815173+00:00,,155.48,0.0,0.0,1426,686,538.0,499.0
2026-06-18T22:17:40.915163+00:00,,155.32,0.0,0.0,1426,686,538.0,499.0
2026-06-18T22:17:41.016078+00:00,,155.18,0.0,0.0,1426,686,538.0,499.0
2026-06-18T22:17:41.116109+00:00,,155.02,0.0,0.0,1426,686,538.0,499.0
2026-06-18T22:17:41.216129+00:00,,154.86,0.0,0.0,1426,686,538.0,499.0
2026-06-18T22:17:41.316209+00:00,,154.72,0.0,0.0,1426,686,538.0,499.0
2026-06-18T22:17:41.417115+00:00,,154.56,0.0,0.0,1426,686,538.0,499.0
2026-06-18T22:17:41.516558+00:00,,154.42000000000002,0.0,0.0,1426,686,538.0,499.0
2026-06-18T22:17:41.617143+00:00,,154.28,0.0,0.0,1426,686,538.0,499.0
2026-06-18T22:17:41.717145+00:00,,154.12,0.0,0.0,1426,686,538.0,499.0
2026-06-18T22:17:41.816252+00:00,,154.04,0.0,0.0,1426,686,538.0,499.0
2026-06-18T22:17:41.916158+00:00,,153.9,0.0,0.0,1426,686,538.0,499.0
2026-06-18T22:17:42.017158+00:00,,153.74,0.0,0.0,1426,686,538.0,499.0
2026-06-18T22:17:42.117316+00:00,,153.6,0.0,0.0,1426,686,538.0,499.0
2026-06-18T22:17:42.218157+00:00,,153.44,0.0,0.0,1426,686,538.0,499.0
2026-06-18T22:17:42.317840+00:00,,153.3,0.0,0.0,1426,686,538.0,499.0
2026-06-18T22:17:42.418164+00:00,,153.14000000000001,0.0,0.0,1426,686,538.0,499.0
2026-06-18T22:17:42.517193+00:00,,153.0,0.0,0.0,1426,686,538.0,499.0
2026-06-18T22:17:42.617200+00:00,,152.84,0.0,0.0,1426,686,538.0,499.0
2026-06-18T22:17:42.717192+00:00,,152.70000000000002,0.0,0.0,1426,686,538.0,499.0
2026-06-18T22:17:42.816721+00:00,,152.56,0.0,0.0,1426,686,538.0,499.0
2026-06-18T22:17:42.916491+00:00,,152.4,0.0,0.0,1426,686,538.0,499.0
2026-06-18T22:17:43.016307+00:00,,152.26,0.0,0.0,1426,686,538.0,499.0
2026-06-18T22:17:43.117297+00:00,,152.18,0.0,0.0,1426,686,538.0,499.0
2026-06-18T22:17:43.216856+00:00,,152.02,0.0,0.0,1426,686,538.0,499.0
2026-06-18T22:17:43.316633+00:00,,151.88,0.0,0.0,1426,686,538.0,499.0
2026-06-18T22:17:43.435426+00:00,,151.72,0.0,0.9333333333367287,1426,738,538.0,153.0
2026-06-18T22:17:43.517266+00:00,,151.58,0.0,1.866666666664969,1426,791,538.0,183.0
2026-06-18T22:17:43.634905+00:00,,151.42000000000002,0.0,1.866666666664969,1426,791,538.0,13.0
2026-06-18T22:17:43.716690+00:00,,151.28,0.0,1.866666666664969,1426,791,538.0,420.0
2026-06-18T22:17:43.816438+00:00,,151.12,0.0,1.866666666664969,1426,791,538.0,499.0
2026-06-18T22:17:43.917172+00:00,,150.98,0.0,1.866666666664969,1426,791,538.0,499.0
2026-06-18T22:17:44.016922+00:00,,150.82,0.0,1.866666666664969,1426,791,538.0,499.0
2026-06-18T22:17:44.117696+00:00,,150.68,0.0,1.866666666664969,1426,791,538.0,499.0
2026-06-18T22:17:44.218434+00:00,,150.52,0.0,1.866666666664969,1426,791,538.0,499.0
2026-06-18T22:17:44.318231+00:00,,150.46,0.0,1.866666666664969,1426,791,538.0,499.0
2026-06-18T22:17:44.418000+00:00,,150.3,0.0,1.866666666664969,1426,791,538.0,499.0
2026-06-18T22:17:44.518770+00:00,,150.16,0.0,1.866666666664969,1426,791,538.0,499.0
2026-06-18T22:17:44.618530+00:00,,150.0,0.0,1.866666666664969,1426,791,538.0,499.0
2026-06-18T22:17:44.718364+00:00,,149.86,0.0,1.866666666664969,1426,791,538.0,499.0
2026-06-18T22:17:44.818341+00:00,,149.72,0.0,1.866666666664969,1426,791,538.0,499.0
2026-06-18T22:17:44.918340+00:00,,149.56,0.0,1.866666666664969,1426,791,538.0,499.0
2026-06-18T22:17:45.018344+00:00,,149.42000000000002,0.0,1.866666666664969,1426,791,538.0,499.0
2026-06-18T22:17:45.118353+00:00,,149.28,0.0,1.866666666664969,1426,791,538.0,499.0
2026-06-18T22:17:45.218349+00:00,,149.12,0.0,1.866666666664969,1426,791,538.0,499.0
2026-06-18T22:17:45.318397+00:00,,148.98,0.0,1.866666666664969,1426,791,538.0,499.0
2026-06-18T22:17:45.418397+00:00,,148.82,0.0,1.866666666664969,1426,791,538.0,499.0
2026-06-18T22:17:45.519389+00:00,,148.68,0.0,1.866666666664969,1426,791,538.0,499.0
2026-06-18T22:17:45.618470+00:00,,148.52,0.0,1.866666666664969,1426,791,538.0,499.0
2026-06-18T22:17:45.718427+00:00,,148.44,0.0,1.866666666664969,1426,791,538.0,499.0
2026-06-18T22:17:45.818464+00:00,,148.3,0.0,1.866666666664969,1426,791,538.0,499.0
2026-06-18T22:17:45.918468+00:00,,148.14000000000001,0.0,1.866666666664969,1426,791,538.0,499.0
2026-06-18T22:17:46.018524+00:00,,148.0,0.0,1.866666666664969,1426,791,538.0,499.0
2026-06-18T22:17:46.118462+00:00,,147.84,0.0,1.866666666664969,1426,791,538.0,499.0
2026-06-18T22:17:46.218662+00:00,,147.70000000000002,0.0,1.866666666664969,1426,791,538.0,499.0
2026-06-18T22:17:46.318491+00:00,,147.56,0.0,1.866666666664969,1426,791,538.0,499.0
2026-06-18T22:17:46.418459+00:00,,147.4,0.0,1.866666666664969,1426,791,538.0,499.0
2026-06-18T22:17:46.518496+00:00,,147.26,0.0,1.866666666664969,1426,791,538.0,499.0
2026-06-18T22:17:46.618548+00:00,,147.1,0.0,1.866666666664969,1426,791,538.0,499.0
2026-06-18T22:17:46.718779+00:00,,146.94,0.0,1.866666666664969,1426,791,538.0,499.0
2026-06-18T22:17:46.818550+00:00,,146.8,0.0,1.866666666664969,1426,791,538.0,499.0
2026-06-18T22:17:46.918510+00:00,,146.66,0.0,1.866666666664969,1426,791,538.0,499.0
2026-06-18T22:17:47.018492+00:00,,146.5,0.0,1.866666666664969,1426,791,538.0,499.0
2026-06-18T22:17:47.118753+00:00,,146.44,0.0,1.866666666664969,1426,791,538.0,499.0
2026-06-18T22:17:47.218717+00:00,,146.28,0.0,1.866666666664969,1426,791,538.0,499.0
2026-06-18T22:17:47.318479+00:00,,146.14000000000001,0.0,1.866666666664969,1426,791,538.0,499.0
2026-06-18T22:17:47.418545+00:00,,145.98,0.0,1.866666666664969,1426,791,538.0,499.0
2026-06-18T22:17:47.518553+00:00,,145.84,0.0,1.866666666664969,1426,791,538.0,499.0
2026-06-18T22:17:47.618559+00:00,,145.68,0.0,1.866666666664969,1426,791,538.0,499.0
2026-06-18T22:17:47.718740+00:00,,145.54,0.0,1.866666666664969,1426,791,538.0,499.0
2026-06-18T22:17:47.818534+00:00,,145.38,0.0,1.866666666664969,1426,791,538.0,499.0
2026-06-18T22:17:47.918559+00:00,,145.24,0.0,1.866666666664969,1426,791,538.0,499.0
2026-06-18T22:17:48.018559+00:00,,145.08,0.0,1.866666666664969,1426,791,538.0,499.0
2026-06-18T22:17:48.118596+00:00,,144.94,0.0,1.866666666664969,1426,791,538.0,499.0
2026-06-18T22:17:48.218754+00:00,,144.78,0.0,1.866666666664969,1426,791,538.0,499.0
2026-06-18T22:17:48.319549+00:00,,144.64000000000001,0.0,1.866666666664969,1426,791,538.0,499.0
2026-06-18T22:17:48.419536+00:00,,144.56,0.0,1.866666666664969,1426,791,538.0,499.0
2026-06-18T22:17:48.519582+00:00,,144.42000000000002,0.0,1.866666666664969,1426,791,538.0,499.0
2026-06-18T22:17:48.619555+00:00,,144.26,0.0,1.866666666664969,1426,791,538.0,499.0
2026-06-18T22:17:48.719089+00:00,,144.1,0.0,1.866666666664969,1426,791,538.0,499.0
2026-06-18T22:17:48.819567+00:00,,143.96,0.0,1.866666666664969,1426,791,538.0,499.0
2026-06-18T22:17:48.919573+00:00,,143.82,0.0,1.866666666664969,1426,791,538.0,499.0
2026-06-18T22:17:49.019567+00:00,,143.66,0.0,1.866666666664969,1426,791,538.0,499.0
2026-06-18T22:17:49.120582+00:00,,143.5,0.0,1.866666666664969,1426,791,538.0,499.0
2026-06-18T22:17:49.219853+00:00,,143.34,0.0,1.866666666664969,1426,791,538.0,499.0
2026-06-18T22:17:49.320672+00:00,,143.20000000000002,0.0,1.866666666664969,1426,791,538.0,499.0
2026-06-18T22:17:49.420597+00:00,,143.04,0.0,1.866666666664969,1426,791,538.0,499.0
2026-06-18T22:17:49.520612+00:00,,142.98,0.0,1.866666666664969,1426,791,538.0,499.0
2026-06-18T22:17:49.620639+00:00,,142.82,0.0,1.866666666664969,1426,791,538.0,499.0
2026-06-18T22:17:49.719801+00:00,,142.68,0.0,1.866666666664969,1426,791,538.0,499.0
2026-06-18T22:17:49.819647+00:00,,142.52,0.0,1.866666666664969,1426,791,538.0,499.0
2026-06-18T22:17:49.920289+00:00,,142.36,0.0,1.866666666664969,1426,791,538.0,499.0
2026-06-18T22:17:50.020033+00:00,,142.22,0.0,1.866666666664969,1426,791,538.0,499.0
2026-06-18T22:17:50.120786+00:00,,142.06,0.0,1.866666666664969,1426,791,538.0,499.0
2026-06-18T22:17:50.221527+00:00,,141.92000000000002,0.0,1.866666666664969,1426,791,538.0,499.0
2026-06-18T22:17:50.321667+00:00,,141.76,0.0,1.866666666664969,1426,791,538.0,499.0
2026-06-18T22:17:50.421059+00:00,,141.62,0.0,1.866666666664969,1426,791,538.0,499.0
2026-06-18T22:17:50.521832+00:00,,141.46,0.0,1.866666666664969,1426,791,538.0,499.0
2026-06-18T22:17:50.621694+00:00,,141.32,0.0,1.866666666664969,1426,791,538.0,499.0
2026-06-18T22:17:50.722376+00:00,,141.16,0.0,1.866666666664969,1426,791,538.0,499.0
2026-06-18T22:17:50.822135+00:00,,141.02,0.0,1.866666666664969,1426,791,538.0,499.0
2026-06-18T22:17:50.921907+00:00,,140.94,0.0,1.866666666664969,1426,791,538.0,499.0
2026-06-18T22:17:51.022760+00:00,,140.78,0.0,1.866666666664969,1426,791,538.0,499.0
2026-06-18T22:17:51.122475+00:00,,140.64000000000001,0.0,1.866666666664969,1426,791,538.0,499.0
2026-06-18T22:17:51.222224+00:00,,140.5,0.0,1.866666666664969,1426,791,538.0,499.0
2026-06-18T22:17:51.322002+00:00,,140.34,0.0,1.866666666664969,1426,791,538.0,499.0
2026-06-18T22:17:51.422793+00:00,,140.18,0.0,1.866666666664969,1426,791,538.0,499.0
2026-06-18T22:17:51.522532+00:00,,140.04,0.0,1.866666666664969,1426,791,538.0,499.0
2026-06-18T22:17:51.622293+00:00,,139.88,0.0,1.866666666664969,1426,791,538.0,499.0
2026-06-18T22:17:51.722851+00:00,,139.72,0.0,1.866666666664969,1426,791,538.0,499.0
2026-06-18T22:17:51.822743+00:00,,139.58,0.0,1.866666666664969,1426,791,538.0,499.0
2026-06-18T22:17:51.922605+00:00,,139.42000000000002,0.0,1.866666666664969,1426,791,538.0,499.0
2026-06-18T22:17:52.022741+00:00,,139.28,0.0,1.866666666664969,1426,791,538.0,499.0
2026-06-18T22:17:52.122787+00:00,,139.12,0.0,1.866666666664969,1426,791,538.0,499.0
2026-06-18T22:17:52.221945+00:00,,139.06,0.0,1.866666666664969,1426,791,538.0,499.0
2026-06-18T22:17:52.322825+00:00,,138.9,0.0,1.866666666664969,1426,791,538.0,499.0
2026-06-18T22:17:52.422812+00:00,,138.74,0.0,1.866666666664969,1426,791,538.0,499.0
2026-06-18T22:17:52.522844+00:00,,138.6,0.0,1.866666666664969,1426,791,538.0,499.0
2026-06-18T22:17:52.621776+00:00,,138.44,0.0,1.866666666664969,1426,791,538.0,499.0
2026-06-18T22:17:52.722863+00:00,,138.3,0.0,1.866666666664969,1426,791,538.0,499.0
2026-06-18T22:17:52.821762+00:00,,138.14000000000001,0.0,1.866666666664969,1426,791,538.0,499.0
2026-06-18T22:17:52.921791+00:00,,137.98,0.0,1.866666666664969,1426,791,538.0,499.0
2026-06-18T22:17:53.022780+00:00,,137.84,0.0,1.866666666664969,1426,791,538.0,499.0
2026-06-18T22:17:53.121907+00:00,,137.68,0.0,1.866666666664969,1426,791,538.0,499.0
2026-06-18T22:17:53.221905+00:00,,137.54,0.0,1.866666666664969,1426,791,538.0,499.0
2026-06-18T22:17:53.322858+00:00,,137.38,0.0,1.866666666664969,1426,791,538.0,499.0
2026-06-18T22:17:53.441906+00:00,,137.24,4.666666666641201,0.0,1780,686,269.0,14.0
2026-06-18T22:17:53.522883+00:00,,137.16,9.333333333324845,0.0,2134,686,173.0,140.0
2026-06-18T22:17:53.640895+00:00,,137.51763671875,0.0,0.0,1426,686,123.0,129.0
2026-06-18T22:17:53.722007+00:00,,138.298193359375,0.0,0.0,1426,686,117.0,108.0
2026-06-18T22:17:53.822888+00:00,,139.156044921875,0.0,0.0,1426,686,125.0,499.0
2026-06-18T22:17:53.922929+00:00,,138.996044921875,0.0,0.0,1426,686,538.0,499.0
2026-06-18T22:17:54.022897+00:00,,138.83604492187501,0.0,0.0,1426,686,538.0,499.0
2026-06-18T22:17:54.121934+00:00,,138.696044921875,0.0,0.0,1426,686,538.0,499.0
2026-06-18T22:17:54.223035+00:00,,138.556044921875,0.0,0.0,1426,686,538.0,499.0
2026-06-18T22:17:54.323000+00:00,,138.39604492187502,0.0,0.0,1426,686,538.0,499.0
2026-06-18T22:17:54.422894+00:00,,138.256044921875,0.0,0.0,1426,686,538.0,499.0
2026-06-18T22:17:54.522555+00:00,,138.11604492187502,0.0,0.0,1426,686,538.0,499.0
2026-06-18T22:17:54.622270+00:00,,138.036044921875,0.0,0.0,1426,686,538.0,499.0
2026-06-18T22:17:54.721983+00:00,,137.876044921875,0.0,0.0,1426,686,538.0,499.0
2026-06-18T22:17:54.822919+00:00,,137.716044921875,0.0,0.0,1426,686,538.0,499.0
2026-06-18T22:17:54.922924+00:00,,137.576044921875,0.0,0.0,1426,686,538.0,499.0
2026-06-18T22:17:55.023917+00:00,,137.416044921875,0.0,0.0,1426,686,538.0,499.0
2026-06-18T22:17:55.122935+00:00,,137.276044921875,0.0,0.0,1426,686,538.0,499.0
2026-06-18T22:17:55.223000+00:00,,137.11604492187502,0.0,0.0,1426,686,538.0,499.0
2026-06-18T22:17:55.322942+00:00,,136.976044921875,0.0,0.0,1426,686,538.0,499.0
2026-06-18T22:17:55.423964+00:00,,136.816044921875,0.0,0.0,1426,686,538.0,499.0
2026-06-18T22:17:55.523976+00:00,,136.676044921875,0.0,0.0,1426,686,538.0,499.0
2026-06-18T22:17:55.622981+00:00,,136.516044921875,0.0,0.0,1426,686,538.0,499.0
2026-06-18T22:17:55.723046+00:00,,136.376044921875,0.0,0.0,1426,686,538.0,499.0
2026-06-18T22:17:55.822994+00:00,,136.216044921875,0.0,0.0,1426,686,538.0,499.0
2026-06-18T22:17:55.922978+00:00,,136.136044921875,0.0,0.0,1426,686,538.0,499.0
2026-06-18T22:17:56.023040+00:00,,135.996044921875,0.0,0.0,1426,686,538.0,499.0
2026-06-18T22:17:56.124000+00:00,,135.83604492187501,0.0,0.0,1426,686,538.0,499.0
2026-06-18T22:17:56.223029+00:00,,135.696044921875,0.0,0.0,1426,686,538.0,499.0
2026-06-18T22:17:56.324001+00:00,,135.536044921875,0.0,0.0,1426,686,538.0,499.0
2026-06-18T22:17:56.423991+00:00,,135.396044921875,0.0,0.0,1426,686,538.0,499.0
2026-06-18T22:17:56.523012+00:00,,135.236044921875,0.0,0.0,1426,686,538.0,499.0
2026-06-18T22:17:56.623038+00:00,,135.096044921875,0.0,0.0,1426,686,538.0,499.0
2026-06-18T22:17:56.722349+00:00,,134.936044921875,0.0,0.0,1426,686,538.0,499.0
2026-06-18T22:17:56.823123+00:00,,134.796044921875,0.0,0.0,1426,686,538.0,499.0
2026-06-18T22:17:56.922893+00:00,,134.656044921875,0.0,0.0,1426,686,538.0,499.0
2026-06-18T22:17:57.023653+00:00,,134.496044921875,0.0,0.0,1426,686,538.0,499.0
2026-06-18T22:17:57.123436+00:00,,134.416044921875,0.0,0.0,1426,686,538.0,499.0
2026-06-18T22:17:57.222205+00:00,,134.256044921875,0.0,0.0,1426,686,538.0,499.0
2026-06-18T22:17:57.323060+00:00,,134.11604492187502,0.0,0.0,1426,686,538.0,499.0
2026-06-18T22:17:57.423073+00:00,,133.956044921875,0.0,0.0,1426,686,538.0,499.0
2026-06-18T22:17:57.523093+00:00,,133.816044921875,0.0,0.0,1426,686,538.0,499.0
2026-06-18T22:17:57.622282+00:00,,133.656044921875,0.0,0.0,1426,686,538.0,499.0
2026-06-18T22:17:57.722129+00:00,,133.516044921875,0.0,0.0,1426,686,538.0,499.0
2026-06-18T22:17:57.823088+00:00,,133.356044921875,0.0,0.0,1426,686,538.0,499.0
2026-06-18T22:17:57.922576+00:00,,133.216044921875,0.0,0.0,1426,686,538.0,499.0
2026-06-18T22:17:58.023096+00:00,,133.056044921875,0.0,0.0,1426,686,538.0,499.0
2026-06-18T22:17:58.123251+00:00,,132.916044921875,0.0,0.0,1426,686,538.0,499.0
2026-06-18T22:17:58.223871+00:00,,132.83604492187501,0.0,0.0,1426,686,538.0,499.0
2026-06-18T22:17:58.323631+00:00,,132.676044921875,0.0,0.0,1426,686,538.0,499.0
2026-06-18T22:17:58.424374+00:00,,132.536044921875,0.0,0.0,1426,686,538.0,499.0
2026-06-18T22:17:58.524153+00:00,,132.376044921875,0.0,0.0,1426,686,538.0,499.0
2026-06-18T22:17:58.625301+00:00,,132.236044921875,0.0,0.0,1426,686,538.0,499.0
2026-06-18T22:17:58.724162+00:00,,132.076044921875,0.0,0.0,1426,686,538.0,499.0
2026-06-18T22:17:58.824176+00:00,,131.936044921875,0.0,0.0,1426,686,538.0,499.0
2026-06-18T22:17:58.924262+00:00,,131.776044921875,0.0,0.0,1426,686,538.0,499.0
2026-06-18T22:17:59.025145+00:00,,131.636044921875,0.0,0.0,1426,686,538.0,499.0
2026-06-18T22:17:59.124340+00:00,,131.476044921875,0.0,0.0,1426,686,538.0,499.0
2026-06-18T22:17:59.224551+00:00,,131.33604492187501,0.0,0.0,1426,686,538.0,499.0
2026-06-18T22:17:59.324369+00:00,,131.176044921875,0.0,0.0,1426,686,538.0,499.0
2026-06-18T22:17:59.424206+00:00,,131.096044921875,0.0,0.0,1426,686,538.0,499.0
2026-06-18T22:17:59.524216+00:00,,130.956044921875,0.0,0.0,1426,686,538.0,499.0
2026-06-18T22:17:59.940991+00:00,,130.796044921875,0.0,1.066666666660846,1426,746,538.0,4.0
2026-06-18T22:18:00.027240+00:00,,130.196044921875,0.0,5.354666666661312,1426,987,538.0,51.0
2026-06-18T22:18:00.145351+00:00,,130.708740234375,0.0,5.354666666661312,1426,987,538.0,148.0
2026-06-18T22:18:00.226319+00:00,,131.07001953125,0.0,5.354666666661312,1426,987,538.0,440.0
2026-06-18T22:18:00.326235+00:00,,131.346669921875,0.0,5.354666666661312,1426,987,538.0,499.0
2026-06-18T22:18:00.426249+00:00,,131.67232421875,0.0,5.354666666661312,1426,987,538.0,499.0
2026-06-18T22:18:00.526299+00:00,,131.96583984375,0.0,5.354666666661312,1426,987,538.0,499.0
2026-06-18T22:18:00.626394+00:00,,132.267626953125,0.0,5.354666666661312,1426,987,538.0,499.0
2026-06-18T22:18:00.726369+00:00,,132.6230078125,0.0,5.354666666661312,1426,987,538.0,499.0
2026-06-18T22:18:00.826275+00:00,,132.80500976562502,0.0,5.354666666661312,1426,987,538.0,499.0
2026-06-18T22:18:00.926295+00:00,,133.177919921875,0.0,5.354666666661312,1426,987,538.0,499.0
2026-06-18T22:18:01.027268+00:00,,133.514248046875,0.0,5.354666666661312,1426,987,538.0,499.0
2026-06-18T22:18:01.126398+00:00,,133.91050781250001,0.0,5.354666666661312,1426,987,538.0,499.0
2026-06-18T22:18:01.227302+00:00,,134.2680078125,0.0,5.354666666661312,1426,987,538.0,499.0
2026-06-18T22:18:01.326302+00:00,,134.6893359375,0.0,5.354666666661312,1426,987,538.0,499.0
2026-06-18T22:18:01.427316+00:00,,135.069580078125,0.0,5.354666666661312,1426,987,538.0,499.0
2026-06-18T22:18:01.526367+00:00,,135.517861328125,0.0,5.354666666661312,1426,987,538.0,499.0
2026-06-18T22:18:01.626424+00:00,,135.922568359375,0.0,5.354666666661312,1426,987,538.0,499.0
2026-06-18T22:18:01.726356+00:00,,136.399873046875,0.0,5.354666666661312,1426,987,538.0,499.0
2026-06-18T22:18:01.826541+00:00,,136.8309375,0.0,5.354666666661312,1426,987,538.0,499.0
2026-06-18T22:18:01.926364+00:00,,137.274990234375,0.0,5.354666666661312,1426,987,538.0,499.0
2026-06-18T22:18:02.027055+00:00,,137.534755859375,0.0,5.354666666661312,1426,987,538.0,499.0
2026-06-18T22:18:02.126449+00:00,,138.067841796875,0.0,5.354666666661312,1426,987,538.0,499.0
2026-06-18T22:18:02.226352+00:00,,138.549619140625,0.0,5.354666666661312,1426,987,538.0,499.0
2026-06-18T22:18:02.326353+00:00,,139.118447265625,0.0,5.354666666661312,1426,987,538.0,499.0
2026-06-18T22:18:02.427331+00:00,,139.63275390625,0.0,5.354666666661312,1426,987,538.0,499.0
2026-06-18T22:18:02.527395+00:00,,140.240263671875,0.0,5.354666666661312,1426,987,538.0,499.0
2026-06-18T22:18:02.628443+00:00,,140.7898046875,0.0,5.354666666661312,1426,987,538.0,499.0
2026-06-18T22:18:02.728382+00:00,,141.439248046875,0.0,5.354666666661312,1426,987,538.0,499.0
2026-06-18T22:18:02.829372+00:00,,142.027021484375,0.0,5.354666666661312,1426,987,538.0,499.0
2026-06-18T22:18:02.929387+00:00,,142.72200195312502,0.0,5.354666666661312,1426,987,538.0,499.0
2026-06-18T22:18:03.029392+00:00,,143.442890625,0.0,5.354666666661312,1426,987,538.0,499.0
2026-06-18T22:18:03.129462+00:00,,144.095869140625,0.0,5.354666666661312,1426,987,538.0,499.0
2026-06-18T22:18:03.229394+00:00,,144.770439453125,0.0,5.354666666661312,1426,987,538.0,499.0
2026-06-18T22:18:03.329414+00:00,,145.56900390625,0.0,5.354666666661312,1426,987,538.0,499.0
2026-06-18T22:18:03.429431+00:00,,145.87632812500001,0.0,5.354666666661312,1426,987,538.0,499.0
2026-06-18T22:18:03.529447+00:00,,146.71763671875001,0.0,5.354666666661312,1426,987,538.0,499.0
2026-06-18T22:18:03.629243+00:00,,147.480732421875,0.0,5.354666666661312,1426,987,538.0,499.0
2026-06-18T22:18:03.729019+00:00,,148.385107421875,0.0,5.354666666661312,1426,987,538.0,499.0
2026-06-18T22:18:03.828780+00:00,,149.2059765625,0.0,5.354666666661312,1426,987,538.0,499.0
2026-06-18T22:18:03.929547+00:00,,150.17952148437502,0.0,5.354666666661312,1426,987,538.0,499.0
2026-06-18T22:18:04.029295+00:00,,151.063837890625,0.0,5.354666666661312,1426,987,538.0,499.0
2026-06-18T22:18:04.129064+00:00,,152.113466796875,0.0,5.354666666661312,1426,987,538.0,499.0
2026-06-18T22:18:04.228807+00:00,,153.06765625,0.0,5.354666666661312,1426,987,538.0,499.0
2026-06-18T22:18:04.328570+00:00,,154.201171875,0.0,5.354666666661312,1426,987,538.0,499.0
2026-06-18T22:18:04.429327+00:00,,155.23251953125,0.0,5.354666666661312,1426,987,538.0,499.0
2026-06-18T22:18:04.530109+00:00,,156.45881835937502,0.0,5.354666666661312,1426,987,538.0,499.0
2026-06-18T22:18:04.629848+00:00,,157.57564453125,0.0,5.354666666661312,1426,987,538.0,499.0
2026-06-18T22:18:04.729618+00:00,,158.23302734375,0.0,5.354666666661312,1426,987,538.0,499.0
2026-06-18T22:18:04.829385+00:00,,159.591611328125,0.0,5.354666666661312,1426,987,538.0,499.0
2026-06-18T22:18:04.928527+00:00,,160.0,0.0,5.354666666661312,1426,987,538.0,499.0
2026-06-18T22:18:05.028914+00:00,,160.0,0.0,5.354666666661312,1426,987,538.0,499.0
2026-06-18T22:18:05.128686+00:00,,160.0,0.0,5.354666666661312,1426,987,538.0,499.0
2026-06-18T22:18:05.228527+00:00,,160.0,0.0,5.354666666661312,1426,987,538.0,499.0
2026-06-18T22:18:05.328534+00:00,,160.0,0.0,5.354666666661312,1426,987,538.0,499.0
2026-06-18T22:18:05.429011+00:00,,160.0,0.0,5.354666666661312,1426,987,538.0,499.0
2026-06-18T22:18:05.528772+00:00,,160.0,0.0,5.354666666661312,1426,987,538.0,499.0
2026-06-18T22:18:05.629534+00:00,,160.0,0.0,5.354666666661312,1426,987,538.0,499.0
2026-06-18T22:18:05.729691+00:00,,160.0,0.0,5.354666666661312,1426,987,538.0,499.0
2026-06-18T22:18:05.829550+00:00,,160.0,0.0,5.354666666661312,1426,987,538.0,499.0
2026-06-18T22:18:05.929584+00:00,,160.0,0.0,5.354666666661312,1426,987,538.0,499.0
2026-06-18T22:18:06.029744+00:00,,160.0,0.0,5.354666666661312,1426,987,538.0,499.0
2026-06-18T22:18:06.129583+00:00,,160.0,0.0,5.354666666661312,1426,987,538.0,499.0
2026-06-18T22:18:06.229577+00:00,,160.0,0.0,5.354666666661312,1426,987,538.0,499.0
2026-06-18T22:18:06.329582+00:00,,160.0,0.0,5.354666666661312,1426,987,538.0,499.0
2026-06-18T22:18:06.429686+00:00,,160.0,0.0,5.354666666661312,1426,987,538.0,499.0
2026-06-18T22:18:06.530819+00:00,,160.0,0.0,5.354666666661312,1426,987,538.0,499.0
2026-06-18T22:18:06.630611+00:00,,160.0,0.0,5.354666666661312,1426,987,538.0,499.0
2026-06-18T22:18:06.730963+00:00,,160.0,0.0,5.354666666661312,1426,987,538.0,499.0
2026-06-18T22:18:06.831754+00:00,,160.0,0.0,5.354666666661312,1426,987,538.0,499.0
2026-06-18T22:18:06.931631+00:00,,160.0,0.0,5.354666666661312,1426,987,538.0,499.0
2026-06-18T22:18:07.031766+00:00,,160.0,0.0,5.354666666661312,1426,987,538.0,499.0
2026-06-18T22:18:07.131665+00:00,,160.0,0.0,5.354666666661312,1426,987,538.0,499.0
2026-06-18T22:18:07.231651+00:00,,160.0,0.0,5.354666666661312,1426,987,538.0,499.0
2026-06-18T22:18:07.331690+00:00,,160.0,0.0,5.354666666661312,1426,987,538.0,499.0
2026-06-18T22:18:07.431660+00:00,,160.0,0.0,5.354666666661312,1426,987,538.0,499.0
2026-06-18T22:18:07.531867+00:00,,160.0,0.0,5.354666666661312,1426,987,538.0,499.0
2026-06-18T22:18:07.631684+00:00,,160.0,0.0,5.354666666661312,1426,987,538.0,499.0
2026-06-18T22:18:07.731676+00:00,,160.0,0.0,5.354666666661312,1426,987,538.0,499.0
2026-06-18T22:18:07.831673+00:00,,160.0,0.0,5.354666666661312,1426,987,538.0,499.0
2026-06-18T22:18:07.931678+00:00,,160.0,0.0,5.354666666661312,1426,987,538.0,499.0
2026-06-18T22:18:08.031827+00:00,,160.0,0.0,5.354666666661312,1426,987,538.0,499.0
2026-06-18T22:18:08.131755+00:00,,160.0,0.0,5.354666666661312,1426,987,538.0,499.0
2026-06-18T22:18:08.231726+00:00,,160.0,0.0,5.354666666661312,1426,987,538.0,499.0
2026-06-18T22:18:08.331745+00:00,,160.0,0.0,5.354666666661312,1426,987,538.0,499.0
2026-06-18T22:18:08.431729+00:00,,160.0,0.0,5.354666666661312,1426,987,538.0,499.0
2026-06-18T22:18:08.531918+00:00,,160.0,0.0,5.354666666661312,1426,987,538.0,499.0
2026-06-18T22:18:08.631760+00:00,,160.0,0.0,5.354666666661312,1426,987,538.0,499.0
2026-06-18T22:18:08.731769+00:00,,160.0,0.0,5.354666666661312,1426,987,538.0,499.0
2026-06-18T22:18:08.832771+00:00,,160.0,0.0,5.354666666661312,1426,987,538.0,499.0
2026-06-18T22:18:08.932802+00:00,,160.0,0.0,5.354666666661312,1426,987,538.0,499.0
2026-06-18T22:18:09.032872+00:00,,160.0,0.0,5.354666666661312,1426,987,538.0,499.0
2026-06-18T22:18:09.132822+00:00,,160.0,0.0,5.354666666661312,1426,987,538.0,499.0
2026-06-18T22:18:09.232803+00:00,,160.0,0.0,5.354666666661312,1426,987,538.0,499.0
2026-06-18T22:18:09.332826+00:00,,160.0,0.0,5.354666666661312,1426,987,538.0,499.0
2026-06-18T22:18:09.431857+00:00,,160.0,0.0,5.354666666661312,1426,987,538.0,499.0
2026-06-18T22:18:09.531968+00:00,,160.0,0.0,5.354666666661312,1426,987,538.0,499.0
2026-06-18T22:18:09.949647+00:00,,160.0,4.999999999972715,0.0,1805,686,87.0,84.0
2026-06-18T22:18:10.033926+00:00,,160.0,25.050000000010186,0.0,3326,686,263.0,104.0
2026-06-18T22:18:10.151878+00:00,,160.0,0.0,0.0,1426,686,131.0,218.0
2026-06-18T22:18:10.233835+00:00,,160.0,0.0,0.0,1426,686,333.0,57.0
2026-06-18T22:18:10.333851+00:00,,160.0,0.0,0.0,1426,686,288.0,499.0
2026-06-18T22:18:10.433850+00:00,,159.98,0.0,0.0,1426,686,36.0,499.0
2026-06-18T22:18:10.533187+00:00,,159.82,0.0,0.0,1426,686,502.0,499.0
2026-06-18T22:18:10.633842+00:00,,159.68,0.0,0.0,1426,686,538.0,499.0
2026-06-18T22:18:10.733814+00:00,,159.52,0.0,0.0,1426,686,538.0,499.0
2026-06-18T22:18:10.833905+00:00,,159.38,0.0,0.0,1426,686,538.0,499.0
2026-06-18T22:18:10.934247+00:00,,159.22,0.0,0.0,1426,686,538.0,499.0
2026-06-18T22:18:11.034100+00:00,,159.08,0.0,0.0,1426,686,538.0,499.0
2026-06-18T22:18:11.134838+00:00,,158.94,0.0,0.0,1426,686,538.0,499.0
2026-06-18T22:18:11.234981+00:00,,158.86,0.0,0.0,1426,686,538.0,499.0
2026-06-18T22:18:11.335364+00:00,,158.72,0.0,0.0,1426,686,538.0,499.0
2026-06-18T22:18:11.435117+00:00,,158.56,0.0,0.0,1426,686,538.0,499.0
2026-06-18T22:18:11.535181+00:00,,158.42000000000002,0.0,0.0,1426,686,538.0,499.0
2026-06-18T22:18:11.635656+00:00,,158.26,0.0,0.0,1426,686,538.0,499.0
2026-06-18T22:18:11.735407+00:00,,158.12,0.0,0.0,1426,686,538.0,499.0
2026-06-18T22:18:11.835191+00:00,,157.96,0.0,0.0,1426,686,538.0,499.0
2026-06-18T22:18:11.936033+00:00,,157.82,0.0,0.0,1426,686,538.0,499.0
2026-06-18T22:18:12.036765+00:00,,157.66,0.0,0.0,1426,686,538.0,499.0
2026-06-18T22:18:12.136517+00:00,,157.52,0.0,0.0,1426,686,538.0,499.0
2026-06-18T22:18:12.236683+00:00,,157.38,0.0,0.0,1426,686,538.0,499.0
2026-06-18T22:18:12.336070+00:00,,157.22,0.0,0.0,1426,686,538.0,499.0
2026-06-18T22:18:12.437432+00:00,,157.08,0.0,0.0,1426,686,538.0,499.0
2026-06-18T22:18:12.537598+00:00,,157.0,0.0,0.0,1426,686,538.0,499.0
2026-06-18T22:18:12.638451+00:00,,156.86,0.0,0.0,1426,686,538.0,499.0
2026-06-18T22:18:12.738020+00:00,,156.70000000000002,0.0,0.0,1426,686,538.0,499.0
2026-06-18T22:18:12.836996+00:00,,156.56,0.0,0.0,1426,686,538.0,499.0
2026-06-18T22:18:12.938002+00:00,,156.4,0.0,0.0,1426,686,538.0,499.0
2026-06-18T22:18:13.037082+00:00,,156.26,0.0,0.0,1426,686,538.0,499.0
2026-06-18T22:18:13.138057+00:00,,156.1,0.0,0.0,1426,686,538.0,499.0
2026-06-18T22:18:13.238021+00:00,,155.96,0.0,0.0,1426,686,538.0,499.0
2026-06-18T22:18:13.338025+00:00,,155.8,0.0,0.0,1426,686,538.0,499.0
2026-06-18T22:18:13.438089+00:00,,155.66,0.0,0.0,1426,686,538.0,499.0
2026-06-18T22:18:13.537180+00:00,,155.5,0.0,0.0,1426,686,538.0,499.0
2026-06-18T22:18:13.638078+00:00,,155.36,0.0,0.0,1426,686,538.0,499.0
2026-06-18T22:18:13.737078+00:00,,155.28,0.0,0.0,1426,686,538.0,499.0
2026-06-18T22:18:13.837074+00:00,,155.14000000000001,0.0,0.0,1426,686,538.0,499.0
2026-06-18T22:18:13.937207+00:00,,154.98,0.0,0.0,1426,686,538.0,499.0
2026-06-18T22:18:14.037186+00:00,,154.84,0.0,0.0,1426,686,538.0,499.0
2026-06-18T22:18:14.137099+00:00,,154.68,0.0,0.0,1426,686,538.0,499.0
2026-06-18T22:18:14.238092+00:00,,154.54,0.0,0.0,1426,686,538.0,499.0
2026-06-18T22:18:14.337300+00:00,,154.38,0.0,0.0,1426,686,538.0,499.0
2026-06-18T22:18:14.437173+00:00,,154.24,0.0,0.0,1426,686,538.0,499.0
2026-06-18T22:18:14.537182+00:00,,154.08,0.0,0.0,1426,686,538.0,499.0
2026-06-18T22:18:14.638122+00:00,,153.94,0.0,0.0,1426,686,538.0,499.0
2026-06-18T22:18:14.738154+00:00,,153.78,0.0,0.0,1426,686,538.0,499.0
2026-06-18T22:18:14.838179+00:00,,153.70000000000002,0.0,0.0,1426,686,538.0,499.0
2026-06-18T22:18:14.939148+00:00,,153.56,0.0,0.0,1426,686,538.0,499.0
2026-06-18T22:18:15.038171+00:00,,153.42000000000002,0.0,0.0,1426,686,538.0,499.0
2026-06-18T22:18:15.139182+00:00,,153.26,0.0,0.0,1426,686,538.0,499.0
2026-06-18T22:18:15.239172+00:00,,153.12,0.0,0.0,1426,686,538.0,499.0
2026-06-18T22:18:15.338151+00:00,,152.96,0.0,0.0,1426,686,538.0,499.0
2026-06-18T22:18:15.439186+00:00,,152.82,0.0,0.0,1426,686,538.0,499.0
2026-06-18T22:18:15.539245+00:00,,152.66,0.0,0.0,1426,686,538.0,499.0
2026-06-18T22:18:15.639182+00:00,,152.52,0.0,0.0,1426,686,538.0,499.0
2026-06-18T22:18:15.740414+00:00,,152.36,0.0,0.0,1426,686,538.0,499.0
2026-06-18T22:18:15.839186+00:00,,152.22,0.0,0.0,1426,686,538.0,499.0
2026-06-18T22:18:15.940230+00:00,,152.06,0.0,0.0,1426,686,538.0,499.0
2026-06-18T22:18:16.040351+00:00,,151.92000000000002,0.0,0.0,1426,686,538.0,499.0
2026-06-18T22:18:16.158216+00:00,,151.76,0.0,1.2000000000043656,1426,753,538.0,64.0
2026-06-18T22:18:16.240206+00:00,,151.68,0.0,2.399999999997817,1426,821,538.0,136.0
2026-06-18T22:18:16.359254+00:00,,151.54,0.0,2.399999999997817,1426,821,538.0,111.0
2026-06-18T22:18:16.441248+00:00,,151.38,0.0,2.399999999997817,1426,821,538.0,490.0
2026-06-18T22:18:16.541304+00:00,,151.24,0.0,2.399999999997817,1426,821,538.0,499.0
2026-06-18T22:18:16.640321+00:00,,151.08,0.0,2.399999999997817,1426,821,538.0,499.0
2026-06-18T22:18:16.740248+00:00,,150.94,0.0,2.399999999997817,1426,821,538.0,499.0
2026-06-18T22:18:16.841295+00:00,,150.78,0.0,2.399999999997817,1426,821,538.0,499.0
2026-06-18T22:18:16.941442+00:00,,150.64000000000001,0.0,2.399999999997817,1426,821,538.0,499.0
2026-06-18T22:18:17.041250+00:00,,150.48,0.0,2.399999999997817,1426,821,538.0,499.0
2026-06-18T22:18:17.141760+00:00,,150.34,0.0,2.399999999997817,1426,821,538.0,499.0
2026-06-18T22:18:17.242307+00:00,,150.18,0.0,2.399999999997817,1426,821,538.0,499.0
2026-06-18T22:18:17.342286+00:00,,150.1,0.0,2.399999999997817,1426,821,538.0,499.0
2026-06-18T22:18:17.442069+00:00,,149.96,0.0,2.399999999997817,1426,821,538.0,499.0
2026-06-18T22:18:17.541315+00:00,,149.8,0.0,2.399999999997817,1426,821,538.0,499.0
2026-06-18T22:18:17.640585+00:00,,149.66,0.0,2.399999999997817,1426,821,538.0,499.0
2026-06-18T22:18:17.740479+00:00,,149.5,0.0,2.399999999997817,1426,821,538.0,499.0
2026-06-18T22:18:17.841293+00:00,,149.34,0.0,2.399999999997817,1426,821,538.0,499.0
2026-06-18T22:18:17.941514+00:00,,149.20000000000002,0.0,2.399999999997817,1426,821,538.0,499.0
2026-06-18T22:18:18.040654+00:00,,149.04,0.0,2.399999999997817,1426,821,538.0,499.0
2026-06-18T22:18:18.141410+00:00,,148.9,0.0,2.399999999997817,1426,821,538.0,499.0
2026-06-18T22:18:18.240363+00:00,,148.76,0.0,2.399999999997817,1426,821,538.0,499.0
2026-06-18T22:18:18.340940+00:00,,148.6,0.0,2.399999999997817,1426,821,538.0,499.0
2026-06-18T22:18:18.440702+00:00,,148.46,0.0,2.399999999997817,1426,821,538.0,499.0
2026-06-18T22:18:18.541489+00:00,,148.3,0.0,2.399999999997817,1426,821,538.0,499.0
2026-06-18T22:18:18.640326+00:00,,148.22,0.0,2.399999999997817,1426,821,538.0,499.0
2026-06-18T22:18:18.741360+00:00,,148.08,0.0,2.399999999997817,1426,821,538.0,499.0
2026-06-18T22:18:18.841755+00:00,,147.92000000000002,0.0,2.399999999997817,1426,821,538.0,499.0
2026-06-18T22:18:18.942513+00:00,,147.78,0.0,2.399999999997817,1426,821,538.0,499.0
2026-06-18T22:18:19.042373+00:00,,147.62,0.0,2.399999999997817,1426,821,538.0,499.0
2026-06-18T22:18:19.142084+00:00,,147.48,0.0,2.399999999997817,1426,821,538.0,499.0
2026-06-18T22:18:19.241862+00:00,,147.32,0.0,2.399999999997817,1426,821,538.0,499.0
2026-06-18T22:18:19.342413+00:00,,147.18,0.0,2.399999999997817,1426,821,538.0,499.0
2026-06-18T22:18:19.443405+00:00,,147.02,0.0,2.399999999997817,1426,821,538.0,499.0
2026-06-18T22:18:19.542409+00:00,,146.88,0.0,2.399999999997817,1426,821,538.0,499.0
2026-06-18T22:18:19.642462+00:00,,146.72,0.0,2.399999999997817,1426,821,538.0,499.0
2026-06-18T22:18:19.742717+00:00,,146.58,0.0,2.399999999997817,1426,821,538.0,499.0
2026-06-18T22:18:19.842469+00:00,,146.42000000000002,0.0,2.399999999997817,1426,821,538.0,499.0
2026-06-18T22:18:19.942414+00:00,,146.28,0.0,2.399999999997817,1426,821,538.0,499.0
2026-06-18T22:18:20.042423+00:00,,146.12,0.0,2.399999999997817,1426,821,538.0,499.0
2026-06-18T22:18:20.143458+00:00,,146.04,0.0,2.399999999997817,1426,821,538.0,499.0
2026-06-18T22:18:20.243564+00:00,,145.9,0.0,2.399999999997817,1426,821,538.0,499.0
2026-06-18T22:18:20.343506+00:00,,145.76,0.0,2.399999999997817,1426,821,538.0,499.0
2026-06-18T22:18:20.443442+00:00,,145.6,0.0,2.399999999997817,1426,821,538.0,499.0
2026-06-18T22:18:20.543451+00:00,,145.44,0.0,2.399999999997817,1426,821,538.0,499.0
2026-06-18T22:18:20.643429+00:00,,145.3,0.0,2.399999999997817,1426,821,538.0,499.0
2026-06-18T22:18:20.743441+00:00,,145.16,0.0,2.399999999997817,1426,821,538.0,499.0
2026-06-18T22:18:20.844447+00:00,,145.0,0.0,2.399999999997817,1426,821,538.0,499.0
2026-06-18T22:18:20.944639+00:00,,144.86,0.0,2.399999999997817,1426,821,538.0,499.0
2026-06-18T22:18:21.044448+00:00,,144.72,0.0,2.399999999997817,1426,821,538.0,499.0
2026-06-18T22:18:21.144466+00:00,,144.56,0.0,2.399999999997817,1426,821,538.0,499.0
2026-06-18T22:18:21.244456+00:00,,144.42000000000002,0.0,2.399999999997817,1426,821,538.0,499.0
2026-06-18T22:18:21.344482+00:00,,144.26,0.0,2.399999999997817,1426,821,538.0,499.0
2026-06-18T22:18:21.444765+00:00,,144.20000000000002,0.0,2.399999999997817,1426,821,538.0,499.0
2026-06-18T22:18:21.545564+00:00,,144.04,0.0,2.399999999997817,1426,821,538.0,499.0
2026-06-18T22:18:21.645494+00:00,,143.88,0.0,2.399999999997817,1426,821,538.0,499.0
2026-06-18T22:18:21.745986+00:00,,143.74,0.0,2.399999999997817,1426,821,538.0,499.0
2026-06-18T22:18:21.845731+00:00,,143.58,0.0,2.399999999997817,1426,821,538.0,499.0
2026-06-18T22:18:21.945665+00:00,,143.44,0.0,2.399999999997817,1426,821,538.0,499.0
2026-06-18T22:18:22.045511+00:00,,143.28,0.0,2.399999999997817,1426,821,538.0,499.0
2026-06-18T22:18:22.145526+00:00,,143.14000000000001,0.0,2.399999999997817,1426,821,538.0,499.0
2026-06-18T22:18:22.245825+00:00,,142.98,0.0,2.399999999997817,1426,821,538.0,499.0
2026-06-18T22:18:22.345602+00:00,,142.84,0.0,2.399999999997817,1426,821,538.0,499.0
2026-06-18T22:18:22.445728+00:00,,142.68,0.0,2.399999999997817,1426,821,538.0,499.0
2026-06-18T22:18:22.545572+00:00,,142.54,0.0,2.399999999997817,1426,821,538.0,499.0
2026-06-18T22:18:22.645540+00:00,,142.38,0.0,2.399999999997817,1426,821,538.0,499.0
2026-06-18T22:18:22.745564+00:00,,142.3,0.0,2.399999999997817,1426,821,538.0,499.0
2026-06-18T22:18:22.845546+00:00,,142.16,0.0,2.399999999997817,1426,821,538.0,499.0
2026-06-18T22:18:22.945707+00:00,,142.0,0.0,2.399999999997817,1426,821,538.0,499.0
2026-06-18T22:18:23.045560+00:00,,141.86,0.0,2.399999999997817,1426,821,538.0,499.0
2026-06-18T22:18:23.145606+00:00,,141.70000000000002,0.0,2.399999999997817,1426,821,538.0,499.0
2026-06-18T22:18:23.245583+00:00,,141.56,0.0,2.399999999997817,1426,821,538.0,499.0
2026-06-18T22:18:23.345593+00:00,,141.4,0.0,2.399999999997817,1426,821,538.0,499.0
2026-06-18T22:18:23.445784+00:00,,141.26,0.0,2.399999999997817,1426,821,538.0,499.0
2026-06-18T22:18:23.544853+00:00,,141.1,0.0,2.399999999997817,1426,821,538.0,499.0
2026-06-18T22:18:23.645595+00:00,,140.96,0.0,2.399999999997817,1426,821,538.0,499.0
2026-06-18T22:18:23.745619+00:00,,140.82,0.0,2.399999999997817,1426,821,538.0,499.0
2026-06-18T22:18:23.845612+00:00,,140.66,0.0,2.399999999997817,1426,821,538.0,499.0
2026-06-18T22:18:23.944911+00:00,,140.52,0.0,2.399999999997817,1426,821,538.0,499.0
2026-06-18T22:18:24.045699+00:00,,140.44,0.0,2.399999999997817,1426,821,538.0,499.0
2026-06-18T22:18:24.144645+00:00,,140.28,0.0,2.399999999997817,1426,821,538.0,499.0
2026-06-18T22:18:24.245633+00:00,,140.14000000000001,0.0,2.399999999997817,1426,821,538.0,499.0
2026-06-18T22:18:24.345654+00:00,,139.98,0.0,2.399999999997817,1426,821,538.0,499.0
2026-06-18T22:18:24.444841+00:00,,139.82,0.0,2.399999999997817,1426,821,538.0,499.0
2026-06-18T22:18:24.545691+00:00,,139.68,0.0,2.399999999997817,1426,821,538.0,499.0
2026-06-18T22:18:24.645291+00:00,,139.52,0.0,2.399999999997817,1426,821,538.0,499.0
2026-06-18T22:18:24.746042+00:00,,139.36,0.0,2.399999999997817,1426,821,538.0,499.0
2026-06-18T22:18:24.845808+00:00,,139.22,0.0,2.399999999997817,1426,821,538.0,499.0
2026-06-18T22:18:24.945583+00:00,,139.06,0.0,2.399999999997817,1426,821,538.0,499.0
2026-06-18T22:18:25.045692+00:00,,138.92000000000002,0.0,2.399999999997817,1426,821,538.0,499.0
2026-06-18T22:18:25.145708+00:00,,138.76,0.0,2.399999999997817,1426,821,538.0,499.0
2026-06-18T22:18:25.245849+00:00,,138.62,0.0,2.399999999997817,1426,821,538.0,499.0
2026-06-18T22:18:25.345627+00:00,,138.46,0.0,2.399999999997817,1426,821,538.0,499.0
2026-06-18T22:18:25.445852+00:00,,138.38,0.0,2.399999999997817,1426,821,538.0,499.0
2026-06-18T22:18:25.546183+00:00,,138.22,0.0,2.399999999997817,1426,821,538.0,499.0
2026-06-18T22:18:25.645943+00:00,,138.08,0.0,2.399999999997817,1426,821,538.0,499.0
2026-06-18T22:18:25.745777+00:00,,137.94,0.0,2.399999999997817,1426,821,538.0,499.0
2026-06-18T22:18:25.845732+00:00,,137.78,0.0,2.399999999997817,1426,821,538.0,499.0
2026-06-18T22:18:25.946232+00:00,,137.64000000000001,0.0,2.399999999997817,1426,821,538.0,499.0
2026-06-18T22:18:26.045985+00:00,,137.48,0.0,2.399999999997817,1426,821,538.0,499.0
2026-06-18T22:18:26.164799+00:00,,137.34,5.333333333352735,0.0,1831,686,99.0,12.0
2026-06-18T22:18:26.246744+00:00,,137.18,10.66666666670547,0.0,2235,686,277.0,45.0
2026-06-18T22:18:26.365777+00:00,,137.770263671875,0.0,0.0,1426,686,37.0,54.0
2026-06-18T22:18:26.447085+00:00,,138.642939453125,0.0,0.0,1426,686,323.0,125.0
2026-06-18T22:18:26.547890+00:00,,139.38755859375001,0.0,0.0,1426,686,133.0,499.0
2026-06-18T22:18:26.646796+00:00,,139.24755859375,0.0,0.0,1426,686,538.0,499.0
2026-06-18T22:18:26.746800+00:00,,139.08755859375,0.0,0.0,1426,686,538.0,499.0
2026-06-18T22:18:26.847118+00:00,,139.02755859375,0.0,0.0,1426,686,538.0,499.0
2026-06-18T22:18:26.947910+00:00,,138.86755859375,0.0,0.0,1426,686,538.0,499.0
2026-06-18T22:18:27.047789+00:00,,138.72755859375,0.0,0.0,1426,686,538.0,499.0
2026-06-18T22:18:27.147804+00:00,,138.56755859375,0.0,0.0,1426,686,538.0,499.0
2026-06-18T22:18:27.247816+00:00,,138.40755859375,0.0,0.0,1426,686,538.0,499.0
2026-06-18T22:18:27.347827+00:00,,138.26755859375,0.0,0.0,1426,686,538.0,499.0
2026-06-18T22:18:27.447916+00:00,,138.10755859375,0.0,0.0,1426,686,538.0,499.0
2026-06-18T22:18:27.547869+00:00,,137.96755859375,0.0,0.0,1426,686,538.0,499.0
2026-06-18T22:18:27.647834+00:00,,137.80755859375,0.0,0.0,1426,686,538.0,499.0
2026-06-18T22:18:27.748857+00:00,,137.66755859375002,0.0,0.0,1426,686,538.0,499.0
2026-06-18T22:18:27.848849+00:00,,137.50755859375,0.0,0.0,1426,686,538.0,499.0
2026-06-18T22:18:27.948948+00:00,,137.36755859375,0.0,0.0,1426,686,538.0,499.0
2026-06-18T22:18:28.048866+00:00,,137.28755859375,0.0,0.0,1426,686,538.0,499.0
2026-06-18T22:18:28.148897+00:00,,137.14755859375,0.0,0.0,1426,686,538.0,499.0
2026-06-18T22:18:28.248871+00:00,,136.98755859375,0.0,0.0,1426,686,538.0,499.0
2026-06-18T22:18:28.348895+00:00,,136.82755859375,0.0,0.0,1426,686,538.0,499.0
2026-06-18T22:18:28.447960+00:00,,136.68755859375,0.0,0.0,1426,686,538.0,499.0
2026-06-18T22:18:28.548212+00:00,,136.54755859375,0.0,0.0,1426,686,538.0,499.0
2026-06-18T22:18:28.648897+00:00,,136.38755859375001,0.0,0.0,1426,686,538.0,499.0
2026-06-18T22:18:28.748916+00:00,,136.22755859375,0.0,0.0,1426,686,538.0,499.0
2026-06-18T22:18:28.847911+00:00,,136.08755859375,0.0,0.0,1426,686,538.0,499.0
2026-06-18T22:18:28.947980+00:00,,135.92755859375,0.0,0.0,1426,686,538.0,499.0
2026-06-18T22:18:29.047995+00:00,,135.78755859375,0.0,0.0,1426,686,538.0,499.0
2026-06-18T22:18:29.148938+00:00,,135.62755859375,0.0,0.0,1426,686,538.0,499.0
2026-06-18T22:18:29.247930+00:00,,135.54755859375,0.0,0.0,1426,686,538.0,499.0
2026-06-18T22:18:29.348316+00:00,,135.38755859375001,0.0,0.0,1426,686,538.0,499.0
2026-06-18T22:18:29.449131+00:00,,135.24755859375,0.0,0.0,1426,686,538.0,499.0
2026-06-18T22:18:29.549036+00:00,,135.08755859375,0.0,0.0,1426,686,538.0,499.0
2026-06-18T22:18:29.649007+00:00,,134.94755859375,0.0,0.0,1426,686,538.0,499.0
2026-06-18T22:18:29.749123+00:00,,134.78755859375,0.0,0.0,1426,686,538.0,499.0
2026-06-18T22:18:29.847968+00:00,,134.62755859375,0.0,0.0,1426,686,538.0,499.0
2026-06-18T22:18:29.949049+00:00,,134.48755859375,0.0,0.0,1426,686,538.0,499.0
2026-06-18T22:18:30.047993+00:00,,134.34755859375,0.0,0.0,1426,686,538.0,499.0
2026-06-18T22:18:30.147996+00:00,,134.18755859375,0.0,0.0,1426,686,538.0,499.0
2026-06-18T22:18:30.249002+00:00,,134.04755859375,0.0,0.0,1426,686,538.0,499.0
2026-06-18T22:18:30.348077+00:00,,133.88755859375001,0.0,0.0,1426,686,538.0,499.0
2026-06-18T22:18:30.449066+00:00,,133.72755859375,0.0,0.0,1426,686,538.0,499.0
2026-06-18T22:18:30.549050+00:00,,133.66755859375002,0.0,0.0,1426,686,538.0,499.0
2026-06-18T22:18:30.649033+00:00,,133.52755859375,0.0,0.0,1426,686,538.0,499.0
2026-06-18T22:18:30.750030+00:00,,133.36755859375,0.0,0.0,1426,686,538.0,499.0
2026-06-18T22:18:30.850027+00:00,,133.20755859375,0.0,0.0,1426,686,538.0,499.0
2026-06-18T22:18:30.950061+00:00,,133.06755859375,0.0,0.0,1426,686,538.0,499.0
2026-06-18T22:18:31.051026+00:00,,132.90755859375,0.0,0.0,1426,686,538.0,499.0
2026-06-18T22:18:31.150111+00:00,,132.76755859375,0.0,0.0,1426,686,538.0,499.0
2026-06-18T22:18:31.251043+00:00,,132.62755859375,0.0,0.0,1426,686,538.0,499.0
2026-06-18T22:18:31.350066+00:00,,132.46755859375,0.0,0.0,1426,686,538.0,499.0
2026-06-18T22:18:31.450088+00:00,,132.30755859375,0.0,0.0,1426,686,538.0,499.0
2026-06-18T22:18:31.550212+00:00,,132.16755859375002,0.0,0.0,1426,686,538.0,499.0
2026-06-18T22:18:31.650981+00:00,,132.00755859375,0.0,0.0,1426,686,538.0,499.0
2026-06-18T22:18:31.749750+00:00,,131.84755859375,0.0,0.0,1426,686,538.0,499.0
2026-06-18T22:18:31.849526+00:00,,131.76755859375,0.0,0.0,1426,686,538.0,499.0
2026-06-18T22:18:31.950292+00:00,,131.62755859375,0.0,0.0,1426,686,538.0,499.0
2026-06-18T22:18:32.050146+00:00,,131.46755859375,0.0,0.0,1426,686,538.0,499.0
2026-06-18T22:18:32.150840+00:00,,131.32755859375,0.0,0.0,1426,686,538.0,499.0
2026-06-18T22:18:32.250598+00:00,,131.16755859375002,0.0,0.0,1426,686,538.0,499.0
2026-06-18T22:18:32.368379+00:00,,131.02755859375,0.0,1.3466666666621072,1426,762,538.0,65.0
2026-06-18T22:18:32.450218+00:00,,130.86755859375,0.0,2.680000000000291,1426,837,538.0,152.0
2026-06-18T22:18:32.568206+00:00,,130.70755859375,0.0,2.680000000000291,1426,837,538.0,206.0
2026-06-18T22:18:32.650671+00:00,,130.56755859375,0.0,2.680000000000291,1426,837,538.0,273.0
2026-06-18T22:18:32.750435+00:00,,130.40755859375,0.0,2.680000000000291,1426,837,538.0,499.0
2026-06-18T22:18:32.850326+00:00,,130.26755859375,0.0,2.680000000000291,1426,837,538.0,499.0
2026-06-18T22:18:32.951157+00:00,,130.10755859375,0.0,2.680000000000291,1426,837,538.0,499.0
2026-06-18T22:18:33.050728+00:00,,129.96755859375,0.0,2.680000000000291,1426,837,538.0,499.0
2026-06-18T22:18:33.151498+00:00,,129.88755859375001,0.0,2.680000000000291,1426,837,538.0,499.0
2026-06-18T22:18:33.251236+00:00,,129.74755859375,0.0,2.680000000000291,1426,837,538.0,499.0
2026-06-18T22:18:33.351337+00:00,,129.58755859375,0.0,2.680000000000291,1426,837,538.0,499.0
2026-06-18T22:18:33.452232+00:00,,129.44755859375,0.0,2.680000000000291,1426,837,538.0,499.0
2026-06-18T22:18:33.552549+00:00,,129.28755859375,0.0,2.680000000000291,1426,837,538.0,499.0
2026-06-18T22:18:33.653194+00:00,,129.14755859375,0.0,2.680000000000291,1426,837,538.0,499.0
2026-06-18T22:18:33.753230+00:00,,128.98755859375,0.0,2.680000000000291,1426,837,538.0,499.0
2026-06-18T22:18:33.852360+00:00,,128.82755859375,0.0,2.680000000000291,1426,837,538.0,499.0
2026-06-18T22:18:33.952235+00:00,,128.68755859375,0.0,2.680000000000291,1426,837,538.0,499.0
2026-06-18T22:18:34.052352+00:00,,128.52755859375,0.0,2.680000000000291,1426,837,538.0,499.0
2026-06-18T22:18:34.152242+00:00,,128.38755859375001,0.0,2.680000000000291,1426,837,538.0,499.0
2026-06-18T22:18:34.253221+00:00,,128.22755859375,0.0,2.680000000000291,1426,837,538.0,499.0
2026-06-18T22:18:34.352636+00:00,,128.08755859375,0.0,2.680000000000291,1426,837,538.0,499.0
2026-06-18T22:18:34.452437+00:00,,128.00755859375,0.0,2.680000000000291,1426,837,538.0,499.0
2026-06-18T22:18:34.552284+00:00,,127.84755859375001,0.0,2.680000000000291,1426,837,538.0,499.0
2026-06-18T22:18:34.652260+00:00,,127.70755859375001,0.0,2.680000000000291,1426,837,538.0,499.0
2026-06-18T22:18:34.753282+00:00,,127.54755859375,0.0,2.680000000000291,1426,837,538.0,499.0
2026-06-18T22:18:34.852438+00:00,,127.40755859375,0.0,2.680000000000291,1426,837,538.0,499.0
2026-06-18T22:18:34.952285+00:00,,127.24755859375,0.0,2.680000000000291,1426,837,538.0,499.0
2026-06-18T22:18:35.052280+00:00,,127.08755859375,0.0,2.680000000000291,1426,837,538.0,499.0
2026-06-18T22:18:35.152301+00:00,,126.94755859375,0.0,2.680000000000291,1426,837,538.0,499.0
2026-06-18T22:18:35.252321+00:00,,126.78755859375,0.0,2.680000000000291,1426,837,538.0,499.0
2026-06-18T22:18:35.352391+00:00,,126.62755859375001,0.0,2.680000000000291,1426,837,538.0,499.0
2026-06-18T22:18:35.452345+00:00,,126.48755859375001,0.0,2.680000000000291,1426,837,538.0,499.0
2026-06-18T22:18:35.552369+00:00,,126.32755859375,0.0,2.680000000000291,1426,837,538.0,499.0
2026-06-18T22:18:35.653325+00:00,,126.26755859375,0.0,2.680000000000291,1426,837,538.0,499.0
2026-06-18T22:18:35.752334+00:00,,126.10755859375,0.0,2.680000000000291,1426,837,538.0,499.0
2026-06-18T22:18:35.852420+00:00,,125.96755859375,0.0,2.680000000000291,1426,837,538.0,499.0
2026-06-18T22:18:35.952338+00:00,,125.80755859375,0.0,2.680000000000291,1426,837,538.0,499.0
2026-06-18T22:18:36.052355+00:00,,125.66755859375,0.0,2.680000000000291,1426,837,538.0,499.0
2026-06-18T22:18:36.152354+00:00,,125.50755859375,0.0,2.680000000000291,1426,837,538.0,499.0
2026-06-18T22:18:36.252343+00:00,,125.36755859375,0.0,2.680000000000291,1426,837,538.0,499.0
2026-06-18T22:18:36.352457+00:00,,125.20755859375001,0.0,2.680000000000291,1426,837,538.0,499.0
2026-06-18T22:18:36.453383+00:00,,125.04755859375,0.0,2.680000000000291,1426,837,538.0,499.0
2026-06-18T22:18:36.553479+00:00,,124.90755859375,0.0,2.680000000000291,1426,837,538.0,499.0
2026-06-18T22:18:36.653371+00:00,,124.74755859375,0.0,2.680000000000291,1426,837,538.0,499.0
2026-06-18T22:18:36.753390+00:00,,124.60755859375,0.0,2.680000000000291,1426,837,538.0,499.0
2026-06-18T22:18:36.854452+00:00,,124.52755859375,0.0,2.680000000000291,1426,837,538.0,499.0
2026-06-18T22:18:36.954401+00:00,,124.38755859375,0.0,2.680000000000291,1426,837,538.0,499.0
2026-06-18T22:18:37.054406+00:00,,124.22755859375,0.0,2.680000000000291,1426,837,538.0,499.0
2026-06-18T22:18:37.154445+00:00,,124.08755859375,0.0,2.680000000000291,1426,837,538.0,499.0
2026-06-18T22:18:37.254771+00:00,,123.92755859375,0.0,2.680000000000291,1426,837,538.0,499.0
2026-06-18T22:18:37.354546+00:00,,123.78755859375,0.0,2.680000000000291,1426,837,538.0,499.0
2026-06-18T22:18:37.455468+00:00,,123.62755859375001,0.0,2.680000000000291,1426,837,538.0,499.0
2026-06-18T22:18:37.555484+00:00,,123.46755859375,0.0,2.680000000000291,1426,837,538.0,499.0
2026-06-18T22:18:37.655490+00:00,,123.30755859375,0.0,2.680000000000291,1426,837,538.0,499.0
2026-06-18T22:18:37.755502+00:00,,123.16755859375,0.0,2.680000000000291,1426,837,538.0,499.0
2026-06-18T22:18:37.855524+00:00,,123.00755859375,0.0,2.680000000000291,1426,837,538.0,499.0
2026-06-18T22:18:37.955471+00:00,,122.86755859375,0.0,2.680000000000291,1426,837,538.0,499.0
2026-06-18T22:18:38.055475+00:00,,122.72755859375,0.0,2.680000000000291,1426,837,538.0,499.0
2026-06-18T22:18:38.155521+00:00,,122.56755859375001,0.0,2.680000000000291,1426,837,538.0,499.0
2026-06-18T22:18:38.256512+00:00,,122.42755859375,0.0,2.680000000000291,1426,837,538.0,499.0
2026-06-18T22:18:38.356265+00:00,,122.26755859375,0.0,2.680000000000291,1426,837,538.0,499.0
2026-06-18T22:18:38.456492+00:00,,122.20755859375001,0.0,2.680000000000291,1426,837,538.0,499.0
2026-06-18T22:18:38.555762+00:00,,122.04755859375,0.0,2.680000000000291,1426,837,538.0,499.0
2026-06-18T22:18:38.660155+00:00,,121.90755859375,0.0,2.680000000000291,1426,837,538.0,499.0
2026-06-18T22:18:38.756307+00:00,,121.74755859375,0.0,2.680000000000291,1426,837,538.0,499.0
2026-06-18T22:18:38.856585+00:00,,121.58755859375,0.0,2.680000000000291,1426,837,538.0,499.0
2026-06-18T22:18:38.957223+00:00,,121.44755859375,0.0,2.680000000000291,1426,837,538.0,499.0
2026-06-18T22:18:39.057637+00:00,,121.28755859375,0.0,2.680000000000291,1426,837,538.0,499.0
2026-06-18T22:18:39.157536+00:00,,121.14755859375,0.0,2.680000000000291,1426,837,538.0,499.0
2026-06-18T22:18:39.258122+00:00,,120.98755859375001,0.0,2.680000000000291,1426,837,538.0,499.0
2026-06-18T22:18:39.357876+00:00,,120.84755859375001,0.0,2.680000000000291,1426,837,538.0,499.0
2026-06-18T22:18:39.458661+00:00,,120.68755859375,0.0,2.680000000000291,1426,837,538.0,499.0
2026-06-18T22:18:39.557555+00:00,,120.54755859375,0.0,2.680000000000291,1426,837,538.0,499.0
2026-06-18T22:18:39.658181+00:00,,120.46755859375,0.0,2.680000000000291,1426,837,538.0,499.0
2026-06-18T22:18:39.757971+00:00,,120.32755859375,0.0,2.680000000000291,1426,837,538.0,499.0
2026-06-18T22:18:39.857763+00:00,,120.16755859375,0.0,2.680000000000291,1426,837,538.0,499.0
2026-06-18T22:18:39.957623+00:00,,120.00755859375,0.0,2.680000000000291,1426,837,538.0,499.0
2026-06-18T22:18:40.058293+00:00,,119.86755859375,0.0,2.680000000000291,1426,837,538.0,499.0
2026-06-18T22:18:40.158072+00:00,,119.72755859375,0.0,2.680000000000291,1426,837,538.0,499.0
2026-06-18T22:18:40.258618+00:00,,119.56755859375001,0.0,2.680000000000291,1426,837,538.0,499.0
2026-06-18T22:18:40.358683+00:00,,119.42755859375,0.0,2.680000000000291,1426,837,538.0,499.0
2026-06-18T22:18:40.458621+00:00,,119.26755859375,0.0,2.680000000000291,1426,837,538.0,499.0
2026-06-18T22:18:40.558650+00:00,,119.12755859375,0.0,2.680000000000291,1426,837,538.0,499.0
2026-06-18T22:18:40.657652+00:00,,118.96755859375,0.0,2.680000000000291,1426,837,538.0,499.0
2026-06-18T22:18:40.758726+00:00,,118.82755859375,0.0,2.680000000000291,1426,837,538.0,499.0
2026-06-18T22:18:40.857700+00:00,,118.66755859375,0.0,2.680000000000291,1426,837,538.0,499.0
2026-06-18T22:18:40.957681+00:00,,118.52755859375,0.0,2.680000000000291,1426,837,538.0,499.0
2026-06-18T22:18:41.058664+00:00,,118.36755859375,0.0,2.680000000000291,1426,837,538.0,499.0
2026-06-18T22:18:41.158728+00:00,,118.30755859375,0.0,2.680000000000291,1426,837,538.0,499.0
2026-06-18T22:18:41.258639+00:00,,118.14755859375,0.0,2.680000000000291,1426,837,538.0,499.0
2026-06-18T22:18:41.358713+00:00,,118.00755859375,0.0,2.680000000000291,1426,837,538.0,499.0
2026-06-18T22:18:41.458702+00:00,,117.84755859375001,0.0,2.680000000000291,1426,837,538.0,499.0
2026-06-18T22:18:41.558696+00:00,,117.70755859375001,0.0,2.680000000000291,1426,837,538.0,499.0
2026-06-18T22:18:41.658682+00:00,,117.54755859375,0.0,2.680000000000291,1426,837,538.0,499.0
2026-06-18T22:18:41.758686+00:00,,117.40755859375,0.0,2.680000000000291,1426,837,538.0,499.0
2026-06-18T22:18:41.859083+00:00,,117.24755859375,0.0,2.680000000000291,1426,837,538.0,499.0
2026-06-18T22:18:41.959699+00:00,,117.08755859375,0.0,2.680000000000291,1426,837,538.0,499.0
2026-06-18T22:18:42.059732+00:00,,116.94755859375,0.0,2.680000000000291,1426,837,538.0,499.0
2026-06-18T22:18:42.159707+00:00,,116.78755859375,0.0,2.680000000000291,1426,837,538.0,499.0
2026-06-18T22:18:42.259720+00:00,,116.64755859375,0.0,2.680000000000291,1426,837,538.0,499.0
