timestamp,ref_speed_kmh,actual_speed_kmh,accel_opening,brake_opening,accel_pos,brake_pos,accel_current,brake_current
2026-06-18T20:54:48.143056+00:00,,0.0,0.0,30.0,1426,2371,195.0,499.0
2026-06-18T20:54:48.525972+00:00,,0.0,0.0,30.0,1426,2371,538.0,499.0
2026-06-18T20:54:48.924829+00:00,,0.0,0.0,30.0,1426,2371,538.0,499.0
2026-06-18T20:54:49.325898+00:00,,0.0,0.0,30.0,1426,2371,538.0,499.0
2026-06-18T20:54:49.726687+00:00,,0.0,0.0,30.0,1426,2371,538.0,499.0
2026-06-18T20:54:50.126648+00:00,,0.0,0.0,30.0,1426,2371,538.0,499.0
2026-06-18T20:54:50.528600+00:00,,0.0,0.0,30.0,1426,2371,538.0,499.0
2026-06-18T20:54:50.632236+00:00,,0.0,0.0,30.0,1426,2371,538.0,499.0
2026-06-18T20:54:50.732064+00:00,,0.0,0.0,30.0,1426,2371,538.0,499.0
2026-06-18T20:54:50.831946+00:00,,0.0,0.0,30.0,1426,2371,538.0,499.0
2026-06-18T20:54:50.931948+00:00,,0.0,0.0,24.0,1426,2034,538.0,144.0
2026-06-18T20:54:51.032977+00:00,,0.0,0.0,24.0,1426,2034,538.0,23.0
2026-06-18T20:54:51.132974+00:00,,0.0,0.0,24.0,1426,2034,538.0,475.0
2026-06-18T20:54:51.234010+00:00,,0.0,0.0,24.0,1426,2034,538.0,499.0
2026-06-18T20:54:51.334939+00:00,,0.0,0.0,24.0,1426,2034,538.0,499.0
2026-06-18T20:54:51.433949+00:00,,0.0,0.0,24.0,1426,2034,538.0,499.0
2026-06-18T20:54:51.533974+00:00,,0.0,0.0,24.0,1426,2034,538.0,499.0
2026-06-18T20:54:51.634961+00:00,,0.0,0.0,24.0,1426,2034,538.0,499.0
2026-06-18T20:54:51.734991+00:00,,0.0,0.0,24.0,1426,2034,538.0,499.0
2026-06-18T20:54:51.834941+00:00,,0.0,0.0,24.0,1426,2034,538.0,499.0
2026-06-18T20:54:51.934083+00:00,,0.0,0.0,24.0,1426,2034,538.0,499.0
2026-06-18T20:54:52.033955+00:00,,0.0,0.0,24.0,1426,2034,538.0,499.0
2026-06-18T20:54:52.134962+00:00,,0.0,0.0,24.0,1426,2034,538.0,499.0
2026-06-18T20:54:52.234984+00:00,,0.0,0.0,24.0,1426,2034,538.0,499.0
2026-06-18T20:54:52.334979+00:00,,0.0,0.0,24.0,1426,2034,538.0,499.0
2026-06-18T20:54:52.434970+00:00,,0.0,0.0,24.0,1426,2034,538.0,499.0
2026-06-18T20:54:52.535027+00:00,,0.0,0.0,24.0,1426,2034,538.0,499.0
2026-06-18T20:54:52.634944+00:00,,0.0,0.0,24.0,1426,2034,538.0,499.0
2026-06-18T20:54:52.734970+00:00,,0.0,0.0,24.0,1426,2034,538.0,499.0
2026-06-18T20:54:52.833968+00:00,,0.0,0.0,24.0,1426,2034,538.0,499.0
2026-06-18T20:54:52.934942+00:00,,0.0,0.0,24.0,1426,2034,538.0,499.0
2026-06-18T20:54:53.034939+00:00,,0.0,0.0,24.0,1426,2034,538.0,499.0
2026-06-18T20:54:53.134953+00:00,,0.0,0.0,24.0,1426,2034,538.0,499.0
2026-06-18T20:54:53.235048+00:00,,0.0,0.0,24.0,1426,2034,538.0,499.0
2026-06-18T20:54:53.334966+00:00,,0.0,0.0,24.0,1426,2034,538.0,499.0
2026-06-18T20:54:53.434953+00:00,,0.0,0.0,24.0,1426,2034,538.0,499.0
2026-06-18T20:54:53.534998+00:00,,0.0,0.0,24.0,1426,2034,538.0,499.0
2026-06-18T20:54:53.633936+00:00,,0.0,0.0,24.0,1426,2034,538.0,499.0
2026-06-18T20:54:53.734941+00:00,,0.0,0.0,24.0,1426,2034,538.0,499.0
2026-06-18T20:54:53.834970+00:00,,0.0,0.0,24.0,1426,2034,538.0,499.0
2026-06-18T20:54:53.935968+00:00,,0.0,0.0,18.0,1426,1697,538.0,96.0
2026-06-18T20:54:54.036955+00:00,,0.0,0.0,18.0,1426,1697,538.0,111.0
2026-06-18T20:54:54.136100+00:00,,0.0031356820464134216,0.0,18.0,1426,1697,538.0,499.0
2026-06-18T20:54:54.235918+00:00,,0.027081127166748046,0.0,18.0,1426,1697,538.0,499.0
2026-06-18T20:54:54.336951+00:00,,0.05662880420684815,0.0,18.0,1426,1697,538.0,499.0
2026-06-18T20:54:54.435973+00:00,,0.0813107967376709,0.0,18.0,1426,1697,538.0,499.0
2026-06-18T20:54:54.536958+00:00,,0.10824144363403321,0.0,18.0,1426,1697,538.0,499.0
2026-06-18T20:54:54.636092+00:00,,0.13073786735534668,0.0,18.0,1426,1697,538.0,499.0
2026-06-18T20:54:54.736919+00:00,,0.15528433799743652,0.0,18.0,1426,1697,538.0,499.0
2026-06-18T20:54:54.836928+00:00,,0.17864715576171875,0.0,18.0,1426,1697,538.0,499.0
2026-06-18T20:54:54.934930+00:00,,0.19816379547119142,0.0,18.0,1426,1697,538.0,499.0
2026-06-18T20:54:55.035923+00:00,,0.20894317626953127,0.0,18.0,1426,1697,538.0,499.0
2026-06-18T20:54:55.135073+00:00,,0.22971940994262696,0.0,18.0,1426,1697,538.0,499.0
2026-06-18T20:54:55.235905+00:00,,0.24707569122314454,0.0,18.0,1426,1697,538.0,499.0
2026-06-18T20:54:55.335938+00:00,,0.2636979866027832,0.0,18.0,1426,1697,538.0,499.0
2026-06-18T20:54:55.435922+00:00,,0.2818360900878906,0.0,18.0,1426,1697,538.0,499.0
2026-06-18T20:54:55.536962+00:00,,0.29910055160522464,0.0,18.0,1426,1697,538.0,499.0
2026-06-18T20:54:55.645201+00:00,,0.3135235404968262,0.0,18.0,1426,1697,538.0,499.0
2026-06-18T20:54:55.740884+00:00,,0.3292620849609375,0.0,18.0,1426,1697,538.0,499.0
2026-06-18T20:54:55.839915+00:00,,0.34424289703369143,0.0,18.0,1426,1697,538.0,499.0
2026-06-18T20:54:55.940909+00:00,,0.35675830841064454,0.0,18.0,1426,1697,538.0,499.0
2026-06-18T20:54:56.040903+00:00,,0.37041553497314456,0.0,18.0,1426,1697,538.0,499.0
2026-06-18T20:54:56.140956+00:00,,0.3818253707885742,0.0,18.0,1426,1697,538.0,499.0
2026-06-18T20:54:56.240894+00:00,,0.394276237487793,0.0,18.0,1426,1697,538.0,499.0
2026-06-18T20:54:56.340923+00:00,,0.39878929138183594,0.0,18.0,1426,1697,538.0,499.0
2026-06-18T20:54:56.440901+00:00,,0.4104239654541016,0.0,18.0,1426,1697,538.0,499.0
2026-06-18T20:54:56.540920+00:00,,0.4214988708496094,0.0,18.0,1426,1697,538.0,499.0
2026-06-18T20:54:56.640940+00:00,,0.4307514953613281,0.0,18.0,1426,1697,538.0,499.0
2026-06-18T20:54:56.741885+00:00,,0.4408485794067383,0.0,18.0,1426,1697,538.0,499.0
2026-06-18T20:54:56.841892+00:00,,0.4504600143432617,0.0,18.0,1426,1697,538.0,499.0
2026-06-18T20:54:56.941905+00:00,,0.458490104675293,0.0,12.0,1426,1360,538.0,219.0
2026-06-18T20:54:57.041895+00:00,,0.41726428985595704,0.0,12.0,1426,1360,538.0,136.0
2026-06-18T20:54:57.142934+00:00,,0.4629529571533203,0.0,12.0,1426,1360,538.0,429.0
2026-06-18T20:54:57.241954+00:00,,0.6376834869384765,0.0,12.0,1426,1360,538.0,499.0
2026-06-18T20:54:57.341909+00:00,,0.785251693725586,0.0,12.0,1426,1360,538.0,499.0
2026-06-18T20:54:57.441897+00:00,,0.9480474090576172,0.0,12.0,1426,1360,538.0,499.0
2026-06-18T20:54:57.541914+00:00,,1.0775945281982422,0.0,12.0,1426,1360,538.0,499.0
2026-06-18T20:54:57.643944+00:00,,1.2345984649658204,0.0,12.0,1426,1360,538.0,499.0
2026-06-18T20:54:57.742883+00:00,,1.2920051574707032,0.0,12.0,1426,1360,538.0,499.0
2026-06-18T20:54:57.841888+00:00,,1.441287841796875,0.0,12.0,1426,1360,538.0,499.0
2026-06-18T20:54:57.942913+00:00,,1.5675030517578126,0.0,12.0,1426,1360,538.0,499.0
2026-06-18T20:54:58.042894+00:00,,1.7068939208984375,0.0,12.0,1426,1360,538.0,499.0
2026-06-18T20:54:58.143917+00:00,,1.8247589111328126,0.0,12.0,1426,1360,538.0,499.0
2026-06-18T20:54:58.243874+00:00,,1.9389271545410156,0.0,12.0,1426,1360,538.0,499.0
2026-06-18T20:54:58.342892+00:00,,2.065033264160156,0.0,12.0,1426,1360,538.0,499.0
2026-06-18T20:54:58.443879+00:00,,2.1716815185546876,0.0,12.0,1426,1360,538.0,499.0
2026-06-18T20:54:58.543916+00:00,,2.2894931030273438,0.0,12.0,1426,1360,538.0,499.0
2026-06-18T20:54:58.644892+00:00,,2.3891360473632814,0.0,12.0,1426,1360,538.0,499.0
2026-06-18T20:54:58.743884+00:00,,2.499219207763672,0.0,12.0,1426,1360,538.0,499.0
2026-06-18T20:54:58.843898+00:00,,2.6053979492187502,0.0,12.0,1426,1360,538.0,499.0
2026-06-18T20:54:58.942894+00:00,,2.6952139282226564,0.0,12.0,1426,1360,538.0,499.0
2026-06-18T20:54:59.042914+00:00,,2.745280456542969,0.0,12.0,1426,1360,538.0,499.0
2026-06-18T20:54:59.144878+00:00,,2.8307571411132812,0.0,12.0,1426,1360,538.0,499.0
2026-06-18T20:54:59.244901+00:00,,2.9252078247070314,0.0,12.0,1426,1360,538.0,499.0
2026-06-18T20:54:59.343910+00:00,,3.0051141357421876,0.0,12.0,1426,1360,538.0,499.0
2026-06-18T20:54:59.444904+00:00,,3.0934158325195313,0.0,12.0,1426,1360,538.0,499.0
2026-06-18T20:54:59.544962+00:00,,3.1681253051757814,0.0,12.0,1426,1360,538.0,499.0
2026-06-18T20:54:59.645955+00:00,,3.2506903076171874,0.0,12.0,1426,1360,538.0,499.0
2026-06-18T20:54:59.745053+00:00,,3.3303536987304687,0.0,12.0,1426,1360,538.0,499.0
2026-06-18T20:54:59.845612+00:00,,3.3977615356445314,0.0,12.0,1426,1360,538.0,499.0
2026-06-18T20:54:59.944868+00:00,,3.472264099121094,0.0,6.0,1426,1023,538.0,168.0
2026-06-18T20:55:00.044847+00:00,,3.4933126831054686,0.0,6.0,1426,1023,538.0,182.0
2026-06-18T20:55:00.145858+00:00,,3.4498846435546877,0.0,6.0,1426,1023,538.0,491.0
2026-06-18T20:55:00.245835+00:00,,3.503477783203125,0.0,6.0,1426,1023,538.0,499.0
2026-06-18T20:55:00.345877+00:00,,3.535663757324219,0.0,6.0,1426,1023,538.0,499.0
2026-06-18T20:55:00.445876+00:00,,3.5910650634765626,0.0,6.0,1426,1023,538.0,499.0
2026-06-18T20:55:00.546879+00:00,,3.65296875,0.0,6.0,1426,1023,538.0,499.0
2026-06-18T20:55:00.645895+00:00,,3.705927429199219,0.0,6.0,1426,1023,538.0,499.0
2026-06-18T20:55:00.745877+00:00,,3.7577853393554688,0.0,6.0,1426,1023,538.0,499.0
2026-06-18T20:55:00.845862+00:00,,3.815733642578125,0.0,6.0,1426,1023,538.0,499.0
2026-06-18T20:55:00.947875+00:00,,3.8723101806640625,0.0,6.0,1426,1023,538.0,499.0
2026-06-18T20:55:01.048070+00:00,,3.9207159423828126,0.0,6.0,1426,1023,538.0,499.0
2026-06-18T20:55:01.447194+00:00,,3.9681195068359374,0.0,6.0,1426,1023,538.0,499.0
2026-06-18T20:55:01.847849+00:00,,4.160428161621094,0.0,6.0,1426,1023,538.0,499.0
2026-06-18T20:55:02.248869+00:00,,4.3137579345703125,0.0,6.0,1426,1023,538.0,499.0
2026-06-18T20:55:02.648768+00:00,,4.476588745117188,0.0,6.0,1426,1023,538.0,499.0
2026-06-18T20:55:03.050718+00:00,,4.625594177246094,0.0,6.0,1426,1023,538.0,499.0
2026-06-18T20:55:03.450638+00:00,,4.748879089355468,0.0,6.0,1426,1023,538.0,499.0
2026-06-18T20:55:03.851595+00:00,,4.874852905273437,0.0,0.0,1426,686,538.0,499.0
2026-06-18T20:55:04.251552+00:00,,4.89401123046875,0.0,0.0,1426,686,538.0,499.0
2026-06-18T20:55:04.650806+00:00,,4.925508728027344,0.0,0.0,1426,686,538.0,499.0
2026-06-18T20:55:05.051824+00:00,,4.957964477539063,0.0,0.0,1426,686,538.0,499.0
2026-06-18T20:55:05.452828+00:00,,4.987944641113281,0.0,0.0,1426,686,538.0,499.0
2026-06-18T20:55:05.857824+00:00,,5.015639343261719,0.0,0.0,1426,686,538.0,499.0
2026-06-18T20:55:06.257219+00:00,,5.037928466796875,0.0,0.0,1426,686,538.0,499.0
2026-06-18T20:55:06.661287+00:00,,5.062579650878907,0.0,0.0,1426,686,538.0,499.0
2026-06-18T20:55:06.763878+00:00,,5.083884582519532,0.0,0.0,1426,686,538.0,499.0
2026-06-18T20:55:07.162011+00:00,,5.103601379394531,0.0,0.0,1426,686,538.0,499.0
2026-06-18T20:55:07.263880+00:00,,4.984773559570312,0.0,0.0,1426,686,538.0,499.0
2026-06-18T20:55:07.663892+00:00,,4.969617919921875,0.0,0.0,1426,686,538.0,499.0
2026-06-18T20:55:08.064591+00:00,,4.864332580566407,0.0,0.0,1426,686,538.0,499.0
2026-06-18T20:55:08.167872+00:00,,4.763474426269531,0.0,0.0,1426,686,538.0,499.0
2026-06-18T20:55:08.267911+00:00,,4.737886352539062,0.0,0.0,1426,686,538.0,499.0
2026-06-18T20:55:08.667909+00:00,,4.715931396484375,0.0,0.0,1426,686,538.0,499.0
2026-06-18T20:55:08.767893+00:00,,4.634915466308594,0.0,0.0,1426,686,538.0,499.0
2026-06-18T20:55:09.168658+00:00,,4.614829406738282,0.0,0.0,1426,686,538.0,499.0
2026-06-18T20:55:09.568926+00:00,,4.530177001953125,0.0,0.0,1426,686,538.0,499.0
2026-06-18T20:55:09.672855+00:00,,4.456985168457031,0.0,0.0,1426,686,538.0,499.0
2026-06-18T20:55:09.771868+00:00,,4.437756958007813,0.0,0.0,1426,686,538.0,499.0
2026-06-18T20:55:09.872091+00:00,,4.421260986328125,0.13333333333328787,0.0,1436,686,149.0,499.0
2026-06-18T20:55:09.971850+00:00,,4.432872924804688,0.2666666666666515,0.0,1446,686,80.0,499.0
2026-06-18T20:55:10.072853+00:00,,4.455164794921875,0.4000000000000152,0.0,1456,686,270.0,499.0
2026-06-18T20:55:10.172838+00:00,,4.473950500488281,0.533333333333303,0.0,1466,686,254.0,499.0
2026-06-18T20:55:10.272850+00:00,,4.484392700195313,0.6666666666666666,0.0,1477,686,216.0,499.0
2026-06-18T20:55:10.372462+00:00,,4.504659729003906,0.7999999999999545,0.0,1487,686,151.0,499.0
2026-06-18T20:55:10.472856+00:00,,4.521738586425782,0.9333333333333181,0.0,1497,686,88.0,499.0
2026-06-18T20:55:10.572870+00:00,,4.540537719726562,1.0679999999999836,0.0,1507,686,186.0,499.0
2026-06-18T20:55:10.973916+00:00,,4.556379699707032,1.2013333333333474,0.0,1517,686,538.0,499.0
2026-06-18T20:55:11.073845+00:00,,4.618316040039063,1.7346666666666504,0.0,1558,686,287.0,499.0
2026-06-18T20:55:11.172844+00:00,,4.633318786621094,1.8680000000000139,0.0,1568,686,79.0,499.0
2026-06-18T20:55:11.273899+00:00,,4.6459619140625,2.0,0.0,1578,686,46.0,499.0
2026-06-18T20:55:11.373858+00:00,,4.6598779296875,2.0,0.0,1578,686,538.0,499.0
2026-06-18T20:55:11.472833+00:00,,4.666629638671875,2.0,0.0,1578,686,538.0,499.0
2026-06-18T20:55:11.573873+00:00,,4.678124084472656,2.0,0.0,1578,686,538.0,499.0
2026-06-18T20:55:11.672833+00:00,,4.690776062011719,2.0,0.0,1578,686,538.0,499.0
2026-06-18T20:55:11.773818+00:00,,4.7014376831054685,2.0,0.0,1578,686,538.0,499.0
2026-06-18T20:55:11.873498+00:00,,4.713173522949218,2.0,0.0,1578,686,538.0,499.0
2026-06-18T20:55:11.973845+00:00,,4.723063049316407,2.0,0.0,1578,686,538.0,499.0
2026-06-18T20:55:12.074836+00:00,,4.733948669433594,2.0,0.0,1578,686,538.0,499.0
2026-06-18T20:55:12.174854+00:00,,4.743121948242187,2.0,0.0,1578,686,538.0,499.0
2026-06-18T20:55:12.274867+00:00,,4.753218994140625,2.0,0.0,1578,686,538.0,499.0
2026-06-18T20:55:12.373158+00:00,,4.761727905273438,2.0,0.0,1578,686,538.0,499.0
2026-06-18T20:55:12.473900+00:00,,4.7699432373046875,2.0,0.0,1578,686,538.0,499.0
2026-06-18T20:55:12.873048+00:00,,4.778986206054688,2.0,0.0,1578,686,538.0,499.0
2026-06-18T20:55:12.975847+00:00,,4.805991821289062,2.0,0.0,1578,686,538.0,499.0
2026-06-18T20:55:13.075832+00:00,,4.812681274414063,0.0,0.13333333333336364,1426,693,67.0,72.0
2026-06-18T20:55:13.174830+00:00,,4.820044250488281,0.0,0.2666666666667273,1426,701,139.0,85.0
2026-06-18T20:55:13.274878+00:00,,4.826248779296875,0.0,0.4000000000000152,1426,708,538.0,93.0
2026-06-18T20:55:13.374971+00:00,,4.832239685058594,0.0,0.5333333333333788,1426,716,538.0,87.0
2026-06-18T20:55:13.474829+00:00,,4.838833923339844,0.0,0.6666666666666666,1426,723,538.0,90.0
2026-06-18T20:55:13.574861+00:00,,4.844390869140625,0.0,0.8000000000000304,1426,731,538.0,87.0
2026-06-18T20:55:13.675814+00:00,,4.849756164550781,0.0,0.933333333333394,1426,738,538.0,84.0
2026-06-18T20:55:13.784100+00:00,,4.852738647460938,0.0,1.0733333333333424,1426,746,538.0,107.0
2026-06-18T20:55:13.880146+00:00,,4.860638427734375,0.0,1.206666666666706,1426,754,538.0,98.0
2026-06-18T20:55:13.980810+00:00,,4.866116333007812,0.0,1.3399999999999939,1426,761,538.0,85.0
2026-06-18T20:55:14.080825+00:00,,4.870732421875,0.0,1.4733333333333576,1426,769,538.0,97.0
2026-06-18T20:55:14.180816+00:00,,4.873298645019531,0.0,1.6066666666667213,1426,776,538.0,84.0
2026-06-18T20:55:14.280804+00:00,,4.87827880859375,0.0,1.7413333333333867,1426,784,538.0,33.0
2026-06-18T20:55:14.380982+00:00,,4.8824755859375,0.0,1.8746666666666745,1426,791,538.0,111.0
2026-06-18T20:55:14.481809+00:00,,4.887095031738282,0.0,2.0,1426,798,538.0,74.0
2026-06-18T20:55:14.581835+00:00,,4.890988159179687,0.0,2.0,1426,798,538.0,499.0
2026-06-18T20:55:14.681817+00:00,,4.894746704101562,0.0,2.0,1426,798,538.0,499.0
2026-06-18T20:55:14.781823+00:00,,4.898883972167969,0.0,2.0,1426,798,538.0,499.0
2026-06-18T20:55:14.881886+00:00,,4.902370300292969,0.0,2.0,1426,798,538.0,499.0
2026-06-18T20:55:15.280895+00:00,,4.905736389160157,0.0,2.0,1426,798,538.0,499.0
2026-06-18T20:55:15.382852+00:00,,4.9193026733398435,0.0,2.0,1426,798,538.0,499.0
2026-06-18T20:55:15.482831+00:00,,4.920507202148437,0.0,2.0,1426,798,538.0,499.0
2026-06-18T20:55:15.582818+00:00,,4.9232479858398435,0.0,2.0,1426,798,538.0,499.0
2026-06-18T20:55:15.682813+00:00,,4.926264953613281,0.0,2.0,1426,798,538.0,499.0
2026-06-18T20:55:15.782816+00:00,,4.928807373046875,0.0,2.0,1426,798,538.0,499.0
2026-06-18T20:55:15.882812+00:00,,4.931605529785156,0.0,2.0,1426,798,538.0,499.0
2026-06-18T20:55:15.982821+00:00,,4.933963928222656,0.0,2.0,1426,798,538.0,499.0
2026-06-18T20:55:16.081823+00:00,,4.936240539550782,0.0,2.0,1426,798,538.0,499.0
2026-06-18T20:55:16.181816+00:00,,4.938746948242188,0.0,2.0,1426,798,538.0,499.0
2026-06-18T20:55:16.282804+00:00,,4.940858764648437,0.0,2.0,1426,798,538.0,499.0
2026-06-18T20:55:16.382848+00:00,,4.94318359375,0.0,2.0,1426,798,538.0,499.0
2026-06-18T20:55:16.482806+00:00,,4.9451425170898435,0.0,2.0,1426,798,538.0,499.0
2026-06-18T20:55:16.582820+00:00,,4.947298889160156,0.0,2.0,1426,798,538.0,499.0
2026-06-18T20:55:16.683809+00:00,,4.948345031738281,0.0,2.0,1426,798,538.0,499.0
2026-06-18T20:55:16.783544+00:00,,4.950126037597657,0.0,2.0,1426,798,538.0,499.0
2026-06-18T20:55:16.882789+00:00,,4.952086486816406,0.0,2.0,1426,798,538.0,499.0
2026-06-18T20:55:16.983006+00:00,,4.953738403320313,0.0,2.0,1426,798,538.0,499.0
2026-06-18T20:55:17.083833+00:00,,4.955556640625,0.0,2.0,1426,798,538.0,499.0
2026-06-18T20:55:17.183535+00:00,,4.957089233398437,0.0,2.0,1426,798,538.0,499.0
2026-06-18T20:55:17.283284+00:00,,4.958775939941407,0.0,2.0,1426,798,538.0,499.0
2026-06-18T20:55:17.383036+00:00,,4.960197143554687,0.0,2.0,1426,798,538.0,499.0
2026-06-18T20:55:17.482809+00:00,,4.9617617797851565,0.0,2.0,1426,798,538.0,499.0
2026-06-18T20:55:17.582454+00:00,,4.963080139160156,0.0,2.0,1426,798,538.0,499.0
2026-06-18T20:55:17.682167+00:00,,4.96453125,0.0,2.0,1426,798,538.0,499.0
2026-06-18T20:55:17.782970+00:00,,4.96575439453125,0.0,2.0,1426,798,538.0,499.0
2026-06-18T20:55:17.882800+00:00,,4.967100524902344,0.0,2.0,1426,798,538.0,499.0
2026-06-18T20:55:17.983375+00:00,,4.967591552734375,0.0,2.0,1426,798,538.0,499.0
2026-06-18T20:55:18.084112+00:00,,4.9688653564453125,0.0,2.0,1426,798,538.0,499.0
2026-06-18T20:55:18.184858+00:00,,4.970089111328125,0.0,2.0,1426,798,538.0,499.0
2026-06-18T20:55:18.284949+00:00,,4.971120300292969,0.0,2.0,1426,798,538.0,499.0
2026-06-18T20:55:18.385382+00:00,,4.972116088867188,0.0,2.0,1426,798,538.0,499.0
2026-06-18T20:55:18.485037+00:00,,4.9732122802734375,0.0,2.0,1426,798,538.0,499.0
2026-06-18T20:55:18.584883+00:00,,4.9741357421875,0.0,2.0,1426,798,538.0,499.0
2026-06-18T20:55:18.685526+00:00,,4.9750277709960935,0.0,2.0,1426,798,538.0,499.0
2026-06-18T20:55:18.785271+00:00,,4.976009216308594,0.0,2.0,1426,798,538.0,499.0
2026-06-18T20:55:18.884995+00:00,,4.976836547851563,0.0,2.0,1426,798,538.0,499.0
2026-06-18T20:55:19.287241+00:00,,4.977746887207031,0.0,2.0,1426,798,538.0,499.0
2026-06-18T20:55:19.685012+00:00,,4.980853881835937,0.0,2.0,1426,798,538.0,499.0
2026-06-18T20:55:20.085938+00:00,,4.983193359375,0.0,2.0,1426,798,538.0,499.0
2026-06-18T20:55:20.487949+00:00,,4.985467224121094,0.0,2.0,1426,798,538.0,499.0
2026-06-18T20:55:20.887847+00:00,,4.987496032714843,0.0,2.0,1426,798,538.0,499.0
2026-06-18T20:55:21.290805+00:00,,4.989241943359375,0.0,2.0,1426,798,538.0,499.0
2026-06-18T20:55:21.695785+00:00,,4.990556335449219,0.0,2.0,1426,798,538.0,499.0
2026-06-18T20:55:22.094688+00:00,,4.991875,0.0,2.0,1426,798,538.0,499.0
2026-06-18T20:55:22.495611+00:00,,4.993009338378906,0.0,2.0,1426,798,538.0,499.0
2026-06-18T20:55:22.895582+00:00,,4.99389404296875,0.0,2.0,1426,798,538.0,499.0
2026-06-18T20:55:23.296577+00:00,,4.994746704101563,0.0,2.0,1426,798,538.0,499.0
2026-06-18T20:55:23.696485+00:00,,4.995480041503907,1.066666666666606,0.0,1507,686,249.0,499.0
2026-06-18T20:55:23.797798+00:00,,4.9960324096679685,2.1360000000001187,0.0,1588,686,283.0,499.0
2026-06-18T20:55:24.197182+00:00,,4.996188354492188,2.402666666666846,0.0,1608,686,339.0,499.0
2026-06-18T20:55:24.299932+00:00,,4.996720581054688,3.477333333333263,0.0,1690,686,120.0,499.0
2026-06-18T20:55:24.400792+00:00,,4.940083923339844,3.7439999999999904,0.0,1710,686,168.0,499.0
2026-06-18T20:55:24.801567+00:00,,4.942253723144531,4.0,0.0,1729,686,248.0,499.0
2026-06-18T20:55:25.201512+00:00,,5.457974243164062,4.0,0.0,1729,686,538.0,499.0
2026-06-18T20:55:25.303206+00:00,,5.958142700195313,4.0,0.0,1729,686,538.0,499.0
2026-06-18T20:55:25.402940+00:00,,6.0818200683593755,4.0,0.0,1729,686,538.0,499.0
2026-06-18T20:55:25.502778+00:00,,6.220272827148437,4.0,0.0,1729,686,538.0,499.0
2026-06-18T20:55:25.602829+00:00,,6.338944702148438,4.0,0.0,1729,686,538.0,499.0
2026-06-18T20:55:25.702911+00:00,,6.471807861328125,4.0,0.0,1729,686,538.0,499.0
2026-06-18T20:55:25.802854+00:00,,6.585701904296875,4.0,0.0,1729,686,538.0,499.0
2026-06-18T20:55:25.902778+00:00,,6.7132287597656255,4.0,0.0,1729,686,538.0,499.0
2026-06-18T20:55:26.002380+00:00,,6.838009033203125,4.0,0.0,1729,686,538.0,499.0
2026-06-18T20:55:26.103103+00:00,,6.944989624023438,0.0,0.2693333333336341,1426,701,97.0,58.0
2026-06-18T20:55:26.203938+00:00,,7.0497503662109375,0.0,0.5360000000000582,1426,716,42.0,171.0
2026-06-18T20:55:26.303842+00:00,,6.909750366210938,0.0,0.8026666666667855,1426,731,505.0,138.0
2026-06-18T20:55:26.403825+00:00,,6.829750366210938,0.0,1.0693333333335129,1426,746,538.0,169.0
2026-06-18T20:55:26.504052+00:00,,6.689750366210937,0.0,1.33600000000024,1426,761,538.0,170.0
2026-06-18T20:55:26.603828+00:00,,6.5497503662109375,0.0,1.6026666666669673,1426,776,538.0,169.0
2026-06-18T20:55:26.703855+00:00,,6.389750366210937,0.0,1.8693333333333915,1426,791,538.0,154.0
2026-06-18T20:55:26.803778+00:00,,6.249750366210938,0.0,2.1360000000001187,1426,806,538.0,159.0
2026-06-18T20:55:26.903959+00:00,,6.089750366210938,0.0,2.402666666666846,1426,821,538.0,169.0
2026-06-18T20:55:27.003781+00:00,,5.949750366210938,0.0,2.6693333333335736,1426,836,538.0,166.0
2026-06-18T20:55:27.103780+00:00,,5.789750366210938,0.0,2.9360000000003006,1426,851,538.0,64.0
2026-06-18T20:55:27.204221+00:00,,5.629750366210938,0.0,3.205333333333632,1426,866,538.0,45.0
2026-06-18T20:55:27.304970+00:00,,5.489750366210938,0.0,3.472000000000056,1426,881,538.0,169.0
2026-06-18T20:55:27.404790+00:00,,5.329750366210938,0.0,3.738666666666783,1426,896,538.0,170.0
2026-06-18T20:55:27.504805+00:00,,5.169750366210938,0.0,4.0,1426,911,538.0,122.0
2026-06-18T20:55:27.604822+00:00,,5.084949951171875,0.0,4.0,1426,911,538.0,447.0
2026-06-18T20:55:27.704899+00:00,,5.038740844726562,0.0,4.0,1426,911,538.0,499.0
2026-06-18T20:55:27.804810+00:00,,4.947802429199219,0.0,4.0,1426,911,538.0,499.0
2026-06-18T20:55:27.905394+00:00,,4.8698251342773435,0.0,4.0,1426,911,538.0,499.0
2026-06-18T20:55:28.004821+00:00,,4.793309020996094,0.0,4.0,1426,911,538.0,499.0
2026-06-18T20:55:28.104924+00:00,,4.707618408203125,0.0,4.0,1426,911,538.0,499.0
2026-06-18T20:55:28.205876+00:00,,4.634148864746094,0.0,4.0,1426,911,538.0,499.0
2026-06-18T20:55:28.305892+00:00,,4.551875915527344,0.0,4.0,1426,911,538.0,499.0
2026-06-18T20:55:28.406123+00:00,,4.471373901367188,0.0,4.0,1426,911,538.0,499.0
2026-06-18T20:55:28.505924+00:00,,4.402359619140625,0.0,4.0,1426,911,538.0,499.0
2026-06-18T20:55:28.606855+00:00,,4.325083312988282,0.0,4.0,1426,911,538.0,499.0
2026-06-18T20:55:28.706863+00:00,,4.258838500976562,0.0,4.0,1426,911,538.0,499.0
2026-06-18T20:55:28.805092+00:00,,4.184668273925781,0.0,4.0,1426,911,538.0,499.0
2026-06-18T20:55:28.906871+00:00,,4.157270812988282,0.0,4.0,1426,911,538.0,499.0
2026-06-18T20:55:29.006876+00:00,,4.085303649902344,0.0,4.0,1426,911,538.0,499.0
2026-06-18T20:55:29.108087+00:00,,4.023616333007813,0.0,4.0,1426,911,538.0,499.0
2026-06-18T20:55:29.208893+00:00,,3.9545556640625,0.0,4.0,1426,911,538.0,499.0
2026-06-18T20:55:29.308912+00:00,,3.8953628540039062,0.0,4.0,1426,911,538.0,499.0
2026-06-18T20:55:29.408914+00:00,,3.8290982055664062,0.0,4.0,1426,911,538.0,499.0
2026-06-18T20:55:29.508927+00:00,,3.7723049926757812,0.0,4.0,1426,911,538.0,499.0
2026-06-18T20:55:29.609114+00:00,,3.7087301635742187,0.0,4.0,1426,911,538.0,499.0
2026-06-18T20:55:29.707933+00:00,,3.6465472412109374,0.0,4.0,1426,911,538.0,499.0
2026-06-18T20:55:29.808956+00:00,,3.5932568359375,0.0,4.0,1426,911,538.0,499.0
2026-06-18T20:55:29.908986+00:00,,3.5409912109375,0.0,4.0,1426,911,538.0,499.0
2026-06-18T20:55:30.008966+00:00,,3.4824899291992186,0.0,4.0,1426,911,538.0,499.0
2026-06-18T20:55:30.111138+00:00,,3.42527587890625,0.0,4.0,1426,911,538.0,499.0
2026-06-18T20:55:30.209977+00:00,,3.3762478637695312,0.0,4.0,1426,911,538.0,499.0
2026-06-18T20:55:30.309978+00:00,,3.348658447265625,0.0,4.0,1426,911,538.0,499.0
2026-06-18T20:55:30.409992+00:00,,3.30111083984375,0.0,4.0,1426,911,538.0,499.0
2026-06-18T20:55:30.509981+00:00,,3.254483337402344,0.0,4.0,1426,911,538.0,499.0
2026-06-18T20:55:30.610150+00:00,,3.2022991943359376,0.0,4.0,1426,911,538.0,499.0
2026-06-18T20:55:30.710995+00:00,,3.1575857543945314,0.0,4.0,1426,911,538.0,499.0
2026-06-18T20:55:30.810108+00:00,,3.10754638671875,0.0,4.0,1426,911,538.0,499.0
2026-06-18T20:55:30.910258+00:00,,3.0646722412109377,0.0,4.0,1426,911,538.0,499.0
2026-06-18T20:55:31.011028+00:00,,3.016692810058594,0.0,4.0,1426,911,538.0,499.0
2026-06-18T20:55:31.113126+00:00,,2.975585632324219,0.0,4.0,1426,911,538.0,499.0
2026-06-18T20:55:31.212083+00:00,,2.9295852661132815,0.0,4.0,1426,911,538.0,499.0
2026-06-18T20:55:31.313084+00:00,,2.8901748657226562,0.0,4.0,1426,911,538.0,499.0
2026-06-18T20:55:31.411036+00:00,,2.846075134277344,0.0,4.0,1426,911,538.0,499.0
2026-06-18T20:55:31.511008+00:00,,2.808294372558594,0.0,4.0,1426,911,538.0,499.0
2026-06-18T20:55:31.613196+00:00,,2.7660195922851565,0.0,4.0,1426,911,538.0,499.0
2026-06-18T20:55:31.711011+00:00,,2.7452371215820315,0.0,4.0,1426,911,538.0,499.0
2026-06-18T20:55:31.812048+00:00,,2.709427795410156,0.0,4.0,1426,911,538.0,499.0
2026-06-18T20:55:31.912057+00:00,,2.6693603515625,0.0,4.0,1426,911,538.0,499.0
2026-06-18T20:55:32.012041+00:00,,2.6350369262695312,0.0,4.0,1426,911,538.0,499.0
2026-06-18T20:55:32.112199+00:00,,2.59663330078125,0.0,4.0,1426,911,538.0,499.0
2026-06-18T20:55:32.212046+00:00,,2.5637362670898436,0.0,4.0,1426,911,538.0,499.0
2026-06-18T20:55:32.313076+00:00,,2.526929626464844,0.0,4.0,1426,911,538.0,499.0
2026-06-18T20:55:32.411108+00:00,,2.4954014587402344,0.0,4.0,1426,911,538.0,499.0
2026-06-18T20:55:32.511054+00:00,,2.460127410888672,0.0,4.0,1426,911,538.0,499.0
2026-06-18T20:55:32.613108+00:00,,2.429912872314453,0.0,4.0,1426,911,538.0,499.0
2026-06-18T20:55:32.713082+00:00,,2.396109619140625,0.0,4.0,1426,911,538.0,499.0
2026-06-18T20:55:32.812096+00:00,,2.36715576171875,0.0,4.0,1426,911,538.0,499.0
2026-06-18T20:55:32.914086+00:00,,2.334763641357422,0.0,4.0,1426,911,538.0,499.0
2026-06-18T20:55:33.013097+00:00,,2.318841857910156,0.0,4.0,1426,911,538.0,499.0
2026-06-18T20:55:33.411426+00:00,,2.2914114379882813,0.0,4.0,1426,911,538.0,499.0
2026-06-18T20:55:33.515125+00:00,,2.1798573303222657,0.0,4.0,1426,911,538.0,499.0
2026-06-18T20:55:33.912163+00:00,,2.15168701171875,0.0,4.0,1426,911,538.0,499.0
2026-06-18T20:55:34.312123+00:00,,2.054801330566406,0.0,4.0,1426,911,538.0,499.0
2026-06-18T20:55:34.713137+00:00,,1.9597494506835937,0.0,4.0,1426,911,538.0,499.0
2026-06-18T20:55:35.114107+00:00,,1.8862892150878907,0.0,4.0,1426,911,538.0,499.0
2026-06-18T20:55:35.513071+00:00,,1.8055755615234375,0.0,4.0,1426,911,538.0,499.0
2026-06-18T20:55:35.912068+00:00,,1.7363121032714843,0.0,4.0,1426,911,538.0,499.0
2026-06-18T20:55:36.315973+00:00,,1.676822509765625,0.0,4.0,1426,911,538.0,499.0
2026-06-18T20:55:36.714965+00:00,,1.6159329223632812,1.599999999999909,0.0,1547,686,164.0,499.0
2026-06-18T20:55:37.116933+00:00,,2.0059979248046877,3.2040000000001783,0.0,1669,686,271.0,499.0
2026-06-18T20:55:37.517895+00:00,,2.292011566162109,4.807999999999993,0.0,1791,686,219.0,499.0
2026-06-18T20:55:37.620381+00:00,,3.0388470458984376,6.0,0.0,1881,686,348.0,499.0
2026-06-18T20:55:37.719342+00:00,,3.2241442871093753,6.0,0.0,1881,686,249.0,499.0
2026-06-18T20:55:37.819324+00:00,,3.5776126098632814,6.0,0.0,1881,686,538.0,499.0
2026-06-18T20:55:37.919333+00:00,,3.896614685058594,6.0,0.0,1881,686,538.0,499.0
2026-06-18T20:55:38.021392+00:00,,4.252904968261719,6.0,0.0,1881,686,538.0,499.0
2026-06-18T20:55:38.120358+00:00,,4.557613830566407,6.0,0.0,1881,686,538.0,499.0
2026-06-18T20:55:38.519316+00:00,,4.898035583496094,6.0,0.0,1881,686,538.0,499.0
2026-06-18T20:55:38.622417+00:00,,5.976619873046875,6.0,0.0,1881,686,538.0,499.0
2026-06-18T20:55:38.723385+00:00,,6.281438598632812,6.0,0.0,1881,686,538.0,499.0
2026-06-18T20:55:38.823380+00:00,,6.622118530273438,6.0,0.0,1881,686,538.0,499.0
2026-06-18T20:55:38.924391+00:00,,6.91367431640625,6.0,0.0,1881,686,538.0,499.0
2026-06-18T20:55:39.025458+00:00,,7.239619140625,6.0,0.0,1881,686,538.0,499.0
2026-06-18T20:55:39.125424+00:00,,7.518637084960938,0.0,0.40000000000009095,1426,708,62.0,40.0
2026-06-18T20:55:39.226499+00:00,,7.89975341796875,0.0,0.8040000000000873,1426,731,143.0,10.0
2026-06-18T20:55:39.326481+00:00,,7.830734863281251,0.0,1.2039999999997235,1426,754,391.0,201.0
2026-06-18T20:55:39.426477+00:00,,7.670540161132813,0.0,1.6039999999998145,1426,776,538.0,107.0
2026-06-18T20:55:39.526548+00:00,,7.530540161132812,0.0,2.0039999999999054,1426,799,538.0,195.0
2026-06-18T20:55:39.626849+00:00,,7.3905401611328125,0.0,2.4039999999999964,1426,821,538.0,67.0
2026-06-18T20:55:39.727477+00:00,,7.3105401611328125,0.0,2.8040000000000873,1426,844,538.0,165.0
2026-06-18T20:55:39.826478+00:00,,7.150540161132812,0.0,3.2039999999997235,1426,866,538.0,102.0
2026-06-18T20:55:39.926540+00:00,,7.010540161132813,0.0,3.6039999999998145,1426,888,538.0,67.0
2026-06-18T20:55:40.026483+00:00,,6.8505401611328125,0.0,4.003999999999905,1426,911,538.0,152.0
2026-06-18T20:55:40.126492+00:00,,6.710540161132813,0.0,4.403999999999996,1426,933,538.0,50.0
2026-06-18T20:55:40.227532+00:00,,6.634274291992187,0.0,4.807999999999993,1426,956,538.0,205.0
2026-06-18T20:55:40.328528+00:00,,6.5442742919921875,0.0,5.211999999999989,1426,979,538.0,210.0
2026-06-18T20:55:40.427678+00:00,,6.447135620117187,0.0,5.61200000000008,1426,1001,538.0,229.0
2026-06-18T20:55:40.527533+00:00,,6.381195068359375,0.0,6.0,1426,1023,538.0,209.0
2026-06-18T20:55:40.628543+00:00,,6.291256713867187,0.0,6.0,1426,1023,538.0,406.0
2026-06-18T20:55:40.728530+00:00,,6.21693603515625,0.0,6.0,1426,1023,538.0,499.0
2026-06-18T20:55:40.829504+00:00,,6.120811157226562,0.0,6.0,1426,1023,538.0,499.0
2026-06-18T20:55:40.928691+00:00,,6.038822631835938,0.0,6.0,1426,1023,538.0,499.0
2026-06-18T20:55:41.028548+00:00,,5.958766479492188,0.0,6.0,1426,1023,538.0,499.0
2026-06-18T20:55:41.129568+00:00,,5.869585571289063,0.0,6.0,1426,1023,538.0,499.0
2026-06-18T20:55:41.229532+00:00,,5.82590087890625,0.0,6.0,1426,1023,538.0,499.0
2026-06-18T20:55:41.329569+00:00,,5.750875854492188,0.0,6.0,1426,1023,538.0,499.0
2026-06-18T20:55:41.428714+00:00,,5.66730712890625,0.0,6.0,1426,1023,538.0,499.0
2026-06-18T20:55:41.529590+00:00,,5.5960412597656255,0.0,6.0,1426,1023,538.0,499.0
2026-06-18T20:55:41.629551+00:00,,5.516664428710937,0.0,6.0,1426,1023,538.0,499.0
2026-06-18T20:55:41.730549+00:00,,5.448978271484375,0.0,6.0,1426,1023,538.0,499.0
2026-06-18T20:55:41.830562+00:00,,5.373592529296875,0.0,6.0,1426,1023,538.0,499.0
2026-06-18T20:55:41.929721+00:00,,5.30931396484375,0.0,6.0,1426,1023,538.0,499.0
2026-06-18T20:55:42.030573+00:00,,5.246567993164063,0.0,6.0,1426,1023,538.0,499.0
2026-06-18T20:55:42.130576+00:00,,5.17669189453125,0.0,6.0,1426,1023,538.0,499.0
2026-06-18T20:55:42.230579+00:00,,5.117114868164062,0.0,6.0,1426,1023,538.0,499.0
2026-06-18T20:55:42.330606+00:00,,5.050771179199219,0.0,6.0,1426,1023,538.0,499.0
2026-06-18T20:55:42.429744+00:00,,4.994209289550781,0.0,6.0,1426,1023,538.0,499.0
2026-06-18T20:55:42.530601+00:00,,4.962499084472657,0.0,6.0,1426,1023,538.0,499.0
2026-06-18T20:55:42.630591+00:00,,4.900384216308594,0.0,6.0,1426,1023,538.0,499.0
2026-06-18T20:55:42.729590+00:00,,4.847431030273437,0.0,6.0,1426,1023,538.0,499.0
2026-06-18T20:55:42.830586+00:00,,4.788469848632813,0.0,6.0,1426,1023,538.0,499.0
2026-06-18T20:55:42.929707+00:00,,4.7382080078125,0.0,6.0,1426,1023,538.0,499.0
2026-06-18T20:55:43.029615+00:00,,4.682245788574219,0.0,6.0,1426,1023,538.0,499.0
2026-06-18T20:55:43.129660+00:00,,4.634542541503906,0.0,6.0,1426,1023,538.0,499.0
2026-06-18T20:55:43.230637+00:00,,4.581431579589844,0.0,6.0,1426,1023,538.0,499.0
2026-06-18T20:55:43.330631+00:00,,4.529783325195313,0.0,6.0,1426,1023,538.0,499.0
2026-06-18T20:55:43.429744+00:00,,4.485759887695313,0.0,6.0,1426,1023,538.0,499.0
2026-06-18T20:55:43.529662+00:00,,4.436749572753906,0.0,6.0,1426,1023,538.0,499.0
2026-06-18T20:55:43.630644+00:00,,4.389091796875,0.0,6.0,1426,1023,538.0,499.0
2026-06-18T20:55:43.729625+00:00,,4.371561279296875,0.0,6.0,1426,1023,538.0,499.0
2026-06-18T20:55:43.830642+00:00,,4.325704345703125,0.0,6.0,1426,1023,538.0,499.0
2026-06-18T20:55:43.930739+00:00,,4.28662109375,0.0,6.0,1426,1023,538.0,499.0
2026-06-18T20:55:44.030640+00:00,,4.243113708496094,0.0,6.0,1426,1023,538.0,499.0
2026-06-18T20:55:44.130654+00:00,,4.206033935546875,0.0,6.0,1426,1023,538.0,499.0
2026-06-18T20:55:44.232722+00:00,,4.16475830078125,0.0,6.0,1426,1023,538.0,499.0
2026-06-18T20:55:44.332836+00:00,,4.1246270751953125,0.0,6.0,1426,1023,538.0,499.0
2026-06-18T20:55:44.432791+00:00,,4.090426330566406,0.0,6.0,1426,1023,538.0,499.0
2026-06-18T20:55:44.533731+00:00,,4.052357482910156,0.0,6.0,1426,1023,538.0,499.0
2026-06-18T20:55:44.633676+00:00,,4.019915466308594,0.0,6.0,1426,1023,538.0,499.0
2026-06-18T20:55:44.733691+00:00,,3.9838055419921874,0.0,6.0,1426,1023,538.0,499.0
2026-06-18T20:55:44.833687+00:00,,3.953033447265625,0.0,6.0,1426,1023,538.0,499.0
2026-06-18T20:55:44.932869+00:00,,3.9357876586914062,0.0,6.0,1426,1023,538.0,499.0
2026-06-18T20:55:45.032738+00:00,,3.9061865234375,0.0,6.0,1426,1023,538.0,499.0
2026-06-18T20:55:45.132714+00:00,,3.8732403564453124,0.0,6.0,1426,1023,538.0,499.0
2026-06-18T20:55:45.232750+00:00,,3.8451657104492187,0.0,6.0,1426,1023,538.0,499.0
2026-06-18T20:55:45.333750+00:00,,3.8139190673828125,0.0,6.0,1426,1023,538.0,499.0
2026-06-18T20:55:45.432787+00:00,,3.7872937011718752,0.0,6.0,1426,1023,538.0,499.0
2026-06-18T20:55:45.532750+00:00,,3.7576608276367187,0.0,6.0,1426,1023,538.0,499.0
2026-06-18T20:55:45.633760+00:00,,3.7324111938476565,0.0,6.0,1426,1023,538.0,499.0
2026-06-18T20:55:45.733734+00:00,,3.707779235839844,0.0,6.0,1426,1023,538.0,499.0
2026-06-18T20:55:45.832726+00:00,,3.6803656005859375,0.0,6.0,1426,1023,538.0,499.0
2026-06-18T20:55:45.932788+00:00,,3.657007751464844,0.0,6.0,1426,1023,538.0,499.0
2026-06-18T20:55:46.033737+00:00,,3.6310128784179687,0.0,6.0,1426,1023,538.0,499.0
2026-06-18T20:55:46.133749+00:00,,3.6214532470703125,0.0,6.0,1426,1023,538.0,499.0
2026-06-18T20:55:46.231762+00:00,,3.596452331542969,0.0,6.0,1426,1023,538.0,499.0
2026-06-18T20:55:46.333807+00:00,,3.575151062011719,0.0,6.0,1426,1023,538.0,499.0
2026-06-18T20:55:46.431889+00:00,,3.5514456176757814,0.0,6.0,1426,1023,538.0,499.0
2026-06-18T20:55:46.532795+00:00,,3.5312481689453126,0.0,6.0,1426,1023,538.0,499.0
2026-06-18T20:55:46.633797+00:00,,3.50877197265625,0.0,6.0,1426,1023,538.0,499.0
2026-06-18T20:55:46.733813+00:00,,3.4896221923828126,0.0,6.0,1426,1023,538.0,499.0
2026-06-18T20:55:46.832795+00:00,,3.4683120727539065,0.0,6.0,1426,1023,538.0,499.0
2026-06-18T20:55:46.932839+00:00,,3.45015625,0.0,6.0,1426,1023,538.0,499.0
2026-06-18T20:55:47.331657+00:00,,3.4324465942382814,0.0,6.0,1426,1023,538.0,499.0
2026-06-18T20:55:47.735624+00:00,,3.359107666015625,0.0,6.0,1426,1023,538.0,499.0
2026-06-18T20:55:48.137608+00:00,,3.3035403442382814,0.0,6.0,1426,1023,538.0,499.0
2026-06-18T20:55:48.538602+00:00,,3.2473410034179686,0.0,6.0,1426,1023,538.0,499.0
2026-06-18T20:55:48.939506+00:00,,3.1933578491210937,0.0,6.0,1426,1023,538.0,499.0
2026-06-18T20:55:49.342121+00:00,,3.1524667358398437,0.0,6.0,1426,1023,538.0,499.0
2026-06-18T20:55:49.744437+00:00,,3.11112060546875,2.14933333333344,0.0,1589,686,164.0,499.0
2026-06-18T20:55:49.846183+00:00,,3.2229766845703125,4.288000000000466,0.0,1751,686,317.0,499.0
2026-06-18T20:55:50.244201+00:00,,3.2037673950195313,4.821333333333314,0.0,1792,686,306.0,499.0
2026-06-18T20:55:50.644244+00:00,,3.9667984008789063,6.954666666667133,0.0,1954,686,285.0,499.0
2026-06-18T20:55:50.746011+00:00,,5.3862677001953125,8.0,0.0,2033,686,122.0,499.0
2026-06-18T20:55:50.847132+00:00,,5.8223974609375,8.0,0.0,2033,686,260.0,499.0
2026-06-18T20:55:51.245600+00:00,,6.257793579101563,8.0,0.0,2033,686,538.0,499.0
2026-06-18T20:55:51.347174+00:00,,8.09899658203125,8.0,0.0,2033,686,538.0,499.0
2026-06-18T20:55:51.447026+00:00,,8.561972045898438,8.0,0.0,2033,686,538.0,499.0
2026-06-18T20:55:51.546037+00:00,,8.957987670898438,8.0,0.0,2033,686,538.0,499.0
2026-06-18T20:55:51.647048+00:00,,9.180571899414062,8.0,0.0,2033,686,538.0,499.0
2026-06-18T20:55:51.746018+00:00,,9.563756713867187,8.0,0.0,2033,686,538.0,499.0
2026-06-18T20:55:51.846144+00:00,,9.992052612304688,8.0,0.0,2033,686,538.0,499.0
2026-06-18T20:55:51.947021+00:00,,10.3586279296875,8.0,0.0,2033,686,538.0,499.0
2026-06-18T20:55:52.047051+00:00,,10.76849609375,8.0,0.0,2033,686,538.0,499.0
2026-06-18T20:55:52.146060+00:00,,11.11941650390625,0.0,0.5333333333334546,1426,716,62.0,24.0
2026-06-18T20:55:52.247123+00:00,,11.595238037109375,0.0,1.0666666666669091,1426,746,57.0,142.0
2026-06-18T20:55:52.346155+00:00,,11.553729248046876,0.0,1.6000000000003638,1426,776,284.0,225.0
2026-06-18T20:55:52.447075+00:00,,11.355772705078126,0.0,2.1386666666670258,1426,806,538.0,210.0
2026-06-18T20:55:52.847216+00:00,,11.133155517578125,0.0,2.67200000000048,1426,836,538.0,100.0
2026-06-18T20:55:52.949095+00:00,,10.435795898437501,0.0,4.816000000000106,1426,957,538.0,65.0
2026-06-18T20:55:53.050097+00:00,,10.229102783203125,0.0,5.349333333333561,1426,987,538.0,217.0
2026-06-18T20:55:53.149106+00:00,,10.139466552734374,0.0,5.882666666667016,1426,1016,538.0,122.0
2026-06-18T20:55:53.250099+00:00,,9.984409790039063,0.0,6.421333333333678,1426,1047,538.0,177.0
2026-06-18T20:55:53.350214+00:00,,9.814578247070314,0.0,6.954666666667133,1426,1077,538.0,30.0
2026-06-18T20:55:53.450214+00:00,,9.668399658203125,0.0,7.487999999999981,1426,1107,538.0,182.0
2026-06-18T20:55:53.550130+00:00,,9.491333618164063,0.0,8.0,1426,1135,538.0,123.0
2026-06-18T20:55:53.651135+00:00,,9.306271362304688,0.0,8.0,1426,1135,538.0,422.0
2026-06-18T20:55:53.751112+00:00,,9.119920043945312,0.0,8.0,1426,1135,538.0,499.0
2026-06-18T20:55:53.852205+00:00,,8.912937622070313,0.0,8.0,1426,1135,538.0,499.0
2026-06-18T20:55:53.951129+00:00,,8.836932373046876,0.0,8.0,1426,1135,538.0,499.0
2026-06-18T20:55:54.052141+00:00,,8.638462524414063,0.0,8.0,1426,1135,538.0,499.0
2026-06-18T20:55:54.151184+00:00,,8.469722290039062,0.0,8.0,1426,1135,538.0,499.0
2026-06-18T20:55:54.252179+00:00,,8.305458374023438,0.0,8.0,1426,1135,538.0,499.0
2026-06-18T20:55:54.352202+00:00,,8.123070678710938,0.0,8.0,1426,1135,538.0,499.0
2026-06-18T20:55:54.452344+00:00,,7.968037109375,0.0,8.0,1426,1135,538.0,499.0
2026-06-18T20:55:54.553170+00:00,,7.795923461914063,0.0,8.0,1426,1135,538.0,499.0
2026-06-18T20:55:54.653203+00:00,,7.649643554687501,0.0,8.0,1426,1135,538.0,499.0
2026-06-18T20:55:54.753563+00:00,,7.487269287109375,0.0,8.0,1426,1135,538.0,499.0
2026-06-18T20:55:54.853293+00:00,,7.3492846679687505,0.0,8.0,1426,1135,538.0,499.0
2026-06-18T20:55:54.953189+00:00,,7.2150207519531255,0.0,8.0,1426,1135,538.0,499.0
2026-06-18T20:55:55.053199+00:00,,7.066012573242188,0.0,8.0,1426,1135,538.0,499.0
2026-06-18T20:55:55.154202+00:00,,6.921605224609375,0.0,8.0,1426,1135,538.0,499.0
2026-06-18T20:55:55.253286+00:00,,6.798919067382813,0.0,8.0,1426,1135,538.0,499.0
2026-06-18T20:55:55.353232+00:00,,6.73031494140625,0.0,8.0,1426,1135,538.0,499.0
2026-06-18T20:55:55.453223+00:00,,6.59630859375,0.0,8.0,1426,1135,538.0,499.0
2026-06-18T20:55:55.554232+00:00,,6.482474365234375,0.0,8.0,1426,1135,538.0,499.0
2026-06-18T20:55:55.655218+00:00,,6.371748046875,0.0,8.0,1426,1135,538.0,499.0
2026-06-18T20:55:56.054276+00:00,,6.248905639648438,0.0,8.0,1426,1135,538.0,499.0
2026-06-18T20:55:56.155932+00:00,,5.821505737304688,0.0,8.0,1426,1135,538.0,499.0
2026-06-18T20:55:56.256677+00:00,,5.7289190673828125,0.0,8.0,1426,1135,538.0,499.0
2026-06-18T20:55:56.355428+00:00,,5.626229858398438,0.0,8.0,1426,1135,538.0,499.0
2026-06-18T20:55:56.455233+00:00,,5.5761047363281255,0.0,8.0,1426,1135,538.0,499.0
2026-06-18T20:55:56.556917+00:00,,5.490296020507812,0.0,8.0,1426,1135,538.0,499.0
2026-06-18T20:55:56.657634+00:00,,5.395133056640625,0.0,8.0,1426,1135,538.0,499.0
2026-06-18T20:55:56.757431+00:00,,5.314336547851562,0.0,8.0,1426,1135,538.0,499.0
2026-06-18T20:55:56.858101+00:00,,5.224739379882813,0.0,8.0,1426,1135,538.0,499.0
2026-06-18T20:55:56.957849+00:00,,5.1379809570312505,0.0,8.0,1426,1135,538.0,499.0
2026-06-18T20:55:57.058593+00:00,,5.06432861328125,0.0,8.0,1426,1135,538.0,499.0
2026-06-18T20:55:57.159337+00:00,,4.99272705078125,0.0,8.0,1426,1135,538.0,499.0
2026-06-18T20:55:57.259066+00:00,,4.91333740234375,0.0,8.0,1426,1135,538.0,499.0
2026-06-18T20:55:57.358798+00:00,,4.845946350097656,0.0,8.0,1426,1135,538.0,499.0
2026-06-18T20:55:57.459545+00:00,,4.771230163574219,0.0,8.0,1426,1135,538.0,499.0
2026-06-18T20:55:57.559377+00:00,,4.707810363769531,0.0,8.0,1426,1135,538.0,499.0
2026-06-18T20:55:57.660060+00:00,,4.637500610351562,0.0,8.0,1426,1135,538.0,499.0
2026-06-18T20:55:57.760761+00:00,,4.577824401855469,0.0,8.0,1426,1135,538.0,499.0
2026-06-18T20:55:57.859540+00:00,,4.544477844238282,0.0,8.0,1426,1135,538.0,499.0
2026-06-18T20:55:57.960272+00:00,,4.487410278320312,0.0,8.0,1426,1135,538.0,499.0
2026-06-18T20:55:58.060994+00:00,,4.4241485595703125,0.0,8.0,1426,1135,538.0,499.0
2026-06-18T20:55:58.160740+00:00,,4.362913818359375,0.0,8.0,1426,1135,538.0,499.0
2026-06-18T20:55:58.261465+00:00,,4.310946350097656,0.0,8.0,1426,1135,538.0,499.0
2026-06-18T20:55:58.361217+00:00,,4.253342895507813,0.0,8.0,1426,1135,538.0,499.0
2026-06-18T20:55:58.460968+00:00,,4.204459533691407,0.0,8.0,1426,1135,538.0,499.0
2026-06-18T20:55:58.561699+00:00,,4.156953430175781,0.0,8.0,1426,1135,538.0,499.0
2026-06-18T20:55:58.660430+00:00,,4.104298706054688,0.0,8.0,1426,1135,538.0,499.0
2026-06-18T20:55:58.761462+00:00,,4.059617614746093,0.0,8.0,1426,1135,538.0,499.0
2026-06-18T20:55:58.860935+00:00,,4.010096130371094,0.0,8.0,1426,1135,538.0,499.0
2026-06-18T20:55:58.960684+00:00,,3.9859368896484377,0.0,8.0,1426,1135,538.0,499.0
2026-06-18T20:55:59.061442+00:00,,3.944599304199219,0.0,8.0,1426,1135,538.0,499.0
2026-06-18T20:55:59.161386+00:00,,3.9044305419921876,0.0,8.0,1426,1135,538.0,499.0
2026-06-18T20:55:59.561173+00:00,,3.859912719726563,0.0,8.0,1426,1135,538.0,499.0
2026-06-18T20:55:59.961189+00:00,,3.7054064941406253,0.0,8.0,1426,1135,538.0,499.0
2026-06-18T20:56:00.361208+00:00,,3.568827819824219,0.0,8.0,1426,1135,538.0,499.0
2026-06-18T20:56:00.762555+00:00,,3.4633688354492187,0.0,8.0,1426,1135,538.0,499.0
2026-06-18T20:56:01.165142+00:00,,3.351554260253906,0.0,8.0,1426,1135,538.0,499.0
2026-06-18T20:56:01.568059+00:00,,3.2561611938476562,0.0,8.0,1426,1135,538.0,499.0
2026-06-18T20:56:01.969012+00:00,,3.1719012451171875,0.0,8.0,1426,1135,538.0,499.0
2026-06-18T20:56:02.371965+00:00,,3.1068817138671876,0.0,8.0,1426,1135,538.0,499.0
2026-06-18T20:56:02.772919+00:00,,3.0400701904296876,2.6799999999995334,0.0,1629,686,248.0,499.0
2026-06-18T20:56:02.874644+00:00,,3.0082546997070314,5.353333333333316,0.0,1832,686,276.0,499.0
2026-06-18T20:56:03.274679+00:00,,3.0134567260742187,6.020000000000133,0.0,1883,686,403.0,499.0
2026-06-18T20:56:03.376574+00:00,,4.147276000976563,8.699999999999667,0.0,2086,686,123.0,499.0
2026-06-18T20:56:03.776278+00:00,,4.439862670898438,9.373333333332994,0.0,2137,686,256.0,499.0
2026-06-18T20:56:04.177339+00:00,,6.867155151367188,10.0,0.0,2185,686,280.0,499.0
2026-06-18T20:56:04.278587+00:00,,9.381782836914063,10.0,0.0,2185,686,538.0,499.0
2026-06-18T20:56:04.378582+00:00,,10.025633544921876,10.0,0.0,2185,686,538.0,499.0
2026-06-18T20:56:04.479585+00:00,,10.575793457031251,10.0,0.0,2185,686,538.0,499.0
2026-06-18T20:56:04.578606+00:00,,11.18996826171875,10.0,0.0,2185,686,538.0,499.0
2026-06-18T20:56:04.678971+00:00,,11.715029296875,10.0,0.0,2185,686,538.0,499.0
2026-06-18T20:56:04.779591+00:00,,12.010037841796875,10.0,0.0,2185,686,538.0,499.0
2026-06-18T20:56:04.878626+00:00,,12.580565185546876,10.0,0.0,2185,686,538.0,499.0
2026-06-18T20:56:04.979604+00:00,,13.11339599609375,10.0,0.0,2185,686,538.0,499.0
2026-06-18T20:56:05.079619+00:00,,13.70866943359375,10.0,0.0,2185,686,538.0,499.0
2026-06-18T20:56:05.180819+00:00,,14.217947998046876,0.0,0.6666666666660603,1426,723,275.0,31.0
2026-06-18T20:56:05.280650+00:00,,14.859263916015625,0.0,1.3399999999993875,1426,761,27.0,110.0
2026-06-18T20:56:05.380643+00:00,,15.073028564453125,0.0,1.9999999999996967,1426,798,196.0,230.0
2026-06-18T20:56:05.480661+00:00,,14.789871826171876,0.0,2.666666666666515,1426,836,538.0,233.0
2026-06-18T20:56:05.580646+00:00,,14.545716552734376,0.0,3.333333333333333,1426,873,538.0,232.0
2026-06-18T20:56:05.680758+00:00,,14.270775146484375,0.0,3.9999999999993934,1426,911,538.0,190.0
2026-06-18T20:56:05.780643+00:00,,14.022523193359376,0.0,4.673333333332721,1426,949,538.0,243.0
2026-06-18T20:56:05.881637+00:00,,13.824886474609375,0.0,5.33999999999954,1426,986,538.0,185.0
2026-06-18T20:56:05.981659+00:00,,13.57861328125,0.0,6.006666666666357,1426,1023,538.0,106.0
2026-06-18T20:56:06.081653+00:00,,13.489464111328125,0.0,6.673333333333176,1426,1061,538.0,250.0
2026-06-18T20:56:06.182832+00:00,,13.23335205078125,0.0,7.346666666666502,1426,1099,538.0,228.0
2026-06-18T20:56:06.282669+00:00,,13.009832763671875,0.0,8.013333333333321,1426,1136,538.0,72.0
2026-06-18T20:56:06.382703+00:00,,12.740296630859376,0.0,8.679999999999382,1426,1174,538.0,82.0
2026-06-18T20:56:06.482661+00:00,,12.462786865234376,0.0,9.3466666666662,1426,1211,538.0,233.0
2026-06-18T20:56:06.582677+00:00,,12.193634033203125,0.0,10.0,1426,1248,538.0,75.0
2026-06-18T20:56:06.684805+00:00,,11.878671875,0.0,10.0,1426,1248,538.0,389.0
2026-06-18T20:56:06.782659+00:00,,11.592554931640626,0.0,10.0,1426,1248,538.0,499.0
2026-06-18T20:56:06.884695+00:00,,11.3047412109375,0.0,10.0,1426,1248,538.0,499.0
2026-06-18T20:56:06.983701+00:00,,10.98569091796875,0.0,10.0,1426,1248,538.0,499.0
2026-06-18T20:56:07.084703+00:00,,10.7149462890625,0.0,10.0,1426,1248,538.0,499.0
2026-06-18T20:56:07.184822+00:00,,10.414892578125,0.0,10.0,1426,1248,538.0,499.0
2026-06-18T20:56:07.283686+00:00,,10.124560546875001,0.0,10.0,1426,1248,538.0,499.0
2026-06-18T20:56:07.382759+00:00,,9.8782763671875,0.0,10.0,1426,1248,538.0,499.0
2026-06-18T20:56:07.483730+00:00,,9.7407177734375,0.0,10.0,1426,1248,538.0,499.0
2026-06-18T20:56:07.583712+00:00,,9.50542724609375,0.0,10.0,1426,1248,538.0,499.0
2026-06-18T20:56:07.684787+00:00,,9.244799194335938,0.0,10.0,1426,1248,538.0,499.0
2026-06-18T20:56:07.783752+00:00,,9.023795166015626,0.0,10.0,1426,1248,538.0,499.0
2026-06-18T20:56:07.883792+00:00,,8.779042358398438,0.0,10.0,1426,1248,538.0,499.0
2026-06-18T20:56:07.984754+00:00,,8.571541748046876,0.0,10.0,1426,1248,538.0,499.0
2026-06-18T20:56:08.083779+00:00,,8.3700830078125,0.0,10.0,1426,1248,538.0,499.0
2026-06-18T20:56:08.184854+00:00,,8.147037353515625,0.0,10.0,1426,1248,538.0,499.0
2026-06-18T20:56:08.284133+00:00,,7.95799072265625,0.0,10.0,1426,1248,538.0,499.0
2026-06-18T20:56:08.383753+00:00,,7.748724365234375,0.0,10.0,1426,1248,538.0,499.0
2026-06-18T20:56:08.484754+00:00,,7.571386108398437,0.0,10.0,1426,1248,538.0,499.0
2026-06-18T20:56:08.584759+00:00,,7.472409057617187,0.0,10.0,1426,1248,538.0,499.0
2026-06-18T20:56:08.684787+00:00,,7.279472045898437,0.0,10.0,1426,1248,538.0,499.0
2026-06-18T20:56:08.784733+00:00,,7.093052368164063,0.0,10.0,1426,1248,538.0,499.0
2026-06-18T20:56:08.884768+00:00,,6.935119018554688,0.0,10.0,1426,1248,538.0,499.0
2026-06-18T20:56:08.986760+00:00,,6.7818847656250005,0.0,10.0,1426,1248,538.0,499.0
2026-06-18T20:56:09.085778+00:00,,6.612344970703125,0.0,10.0,1426,1248,538.0,499.0
2026-06-18T20:56:09.188707+00:00,,6.46874267578125,0.0,10.0,1426,1248,538.0,499.0
2026-06-18T20:56:09.286795+00:00,,6.309880981445312,0.0,10.0,1426,1248,538.0,499.0
2026-06-18T20:56:09.386802+00:00,,6.175340576171875,0.0,10.0,1426,1248,538.0,499.0
2026-06-18T20:56:09.484785+00:00,,6.0265222167968755,0.0,10.0,1426,1248,538.0,499.0
2026-06-18T20:56:09.586826+00:00,,5.8828125,0.0,10.0,1426,1248,538.0,499.0
2026-06-18T20:56:09.685889+00:00,,5.76112548828125,0.0,10.0,1426,1248,538.0,499.0
2026-06-18T20:56:09.785833+00:00,,5.6932470703125,0.0,10.0,1426,1248,538.0,499.0
2026-06-18T20:56:09.886856+00:00,,5.577288208007813,0.0,10.0,1426,1248,538.0,499.0
2026-06-18T20:56:09.987832+00:00,,5.449056396484375,0.0,10.0,1426,1248,538.0,499.0
2026-06-18T20:56:10.088048+00:00,,5.3404956054687505,0.0,10.0,1426,1248,538.0,499.0
2026-06-18T20:56:10.188908+00:00,,5.220457153320313,0.0,10.0,1426,1248,538.0,499.0
2026-06-18T20:56:10.288902+00:00,,5.1188427734375,0.0,10.0,1426,1248,538.0,499.0
2026-06-18T20:56:10.388900+00:00,,5.006495666503906,0.0,10.0,1426,1248,538.0,499.0
2026-06-18T20:56:10.488892+00:00,,4.911401062011719,0.0,10.0,1426,1248,538.0,499.0
2026-06-18T20:56:10.589023+00:00,,4.806271667480469,0.0,10.0,1426,1248,538.0,499.0
2026-06-18T20:56:10.688890+00:00,,4.704806823730469,0.0,10.0,1426,1248,538.0,499.0
2026-06-18T20:56:10.788829+00:00,,4.618934631347656,0.0,10.0,1426,1248,538.0,499.0
2026-06-18T20:56:10.888902+00:00,,4.524012145996094,0.0,10.0,1426,1248,538.0,499.0
2026-06-18T20:56:10.987884+00:00,,4.443683166503907,0.0,10.0,1426,1248,538.0,499.0
2026-06-18T20:56:11.088984+00:00,,4.398893127441406,0.0,10.0,1426,1248,538.0,499.0
2026-06-18T20:56:11.188942+00:00,,4.322407531738281,0.0,10.0,1426,1248,538.0,499.0
2026-06-18T20:56:11.288916+00:00,,4.237871704101563,0.0,10.0,1426,1248,538.0,499.0
2026-06-18T20:56:11.388901+00:00,,4.166341247558594,0.0,10.0,1426,1248,538.0,499.0
2026-06-18T20:56:11.488886+00:00,,4.087287292480469,0.0,10.0,1426,1248,538.0,499.0
2026-06-18T20:56:11.590043+00:00,,4.011013793945312,0.0,10.0,1426,1248,538.0,499.0
2026-06-18T20:56:11.689923+00:00,,3.9464810180664065,0.0,10.0,1426,1248,538.0,499.0
2026-06-18T20:56:11.788985+00:00,,3.8839422607421876,0.0,10.0,1426,1248,538.0,499.0
2026-06-18T20:56:11.889928+00:00,,3.814833984375,0.0,10.0,1426,1248,538.0,499.0
2026-06-18T20:56:11.989924+00:00,,3.7481649780273436,0.0,10.0,1426,1248,538.0,499.0
2026-06-18T20:56:12.089019+00:00,,3.691764221191406,0.0,10.0,1426,1248,538.0,499.0
2026-06-18T20:56:12.189942+00:00,,3.63711181640625,0.0,10.0,1426,1248,538.0,499.0
2026-06-18T20:56:12.587595+00:00,,3.576724853515625,0.0,10.0,1426,1248,538.0,499.0
2026-06-18T20:56:12.989547+00:00,,3.394849853515625,0.0,10.0,1426,1248,538.0,499.0
2026-06-18T20:56:13.389536+00:00,,3.2098843383789064,0.0,10.0,1426,1248,538.0,499.0
2026-06-18T20:56:13.789462+00:00,,3.043387451171875,0.0,10.0,1426,1248,538.0,499.0
2026-06-18T20:56:14.189585+00:00,,2.91626953125,0.0,10.0,1426,1248,538.0,499.0
2026-06-18T20:56:14.591403+00:00,,2.79216064453125,0.0,10.0,1426,1248,538.0,499.0
2026-06-18T20:56:14.993362+00:00,,2.6838858032226565,0.0,10.0,1426,1248,538.0,499.0
2026-06-18T20:56:15.394307+00:00,,2.6013006591796874,0.0,10.0,1426,1248,538.0,499.0
2026-06-18T20:56:15.793277+00:00,,2.517417297363281,3.2000000000007276,0.0,1669,686,199.0,499.0
2026-06-18T20:56:16.192252+00:00,,2.4550608825683593,6.400000000000546,0.0,1912,686,281.0,499.0
2026-06-18T20:56:16.295088+00:00,,3.4806842041015624,9.600000000000364,0.0,2154,686,314.0,499.0
2026-06-18T20:56:16.691925+00:00,,3.9307931518554686,10.400000000000546,0.0,2215,686,276.0,499.0
2026-06-18T20:56:16.798121+00:00,,6.819340209960938,12.0,0.0,2336,686,186.0,499.0
2026-06-18T20:56:17.197604+00:00,,7.49480712890625,12.0,0.0,2336,686,240.0,499.0
2026-06-18T20:56:17.596583+00:00,,10.806192626953125,12.0,0.0,2336,686,538.0,499.0
2026-06-18T20:56:17.698155+00:00,,13.438498535156251,12.0,0.0,2336,686,538.0,499.0
2026-06-18T20:56:17.798108+00:00,,14.204949951171875,12.0,0.0,2336,686,538.0,499.0
2026-06-18T20:56:17.898146+00:00,,14.8599072265625,12.0,0.0,2336,686,538.0,499.0
2026-06-18T20:56:17.999292+00:00,,15.59115234375,12.0,0.0,2336,686,538.0,499.0
2026-06-18T20:56:18.098148+00:00,,16.21639404296875,12.0,0.0,2336,686,538.0,499.0
2026-06-18T20:56:18.199154+00:00,,16.914864501953126,0.0,0.8000000000001819,1426,731,273.0,31.0
2026-06-18T20:56:18.299151+00:00,,17.564410400390624,0.0,1.6000000000003638,1426,776,133.0,44.0
2026-06-18T20:56:18.398158+00:00,,17.8470068359375,0.0,2.4000000000005457,1426,821,142.0,217.0
2026-06-18T20:56:18.498338+00:00,,17.522647705078125,0.0,3.199999999999818,1426,866,538.0,228.0
2026-06-18T20:56:18.598185+00:00,,17.2426416015625,0.0,4.0,1426,911,538.0,64.0
2026-06-18T20:56:18.698164+00:00,,16.987686767578126,0.0,4.800000000000182,1426,956,538.0,248.0
2026-06-18T20:56:18.798179+00:00,,16.71326904296875,0.0,5.600000000000364,1426,1001,538.0,228.0
2026-06-18T20:56:18.898183+00:00,,16.5500634765625,0.0,6.400000000000546,1426,1046,538.0,232.0
2026-06-18T20:56:18.998341+00:00,,16.290224609375,0.0,7.199999999999818,1426,1090,538.0,25.0
2026-06-18T20:56:19.098198+00:00,,16.0084619140625,0.0,8.0,1426,1135,538.0,162.0
2026-06-18T20:56:19.199332+00:00,,15.67929931640625,0.0,8.800000000000182,1426,1180,538.0,262.0
2026-06-18T20:56:19.298298+00:00,,15.324859619140625,0.0,9.600000000000364,1426,1225,538.0,265.0
2026-06-18T20:56:19.697291+00:00,,14.985023193359375,0.0,10.400000000000546,1426,1270,538.0,236.0
2026-06-18T20:56:19.798221+00:00,,13.457297363281251,0.0,12.0,1426,1360,538.0,148.0
2026-06-18T20:56:19.899215+00:00,,13.080919189453125,0.0,12.0,1426,1360,538.0,215.0
2026-06-18T20:56:19.999315+00:00,,12.704791259765626,0.0,12.0,1426,1360,538.0,499.0
2026-06-18T20:56:20.099204+00:00,,12.48829345703125,0.0,12.0,1426,1360,538.0,499.0
2026-06-18T20:56:20.199244+00:00,,12.066536865234376,0.0,12.0,1426,1360,538.0,499.0
2026-06-18T20:56:20.300242+00:00,,11.7095068359375,0.0,12.0,1426,1360,538.0,499.0
2026-06-18T20:56:20.399233+00:00,,11.36337890625,0.0,12.0,1426,1360,538.0,499.0
2026-06-18T20:56:20.499373+00:00,,10.980784912109375,0.0,12.0,1426,1360,538.0,499.0
2026-06-18T20:56:20.599240+00:00,,10.657056884765625,0.0,12.0,1426,1360,538.0,499.0
2026-06-18T20:56:20.700308+00:00,,10.343344726562501,0.0,12.0,1426,1360,538.0,499.0
2026-06-18T20:56:20.799295+00:00,,9.996732788085938,0.0,12.0,1426,1360,538.0,499.0
2026-06-18T20:56:20.900329+00:00,,9.703573608398438,0.0,12.0,1426,1360,538.0,499.0
2026-06-18T20:56:21.001345+00:00,,9.379757690429688,0.0,12.0,1426,1360,538.0,499.0
2026-06-18T20:56:21.101271+00:00,,9.067546997070313,0.0,12.0,1426,1360,538.0,499.0
2026-06-18T20:56:21.202280+00:00,,8.8035888671875,0.0,12.0,1426,1360,538.0,499.0
2026-06-18T20:56:21.301255+00:00,,8.512138671875,0.0,12.0,1426,1360,538.0,499.0
2026-06-18T20:56:21.402281+00:00,,8.370394287109375,0.0,12.0,1426,1360,538.0,499.0
2026-06-18T20:56:21.501375+00:00,,8.1285595703125,0.0,12.0,1426,1360,538.0,499.0
2026-06-18T20:56:21.602269+00:00,,7.8616137695312505,0.0,12.0,1426,1360,538.0,499.0
2026-06-18T20:56:21.701270+00:00,,7.604412841796875,0.0,12.0,1426,1360,538.0,499.0
2026-06-18T20:56:21.801310+00:00,,7.387098388671875,0.0,12.0,1426,1360,538.0,499.0
2026-06-18T20:56:21.901432+00:00,,7.147294311523438,0.0,12.0,1426,1360,538.0,499.0
2026-06-18T20:56:22.002378+00:00,,6.944718627929688,0.0,12.0,1426,1360,538.0,499.0
2026-06-18T20:56:22.101288+00:00,,6.721220092773438,0.0,12.0,1426,1360,538.0,499.0
2026-06-18T20:56:22.201308+00:00,,6.53245361328125,0.0,12.0,1426,1360,538.0,499.0
2026-06-18T20:56:22.302292+00:00,,6.324226684570313,0.0,12.0,1426,1360,538.0,499.0
2026-06-18T20:56:22.402311+00:00,,6.148388061523438,0.0,12.0,1426,1360,538.0,499.0
2026-06-18T20:56:22.503421+00:00,,5.954454345703125,0.0,12.0,1426,1360,538.0,499.0
2026-06-18T20:56:22.603303+00:00,,5.79071044921875,0.0,12.0,1426,1360,538.0,499.0
2026-06-18T20:56:22.703332+00:00,,5.61014404296875,0.0,12.0,1426,1360,538.0,499.0
2026-06-18T20:56:22.803304+00:00,,5.52241455078125,0.0,12.0,1426,1360,538.0,499.0
2026-06-18T20:56:22.903343+00:00,,5.37286865234375,0.0,12.0,1426,1360,538.0,499.0
2026-06-18T20:56:23.004384+00:00,,5.207987670898437,0.0,12.0,1426,1360,538.0,499.0
2026-06-18T20:56:23.103387+00:00,,5.068818969726562,0.0,12.0,1426,1360,538.0,499.0
2026-06-18T20:56:23.203349+00:00,,4.915398864746094,0.0,12.0,1426,1360,538.0,499.0
2026-06-18T20:56:23.303328+00:00,,4.785919799804687,0.0,12.0,1426,1360,538.0,499.0
2026-06-18T20:56:23.403344+00:00,,4.643198852539062,0.0,12.0,1426,1360,538.0,499.0
2026-06-18T20:56:23.802624+00:00,,4.505888671875,0.0,12.0,1426,1360,538.0,499.0
2026-06-18T20:56:23.904355+00:00,,4.035880126953125,0.0,12.0,1426,1360,538.0,499.0
2026-06-18T20:56:24.004406+00:00,,3.9357232666015625,0.0,12.0,1426,1360,538.0,499.0
2026-06-18T20:56:24.104781+00:00,,3.8253631591796875,0.0,12.0,1426,1360,538.0,499.0
2026-06-18T20:56:24.205649+00:00,,3.78507568359375,0.0,12.0,1426,1360,538.0,499.0
2026-06-18T20:56:24.604608+00:00,,3.6804818725585937,0.0,12.0,1426,1360,538.0,499.0
2026-06-18T20:56:25.006575+00:00,,3.322763671875,0.0,12.0,1426,1360,538.0,499.0
2026-06-18T20:56:25.407576+00:00,,3.013999328613281,0.0,12.0,1426,1360,538.0,499.0
2026-06-18T20:56:25.808486+00:00,,2.747630920410156,0.0,12.0,1426,1360,538.0,499.0
2026-06-18T20:56:26.208433+00:00,,2.5466331481933593,0.0,12.0,1426,1360,538.0,499.0
2026-06-18T20:56:26.607403+00:00,,2.350943908691406,0.0,12.0,1426,1360,538.0,499.0
2026-06-18T20:56:27.008365+00:00,,2.1760574340820313,0.0,12.0,1426,1360,538.0,499.0
2026-06-18T20:56:27.408317+00:00,,2.0442123413085938,0.0,12.0,1426,1360,538.0,499.0
2026-06-18T20:56:27.808285+00:00,,1.9118487548828125,0.0,12.0,1426,1360,538.0,499.0
2026-06-18T20:56:28.209260+00:00,,1.797874755859375,0.0,12.0,1426,1360,538.0,499.0
2026-06-18T20:56:28.309617+00:00,,1.7089178466796875,0.0,12.0,1426,1360,538.0,499.0
2026-06-18T20:56:28.410686+00:00,,1.6877481079101564,0.9426666666666582,0.0,1498,686,161.0,192.0
2026-06-18T20:56:28.510549+00:00,,1.6179833984375,1.8760000000002037,0.0,1568,686,179.0,50.0
2026-06-18T20:56:28.610574+00:00,,1.50114990234375,2.8093333333337496,0.0,1639,686,125.0,272.0
2026-06-18T20:56:28.710899+00:00,,1.6217880249023438,3.742666666667295,0.0,1710,686,288.0,499.0
2026-06-18T20:56:28.810647+00:00,,1.612451171875,4.67600000000084,0.0,1781,686,353.0,499.0
2026-06-18T20:56:28.910681+00:00,,1.7637754821777345,5.609333333333325,0.0,1852,686,258.0,499.0
2026-06-18T20:56:29.310594+00:00,,2.0517288208007813,6.54266666666687,0.0,1922,686,538.0,499.0
2026-06-18T20:56:29.413098+00:00,,3.6992147827148436,10.294666666667279,0.0,2207,686,283.0,499.0
2026-06-18T20:56:29.512842+00:00,,4.116659545898438,11.228000000000822,0.0,2278,686,261.0,499.0
2026-06-18T20:56:29.613668+00:00,,4.346082153320313,12.170666666667483,0.0,2349,686,270.0,499.0
2026-06-18T20:56:29.714321+00:00,,5.206129150390625,13.103999999999967,0.0,2420,686,223.0,499.0
2026-06-18T20:56:29.814567+00:00,,6.039044799804688,14.0,0.0,2488,686,262.0,499.0
2026-06-18T20:56:29.914817+00:00,,7.05586669921875,14.0,0.0,2488,686,332.0,499.0
2026-06-18T20:56:30.014626+00:00,,8.055607910156251,14.0,0.0,2488,686,538.0,499.0
2026-06-18T20:56:30.114590+00:00,,9.054751586914064,14.0,0.0,2488,686,538.0,499.0
2026-06-18T20:56:30.215914+00:00,,10.165689697265625,14.0,0.0,2488,686,538.0,499.0
2026-06-18T20:56:30.315781+00:00,,11.111815185546876,14.0,0.0,2488,686,538.0,499.0
2026-06-18T20:56:30.415654+00:00,,12.164721679687501,14.0,0.0,2488,686,538.0,499.0
2026-06-18T20:56:30.516282+00:00,,13.0621875,14.0,0.0,2488,686,538.0,499.0
2026-06-18T20:56:30.615993+00:00,,14.06177001953125,14.0,0.0,2488,686,538.0,499.0
2026-06-18T20:56:30.715746+00:00,,15.034664306640625,14.0,0.0,2488,686,538.0,499.0
2026-06-18T20:56:30.816483+00:00,,15.864943847656251,14.0,0.0,2488,686,538.0,499.0
2026-06-18T20:56:30.916269+00:00,,16.676375732421874,14.0,0.0,2488,686,538.0,499.0
2026-06-18T20:56:31.015979+00:00,,17.13185302734375,14.0,0.0,2488,686,538.0,499.0
2026-06-18T20:56:31.116773+00:00,,18.02550048828125,14.0,0.0,2488,686,538.0,499.0
2026-06-18T20:56:31.216642+00:00,,18.789122314453124,14.0,0.0,2488,686,538.0,499.0
2026-06-18T20:56:31.316680+00:00,,19.641697998046876,14.0,0.0,2488,686,538.0,499.0
2026-06-18T20:56:31.416985+00:00,,20.370726318359374,0.0,0.9333333333335455,1426,738,58.0,7.0
2026-06-18T20:56:31.516765+00:00,,21.249375,0.0,1.86666666666603,1426,791,237.0,75.0
2026-06-18T20:56:31.616669+00:00,,21.70704833984375,0.0,2.7999999999995753,1426,843,89.0,252.0
2026-06-18T20:56:31.716657+00:00,,21.397165527343752,0.0,3.733333333333121,1426,896,538.0,76.0
2026-06-18T20:56:31.816947+00:00,,21.02504638671875,0.0,4.666666666666666,1426,948,538.0,143.0
2026-06-18T20:56:31.916805+00:00,,20.7434765625,0.0,5.600000000000213,1426,1001,538.0,232.0
2026-06-18T20:56:32.017451+00:00,,20.38133544921875,0.0,6.533333333332697,1426,1053,538.0,232.0
2026-06-18T20:56:32.117179+00:00,,20.049202880859376,0.0,7.466666666666242,1426,1105,538.0,232.0
2026-06-18T20:56:32.217918+00:00,,19.63966796875,0.0,8.4093333333329,1426,1158,538.0,232.0
2026-06-18T20:56:32.317735+00:00,,19.254556884765627,0.0,9.333333333333332,1426,1210,538.0,234.0
2026-06-18T20:56:32.417412+00:00,,19.00849609375,0.0,10.266666666666879,1426,1263,538.0,239.0
2026-06-18T20:56:32.517156+00:00,,18.525800781250002,0.0,11.199999999999363,1426,1315,538.0,207.0
2026-06-18T20:56:32.617903+00:00,,18.072010498046875,0.0,12.13333333333291,1426,1368,538.0,277.0
2026-06-18T20:56:32.716728+00:00,,17.533118896484375,0.0,13.066666666666453,1426,1420,538.0,187.0
2026-06-18T20:56:32.817347+00:00,,16.957353515625,0.0,14.0,1426,1473,538.0,152.0
2026-06-18T20:56:32.917706+00:00,,16.419793701171876,0.0,14.0,1426,1473,538.0,301.0
2026-06-18T20:56:33.016861+00:00,,15.786241455078125,0.0,14.0,1426,1473,538.0,499.0
2026-06-18T20:56:33.117690+00:00,,15.240501708984375,0.0,14.0,1426,1473,538.0,499.0
2026-06-18T20:56:33.217719+00:00,,14.638018798828126,0.0,14.0,1426,1473,538.0,499.0
2026-06-18T20:56:33.319778+00:00,,14.128917236328125,0.0,14.0,1426,1473,538.0,499.0
2026-06-18T20:56:33.418706+00:00,,13.567147216796876,0.0,14.0,1426,1473,538.0,499.0
2026-06-18T20:56:33.518729+00:00,,13.026154785156251,0.0,14.0,1426,1473,538.0,499.0
2026-06-18T20:56:33.618728+00:00,,12.569326171875,0.0,14.0,1426,1473,538.0,499.0
2026-06-18T20:56:33.718739+00:00,,12.315040283203125,0.0,14.0,1426,1473,538.0,499.0
2026-06-18T20:56:33.818892+00:00,,11.820843505859376,0.0,14.0,1426,1473,538.0,499.0
2026-06-18T20:56:33.918730+00:00,,11.4037451171875,0.0,14.0,1426,1473,538.0,499.0
2026-06-18T20:56:34.018726+00:00,,10.94403076171875,0.0,14.0,1426,1473,538.0,499.0
2026-06-18T20:56:34.119727+00:00,,10.556180419921875,0.0,14.0,1426,1473,538.0,499.0
2026-06-18T20:56:34.518037+00:00,,10.181359252929688,0.0,14.0,1426,1473,538.0,499.0
2026-06-18T20:56:34.919990+00:00,,8.668346557617188,0.0,14.0,1426,1473,538.0,499.0
2026-06-18T20:56:35.318039+00:00,,7.410792236328125,0.0,14.0,1426,1473,538.0,499.0
2026-06-18T20:56:35.719923+00:00,,6.465008544921875,0.0,14.0,1426,1473,538.0,499.0
2026-06-18T20:56:36.118949+00:00,,5.519121704101563,0.0,14.0,1426,1473,538.0,499.0
2026-06-18T20:56:36.518990+00:00,,4.70905029296875,0.0,14.0,1426,1473,538.0,499.0
2026-06-18T20:56:36.920847+00:00,,4.102458190917969,0.0,14.0,1426,1473,538.0,499.0
2026-06-18T20:56:37.320842+00:00,,3.4980590820312503,0.0,14.0,1426,1473,538.0,499.0
2026-06-18T20:56:37.721764+00:00,,2.982229919433594,0.0,14.0,1426,1473,538.0,499.0
2026-06-18T20:56:38.122710+00:00,,2.542379608154297,0.0,14.0,1426,1473,538.0,499.0
2026-06-18T20:56:38.224900+00:00,,2.2141632080078124,0.0,14.0,1426,1473,538.0,499.0
2026-06-18T20:56:38.623431+00:00,,2.122023010253906,0.0,14.0,1426,1473,538.0,499.0
2026-06-18T20:56:38.725907+00:00,,1.8096714782714844,0.0,14.0,1426,1473,538.0,499.0
2026-06-18T20:56:38.824874+00:00,,1.7437547302246095,0.0,14.0,1426,1473,538.0,499.0
2026-06-18T20:56:38.924904+00:00,,1.6802752685546876,0.0,14.0,1426,1473,538.0,499.0
2026-06-18T20:56:39.024887+00:00,,1.6105982971191406,0.0,14.0,1426,1473,538.0,499.0
2026-06-18T20:56:39.125930+00:00,,1.5438619995117189,0.0,14.0,1426,1473,538.0,499.0
2026-06-18T20:56:39.228178+00:00,,1.4877838134765626,0.0,14.0,1426,1473,538.0,499.0
2026-06-18T20:56:39.326942+00:00,,1.4566775512695314,0.0,14.0,1426,1473,538.0,499.0
2026-06-18T20:56:39.427959+00:00,,1.4038320922851564,0.0,14.0,1426,1473,538.0,499.0
2026-06-18T20:56:39.526996+00:00,,1.3458343505859376,0.0,14.0,1426,1473,538.0,499.0
2026-06-18T20:56:39.625928+00:00,,1.2902908325195312,0.0,14.0,1426,1473,538.0,499.0
2026-06-18T20:56:39.727134+00:00,,1.243623046875,0.0,14.0,1426,1473,538.0,499.0
2026-06-18T20:56:39.826930+00:00,,1.1924085998535157,0.0,14.0,1426,1473,538.0,499.0
2026-06-18T20:56:39.927938+00:00,,1.1493798065185548,0.0,14.0,1426,1473,538.0,499.0
2026-06-18T20:56:40.026915+00:00,,1.1021607971191407,0.0,14.0,1426,1473,538.0,499.0
2026-06-18T20:56:40.127052+00:00,,1.0624903869628906,0.0,14.0,1426,1473,538.0,499.0
2026-06-18T20:56:40.228194+00:00,,1.0189584350585938,0.0,14.0,1426,1473,538.0,499.0
2026-06-18T20:56:40.327003+00:00,,0.9823869323730469,0.0,14.0,1426,1473,538.0,499.0
2026-06-18T20:56:40.426948+00:00,,0.9422568511962891,0.0,14.0,1426,1473,538.0,499.0
2026-06-18T20:56:40.527035+00:00,,0.9085443878173828,0.0,14.0,1426,1473,538.0,499.0
2026-06-18T20:56:40.626963+00:00,,0.8898477172851562,0.0,14.0,1426,1473,538.0,499.0
2026-06-18T20:56:40.728105+00:00,,0.8536511230468751,0.0,14.0,1426,1473,538.0,499.0
2026-06-18T20:56:40.827945+00:00,,0.8232442474365235,0.0,14.0,1426,1473,538.0,499.0
2026-06-18T20:56:40.926968+00:00,,0.7939724731445312,0.0,14.0,1426,1473,538.0,499.0
2026-06-18T20:56:41.027958+00:00,,0.7618550109863281,0.0,14.0,1426,1473,538.0,499.0
2026-06-18T20:56:41.127963+00:00,,0.7348758697509766,0.0,14.0,1426,1473,538.0,499.0
2026-06-18T20:56:41.229060+00:00,,0.705274658203125,0.0,14.0,1426,1473,538.0,499.0
2026-06-18T20:56:41.329019+00:00,,0.6804097747802734,0.0,14.0,1426,1473,538.0,499.0
2026-06-18T20:56:41.427965+00:00,,0.6531290435791016,1.0666666666669091,0.0,1507,686,245.0,15.0
2026-06-18T20:56:41.529042+00:00,,0.539619369506836,2.1333333333338182,0.0,1588,686,301.0,96.0
2026-06-18T20:56:41.632105+00:00,,0.5772800445556641,3.199999999999515,0.0,1669,686,411.0,219.0
2026-06-18T20:56:41.730051+00:00,,0.6306784439086914,4.266666666666424,0.0,1750,686,214.0,499.0
2026-06-18T20:56:41.828949+00:00,,0.7809185028076172,5.333333333333333,0.0,1831,686,333.0,499.0
2026-06-18T20:56:41.927988+00:00,,0.8792089080810547,6.400000000000243,0.0,1912,686,328.0,499.0
2026-06-18T20:56:42.028981+00:00,,1.1775131988525391,7.466666666667152,0.0,1992,686,221.0,499.0
2026-06-18T20:56:42.129029+00:00,,1.558143768310547,8.533333333332848,0.0,2073,686,150.0,499.0
2026-06-18T20:56:42.229099+00:00,,2.0609451293945313,9.599999999999758,0.0,2154,686,202.0,499.0
2026-06-18T20:56:42.329055+00:00,,2.6282568359375,10.666666666666666,0.0,2235,686,238.0,499.0
2026-06-18T20:56:42.428001+00:00,,3.3519097900390626,11.733333333333576,0.0,2316,686,215.0,499.0
2026-06-18T20:56:42.529052+00:00,,4.111973266601563,12.800000000000486,0.0,2397,686,231.0,499.0
2026-06-18T20:56:42.629018+00:00,,5.086933288574219,13.866666666666182,0.0,2478,686,235.0,499.0
2026-06-18T20:56:42.729040+00:00,,5.985875244140625,14.93333333333309,0.0,2559,686,306.0,499.0
2026-06-18T20:56:42.829013+00:00,,6.974588012695313,16.0,0.0,2640,686,365.0,499.0
2026-06-18T20:56:42.929042+00:00,,8.256802368164063,16.0,0.0,2640,686,284.0,499.0
2026-06-18T20:56:43.029009+00:00,,9.505197143554687,16.0,0.0,2640,686,538.0,499.0
2026-06-18T20:56:43.129050+00:00,,10.890784912109375,0.0,1.0773333333333237,1426,747,243.0,6.0
2026-06-18T20:56:43.231040+00:00,,11.56777587890625,0.0,2.144000000000233,1426,806,307.0,77.0
2026-06-18T20:56:43.330058+00:00,,12.670781250000001,0.0,3.2106666666659294,1426,866,210.0,42.0
2026-06-18T20:56:43.430039+00:00,,12.51248779296875,0.0,4.277333333332838,1426,926,518.0,53.0
2026-06-18T20:56:43.530091+00:00,,12.29275390625,0.0,5.343999999999748,1426,986,538.0,233.0
2026-06-18T20:56:43.631067+00:00,,12.13359130859375,0.0,6.410666666666657,1426,1046,538.0,75.0
2026-06-18T20:56:43.729127+00:00,,11.961291503906251,0.0,7.477333333333566,1426,1106,538.0,33.0
2026-06-18T20:56:43.830060+00:00,,11.749493408203126,0.0,8.543999999999263,1426,1166,538.0,160.0
2026-06-18T20:56:43.930033+00:00,,11.552939453125001,0.0,9.610666666666171,1426,1226,538.0,145.0
2026-06-18T20:56:44.029053+00:00,,11.309086914062501,0.0,10.677333333333081,1426,1286,538.0,239.0
2026-06-18T20:56:44.130083+00:00,,11.046331787109375,0.0,11.743999999999991,1426,1346,538.0,236.0
2026-06-18T20:56:44.229157+00:00,,10.74336669921875,0.0,12.810666666666899,1426,1406,538.0,238.0
2026-06-18T20:56:44.329072+00:00,,10.410130615234376,0.0,13.877333333332595,1426,1466,538.0,102.0
2026-06-18T20:56:44.430074+00:00,,10.27578369140625,0.0,14.943999999999505,1426,1526,538.0,110.0
2026-06-18T20:56:44.530129+00:00,,9.887514038085937,0.0,16.0,1426,1585,538.0,232.0
2026-06-18T20:56:44.630082+00:00,,9.479443359375,0.0,16.0,1426,1585,538.0,184.0
2026-06-18T20:56:44.730093+00:00,,9.014790649414063,0.0,16.0,1426,1585,538.0,499.0
2026-06-18T20:56:44.829257+00:00,,8.599047241210938,0.0,16.0,1426,1585,538.0,499.0
2026-06-18T20:56:44.929130+00:00,,8.198950805664063,0.0,16.0,1426,1585,538.0,499.0
2026-06-18T20:56:45.330261+00:00,,7.760181274414062,0.0,16.0,1426,1585,538.0,499.0
2026-06-18T20:56:45.430145+00:00,,6.277849731445313,0.0,16.0,1426,1585,538.0,499.0
2026-06-18T20:56:45.828833+00:00,,5.966306762695313,0.0,16.0,1426,1585,538.0,499.0
2026-06-18T20:56:46.229757+00:00,,4.911181030273438,0.0,16.0,1426,1585,538.0,499.0
2026-06-18T20:56:46.629737+00:00,,3.872757568359375,0.0,16.0,1426,1585,538.0,499.0
2026-06-18T20:56:47.031675+00:00,,2.99880126953125,0.0,16.0,1426,1585,538.0,499.0
2026-06-18T20:56:47.431641+00:00,,2.3550340270996095,0.0,16.0,1426,1585,538.0,499.0
2026-06-18T20:56:47.833609+00:00,,1.7240113830566406,0.0,16.0,1426,1585,538.0,499.0
2026-06-18T20:56:48.233604+00:00,,1.1948836517333985,0.0,16.0,1426,1585,538.0,499.0
2026-06-18T20:56:48.335235+00:00,,0.7651426696777344,0.0,16.0,1426,1585,538.0,499.0
2026-06-18T20:56:48.734299+00:00,,0.6590118408203125,0.0,16.0,1426,1585,538.0,499.0
2026-06-18T20:56:49.134291+00:00,,0.3469150161743164,0.0,16.0,1426,1585,538.0,499.0
2026-06-18T20:56:49.237312+00:00,,0.041966185569763184,4.799999999999727,0.0,1790,686,79.0,49.0
2026-06-18T20:56:49.636362+00:00,,0.0,6.0,0.0,1881,686,538.0,373.0
2026-06-18T20:56:49.737269+00:00,,1.1137949371337892,10.799999999999727,0.0,2245,686,238.0,499.0
2026-06-18T20:56:49.836279+00:00,,1.524764862060547,12.0,0.0,2336,686,227.0,499.0
2026-06-18T20:56:49.936287+00:00,,2.1069696044921877,13.200000000000273,0.0,2427,686,296.0,499.0
2026-06-18T20:56:50.035834+00:00,,3.025887451171875,14.399999999999181,0.0,2518,686,231.0,499.0
2026-06-18T20:56:50.137268+00:00,,4.167774353027344,15.599999999999454,0.0,2609,686,220.0,499.0
2026-06-18T20:56:50.236412+00:00,,5.26617919921875,16.799999999999727,0.0,2700,686,352.0,499.0
2026-06-18T20:56:50.336340+00:00,,6.657357177734375,0.0,1.2000000000002728,1426,753,36.0,63.0
2026-06-18T20:56:50.737376+00:00,,8.092496948242188,0.0,2.4000000000005457,1426,821,538.0,233.0
2026-06-18T20:56:51.136407+00:00,,8.624260864257813,0.0,2.4000000000005457,1426,821,538.0,499.0
2026-06-18T20:56:51.237828+00:00,,7.987182006835938,0.0,2.4000000000005457,1426,821,538.0,499.0
2026-06-18T20:56:51.338540+00:00,,7.824688720703125,0.0,2.4000000000005457,1426,821,538.0,499.0
2026-06-18T20:56:51.439381+00:00,,7.6845361328125,0.0,2.4000000000005457,1426,821,538.0,499.0
2026-06-18T20:56:51.539012+00:00,,7.5245361328125,0.0,2.4000000000005457,1426,821,538.0,499.0
2026-06-18T20:56:51.639346+00:00,,7.3845361328125,0.0,2.4000000000005457,1426,821,538.0,499.0
2026-06-18T20:56:51.738494+00:00,,7.2245361328125,0.0,2.4000000000005457,1426,821,538.0,499.0
2026-06-18T20:56:51.838322+00:00,,7.0845361328125005,0.0,2.4000000000005457,1426,821,538.0,499.0
2026-06-18T20:56:51.939341+00:00,,6.9245361328125,0.0,2.4000000000005457,1426,821,538.0,499.0
2026-06-18T20:56:52.039734+00:00,,6.7845361328125,0.0,2.4000000000005457,1426,821,538.0,499.0
2026-06-18T20:56:52.139485+00:00,,6.6245361328125005,0.0,2.4000000000005457,1426,821,538.0,499.0
2026-06-18T20:56:52.240226+00:00,,6.5445361328125005,0.0,2.4000000000005457,1426,821,538.0,499.0
2026-06-18T20:56:52.339951+00:00,,6.4045361328125,0.0,2.4000000000005457,1426,821,538.0,499.0
2026-06-18T20:56:52.439712+00:00,,6.2445361328125,0.0,2.4000000000005457,1426,821,538.0,499.0
2026-06-18T20:56:52.540437+00:00,,6.1045361328125,0.0,2.4000000000005457,1426,821,538.0,499.0
2026-06-18T20:56:52.640189+00:00,,5.9445361328125,0.0,2.4000000000005457,1426,821,538.0,499.0
2026-06-18T20:56:52.739923+00:00,,5.8045361328125,0.0,2.4000000000005457,1426,821,538.0,499.0
2026-06-18T20:56:52.839740+00:00,,5.6445361328125,0.0,2.4000000000005457,1426,821,538.0,499.0
2026-06-18T20:56:52.939413+00:00,,5.5045361328125,0.0,2.4000000000005457,1426,821,538.0,499.0
2026-06-18T20:56:53.040176+00:00,,5.3445361328125,0.0,2.4000000000005457,1426,821,538.0,499.0
2026-06-18T20:56:53.139889+00:00,,5.2045361328125,0.0,2.4000000000005457,1426,821,538.0,499.0
2026-06-18T20:56:53.239674+00:00,,5.064536437988282,0.0,2.4000000000005457,1426,821,538.0,499.0
2026-06-18T20:56:53.340476+00:00,,4.984843444824219,0.0,2.4000000000005457,1426,821,538.0,499.0
2026-06-18T20:56:53.440426+00:00,,4.985365905761719,0.0,2.4000000000005457,1426,821,538.0,499.0
2026-06-18T20:56:53.540921+00:00,,4.985941162109375,0.0,2.4000000000005457,1426,821,538.0,499.0
2026-06-18T20:56:53.641651+00:00,,4.986220397949219,0.0,2.4000000000005457,1426,821,538.0,499.0
2026-06-18T20:56:53.742353+00:00,,4.986695251464844,0.0,2.4000000000005457,1426,821,538.0,499.0
2026-06-18T20:56:53.842105+00:00,,4.987218322753907,0.0,2.4000000000005457,1426,821,538.0,499.0
2026-06-18T20:56:53.941849+00:00,,4.987720642089844,0.0,2.4000000000005457,1426,821,538.0,499.0
2026-06-18T20:56:54.042588+00:00,,4.988144226074219,0.0,2.4000000000005457,1426,821,538.0,499.0
2026-06-18T20:56:54.142313+00:00,,4.988552856445312,0.0,2.4000000000005457,1426,821,538.0,499.0
2026-06-18T20:56:54.242076+00:00,,4.989002990722656,0.0,2.4000000000005457,1426,821,538.0,499.0
2026-06-18T20:56:54.341797+00:00,,4.989382019042969,0.0,2.4000000000005457,1426,821,538.0,499.0
2026-06-18T20:56:54.441571+00:00,,4.989748229980469,0.0,2.4000000000005457,1426,821,538.0,499.0
2026-06-18T20:56:54.542311+00:00,,4.990151062011718,0.0,2.4000000000005457,1426,821,538.0,499.0
2026-06-18T20:56:54.642024+00:00,,4.99049072265625,0.0,2.4000000000005457,1426,821,538.0,499.0
2026-06-18T20:56:54.741763+00:00,,4.990818481445313,0.0,2.4000000000005457,1426,821,538.0,499.0
2026-06-18T20:56:54.842502+00:00,,4.991179504394531,0.0,2.4000000000005457,1426,821,538.0,499.0
2026-06-18T20:56:54.942244+00:00,,4.9913546752929685,0.0,2.4000000000005457,1426,821,538.0,499.0
2026-06-18T20:56:55.341300+00:00,,4.991652526855469,0.0,2.4000000000005457,1426,821,538.0,499.0
2026-06-18T20:56:55.741257+00:00,,4.992781982421875,0.0,2.4000000000005457,1426,821,538.0,499.0
2026-06-18T20:56:56.142212+00:00,,4.99382080078125,0.0,2.4000000000005457,1426,821,538.0,499.0
2026-06-18T20:56:56.542204+00:00,,4.994656677246094,0.0,2.4000000000005457,1426,821,538.0,499.0
2026-06-18T20:56:56.945177+00:00,,4.995309753417969,0.0,2.4000000000005457,1426,821,538.0,499.0
2026-06-18T20:56:57.346137+00:00,,4.995964660644531,0.0,2.4000000000005457,1426,821,538.0,499.0
2026-06-18T20:56:57.747055+00:00,,4.996528015136719,0.0,2.4000000000005457,1426,821,538.0,499.0
2026-06-18T20:56:58.144991+00:00,,4.996952209472656,0.0,2.4000000000005457,1426,821,538.0,499.0
2026-06-18T20:56:58.545979+00:00,,4.997377624511719,0.0,2.4000000000005457,1426,821,538.0,499.0
2026-06-18T20:56:58.945920+00:00,,4.997732543945313,0.0,2.4000000000005457,1426,821,538.0,499.0
2026-06-18T20:56:59.051577+00:00,,4.9980096435546875,0.0,2.4000000000005457,1426,821,538.0,499.0
2026-06-18T20:56:59.151537+00:00,,4.998087768554687,0.0,2.4000000000005457,1426,821,538.0,499.0
2026-06-18T20:56:59.250586+00:00,,4.9981536865234375,0.0,2.4000000000005457,1426,821,538.0,499.0
2026-06-18T20:56:59.350593+00:00,,4.998217468261719,0.0,2.4000000000005457,1426,821,538.0,499.0
2026-06-18T20:56:59.451662+00:00,,4.998287353515625,0.0,2.4000000000005457,1426,821,538.0,499.0
2026-06-18T20:56:59.551583+00:00,,4.998346557617188,0.0,2.4000000000005457,1426,821,538.0,499.0
2026-06-18T20:56:59.651619+00:00,,4.998411560058594,0.0,2.4000000000005457,1426,821,538.0,499.0
2026-06-18T20:56:59.752658+00:00,,4.998466186523437,0.0,2.4000000000005457,1426,821,538.0,499.0
2026-06-18T20:56:59.852596+00:00,,4.998526611328125,0.0,2.4000000000005457,1426,821,538.0,499.0
2026-06-18T20:56:59.952651+00:00,,4.998577270507813,0.0,2.4000000000005457,1426,821,538.0,499.0
2026-06-18T20:57:00.052604+00:00,,4.9986334228515625,0.0,2.4000000000005457,1426,821,538.0,499.0
2026-06-18T20:57:00.152624+00:00,,4.998680419921875,0.0,2.4000000000005457,1426,821,538.0,499.0
2026-06-18T20:57:00.252648+00:00,,4.998706665039062,0.0,2.4000000000005457,1426,821,538.0,499.0
2026-06-18T20:57:00.352599+00:00,,4.9987512207031255,1.3333333333336364,0.0,1527,686,261.0,142.0
2026-06-18T20:57:00.453673+00:00,,4.998800354003906,2.680000000000291,0.0,1629,686,352.0,99.0
2026-06-18T20:57:00.553641+00:00,,4.998847351074219,4.013333333333928,0.0,1730,686,311.0,499.0
2026-06-18T20:57:00.653609+00:00,,4.89895263671875,5.360000000000582,0.0,1833,686,307.0,499.0
2026-06-18T20:57:00.755603+00:00,,4.978773498535157,6.706666666667237,0.0,1935,686,304.0,499.0
2026-06-18T20:57:00.855632+00:00,,5.189694213867187,8.040000000000873,0.0,2036,686,299.0,499.0
2026-06-18T20:57:00.955664+00:00,,5.566006469726562,9.373333333332994,0.0,2137,686,159.0,499.0
2026-06-18T20:57:01.055609+00:00,,5.991882934570313,10.706666666666631,0.0,2238,686,201.0,499.0
2026-06-18T20:57:01.156633+00:00,,6.607562866210937,12.053333333333285,0.0,2340,686,305.0,499.0
2026-06-18T20:57:01.256702+00:00,,7.404306030273438,13.386666666666923,0.0,2442,686,225.0,499.0
2026-06-18T20:57:01.356656+00:00,,7.856641845703125,14.720000000000557,0.0,2543,686,311.0,499.0
2026-06-18T20:57:01.456670+00:00,,8.720572509765626,16.053333333334194,0.0,2644,686,229.0,499.0
2026-06-18T20:57:01.556670+00:00,,9.847393188476563,17.386666666666315,0.0,2745,686,234.0,499.0
2026-06-18T20:57:01.656653+00:00,,10.95051513671875,18.719999999999953,0.0,2846,686,159.0,499.0
2026-06-18T20:57:01.756628+00:00,,12.417283935546875,0.0,1.3333333333336364,1426,761,38.0,31.0
2026-06-18T20:57:01.856647+00:00,,14.062205810546875,0.0,2.6666666666672727,1426,836,331.0,233.0
2026-06-18T20:57:01.956671+00:00,,15.157679443359376,0.0,2.6666666666672727,1426,836,128.0,240.0
2026-06-18T20:57:02.057668+00:00,,15.1243408203125,0.0,2.6666666666672727,1426,836,397.0,499.0
2026-06-18T20:57:02.158662+00:00,,14.875642089843751,0.0,2.6666666666672727,1426,836,538.0,499.0
2026-06-18T20:57:02.258656+00:00,,14.595545654296876,0.0,2.6666666666672727,1426,836,538.0,499.0
2026-06-18T20:57:02.358710+00:00,,14.35405029296875,0.0,2.6666666666672727,1426,836,538.0,499.0
2026-06-18T20:57:02.458686+00:00,,14.08212646484375,0.0,2.6666666666672727,1426,836,538.0,499.0
2026-06-18T20:57:02.558695+00:00,,13.847728271484375,0.0,2.6666666666672727,1426,836,538.0,499.0
2026-06-18T20:57:02.658679+00:00,,13.5838525390625,0.0,2.6666666666672727,1426,836,538.0,499.0
2026-06-18T20:57:02.758700+00:00,,13.3564404296875,0.0,2.6666666666672727,1426,836,538.0,499.0
2026-06-18T20:57:02.858843+00:00,,13.10048095703125,0.0,2.6666666666672727,1426,836,538.0,499.0
2026-06-18T20:57:02.958691+00:00,,13.00557373046875,0.0,2.6666666666672727,1426,836,538.0,499.0
2026-06-18T20:57:03.058681+00:00,,12.75533447265625,0.0,2.6666666666672727,1426,836,538.0,499.0
2026-06-18T20:57:03.158691+00:00,,12.539749755859376,0.0,2.6666666666672727,1426,836,538.0,499.0
2026-06-18T20:57:03.258709+00:00,,12.297188720703126,0.0,2.6666666666672727,1426,836,538.0,499.0
2026-06-18T20:57:03.358859+00:00,,12.08825927734375,0.0,2.6666666666672727,1426,836,538.0,499.0
2026-06-18T20:57:03.458701+00:00,,11.85322998046875,0.0,2.6666666666672727,1426,836,538.0,499.0
2026-06-18T20:57:03.559739+00:00,,11.622158203125,0.0,2.6666666666672727,1426,836,538.0,499.0
2026-06-18T20:57:03.659695+00:00,,11.423182373046876,0.0,2.6666666666672727,1426,836,538.0,499.0
2026-06-18T20:57:03.759698+00:00,,11.2271728515625,0.0,2.6666666666672727,1426,836,538.0,499.0
2026-06-18T20:57:03.859892+00:00,,11.00676025390625,0.0,2.6666666666672727,1426,836,538.0,499.0
2026-06-18T20:57:03.959742+00:00,,10.81701171875,0.0,2.6666666666672727,1426,836,538.0,499.0
2026-06-18T20:57:04.060730+00:00,,10.630137939453125,0.0,2.6666666666672727,1426,836,538.0,499.0
2026-06-18T20:57:04.159734+00:00,,10.420050048828125,0.0,2.6666666666672727,1426,836,538.0,499.0
2026-06-18T20:57:04.260716+00:00,,10.316385498046875,0.0,2.6666666666672727,1426,836,538.0,499.0
2026-06-18T20:57:04.359899+00:00,,10.137163696289063,0.0,2.6666666666672727,1426,836,538.0,499.0
2026-06-18T20:57:04.460712+00:00,,9.935719604492188,0.0,2.6666666666672727,1426,836,538.0,499.0
2026-06-18T20:57:04.560745+00:00,,9.76238037109375,0.0,2.6666666666672727,1426,836,538.0,499.0
2026-06-18T20:57:04.660727+00:00,,9.567579956054688,0.0,2.6666666666672727,1426,836,538.0,499.0
2026-06-18T20:57:04.760751+00:00,,9.37625732421875,0.0,2.6666666666672727,1426,836,538.0,499.0
2026-06-18T20:57:04.859835+00:00,,9.211666259765625,0.0,2.6666666666672727,1426,836,538.0,499.0
2026-06-18T20:57:04.960754+00:00,,9.026740112304688,0.0,2.6666666666672727,1426,836,538.0,499.0
2026-06-18T20:57:05.060774+00:00,,8.867675170898437,0.0,2.6666666666672727,1426,836,538.0,499.0
2026-06-18T20:57:05.161739+00:00,,8.711141967773438,0.0,2.6666666666672727,1426,836,538.0,499.0
2026-06-18T20:57:05.261769+00:00,,8.535305786132813,0.0,2.6666666666672727,1426,836,538.0,499.0
2026-06-18T20:57:05.360917+00:00,,8.362689208984374,0.0,2.6666666666672727,1426,836,538.0,499.0
2026-06-18T20:57:05.461781+00:00,,8.298778686523438,0.0,2.6666666666672727,1426,836,538.0,499.0
2026-06-18T20:57:05.561789+00:00,,8.130513916015625,0.0,2.6666666666672727,1426,836,538.0,499.0
2026-06-18T20:57:05.660753+00:00,,7.985836791992187,0.0,2.6666666666672727,1426,836,538.0,499.0
2026-06-18T20:57:05.760788+00:00,,7.823368530273438,0.0,2.6666666666672727,1426,836,538.0,499.0
2026-06-18T20:57:05.860885+00:00,,7.683225708007813,0.0,2.6666666666672727,1426,836,538.0,499.0
2026-06-18T20:57:05.961801+00:00,,7.543225708007813,0.0,2.6666666666672727,1426,836,538.0,499.0
2026-06-18T20:57:06.060921+00:00,,7.383225708007813,0.0,2.6666666666672727,1426,836,538.0,499.0
2026-06-18T20:57:06.161798+00:00,,7.243225708007813,0.0,2.6666666666672727,1426,836,538.0,499.0
2026-06-18T20:57:06.262867+00:00,,7.083225708007813,0.0,2.6666666666672727,1426,836,538.0,499.0
2026-06-18T20:57:06.361852+00:00,,6.943225708007812,0.0,2.6666666666672727,1426,836,538.0,499.0
2026-06-18T20:57:06.762118+00:00,,6.783225708007812,0.0,2.6666666666672727,1426,836,538.0,499.0
2026-06-18T20:57:07.160591+00:00,,6.263225708007813,0.0,2.6666666666672727,1426,836,538.0,499.0
2026-06-18T20:57:07.561569+00:00,,5.683225708007813,0.0,2.6666666666672727,1426,836,538.0,499.0
2026-06-18T20:57:07.964515+00:00,,5.063225402832031,0.0,2.6666666666672727,1426,836,538.0,499.0
2026-06-18T20:57:08.365474+00:00,,4.9852752685546875,0.0,2.6666666666672727,1426,836,538.0,499.0
2026-06-18T20:57:08.767427+00:00,,4.987074584960937,0.0,2.6666666666672727,1426,836,538.0,499.0
2026-06-18T20:57:09.168427+00:00,,4.988879089355469,0.0,2.6666666666672727,1426,836,538.0,499.0
2026-06-18T20:57:09.571392+00:00,,4.990431823730469,0.0,2.6666666666672727,1426,836,538.0,499.0
2026-06-18T20:57:09.675906+00:00,,4.991642761230469,0.0,2.6666666666672727,1426,836,538.0,499.0
2026-06-18T20:57:09.776030+00:00,,4.99193115234375,0.0,2.6666666666672727,1426,836,538.0,499.0
2026-06-18T20:57:09.875906+00:00,,4.9922482299804685,0.0,2.6666666666672727,1426,836,538.0,499.0
2026-06-18T20:57:09.976867+00:00,,4.992552795410156,0.0,2.6666666666672727,1426,836,538.0,499.0
2026-06-18T20:57:10.077899+00:00,,4.992809753417969,0.0,2.6666666666672727,1426,836,538.0,499.0
2026-06-18T20:57:10.177863+00:00,,4.993057556152344,0.0,2.6666666666672727,1426,836,538.0,499.0
2026-06-18T20:57:10.278069+00:00,,4.993330383300782,0.0,2.6666666666672727,1426,836,538.0,499.0
2026-06-18T20:57:10.379000+00:00,,4.9935604858398435,0.0,2.6666666666672727,1426,836,538.0,499.0
2026-06-18T20:57:10.478927+00:00,,4.9938134765625,0.0,2.6666666666672727,1426,836,538.0,499.0
2026-06-18T20:57:10.578901+00:00,,4.994026794433593,0.0,2.6666666666672727,1426,836,538.0,499.0
2026-06-18T20:57:10.678889+00:00,,4.994261779785156,0.0,2.6666666666672727,1426,836,538.0,499.0
2026-06-18T20:57:10.778174+00:00,,4.994347229003906,0.0,2.6666666666672727,1426,836,538.0,499.0
2026-06-18T20:57:10.878959+00:00,,4.994569396972657,0.0,2.6666666666672727,1426,836,538.0,499.0
2026-06-18T20:57:10.978893+00:00,,4.994783020019532,0.0,2.6666666666672727,1426,836,538.0,499.0
2026-06-18T20:57:11.077915+00:00,,4.994962768554688,0.0,2.6666666666672727,1426,836,538.0,499.0
2026-06-18T20:57:11.178931+00:00,,4.995136413574219,0.0,2.6666666666672727,1426,836,538.0,499.0
2026-06-18T20:57:11.278089+00:00,,4.995327758789062,0.0,2.6666666666672727,1426,836,538.0,499.0
2026-06-18T20:57:11.377996+00:00,,4.995488891601562,0.0,2.6666666666672727,1426,836,538.0,499.0
2026-06-18T20:57:11.478909+00:00,,4.9956661987304685,0.0,2.6666666666672727,1426,836,538.0,499.0
2026-06-18T20:57:11.577958+00:00,,4.9958154296875,0.0,2.6666666666672727,1426,836,538.0,499.0
2026-06-18T20:57:11.678951+00:00,,4.995979919433593,0.0,2.6666666666672727,1426,836,538.0,499.0
2026-06-18T20:57:11.777607+00:00,,4.996118469238281,1.4520000000006803,0.0,1536,686,87.0,189.0
2026-06-18T20:57:11.878935+00:00,,4.996271057128906,2.918666666666013,0.0,1647,686,169.0,79.0
2026-06-18T20:57:11.978937+00:00,,4.935919494628906,4.385333333333014,0.0,1759,686,270.0,499.0
2026-06-18T20:57:12.078961+00:00,,4.925527954101563,5.866666666666333,0.0,1871,686,273.0,499.0
2026-06-18T20:57:12.179924+00:00,,4.995444641113282,7.333333333333333,0.0,1982,686,171.0,499.0
2026-06-18T20:57:12.279319+00:00,,5.226668090820312,8.814666666666653,0.0,2095,686,175.0,499.0
2026-06-18T20:57:12.381034+00:00,,5.621502685546875,10.281333333333652,0.0,2206,686,241.0,499.0
2026-06-18T20:57:12.480943+00:00,,6.114090576171876,11.748000000000653,0.0,2317,686,163.0,499.0
2026-06-18T20:57:12.580978+00:00,,6.7253076171875,13.214666666667654,0.0,2428,686,203.0,499.0
2026-06-18T20:57:12.680979+00:00,,7.59762939453125,14.681333333332987,0.0,2540,686,384.0,499.0
2026-06-18T20:57:12.780008+00:00,,8.454564208984376,16.14799999999999,0.0,2651,686,413.0,499.0
2026-06-18T20:57:12.881015+00:00,,9.616875,17.614666666666984,0.0,2762,686,208.0,499.0
2026-06-18T20:57:12.980476+00:00,,10.989735107421875,19.081333333333987,0.0,2874,686,263.0,499.0
2026-06-18T20:57:13.079242+00:00,,12.317528076171875,0.0,1.466666666667,1426,768,75.0,31.0
2026-06-18T20:57:13.180073+00:00,,14.091218261718751,0.0,2.933333333332333,1426,851,343.0,105.0
2026-06-18T20:57:13.280134+00:00,,14.93338623046875,0.0,2.933333333332333,1426,851,10.0,157.0
2026-06-18T20:57:13.380068+00:00,,14.807615966796876,0.0,2.933333333332333,1426,851,378.0,499.0
2026-06-18T20:57:13.480218+00:00,,14.528577880859375,0.0,2.933333333332333,1426,851,538.0,499.0
2026-06-18T20:57:13.580083+00:00,,14.2880029296875,0.0,2.933333333332333,1426,851,538.0,499.0
2026-06-18T20:57:13.680717+00:00,,14.017121582031251,0.0,2.933333333332333,1426,851,538.0,499.0
2026-06-18T20:57:13.781400+00:00,,13.783629150390626,0.0,2.933333333332333,1426,851,538.0,499.0
2026-06-18T20:57:13.881167+00:00,,13.52078125,0.0,2.933333333332333,1426,851,538.0,499.0
2026-06-18T20:57:13.980929+00:00,,13.294259033203126,0.0,2.933333333332333,1426,851,538.0,499.0
2026-06-18T20:57:14.081654+00:00,,13.070950927734375,0.0,2.933333333332333,1426,851,538.0,499.0
2026-06-18T20:57:14.181389+00:00,,12.819642333984376,0.0,2.933333333332333,1426,851,538.0,499.0
2026-06-18T20:57:14.281199+00:00,,12.5724560546875,0.0,2.933333333332333,1426,851,538.0,499.0
2026-06-18T20:57:14.381950+00:00,,12.359517822265625,0.0,2.933333333332333,1426,851,538.0,499.0
2026-06-18T20:57:14.482602+00:00,,12.119952392578126,0.0,2.933333333332333,1426,851,538.0,499.0
2026-06-18T20:57:14.582337+00:00,,12.0016748046875,0.0,2.933333333332333,1426,851,538.0,499.0
2026-06-18T20:57:14.682094+00:00,,11.797081298828125,0.0,2.933333333332333,1426,851,538.0,499.0
2026-06-18T20:57:14.781819+00:00,,11.595509033203125,0.0,2.933333333332333,1426,851,538.0,499.0
2026-06-18T20:57:14.882588+00:00,,11.3688037109375,0.0,2.933333333332333,1426,851,538.0,499.0
2026-06-18T20:57:14.981273+00:00,,11.1736083984375,0.0,2.933333333332333,1426,851,538.0,499.0
2026-06-18T20:57:15.082144+00:00,,10.954114990234375,0.0,2.933333333332333,1426,851,538.0,499.0
2026-06-18T20:57:15.182759+00:00,,10.738404541015624,0.0,2.933333333332333,1426,851,538.0,499.0
2026-06-18T20:57:15.282531+00:00,,10.552725830078126,0.0,2.933333333332333,1426,851,538.0,499.0
2026-06-18T20:57:15.382294+00:00,,10.343988037109375,0.0,2.933333333332333,1426,851,538.0,499.0
2026-06-18T20:57:15.483116+00:00,,10.164341430664063,0.0,2.933333333332333,1426,851,538.0,499.0
2026-06-18T20:57:15.583029+00:00,,9.987462768554687,0.0,2.933333333332333,1426,851,538.0,499.0
2026-06-18T20:57:15.682483+00:00,,9.788665161132812,0.0,2.933333333332333,1426,851,538.0,499.0
2026-06-18T20:57:15.783165+00:00,,9.593396606445312,0.0,2.933333333332333,1426,851,538.0,499.0
2026-06-18T20:57:15.882957+00:00,,9.425396118164063,0.0,2.933333333332333,1426,851,538.0,499.0
2026-06-18T20:57:15.983678+00:00,,9.3305810546875,0.0,2.933333333332333,1426,851,538.0,499.0
2026-06-18T20:57:16.083435+00:00,,9.166709594726562,0.0,2.933333333332333,1426,851,538.0,499.0
2026-06-18T20:57:16.183168+00:00,,8.98259521484375,0.0,2.933333333332333,1426,851,538.0,499.0
2026-06-18T20:57:16.282943+00:00,,8.824232177734375,0.0,2.933333333332333,1426,851,538.0,499.0
2026-06-18T20:57:16.682988+00:00,,8.6463330078125,0.0,2.933333333332333,1426,851,538.0,499.0
2026-06-18T20:57:17.084930+00:00,,8.0077685546875,0.0,2.933333333332333,1426,851,538.0,499.0
2026-06-18T20:57:17.485924+00:00,,7.4045947265625,0.0,2.933333333332333,1426,851,538.0,499.0
2026-06-18T20:57:17.888923+00:00,,6.8845947265625,0.0,2.933333333332333,1426,851,538.0,499.0
2026-06-18T20:57:18.290836+00:00,,6.2845947265625,0.0,2.933333333332333,1426,851,538.0,499.0
2026-06-18T20:57:18.391536+00:00,,5.6845947265625005,0.0,2.933333333332333,1426,851,538.0,499.0
2026-06-18T20:57:18.792565+00:00,,5.5245947265625,0.0,2.933333333332333,1426,851,538.0,499.0
2026-06-18T20:57:19.192683+00:00,,5.0045947265625,0.0,2.933333333332333,1426,851,538.0,499.0
2026-06-18T20:57:19.294141+00:00,,4.986678771972656,0.0,2.933333333332333,1426,851,538.0,499.0
2026-06-18T20:57:19.393197+00:00,,4.987202453613281,0.0,2.933333333332333,1426,851,538.0,499.0
2026-06-18T20:57:19.493156+00:00,,4.987643737792969,0.0,2.933333333332333,1426,851,538.0,499.0
2026-06-18T20:57:19.592189+00:00,,4.988129272460937,0.0,2.933333333332333,1426,851,538.0,499.0
2026-06-18T20:57:19.693322+00:00,,4.988538818359375,0.0,2.933333333332333,1426,851,538.0,499.0
2026-06-18T20:57:19.794139+00:00,,4.9889892578125,0.0,2.933333333332333,1426,851,538.0,499.0
2026-06-18T20:57:19.893170+00:00,,4.989368896484375,0.0,2.933333333332333,1426,851,538.0,499.0
2026-06-18T20:57:19.993173+00:00,,4.989735412597656,0.0,2.933333333332333,1426,851,538.0,499.0
2026-06-18T20:57:20.093165+00:00,,4.989939270019532,0.0,2.933333333332333,1426,851,538.0,499.0
2026-06-18T20:57:20.195326+00:00,,4.99033447265625,0.0,2.933333333332333,1426,851,538.0,499.0
2026-06-18T20:57:20.293184+00:00,,4.990667724609375,0.0,2.933333333332333,1426,851,538.0,499.0
2026-06-18T20:57:20.393237+00:00,,4.990989685058594,0.0,2.933333333332333,1426,851,538.0,499.0
2026-06-18T20:57:20.495223+00:00,,4.991343688964844,0.0,2.933333333332333,1426,851,538.0,499.0
2026-06-18T20:57:20.594189+00:00,,4.991642150878906,0.0,2.933333333332333,1426,851,538.0,499.0
2026-06-18T20:57:20.694305+00:00,,4.991970825195312,0.0,2.933333333332333,1426,851,538.0,499.0
2026-06-18T20:57:20.794302+00:00,,4.992247619628906,0.0,2.933333333332333,1426,851,538.0,499.0
2026-06-18T20:57:20.894178+00:00,,4.992552185058594,0.0,2.933333333332333,1426,851,538.0,499.0
2026-06-18T20:57:20.995158+00:00,,4.992809143066406,0.0,2.933333333332333,1426,851,538.0,499.0
2026-06-18T20:57:21.096204+00:00,,4.993091735839844,0.0,2.933333333332333,1426,851,538.0,499.0
2026-06-18T20:57:21.196280+00:00,,4.993330078125,0.0,2.933333333332333,1426,851,538.0,499.0
2026-06-18T20:57:21.296183+00:00,,4.9934625244140625,0.0,2.933333333332333,1426,851,538.0,499.0
2026-06-18T20:57:21.396237+00:00,,4.993719482421875,0.0,2.933333333332333,1426,851,538.0,499.0
2026-06-18T20:57:21.496197+00:00,,4.9939358520507815,0.0,2.933333333332333,1426,851,538.0,499.0
2026-06-18T20:57:21.597218+00:00,,4.994174194335938,0.0,2.933333333332333,1426,851,538.0,499.0
2026-06-18T20:57:21.697268+00:00,,4.994375,0.0,2.933333333332333,1426,851,538.0,499.0
2026-06-18T20:57:21.798181+00:00,,4.994596252441406,0.0,2.933333333332333,1426,851,538.0,499.0
2026-06-18T20:57:21.898197+00:00,,4.994782409667969,0.0,2.933333333332333,1426,851,538.0,499.0
2026-06-18T20:57:21.997206+00:00,,4.994987487792969,0.0,2.933333333332333,1426,851,538.0,499.0
2026-06-18T20:57:22.098207+00:00,,4.995160522460938,0.0,2.933333333332333,1426,851,538.0,499.0
2026-06-18T20:57:22.197255+00:00,,4.995350646972656,0.0,2.933333333332333,1426,851,538.0,499.0
2026-06-18T20:57:22.298244+00:00,,4.995510864257812,0.0,2.933333333332333,1426,851,538.0,499.0
2026-06-18T20:57:22.397282+00:00,,4.995687561035156,0.0,2.933333333332333,1426,851,538.0,499.0
2026-06-18T20:57:22.497214+00:00,,4.995773010253906,0.0,2.933333333332333,1426,851,538.0,499.0
2026-06-18T20:57:22.598203+00:00,,4.995918884277343,0.0,2.933333333332333,1426,851,538.0,499.0
2026-06-18T20:57:22.698278+00:00,,4.9960595703125,0.0,2.933333333332333,1426,851,538.0,499.0
2026-06-18T20:57:22.799229+00:00,,4.996214294433594,0.0,2.933333333332333,1426,851,538.0,499.0
2026-06-18T20:57:22.898222+00:00,,4.996344909667969,0.0,2.933333333332333,1426,851,538.0,499.0
2026-06-18T20:57:22.999238+00:00,,4.996488647460938,0.0,2.933333333332333,1426,851,538.0,499.0
2026-06-18T20:57:23.098246+00:00,,4.996609802246094,1.6000000000003638,0.0,1547,686,260.0,3.0
2026-06-18T20:57:23.198255+00:00,,4.996742858886718,3.2000000000007276,0.0,1669,686,93.0,46.0
2026-06-18T20:57:23.299237+00:00,,4.958613891601563,4.800000000001091,0.0,1790,686,220.0,499.0
2026-06-18T20:57:23.398303+00:00,,4.947169494628906,6.399999999999636,0.0,1912,686,237.0,499.0
2026-06-18T20:57:23.499267+00:00,,5.156568603515625,8.0,0.0,2033,686,244.0,499.0
2026-06-18T20:57:23.598251+00:00,,5.46904296875,9.600000000000364,0.0,2154,686,231.0,499.0
2026-06-18T20:57:23.698256+00:00,,5.938118896484375,11.200000000000728,0.0,2276,686,268.0,499.0
2026-06-18T20:57:23.799240+00:00,,6.2654150390625,12.816000000000713,0.0,2398,686,321.0,499.0
2026-06-18T20:57:23.900288+00:00,,7.022260131835938,14.416000000001077,0.0,2520,686,301.0,499.0
2026-06-18T20:57:23.999249+00:00,,7.939155883789063,16.01599999999962,0.0,2641,686,159.0,499.0
2026-06-18T20:57:24.101261+00:00,,8.892655639648437,17.631999999999607,0.0,2764,686,217.0,499.0
2026-06-18T20:57:24.200519+00:00,,10.201068115234376,19.23199999999997,0.0,2885,686,256.0,499.0
2026-06-18T20:57:24.301259+00:00,,11.520335693359375,20.832000000000335,0.0,3006,686,295.0,499.0
2026-06-18T20:57:24.400329+00:00,,12.98111572265625,0.0,1.6000000000003638,1426,776,159.0,31.0
2026-06-18T20:57:24.501258+00:00,,14.844390869140625,0.0,3.2000000000007276,1426,866,309.0,252.0
2026-06-18T20:57:24.601473+00:00,,16.092164306640626,0.0,3.2000000000007276,1426,866,26.0,199.0
2026-06-18T20:57:24.700288+00:00,,15.944808349609376,0.0,3.2000000000007276,1426,866,296.0,499.0
2026-06-18T20:57:24.800270+00:00,,15.685147705078125,0.0,3.2000000000007276,1426,866,538.0,499.0
2026-06-18T20:57:24.900334+00:00,,15.392606201171875,0.0,3.2000000000007276,1426,866,538.0,499.0
2026-06-18T20:57:25.000301+00:00,,15.248011474609376,0.0,3.2000000000007276,1426,866,538.0,499.0
2026-06-18T20:57:25.100472+00:00,,14.9621533203125,0.0,3.2000000000007276,1426,866,538.0,499.0
2026-06-18T20:57:25.201284+00:00,,14.715653076171876,0.0,3.2000000000007276,1426,866,538.0,499.0
2026-06-18T20:57:25.301313+00:00,,14.47251220703125,0.0,3.2000000000007276,1426,866,538.0,499.0
2026-06-18T20:57:25.401339+00:00,,14.198721923828126,0.0,3.2000000000007276,1426,866,538.0,499.0
2026-06-18T20:57:25.501305+00:00,,13.929254150390625,0.0,3.2000000000007276,1426,866,538.0,499.0
2026-06-18T20:57:25.601495+00:00,,13.69698974609375,0.0,3.2000000000007276,1426,866,538.0,499.0
2026-06-18T20:57:25.701327+00:00,,13.467982177734376,0.0,3.2000000000007276,1426,866,538.0,499.0
2026-06-18T20:57:26.098599+00:00,,13.210216064453125,0.0,3.2000000000007276,1426,866,538.0,499.0
2026-06-18T20:57:26.500581+00:00,,12.40116943359375,0.0,3.2000000000007276,1426,866,538.0,499.0
2026-06-18T20:57:26.901535+00:00,,11.520756835937501,0.0,3.2000000000007276,1426,866,538.0,499.0
2026-06-18T20:57:27.302503+00:00,,10.695107421875,0.0,3.2000000000007276,1426,866,538.0,499.0
2026-06-18T20:57:27.703491+00:00,,9.99692626953125,0.0,3.2000000000007276,1426,866,538.0,499.0
2026-06-18T20:57:28.103402+00:00,,9.245447998046876,0.0,3.2000000000007276,1426,866,538.0,499.0
2026-06-18T20:57:28.504358+00:00,,8.566844482421875,0.0,3.2000000000007276,1426,866,538.0,499.0
2026-06-18T20:57:28.904321+00:00,,7.933633422851563,0.0,3.2000000000007276,1426,866,538.0,499.0
2026-06-18T20:57:29.303207+00:00,,7.392136230468751,0.0,3.2000000000007276,1426,866,538.0,499.0
2026-06-18T20:57:29.707417+00:00,,6.8121362304687505,0.0,3.2000000000007276,1426,866,538.0,499.0
2026-06-18T20:57:30.108178+00:00,,6.21213623046875,0.0,3.2000000000007276,1426,866,538.0,499.0
2026-06-18T20:57:30.212606+00:00,,5.69213623046875,0.0,3.2000000000007276,1426,866,538.0,499.0
2026-06-18T20:57:30.311396+00:00,,5.53213623046875,0.0,3.2000000000007276,1426,866,538.0,499.0
2026-06-18T20:57:30.411400+00:00,,5.39213623046875,0.0,3.2000000000007276,1426,866,538.0,499.0
2026-06-18T20:57:30.511408+00:00,,5.23213623046875,0.0,3.2000000000007276,1426,866,538.0,499.0
2026-06-18T20:57:30.611394+00:00,,5.09213623046875,0.0,3.2000000000007276,1426,866,538.0,499.0
2026-06-18T20:57:30.712385+00:00,,4.992253723144532,0.0,3.2000000000007276,1426,866,538.0,499.0
2026-06-18T20:57:30.812378+00:00,,4.992520751953125,0.0,3.2000000000007276,1426,866,538.0,499.0
2026-06-18T20:57:30.912386+00:00,,4.99281494140625,0.0,3.2000000000007276,1426,866,538.0,499.0
2026-06-18T20:57:31.012391+00:00,,4.993062438964844,0.0,3.2000000000007276,1426,866,538.0,499.0
2026-06-18T20:57:31.113391+00:00,,4.993335266113282,0.0,3.2000000000007276,1426,866,538.0,499.0
2026-06-18T20:57:31.513496+00:00,,4.993565063476563,0.0,3.2000000000007276,1426,866,538.0,499.0
2026-06-18T20:57:31.613433+00:00,,4.994379577636719,0.0,3.2000000000007276,1426,866,538.0,499.0
2026-06-18T20:57:31.714445+00:00,,4.994573364257812,0.0,3.2000000000007276,1426,866,538.0,499.0
2026-06-18T20:57:31.814428+00:00,,4.994786682128907,0.0,3.2000000000007276,1426,866,538.0,499.0
2026-06-18T20:57:31.915436+00:00,,4.994966430664062,0.0,3.2000000000007276,1426,866,538.0,499.0
2026-06-18T20:57:32.015616+00:00,,4.995164184570313,0.0,3.2000000000007276,1426,866,538.0,499.0
2026-06-18T20:57:32.116467+00:00,,4.9953311157226565,0.0,3.2000000000007276,1426,866,538.0,499.0
2026-06-18T20:57:32.216460+00:00,,4.995514526367187,0.0,3.2000000000007276,1426,866,538.0,499.0
2026-06-18T20:57:32.316472+00:00,,4.995669250488281,0.0,3.2000000000007276,1426,866,538.0,499.0
2026-06-18T20:57:32.417475+00:00,,4.995839538574219,0.0,3.2000000000007276,1426,866,538.0,499.0
2026-06-18T20:57:32.515873+00:00,,4.996003112792969,0.0,3.2000000000007276,1426,866,538.0,499.0
2026-06-18T20:57:32.616458+00:00,,4.996140747070313,0.0,3.2000000000007276,1426,866,538.0,499.0
2026-06-18T20:57:32.716482+00:00,,4.996217346191407,0.0,3.2000000000007276,1426,866,538.0,499.0
2026-06-18T20:57:33.115541+00:00,,4.99634765625,0.0,3.2000000000007276,1426,866,538.0,499.0
2026-06-18T20:57:33.217481+00:00,,4.996857604980469,0.0,3.2000000000007276,1426,866,538.0,499.0
2026-06-18T20:57:33.318756+00:00,,4.9969812011718755,0.0,3.2000000000007276,1426,866,538.0,499.0
2026-06-18T20:57:33.418536+00:00,,4.997085266113281,0.0,3.2000000000007276,1426,866,538.0,499.0
2026-06-18T20:57:33.519284+00:00,,4.997200012207031,0.0,3.2000000000007276,1426,866,538.0,499.0
2026-06-18T20:57:33.619017+00:00,,4.997296447753906,0.0,3.2000000000007276,1426,866,538.0,499.0
2026-06-18T20:57:33.718750+00:00,,4.997402648925782,0.0,3.2000000000007276,1426,866,538.0,499.0
2026-06-18T20:57:33.818532+00:00,,4.997492370605469,0.0,3.2000000000007276,1426,866,538.0,499.0
2026-06-18T20:57:33.919220+00:00,,4.997578735351563,0.0,3.2000000000007276,1426,866,538.0,499.0
2026-06-18T20:57:34.018961+00:00,,4.9976739501953125,0.0,3.2000000000007276,1426,866,538.0,499.0
2026-06-18T20:57:34.119725+00:00,,4.997708740234375,0.0,3.2000000000007276,1426,866,538.0,499.0
2026-06-18T20:57:34.220651+00:00,,4.997809753417969,0.0,3.2000000000007276,1426,866,538.0,499.0
2026-06-18T20:57:34.618553+00:00,,4.997885131835938,0.0,3.2000000000007276,1426,866,538.0,499.0
2026-06-18T20:57:34.720242+00:00,,4.998180541992188,6.933333333334909,0.0,1952,686,99.0,219.0
2026-06-18T20:57:35.119579+00:00,,4.998251953125,8.666666666666666,0.0,2083,686,538.0,72.0
2026-06-18T20:57:35.219938+00:00,,6.6834619140625,15.600000000001575,0.0,2609,686,128.0,499.0
2026-06-18T20:57:35.320589+00:00,,6.976635131835938,17.333333333333332,0.0,2741,686,208.0,499.0
2026-06-18T20:57:35.420363+00:00,,7.679204711914062,19.06666666666706,0.0,2872,686,221.0,499.0
2026-06-18T20:57:35.520067+00:00,,8.957998657226563,20.80000000000079,0.0,3004,686,228.0,499.0
2026-06-18T20:57:35.619807+00:00,,10.427847900390626,22.533333333334514,0.0,3135,686,203.0,499.0
2026-06-18T20:57:36.020865+00:00,,12.26911865234375,0.0,1.750666666666651,1426,784,113.0,499.0
2026-06-18T20:57:36.423802+00:00,,15.5733056640625,0.0,8.718666666665436,1426,1176,538.0,499.0
2026-06-18T20:57:36.822741+00:00,,14.408349609375,0.0,15.66933333333327,1426,1566,538.0,499.0
2026-06-18T20:57:37.224685+00:00,,12.7171484375,0.0,22.619999999999134,1426,1957,538.0,499.0
2026-06-18T20:57:37.624730+00:00,,9.546293334960938,0.0,26.0,1426,2147,538.0,499.0
2026-06-18T20:57:38.025015+00:00,,5.546406860351563,0.0,26.0,1426,2147,538.0,499.0
2026-06-18T20:57:38.427529+00:00,,2.590286865234375,0.0,26.0,1426,2147,538.0,499.0
2026-06-18T20:57:38.825946+00:00,,0.0,0.0,26.0,1426,2147,538.0,499.0
2026-06-18T20:57:39.227501+00:00,,0.0,7.48533333333459,0.0,1994,686,275.0,389.0
2026-06-18T20:57:39.627411+00:00,,0.8993704986572266,14.952000000000831,0.0,2560,686,280.0,499.0
2026-06-18T20:57:39.731618+00:00,,4.859837341308594,22.474666666667872,0.0,3131,686,380.0,499.0
2026-06-18T20:57:40.129128+00:00,,6.2081060791015625,24.341333333334966,0.0,3273,686,229.0,499.0
2026-06-18T20:57:40.231699+00:00,,14.455701904296875,28.0,0.0,3550,686,200.0,499.0
2026-06-18T20:57:40.331043+00:00,,16.382093505859377,0.0,1.866666666667091,1426,791,67.0,7.0
2026-06-18T20:57:40.431797+00:00,,19.023409423828124,0.0,3.73333333333206,1426,896,317.0,41.0
2026-06-18T20:57:40.531128+00:00,,20.0137939453125,0.0,3.73333333333206,1426,896,251.0,155.0
2026-06-18T20:57:40.630591+00:00,,20.89865478515625,0.0,3.73333333333206,1426,896,109.0,499.0
2026-06-18T20:57:40.731605+00:00,,20.68507080078125,0.0,3.73333333333206,1426,896,538.0,499.0
2026-06-18T20:57:40.831642+00:00,,20.360291748046876,0.0,3.73333333333206,1426,896,538.0,499.0
2026-06-18T20:57:40.932699+00:00,,19.994163818359375,0.0,3.73333333333206,1426,896,538.0,499.0
2026-06-18T20:57:41.031656+00:00,,19.6782080078125,0.0,3.73333333333206,1426,896,538.0,499.0
2026-06-18T20:57:41.131613+00:00,,19.32212890625,0.0,3.73333333333206,1426,896,538.0,499.0
2026-06-18T20:57:41.231672+00:00,,19.014932861328127,0.0,3.73333333333206,1426,896,538.0,499.0
2026-06-18T20:57:41.332627+00:00,,18.668824462890626,0.0,3.73333333333206,1426,896,538.0,499.0
2026-06-18T20:57:41.432777+00:00,,18.370311279296875,0.0,3.73333333333206,1426,896,538.0,499.0
2026-06-18T20:57:41.531674+00:00,,18.034078369140627,0.0,3.73333333333206,1426,896,538.0,499.0
2026-06-18T20:57:41.631644+00:00,,17.74416015625,0.0,3.73333333333206,1426,896,538.0,499.0
2026-06-18T20:57:41.731643+00:00,,17.417696533203124,0.0,3.73333333333206,1426,896,538.0,499.0
2026-06-18T20:57:41.831653+00:00,,17.136274414062502,0.0,3.73333333333206,1426,896,538.0,499.0
2026-06-18T20:57:41.932729+00:00,,16.977227783203126,0.0,3.73333333333206,1426,896,538.0,499.0
2026-06-18T20:57:42.031632+00:00,,16.6629638671875,0.0,3.73333333333206,1426,896,538.0,499.0
2026-06-18T20:57:42.131643+00:00,,16.39214599609375,0.0,3.73333333333206,1426,896,538.0,499.0
2026-06-18T20:57:42.231647+00:00,,16.087364501953125,0.0,3.73333333333206,1426,896,538.0,499.0
2026-06-18T20:57:42.331648+00:00,,15.824782714843751,0.0,3.73333333333206,1426,896,538.0,499.0
2026-06-18T20:57:42.432779+00:00,,15.529339599609376,0.0,3.73333333333206,1426,896,538.0,499.0
2026-06-18T20:57:42.532697+00:00,,15.274863281250001,0.0,3.73333333333206,1426,896,538.0,499.0
2026-06-18T20:57:42.631643+00:00,,14.988608398437501,0.0,3.73333333333206,1426,896,538.0,499.0
2026-06-18T20:57:42.731719+00:00,,14.742103271484375,0.0,3.73333333333206,1426,896,538.0,499.0
2026-06-18T20:57:42.831662+00:00,,14.464876708984375,0.0,3.73333333333206,1426,896,538.0,499.0
2026-06-18T20:57:42.932752+00:00,,14.22619873046875,0.0,3.73333333333206,1426,896,538.0,499.0
2026-06-18T20:57:43.033660+00:00,,13.957833251953126,0.0,3.73333333333206,1426,896,538.0,499.0
2026-06-18T20:57:43.132675+00:00,,13.726834716796875,0.0,3.73333333333206,1426,896,538.0,499.0
2026-06-18T20:57:43.231672+00:00,,13.596423339843751,0.0,3.73333333333206,1426,896,538.0,499.0
2026-06-18T20:57:43.333696+00:00,,13.370959472656251,0.0,3.73333333333206,1426,896,538.0,499.0
2026-06-18T20:57:43.433752+00:00,,13.148973388671875,0.0,3.73333333333206,1426,896,538.0,499.0
2026-06-18T20:57:43.532726+00:00,,12.89948974609375,0.0,3.73333333333206,1426,896,538.0,499.0
2026-06-18T20:57:43.633702+00:00,,12.68484130859375,0.0,3.73333333333206,1426,896,538.0,499.0
2026-06-18T20:57:43.733706+00:00,,12.443651123046875,0.0,3.73333333333206,1426,896,538.0,499.0
2026-06-18T20:57:43.832674+00:00,,12.206806640625,0.0,3.73333333333206,1426,896,538.0,499.0
2026-06-18T20:57:43.934724+00:00,,12.00309326171875,0.0,3.73333333333206,1426,896,538.0,499.0
2026-06-18T20:57:44.034724+00:00,,11.77425537109375,0.0,3.73333333333206,1426,896,538.0,499.0
2026-06-18T20:57:44.135730+00:00,,11.549610595703125,0.0,3.73333333333206,1426,896,538.0,499.0
2026-06-18T20:57:44.235767+00:00,,11.35644287109375,0.0,3.73333333333206,1426,896,538.0,499.0
2026-06-18T20:57:44.334674+00:00,,11.13951171875,0.0,3.73333333333206,1426,896,538.0,499.0
2026-06-18T20:57:44.435743+00:00,,10.95301025390625,0.0,3.73333333333206,1426,896,538.0,499.0
2026-06-18T20:57:44.535749+00:00,,10.743599853515626,0.0,3.73333333333206,1426,896,538.0,499.0
2026-06-18T20:57:44.634705+00:00,,10.6660888671875,0.0,3.73333333333206,1426,896,538.0,499.0
2026-06-18T20:57:44.736787+00:00,,10.462071533203126,0.0,3.73333333333206,1426,896,538.0,499.0
2026-06-18T20:57:44.837788+00:00,,10.26191162109375,0.0,3.73333333333206,1426,896,538.0,499.0
2026-06-18T20:57:44.937794+00:00,,10.089891357421875,0.0,3.73333333333206,1426,896,538.0,499.0
2026-06-18T20:57:45.037765+00:00,,9.89681396484375,0.0,3.73333333333206,1426,896,538.0,499.0
2026-06-18T20:57:45.137822+00:00,,9.730906372070313,0.0,3.73333333333206,1426,896,538.0,499.0
2026-06-18T20:57:45.236846+00:00,,9.544718017578125,0.0,3.73333333333206,1426,896,538.0,499.0
2026-06-18T20:57:45.338954+00:00,,9.384754028320312,0.0,3.73333333333206,1426,896,538.0,499.0
2026-06-18T20:57:45.437839+00:00,,9.227506713867188,0.0,3.73333333333206,1426,896,538.0,499.0
2026-06-18T20:57:45.537863+00:00,,9.051074218750001,0.0,3.73333333333206,1426,896,538.0,499.0
2026-06-18T20:57:45.637767+00:00,,8.899523925781251,0.0,3.73333333333206,1426,896,538.0,499.0
2026-06-18T20:57:45.737800+00:00,,8.729507446289062,0.0,3.73333333333206,1426,896,538.0,499.0
2026-06-18T20:57:45.837979+00:00,,8.645756835937501,0.0,3.73333333333206,1426,896,538.0,499.0
2026-06-18T20:57:45.937792+00:00,,8.501185302734376,0.0,3.73333333333206,1426,896,538.0,499.0
2026-06-18T20:57:46.336081+00:00,,8.359118041992188,0.0,3.73333333333206,1426,896,538.0,499.0
2026-06-18T20:57:46.736991+00:00,,7.7777862548828125,0.0,3.73333333333206,1426,896,538.0,499.0
2026-06-18T20:57:47.135957+00:00,,7.239058227539062,0.0,3.73333333333206,1426,896,538.0,499.0
2026-06-18T20:57:47.536974+00:00,,6.804559936523438,0.0,3.73333333333206,1426,896,538.0,499.0
2026-06-18T20:57:47.935872+00:00,,6.338300170898438,0.0,3.73333333333206,1426,896,538.0,499.0
2026-06-18T20:57:48.338014+00:00,,5.907266845703125,0.0,3.73333333333206,1426,896,538.0,499.0
2026-06-18T20:57:48.738901+00:00,,5.56036376953125,0.0,3.73333333333206,1426,896,538.0,499.0
2026-06-18T20:57:49.137804+00:00,,5.1888330078125,0.0,3.73333333333206,1426,896,538.0,499.0
2026-06-18T20:57:49.539942+00:00,,4.846041564941406,0.0,3.73333333333206,1426,896,538.0,499.0
2026-06-18T20:57:49.942924+00:00,,4.540077514648438,0.0,3.73333333333206,1426,896,538.0,499.0
2026-06-18T20:57:50.042857+00:00,,4.27611328125,0.0,3.73333333333206,1426,896,538.0,499.0
2026-06-18T20:57:50.141856+00:00,,4.210797729492188,0.0,3.73333333333206,1426,896,538.0,499.0
2026-06-18T20:57:50.242911+00:00,,4.146722412109375,0.0,3.73333333333206,1426,896,538.0,499.0
2026-06-18T20:57:50.342951+00:00,,4.074984436035156,2.0000000000004547,0.0,1578,686,86.0,194.0
2026-06-18T20:57:50.742958+00:00,,4.040608215332031,4.0000000000009095,0.0,1729,686,538.0,139.0
2026-06-18T20:57:50.842329+00:00,,4.453963928222656,12.000000000000455,0.0,2336,686,117.0,499.0
2026-06-18T20:57:50.942879+00:00,,4.530678100585938,14.00000000000091,0.0,2488,686,222.0,499.0
2026-06-18T20:57:51.042860+00:00,,4.685922241210938,16.000000000001364,0.0,2640,686,212.0,499.0
2026-06-18T20:57:51.142868+00:00,,5.699566650390625,17.999999999999545,0.0,2791,686,129.0,499.0
2026-06-18T20:57:51.242873+00:00,,6.841309204101563,20.0,0.0,2943,686,430.0,499.0
2026-06-18T20:57:51.343885+00:00,,8.411449584960938,22.019999999999982,0.0,3096,686,219.0,499.0
2026-06-18T20:57:51.443892+00:00,,10.196419067382813,0.0,2.0000000000004547,1426,798,190.0,63.0
2026-06-18T20:57:51.542910+00:00,,12.023828125,0.0,4.0000000000009095,1426,911,284.0,90.0
2026-06-18T20:57:51.643895+00:00,,13.625264892578125,0.0,4.0000000000009095,1426,911,109.0,152.0
2026-06-18T20:57:51.743073+00:00,,13.79096923828125,0.0,4.0000000000009095,1426,911,237.0,499.0
2026-06-18T20:57:51.842999+00:00,,13.56251953125,0.0,4.0000000000009095,1426,911,538.0,499.0
2026-06-18T20:57:52.243149+00:00,,13.337578125,0.0,4.0000000000009095,1426,911,538.0,499.0
2026-06-18T20:57:52.345420+00:00,,12.502166748046875,0.0,4.0000000000009095,1426,911,538.0,499.0
2026-06-18T20:57:52.446129+00:00,,12.264266357421874,0.0,4.0000000000009095,1426,911,538.0,499.0
2026-06-18T20:57:52.545922+00:00,,12.059638671875,0.0,4.0000000000009095,1426,911,538.0,499.0
2026-06-18T20:57:52.645895+00:00,,11.82976806640625,0.0,4.0000000000009095,1426,911,538.0,499.0
2026-06-18T20:57:52.745365+00:00,,11.632084960937501,0.0,4.0000000000009095,1426,911,538.0,499.0
2026-06-18T20:57:52.846095+00:00,,11.410056152343751,0.0,4.0000000000009095,1426,911,538.0,499.0
2026-06-18T20:57:52.947845+00:00,,11.219149169921875,0.0,4.0000000000009095,1426,911,538.0,499.0
2026-06-18T20:57:53.349027+00:00,,11.03134765625,0.0,4.0000000000009095,1426,911,538.0,499.0
2026-06-18T20:57:53.451502+00:00,,10.26077880859375,0.0,4.0000000000009095,1426,911,538.0,499.0
2026-06-18T20:57:53.550274+00:00,,10.064441528320312,0.0,4.0000000000009095,1426,911,538.0,499.0
2026-06-18T20:57:53.650994+00:00,,9.895721435546875,0.0,4.0000000000009095,1426,911,538.0,499.0
2026-06-18T20:57:53.752106+00:00,,9.706362915039064,0.0,4.0000000000009095,1426,911,538.0,499.0
2026-06-18T20:57:53.851461+00:00,,9.613053588867187,0.0,4.0000000000009095,1426,911,538.0,499.0
2026-06-18T20:57:53.952247+00:00,,9.451932373046875,0.0,4.0000000000009095,1426,911,538.0,499.0
2026-06-18T20:57:54.051995+00:00,,9.271136474609376,0.0,4.0000000000009095,1426,911,538.0,499.0
2026-06-18T20:57:54.151948+00:00,,9.115823974609375,0.0,4.0000000000009095,1426,911,538.0,499.0
2026-06-18T20:57:54.252440+00:00,,8.963164672851562,0.0,4.0000000000009095,1426,911,538.0,499.0
2026-06-18T20:57:54.353216+00:00,,8.791900024414062,0.0,4.0000000000009095,1426,911,538.0,499.0
2026-06-18T20:57:54.753215+00:00,,8.6448046875,0.0,4.0000000000009095,1426,911,538.0,499.0
2026-06-18T20:57:54.854888+00:00,,8.042723999023437,0.0,4.0000000000009095,1426,911,538.0,499.0
2026-06-18T20:57:54.955630+00:00,,7.8896923828125,0.0,4.0000000000009095,1426,911,538.0,499.0
2026-06-18T20:57:55.355651+00:00,,7.7583074951171875,0.0,4.0000000000009095,1426,911,538.0,499.0
2026-06-18T20:57:55.756591+00:00,,7.290294799804688,0.0,4.0000000000009095,1426,911,538.0,499.0
2026-06-18T20:57:56.158572+00:00,,6.78768798828125,0.0,4.0000000000009095,1426,911,538.0,499.0
2026-06-18T20:57:56.559569+00:00,,6.322697143554688,0.0,4.0000000000009095,1426,911,538.0,499.0
2026-06-18T20:57:56.960542+00:00,,5.948217163085937,0.0,4.0000000000009095,1426,911,538.0,499.0
2026-06-18T20:57:57.063028+00:00,,5.54690673828125,0.0,4.0000000000009095,1426,911,538.0,499.0
2026-06-18T20:57:57.461215+00:00,,5.457782592773437,0.0,4.0000000000009095,1426,911,538.0,499.0
2026-06-18T20:57:57.561029+00:00,,5.105821228027344,0.0,4.0000000000009095,1426,911,538.0,499.0
2026-06-18T20:57:57.960872+00:00,,5.013453063964844,0.0,4.0000000000009095,1426,911,538.0,499.0
2026-06-18T20:57:58.063039+00:00,,4.726658935546875,0.0,4.0000000000009095,1426,911,538.0,499.0
2026-06-18T20:57:58.164223+00:00,,4.642398376464844,0.0,4.0000000000009095,1426,911,538.0,499.0
2026-06-18T20:57:58.263032+00:00,,4.570156555175782,0.0,4.0000000000009095,1426,911,538.0,499.0
2026-06-18T20:57:58.363037+00:00,,4.499276733398438,0.0,4.0000000000009095,1426,911,538.0,499.0
2026-06-18T20:57:58.464027+00:00,,4.419908447265625,0.0,4.0000000000009095,1426,911,538.0,499.0
2026-06-18T20:57:58.564061+00:00,,4.3518673706054685,0.0,4.0000000000009095,1426,911,538.0,499.0
2026-06-18T20:57:58.666200+00:00,,4.275682983398438,0.0,4.0000000000009095,1426,911,538.0,499.0
2026-06-18T20:57:58.766032+00:00,,4.210375366210938,0.0,4.0000000000009095,1426,911,538.0,499.0
2026-06-18T20:57:58.864053+00:00,,4.137255554199219,0.0,4.0000000000009095,1426,911,538.0,499.0
2026-06-18T20:57:58.964050+00:00,,4.074579162597656,0.0,4.0000000000009095,1426,911,538.0,499.0
2026-06-18T20:57:59.065042+00:00,,4.0044091796875,0.0,4.0000000000009095,1426,911,538.0,499.0
2026-06-18T20:57:59.165191+00:00,,3.978490905761719,0.0,4.0000000000009095,1426,911,538.0,499.0
2026-06-18T20:57:59.265061+00:00,,3.9104129028320314,0.0,4.0000000000009095,1426,911,538.0,499.0
2026-06-18T20:57:59.364079+00:00,,3.852063903808594,0.0,4.0000000000009095,1426,911,538.0,499.0
2026-06-18T20:57:59.464083+00:00,,3.7867449951171874,0.0,4.0000000000009095,1426,911,538.0,499.0
2026-06-18T20:57:59.566092+00:00,,3.7307632446289065,0.0,4.0000000000009095,1426,911,538.0,499.0
2026-06-18T20:57:59.665349+00:00,,3.6680978393554686,0.0,4.0000000000009095,1426,911,538.0,499.0
2026-06-18T20:57:59.765095+00:00,,3.614393005371094,0.0,4.0000000000009095,1426,911,538.0,499.0
2026-06-18T20:57:59.865126+00:00,,3.554279479980469,0.0,4.0000000000009095,1426,911,538.0,499.0
2026-06-18T20:57:59.965092+00:00,,3.495486145019531,0.0,4.0000000000009095,1426,911,538.0,499.0
2026-06-18T20:58:00.066089+00:00,,3.445103759765625,0.0,4.0000000000009095,1426,911,538.0,499.0
2026-06-18T20:58:00.166185+00:00,,3.3887127685546874,0.0,4.0000000000009095,1426,911,538.0,499.0
2026-06-18T20:58:00.266123+00:00,,3.3403909301757815,0.0,4.0000000000009095,1426,911,538.0,499.0
2026-06-18T20:58:00.365117+00:00,,3.2863092041015625,0.0,4.0000000000009095,1426,911,538.0,499.0
2026-06-18T20:58:00.465127+00:00,,3.266337585449219,0.0,4.0000000000009095,1426,911,538.0,499.0
2026-06-18T20:58:00.566123+00:00,,3.213891296386719,0.0,4.0000000000009095,1426,911,538.0,499.0
2026-06-18T20:58:00.666187+00:00,,3.1626052856445312,0.0,4.0000000000009095,1426,911,538.0,499.0
2026-06-18T20:58:00.767088+00:00,,3.1186618041992187,0.0,4.0000000000009095,1426,911,538.0,499.0
2026-06-18T20:58:00.866119+00:00,,3.0755718994140624,0.0,4.0000000000009095,1426,911,538.0,499.0
2026-06-18T20:58:00.967091+00:00,,3.0273507690429686,0.0,4.0000000000009095,1426,911,538.0,499.0
2026-06-18T20:58:01.066101+00:00,,2.986036071777344,0.0,4.0000000000009095,1426,911,538.0,499.0
2026-06-18T20:58:01.166210+00:00,,2.939803466796875,0.0,4.0000000000009095,1426,911,538.0,499.0
2026-06-18T20:58:01.266126+00:00,,2.900193786621094,0.0,4.0000000000009095,1426,911,538.0,499.0
2026-06-18T20:58:01.366141+00:00,,2.8613568115234376,0.0,4.0000000000009095,1426,911,538.0,499.0
2026-06-18T20:58:01.466104+00:00,,2.817898864746094,2.1333333333338182,0.0,1588,686,240.0,106.0
2026-06-18T20:58:01.566154+00:00,,2.8294216918945314,4.266666666665212,0.0,1750,686,220.0,49.0
2026-06-18T20:58:01.666221+00:00,,2.816455078125,6.39999999999903,0.0,1912,686,256.0,499.0
2026-06-18T20:58:01.767131+00:00,,3.0035806274414063,8.533333333332848,0.0,2073,686,240.0,499.0
2026-06-18T20:58:01.866110+00:00,,3.1428182983398436,10.666666666666666,0.0,2235,686,300.0,499.0
2026-06-18T20:58:01.967168+00:00,,3.642489013671875,12.800000000000486,0.0,2397,686,230.0,499.0
2026-06-18T20:58:02.066116+00:00,,4.281069641113281,14.933333333331879,0.0,2559,686,342.0,499.0
2026-06-18T20:58:02.166261+00:00,,5.235595703125,17.066666666665697,0.0,2721,686,232.0,499.0
2026-06-18T20:58:02.267166+00:00,,6.309620971679688,19.199999999999516,0.0,2883,686,327.0,499.0
2026-06-18T20:58:02.366640+00:00,,7.7848883056640625,21.333333333333332,0.0,3044,686,259.0,499.0
2026-06-18T20:58:02.466598+00:00,,9.3481884765625,0.0,2.1333333333338182,1426,806,111.0,63.0
2026-06-18T20:58:02.567589+00:00,,11.38215576171875,0.0,4.288000000000466,1426,927,300.0,84.0
2026-06-18T20:58:02.667711+00:00,,12.717879638671874,0.0,4.288000000000466,1426,927,96.0,149.0
2026-06-18T20:58:02.768619+00:00,,12.83152587890625,0.0,4.288000000000466,1426,927,285.0,499.0
2026-06-18T20:58:02.867182+00:00,,12.587877197265625,0.0,4.288000000000466,1426,927,538.0,499.0
2026-06-18T20:58:02.968625+00:00,,12.348988037109375,0.0,4.288000000000466,1426,927,538.0,499.0
2026-06-18T20:58:03.068140+00:00,,12.260618896484376,0.0,4.288000000000466,1426,927,538.0,499.0
2026-06-18T20:58:03.167261+00:00,,12.02816650390625,0.0,4.288000000000466,1426,927,538.0,499.0
2026-06-18T20:58:03.566439+00:00,,11.8003125,0.0,4.288000000000466,1426,927,538.0,499.0
2026-06-18T20:58:03.668256+00:00,,11.01183349609375,0.0,4.288000000000466,1426,927,538.0,499.0
2026-06-18T20:58:04.066150+00:00,,10.804370117187501,0.0,4.288000000000466,1426,927,538.0,499.0
2026-06-18T20:58:04.469128+00:00,,10.1588916015625,0.0,4.288000000000466,1426,927,538.0,499.0
2026-06-18T20:58:04.872124+00:00,,9.444310913085937,0.0,4.288000000000466,1426,927,538.0,499.0
2026-06-18T20:58:05.272111+00:00,,8.826812744140625,0.0,4.288000000000466,1426,927,538.0,499.0
2026-06-18T20:58:05.671006+00:00,,8.2365576171875,0.0,4.288000000000466,1426,927,538.0,499.0
2026-06-18T20:58:06.072905+00:00,,7.762429809570313,0.0,4.288000000000466,1426,927,538.0,499.0
2026-06-18T20:58:06.475322+00:00,,7.2395562744140625,0.0,4.288000000000466,1426,927,538.0,499.0
2026-06-18T20:58:06.574407+00:00,,6.774532470703125,0.0,4.288000000000466,1426,927,538.0,499.0
2026-06-18T20:58:06.675263+00:00,,6.6715112304687505,0.0,4.288000000000466,1426,927,538.0,499.0
2026-06-18T20:58:06.774224+00:00,,6.556220703125,0.0,4.288000000000466,1426,927,538.0,499.0
2026-06-18T20:58:06.875228+00:00,,6.457443847656251,0.0,4.288000000000466,1426,927,538.0,499.0
2026-06-18T20:58:06.976290+00:00,,6.346912841796875,0.0,4.288000000000466,1426,927,538.0,499.0
2026-06-18T20:58:07.076396+00:00,,6.292575073242188,0.0,4.288000000000466,1426,927,538.0,499.0
2026-06-18T20:58:07.178232+00:00,,6.198948364257813,0.0,4.288000000000466,1426,927,538.0,499.0
2026-06-18T20:58:07.278226+00:00,,6.09419189453125,0.0,4.288000000000466,1426,927,538.0,499.0
2026-06-18T20:58:07.377285+00:00,,6.0044580078125005,0.0,4.288000000000466,1426,927,538.0,499.0
2026-06-18T20:58:07.477244+00:00,,5.916489868164063,0.0,4.288000000000466,1426,927,538.0,499.0
2026-06-18T20:58:07.577395+00:00,,5.818076171875,0.0,4.288000000000466,1426,927,538.0,499.0
2026-06-18T20:58:07.677258+00:00,,5.721880493164063,0.0,4.288000000000466,1426,927,538.0,499.0
2026-06-18T20:58:07.778279+00:00,,5.639492797851562,0.0,4.288000000000466,1426,927,538.0,499.0
2026-06-18T20:58:07.878244+00:00,,5.547333374023437,0.0,4.288000000000466,1426,927,538.0,499.0
2026-06-18T20:58:07.978269+00:00,,5.4684082031250005,0.0,4.288000000000466,1426,927,538.0,499.0
2026-06-18T20:58:08.078668+00:00,,5.380128784179687,0.0,4.288000000000466,1426,927,538.0,499.0
2026-06-18T20:58:08.179311+00:00,,5.30453125,0.0,4.288000000000466,1426,927,538.0,499.0
2026-06-18T20:58:08.279279+00:00,,5.219979858398438,0.0,4.288000000000466,1426,927,538.0,499.0
2026-06-18T20:58:08.379280+00:00,,5.14758056640625,0.0,4.288000000000466,1426,927,538.0,499.0
2026-06-18T20:58:08.480320+00:00,,5.106861267089844,0.0,4.288000000000466,1426,927,538.0,499.0
2026-06-18T20:58:08.578514+00:00,,5.026822509765625,0.0,4.288000000000466,1426,927,538.0,499.0
2026-06-18T20:58:08.680267+00:00,,4.958292541503907,0.0,4.288000000000466,1426,927,538.0,499.0
2026-06-18T20:58:08.780310+00:00,,4.891138916015625,0.0,4.288000000000466,1426,927,538.0,499.0
2026-06-18T20:58:08.881305+00:00,,4.816044311523438,0.0,4.288000000000466,1426,927,538.0,499.0
2026-06-18T20:58:08.981292+00:00,,4.751753540039062,0.0,4.288000000000466,1426,927,538.0,499.0
2026-06-18T20:58:09.081059+00:00,,4.679864196777344,0.0,4.288000000000466,1426,927,538.0,499.0
2026-06-18T20:58:09.181324+00:00,,4.609631652832031,0.0,4.288000000000466,1426,927,538.0,499.0
2026-06-18T20:58:09.281541+00:00,,4.549508666992188,0.0,4.288000000000466,1426,927,538.0,499.0
2026-06-18T20:58:09.381398+00:00,,4.482285461425781,0.0,4.288000000000466,1426,927,538.0,499.0
2026-06-18T20:58:09.481984+00:00,,4.416617431640625,0.0,4.288000000000466,1426,927,538.0,499.0
2026-06-18T20:58:09.582738+00:00,,4.3604064941406255,0.0,4.288000000000466,1426,927,538.0,499.0
2026-06-18T20:58:09.682456+00:00,,4.328800048828125,0.0,4.288000000000466,1426,927,538.0,499.0
2026-06-18T20:58:09.781269+00:00,,4.274373779296875,0.0,4.288000000000466,1426,927,538.0,499.0
2026-06-18T20:58:09.881941+00:00,,4.213527526855469,0.0,4.288000000000466,1426,927,538.0,499.0
2026-06-18T20:58:09.981644+00:00,,4.154095764160156,0.0,4.288000000000466,1426,927,538.0,499.0
2026-06-18T20:58:10.081439+00:00,,4.103228759765625,0.0,4.288000000000466,1426,927,538.0,499.0
2026-06-18T20:58:10.182248+00:00,,4.053400268554688,0.0,4.288000000000466,1426,927,538.0,499.0
2026-06-18T20:58:10.282939+00:00,,3.997698974609375,0.0,4.288000000000466,1426,927,538.0,499.0
2026-06-18T20:58:10.383800+00:00,,3.950028076171875,0.0,4.288000000000466,1426,927,538.0,499.0
2026-06-18T20:58:10.483402+00:00,,3.8967413330078124,0.0,4.288000000000466,1426,927,538.0,499.0
2026-06-18T20:58:10.583409+00:00,,3.8511389160156253,0.0,4.288000000000466,1426,927,538.0,499.0
2026-06-18T20:58:10.682906+00:00,,3.800166015625,0.0,4.288000000000466,1426,927,538.0,499.0
2026-06-18T20:58:10.782630+00:00,,3.7503875732421874,0.0,4.288000000000466,1426,927,538.0,499.0
2026-06-18T20:58:10.883360+00:00,,3.7017767333984377,0.0,4.288000000000466,1426,927,538.0,499.0
2026-06-18T20:58:10.983321+00:00,,3.6838433837890627,0.0,4.288000000000466,1426,927,538.0,499.0
2026-06-18T20:58:11.084809+00:00,,3.6367947387695314,0.0,4.288000000000466,1426,927,538.0,499.0
2026-06-18T20:58:11.184561+00:00,,3.5908523559570313,0.0,4.288000000000466,1426,927,538.0,499.0
2026-06-18T20:58:11.284452+00:00,,3.5515399169921875,0.0,4.288000000000466,1426,927,538.0,499.0
2026-06-18T20:58:11.384350+00:00,,3.507603759765625,0.0,4.288000000000466,1426,927,538.0,499.0
2026-06-18T20:58:11.483783+00:00,,3.470009765625,0.0,4.288000000000466,1426,927,538.0,499.0
2026-06-18T20:58:11.583586+00:00,,3.4331924438476564,0.0,4.288000000000466,1426,927,538.0,499.0
2026-06-18T20:58:11.683365+00:00,,3.3920468139648436,0.0,4.288000000000466,1426,927,538.0,499.0
2026-06-18T20:58:11.784352+00:00,,3.35187255859375,0.0,4.288000000000466,1426,927,538.0,499.0
2026-06-18T20:58:11.883769+00:00,,3.317499694824219,0.0,4.288000000000466,1426,927,538.0,499.0
2026-06-18T20:58:11.984509+00:00,,3.279087829589844,0.0,4.288000000000466,1426,927,538.0,499.0
2026-06-18T20:58:12.084268+00:00,,3.2462234497070312,0.0,4.288000000000466,1426,927,538.0,499.0
2026-06-18T20:58:12.185005+00:00,,3.2277511596679687,0.0,4.288000000000466,1426,927,538.0,499.0
2026-06-18T20:58:12.284711+00:00,,3.1959524536132813,0.0,4.288000000000466,1426,927,538.0,499.0
2026-06-18T20:58:12.385467+00:00,,3.160418701171875,0.0,4.288000000000466,1426,927,538.0,499.0
2026-06-18T20:58:12.485326+00:00,,3.1300189208984377,2.289333333333313,0.0,1600,686,121.0,31.0
2026-06-18T20:58:12.586949+00:00,,3.1139431762695313,4.578666666666626,0.0,1773,686,184.0,143.0
2026-06-18T20:58:12.687655+00:00,,3.1148089599609374,6.845333333333807,0.0,1945,686,282.0,499.0
2026-06-18T20:58:13.085693+00:00,,3.2400491333007815,9.11200000000099,0.0,2117,686,111.0,499.0
2026-06-18T20:58:13.488674+00:00,,5.4781433105468755,18.201333333333274,0.0,2807,686,282.0,499.0
2026-06-18T20:58:13.888619+00:00,,9.588054809570313,27.267999999999425,0.0,3495,686,286.0,499.0
2026-06-18T20:58:14.289569+00:00,,18.1001708984375,34.0,0.0,4005,686,191.0,499.0
2026-06-18T20:58:14.691502+00:00,,29.2733642578125,34.0,0.0,4005,686,538.0,499.0
2026-06-18T20:58:15.090553+00:00,,39.852177734375,0.0,9.066666666666151,1426,1195,165.0,499.0
2026-06-18T20:58:15.491446+00:00,,43.7143505859375,0.0,18.156000000001008,1426,1706,291.0,499.0
2026-06-18T20:58:15.893373+00:00,,37.7808837890625,0.0,27.267999999999425,1426,2218,538.0,499.0
2026-06-18T20:58:16.294321+00:00,,28.95962890625,0.0,34.0,1426,2596,538.0,499.0
2026-06-18T20:58:16.396452+00:00,,19.30115234375,0.0,34.0,1426,2596,538.0,499.0
2026-06-18T20:58:16.795013+00:00,,16.5166015625,0.0,34.0,1426,2596,538.0,499.0
2026-06-18T20:58:16.897471+00:00,,7.689573974609375,0.0,34.0,1426,2596,538.0,499.0
2026-06-18T20:58:16.997540+00:00,,5.720949096679687,0.0,34.0,1426,2596,538.0,499.0
2026-06-18T20:58:17.097409+00:00,,4.116679992675781,0.0,34.0,1426,2596,538.0,499.0
2026-06-18T20:58:17.197435+00:00,,2.6163995361328127,0.0,34.0,1426,2596,538.0,499.0
2026-06-18T20:58:17.298460+00:00,,1.0215708160400392,0.0,34.0,1426,2596,538.0,499.0
2026-06-18T20:58:17.397448+00:00,,0.0,0.0,34.0,1426,2596,538.0,499.0
2026-06-18T20:58:17.497529+00:00,,0.0,2.4000000000005457,0.0,1608,686,274.0,193.0
2026-06-18T20:58:17.597456+00:00,,0.0,4.800000000001091,0.0,1790,686,187.0,403.0
2026-06-18T20:58:17.697436+00:00,,0.0,7.200000000001637,0.0,1972,686,246.0,338.0
2026-06-18T20:58:17.798454+00:00,,0.02381014108657837,9.599999999999454,0.0,2154,686,225.0,134.0
2026-06-18T20:58:17.897445+00:00,,0.3999511337280274,12.0,0.0,2336,686,251.0,499.0
2026-06-18T20:58:17.997548+00:00,,1.0931755828857421,14.400000000000546,0.0,2518,686,312.0,499.0
2026-06-18T20:58:18.097444+00:00,,1.9912942504882813,16.80000000000109,0.0,2700,686,343.0,499.0
2026-06-18T20:58:18.197470+00:00,,3.2367892456054688,19.200000000001637,0.0,2883,686,349.0,499.0
2026-06-18T20:58:18.297439+00:00,,4.815829467773438,21.599999999999454,0.0,3065,686,203.0,499.0
2026-06-18T20:58:18.398465+00:00,,6.48964111328125,0.0,2.423999999999978,1426,822,126.0,88.0
2026-06-18T20:58:18.498532+00:00,,8.670316162109375,0.0,4.824000000000524,1426,957,301.0,86.0
2026-06-18T20:58:18.599490+00:00,,9.911466064453125,0.0,4.824000000000524,1426,957,141.0,129.0
2026-06-18T20:58:18.699456+00:00,,9.993251342773437,0.0,4.824000000000524,1426,957,266.0,499.0
2026-06-18T20:58:18.800502+00:00,,9.899876708984376,0.0,4.824000000000524,1426,957,538.0,499.0
2026-06-18T20:58:18.899485+00:00,,9.738971557617187,0.0,4.824000000000524,1426,957,538.0,499.0
2026-06-18T20:58:18.999567+00:00,,9.558917236328126,0.0,4.824000000000524,1426,957,538.0,499.0
2026-06-18T20:58:19.099452+00:00,,9.40467041015625,0.0,4.824000000000524,1426,957,538.0,499.0
2026-06-18T20:58:19.199478+00:00,,9.232091674804687,0.0,4.824000000000524,1426,957,538.0,499.0
2026-06-18T20:58:19.299459+00:00,,9.084269409179688,0.0,4.824000000000524,1426,957,538.0,499.0
2026-06-18T20:58:19.399522+00:00,,8.918900756835937,0.0,4.824000000000524,1426,957,538.0,499.0
2026-06-18T20:58:19.498580+00:00,,8.77727294921875,0.0,4.824000000000524,1426,957,538.0,499.0
2026-06-18T20:58:19.599555+00:00,,8.618855590820313,0.0,4.824000000000524,1426,957,538.0,499.0
2026-06-18T20:58:19.699472+00:00,,8.4831982421875,0.0,4.824000000000524,1426,957,538.0,499.0
2026-06-18T20:58:19.799471+00:00,,8.331478271484375,0.0,4.824000000000524,1426,957,538.0,499.0
2026-06-18T20:58:19.899489+00:00,,8.201571655273437,0.0,4.824000000000524,1426,957,538.0,499.0
2026-06-18T20:58:19.998598+00:00,,8.128513793945313,0.0,4.824000000000524,1426,957,538.0,499.0
2026-06-18T20:58:20.099470+00:00,,7.984920654296875,0.0,4.824000000000524,1426,957,538.0,499.0
2026-06-18T20:58:20.199474+00:00,,7.861991577148438,0.0,4.824000000000524,1426,957,538.0,499.0
2026-06-18T20:58:20.300504+00:00,,7.7245422363281255,0.0,4.824000000000524,1426,957,538.0,499.0
2026-06-18T20:58:20.401551+00:00,,7.606885375976563,0.0,4.824000000000524,1426,957,538.0,499.0
2026-06-18T20:58:20.500550+00:00,,7.491619262695313,0.0,4.824000000000524,1426,957,538.0,499.0
2026-06-18T20:58:20.601503+00:00,,7.3627587890625,0.0,4.824000000000524,1426,957,538.0,499.0
2026-06-18T20:58:20.701492+00:00,,7.2369012451171875,0.0,4.824000000000524,1426,957,538.0,499.0
2026-06-18T20:58:20.801503+00:00,,7.129188842773438,0.0,4.824000000000524,1426,957,538.0,499.0
2026-06-18T20:58:20.901490+00:00,,7.023685302734375,0.0,4.824000000000524,1426,957,538.0,499.0
2026-06-18T20:58:21.000532+00:00,,6.90576171875,0.0,4.824000000000524,1426,957,538.0,499.0
2026-06-18T20:58:21.101497+00:00,,6.7906103515625,0.0,4.824000000000524,1426,957,538.0,499.0
2026-06-18T20:58:21.201510+00:00,,6.692078857421875,0.0,4.824000000000524,1426,957,538.0,499.0
2026-06-18T20:58:21.301497+00:00,,6.636693115234375,0.0,4.824000000000524,1426,957,538.0,499.0
2026-06-18T20:58:21.401569+00:00,,6.541345825195313,0.0,4.824000000000524,1426,957,538.0,499.0
2026-06-18T20:58:21.500556+00:00,,6.434796752929688,0.0,4.824000000000524,1426,957,538.0,499.0
2026-06-18T20:58:21.899887+00:00,,6.343640747070313,0.0,4.824000000000524,1426,957,538.0,499.0
2026-06-18T20:58:22.001561+00:00,,5.974011840820313,0.0,4.824000000000524,1426,957,538.0,499.0
2026-06-18T20:58:22.401534+00:00,,5.8809716796875,0.0,4.824000000000524,1426,957,538.0,499.0
2026-06-18T20:58:22.802461+00:00,,5.5515161132812505,0.0,4.824000000000524,1426,957,538.0,499.0
2026-06-18T20:58:23.201444+00:00,,5.289371337890625,0.0,4.824000000000524,1426,957,538.0,499.0
2026-06-18T20:58:23.603371+00:00,,5.020593566894531,0.0,4.824000000000524,1426,957,538.0,499.0
2026-06-18T20:58:24.004360+00:00,,4.766687622070313,0.0,4.824000000000524,1426,957,538.0,499.0
2026-06-18T20:58:24.405277+00:00,,4.535285949707031,0.0,4.824000000000524,1426,957,538.0,499.0
2026-06-18T20:58:24.805186+00:00,,4.351460266113281,0.0,4.824000000000524,1426,957,538.0,499.0
2026-06-18T20:58:25.203124+00:00,,4.1570672607421875,0.0,4.824000000000524,1426,957,538.0,499.0
2026-06-18T20:58:25.603138+00:00,,3.97447021484375,0.0,4.824000000000524,1426,957,538.0,499.0
2026-06-18T20:58:25.704778+00:00,,3.8344430541992187,0.0,4.824000000000524,1426,957,538.0,499.0
2026-06-18T20:58:25.805575+00:00,,3.7936108398437502,0.0,4.824000000000524,1426,957,538.0,499.0
2026-06-18T20:58:25.906235+00:00,,3.758716735839844,0.0,4.824000000000524,1426,957,538.0,499.0
2026-06-18T20:58:26.005578+00:00,,3.7197692871093753,0.0,4.824000000000524,1426,957,538.0,499.0
2026-06-18T20:58:26.105728+00:00,,3.6817916870117187,0.0,4.824000000000524,1426,957,538.0,499.0
2026-06-18T20:58:26.205570+00:00,,3.649338684082031,0.0,4.824000000000524,1426,957,538.0,499.0
2026-06-18T20:58:26.604651+00:00,,3.613117370605469,0.0,4.824000000000524,1426,957,538.0,499.0
2026-06-18T20:58:26.706589+00:00,,3.4892327880859377,0.0,4.824000000000524,1426,957,538.0,499.0
2026-06-18T20:58:26.806896+00:00,,3.47302001953125,0.0,4.824000000000524,1426,957,538.0,499.0
2026-06-18T20:58:26.906716+00:00,,3.4412045288085937,0.0,4.824000000000524,1426,957,538.0,499.0
2026-06-18T20:58:27.007387+00:00,,3.414019775390625,0.0,4.824000000000524,1426,957,538.0,499.0
2026-06-18T20:58:27.107121+00:00,,3.383681640625,0.0,4.824000000000524,1426,957,538.0,499.0
2026-06-18T20:58:27.206854+00:00,,3.357759704589844,0.0,4.824000000000524,1426,957,538.0,499.0
2026-06-18T20:58:27.306651+00:00,,3.328831787109375,0.0,4.824000000000524,1426,957,538.0,499.0
2026-06-18T20:58:27.407364+00:00,,3.3041152954101562,0.0,4.824000000000524,1426,957,538.0,499.0
2026-06-18T20:58:27.507081+00:00,,3.276532897949219,0.0,4.824000000000524,1426,957,538.0,499.0
2026-06-18T20:58:27.606829+00:00,,3.2529669189453125,0.0,4.824000000000524,1426,957,538.0,499.0
2026-06-18T20:58:27.706608+00:00,,3.2266690063476564,0.0,4.824000000000524,1426,957,538.0,499.0
2026-06-18T20:58:27.806600+00:00,,3.2169784545898437,0.0,4.824000000000524,1426,957,538.0,499.0
2026-06-18T20:58:27.907057+00:00,,3.1915847778320314,0.0,4.824000000000524,1426,957,538.0,499.0
2026-06-18T20:58:28.006780+00:00,,3.1698898315429687,0.0,4.824000000000524,1426,957,538.0,499.0
2026-06-18T20:58:28.107515+00:00,,3.1456802368164065,0.0,4.824000000000524,1426,957,538.0,499.0
2026-06-18T20:58:28.207611+00:00,,3.124997253417969,0.0,4.824000000000524,1426,957,538.0,499.0
2026-06-18T20:58:28.307987+00:00,,3.101917724609375,0.0,4.824000000000524,1426,957,538.0,499.0
2026-06-18T20:58:28.407760+00:00,,3.0794195556640624,2.533333333333909,0.0,1618,686,99.0,84.0
2026-06-18T20:58:28.507608+00:00,,3.0849420166015626,5.066666666667818,0.0,1810,686,398.0,142.0
2026-06-18T20:58:28.607619+00:00,,3.041453552246094,7.599999999998848,0.0,2003,686,295.0,499.0
2026-06-18T20:58:28.707922+00:00,,3.2210092163085937,10.133333333332757,0.0,2195,686,368.0,499.0
2026-06-18T20:58:28.807674+00:00,,3.6880532836914064,12.666666666666666,0.0,2387,686,350.0,499.0
2026-06-18T20:58:28.907634+00:00,,4.344950256347657,15.200000000000577,0.0,2579,686,326.0,499.0
2026-06-18T20:58:29.007622+00:00,,5.241334838867187,17.733333333334485,0.0,2771,686,339.0,499.0
2026-06-18T20:58:29.107886+00:00,,5.899014892578125,20.266666666665515,0.0,2963,686,308.0,499.0
2026-06-18T20:58:29.208679+00:00,,7.423151245117188,22.799999999999425,0.0,3156,686,326.0,499.0
2026-06-18T20:58:29.308380+00:00,,9.005868530273437,25.333333333333332,0.0,3348,686,297.0,499.0
2026-06-18T20:58:29.408652+00:00,,10.823798828125,0.0,2.5586666666666438,1426,830,5.0,62.0
2026-06-18T20:58:29.508842+00:00,,13.243709716796875,0.0,5.092000000000553,1426,972,270.0,284.0
2026-06-18T20:58:29.609614+00:00,,15.129731445312501,0.0,5.092000000000553,1426,972,102.0,105.0
2026-06-18T20:58:29.709684+00:00,,15.65623291015625,0.0,5.092000000000553,1426,972,138.0,499.0
2026-06-18T20:58:29.809107+00:00,,15.361729736328126,0.0,5.092000000000553,1426,972,538.0,499.0
2026-06-18T20:58:29.908870+00:00,,15.100263671875,0.0,5.092000000000553,1426,972,538.0,499.0
2026-06-18T20:58:30.009674+00:00,,14.8070166015625,0.0,5.092000000000553,1426,972,538.0,499.0
2026-06-18T20:58:30.109647+00:00,,14.555240478515625,0.0,5.092000000000553,1426,972,538.0,499.0
2026-06-18T20:58:30.209665+00:00,,14.272923583984376,0.0,5.092000000000553,1426,972,538.0,499.0
2026-06-18T20:58:30.309832+00:00,,14.030587158203126,0.0,5.092000000000553,1426,972,538.0,499.0
2026-06-18T20:58:30.409697+00:00,,13.894052734375,0.0,5.092000000000553,1426,972,538.0,499.0
2026-06-18T20:58:30.509671+00:00,,13.658479003906251,0.0,5.092000000000553,1426,972,538.0,499.0
2026-06-18T20:58:30.610663+00:00,,13.39443359375,0.0,5.092000000000553,1426,972,538.0,499.0
2026-06-18T20:58:30.710696+00:00,,13.135833740234375,0.0,5.092000000000553,1426,972,538.0,499.0
2026-06-18T20:58:30.811849+00:00,,12.913962402343751,0.0,5.092000000000553,1426,972,538.0,499.0
2026-06-18T20:58:30.910667+00:00,,12.665352783203126,0.0,5.092000000000553,1426,972,538.0,499.0
2026-06-18T20:58:31.010696+00:00,,12.4520947265625,0.0,5.092000000000553,1426,972,538.0,499.0
2026-06-18T20:58:31.110699+00:00,,12.213183593750001,0.0,5.092000000000553,1426,972,538.0,499.0
2026-06-18T20:58:31.210748+00:00,,12.00828369140625,0.0,5.092000000000553,1426,972,538.0,499.0
2026-06-18T20:58:31.310794+00:00,,11.778779296875,0.0,5.092000000000553,1426,972,538.0,499.0
2026-06-18T20:58:31.708256+00:00,,11.58198486328125,0.0,5.092000000000553,1426,972,538.0,499.0
2026-06-18T20:58:32.109200+00:00,,10.857044677734375,0.0,5.092000000000553,1426,972,538.0,499.0
2026-06-18T20:58:32.511134+00:00,,10.112235107421876,0.0,5.092000000000553,1426,972,538.0,499.0
2026-06-18T20:58:32.910110+00:00,,9.427243041992188,0.0,5.092000000000553,1426,972,538.0,499.0
2026-06-18T20:58:33.312054+00:00,,8.797996826171875,0.0,5.092000000000553,1426,972,538.0,499.0
2026-06-18T20:58:33.713024+00:00,,8.294708862304688,0.0,5.092000000000553,1426,972,538.0,499.0
2026-06-18T20:58:33.816803+00:00,,7.7421112060546875,0.0,5.092000000000553,1426,972,538.0,499.0
2026-06-18T20:58:34.215684+00:00,,7.624097900390625,0.0,5.092000000000553,1426,972,538.0,499.0
2026-06-18T20:58:34.615631+00:00,,7.144945068359375,0.0,5.092000000000553,1426,972,538.0,499.0
2026-06-18T20:58:34.716723+00:00,,6.748596801757813,0.0,5.092000000000553,1426,972,538.0,499.0
2026-06-18T20:58:35.115414+00:00,,6.6509338378906255,0.0,5.092000000000553,1426,972,538.0,499.0
2026-06-18T20:58:35.217348+00:00,,6.254799194335938,0.0,5.092000000000553,1426,972,538.0,499.0
2026-06-18T20:58:35.318324+00:00,,6.155054931640625,0.0,5.092000000000553,1426,972,538.0,499.0
2026-06-18T20:58:35.416769+00:00,,6.069730834960938,0.0,5.092000000000553,1426,972,538.0,499.0
2026-06-18T20:58:35.516749+00:00,,5.974401245117187,0.0,5.092000000000553,1426,972,538.0,499.0
2026-06-18T20:58:35.616787+00:00,,5.8928594970703125,0.0,5.092000000000553,1426,972,538.0,499.0
2026-06-18T20:58:35.717742+00:00,,5.847034912109375,0.0,5.092000000000553,1426,972,538.0,499.0
2026-06-18T20:58:35.817800+00:00,,5.757036743164063,0.0,5.092000000000553,1426,972,538.0,499.0
2026-06-18T20:58:35.916766+00:00,,5.680062866210938,0.0,5.092000000000553,1426,972,538.0,499.0
2026-06-18T20:58:36.017789+00:00,,5.594076538085938,0.0,5.092000000000553,1426,972,538.0,499.0
2026-06-18T20:58:36.117763+00:00,,5.5101611328125,0.0,5.092000000000553,1426,972,538.0,499.0
2026-06-18T20:58:36.217784+00:00,,5.438396606445313,0.0,5.092000000000553,1426,972,538.0,499.0
2026-06-18T20:58:36.317807+00:00,,5.368151245117188,0.0,5.092000000000553,1426,972,538.0,499.0
2026-06-18T20:58:36.418793+00:00,,5.289691772460937,0.0,5.092000000000553,1426,972,538.0,499.0
2026-06-18T20:58:36.518771+00:00,,5.222599487304688,0.0,5.092000000000553,1426,972,538.0,499.0
2026-06-18T20:58:36.618782+00:00,,5.147666625976562,0.0,5.092000000000553,1426,972,538.0,499.0
2026-06-18T20:58:36.718843+00:00,,5.0835943603515625,0.0,5.092000000000553,1426,972,538.0,499.0
2026-06-18T20:58:36.819800+00:00,,5.012038269042969,0.0,5.092000000000553,1426,972,538.0,499.0
2026-06-18T20:58:36.918800+00:00,,4.95085693359375,0.0,5.092000000000553,1426,972,538.0,499.0
2026-06-18T20:58:37.019808+00:00,,4.9164843750000005,0.0,5.092000000000553,1426,972,538.0,499.0
2026-06-18T20:58:37.119813+00:00,,4.85734375,0.0,5.092000000000553,1426,972,538.0,499.0
2026-06-18T20:58:37.220968+00:00,,4.791302185058594,0.0,5.092000000000553,1426,972,538.0,499.0
2026-06-18T20:58:37.319767+00:00,,4.734840698242188,0.0,5.092000000000553,1426,972,538.0,499.0
2026-06-18T20:58:37.420812+00:00,,4.671794128417969,0.0,5.092000000000553,1426,972,538.0,499.0
2026-06-18T20:58:37.519799+00:00,,4.6178961181640625,0.0,5.092000000000553,1426,972,538.0,499.0
2026-06-18T20:58:37.618883+00:00,,4.55771484375,0.0,5.092000000000553,1426,972,538.0,499.0
2026-06-18T20:58:38.019905+00:00,,4.4990103149414065,0.0,5.092000000000553,1426,972,538.0,499.0
2026-06-18T20:58:38.119835+00:00,,4.291437072753906,0.0,5.092000000000553,1426,972,538.0,499.0
2026-06-18T20:58:38.219968+00:00,,4.239285888671875,0.0,5.092000000000553,1426,972,538.0,499.0
2026-06-18T20:58:38.319833+00:00,,4.220062866210937,0.0,5.092000000000553,1426,972,538.0,499.0
2026-06-18T20:58:38.420818+00:00,,4.169673461914063,0.0,5.092000000000553,1426,972,538.0,499.0
2026-06-18T20:58:38.520811+00:00,,4.1205291748046875,0.0,5.092000000000553,1426,972,538.0,499.0
2026-06-18T20:58:38.620840+00:00,,4.078526000976563,0.0,5.092000000000553,1426,972,538.0,499.0
2026-06-18T20:58:38.720972+00:00,,4.031636962890625,0.0,5.092000000000553,1426,972,538.0,499.0
2026-06-18T20:58:38.821807+00:00,,3.991562805175781,0.0,5.092000000000553,1426,972,538.0,499.0
2026-06-18T20:58:38.922802+00:00,,3.952359313964844,0.0,5.092000000000553,1426,972,538.0,499.0
2026-06-18T20:58:39.022835+00:00,,3.9085980224609376,0.0,5.092000000000553,1426,972,538.0,499.0
2026-06-18T20:58:39.122809+00:00,,3.87119873046875,0.0,5.092000000000553,1426,972,538.0,499.0
2026-06-18T20:58:39.221951+00:00,,3.829452819824219,0.0,5.092000000000553,1426,972,538.0,499.0
2026-06-18T20:58:39.322803+00:00,,3.7937774658203125,0.0,5.092000000000553,1426,972,538.0,499.0
2026-06-18T20:58:39.422896+00:00,,3.7539572143554687,2.6666666666672727,0.0,1628,686,87.0,61.0
2026-06-18T20:58:39.522827+00:00,,3.7392813110351564,5.333333333331515,0.0,1831,686,233.0,160.0
2026-06-18T20:58:39.622830+00:00,,3.693633728027344,7.999999999998787,0.0,2033,686,229.0,499.0
2026-06-18T20:58:39.722217+00:00,,3.7773818969726562,10.66666666666606,0.0,2235,686,214.0,499.0
2026-06-18T20:58:39.822860+00:00,,4.129910583496094,13.333333333333332,0.0,2437,686,277.0,499.0
2026-06-18T20:58:39.922824+00:00,,4.801404113769531,16.000000000000608,0.0,2640,686,330.0,499.0
2026-06-18T20:58:40.022847+00:00,,5.662161254882813,18.66666666666485,0.0,2842,686,311.0,499.0
2026-06-18T20:58:40.122855+00:00,,6.970890502929688,21.33333333333212,0.0,3044,686,420.0,499.0
2026-06-18T20:58:40.222013+00:00,,8.430433349609375,23.999999999999396,0.0,3247,686,249.0,499.0
2026-06-18T20:58:40.322852+00:00,,10.403287353515625,0.0,2.6666666666672727,1426,836,113.0,88.0
2026-06-18T20:58:40.421867+00:00,,12.7003369140625,0.0,5.333333333334545,1426,986,287.0,185.0
2026-06-18T20:58:40.522872+00:00,,14.109066162109375,0.0,5.333333333334545,1426,986,69.0,76.0
2026-06-18T20:58:40.622872+00:00,,14.401083984375001,0.0,5.333333333334545,1426,986,151.0,499.0
2026-06-18T20:58:40.722612+00:00,,14.1649462890625,0.0,5.333333333334545,1426,986,538.0,499.0
2026-06-18T20:58:40.822856+00:00,,13.88635498046875,0.0,5.333333333334545,1426,986,538.0,499.0
2026-06-18T20:58:40.923879+00:00,,13.64743408203125,0.0,5.333333333334545,1426,986,538.0,499.0
2026-06-18T20:58:41.323149+00:00,,13.379840087890626,0.0,5.333333333334545,1426,986,538.0,499.0
2026-06-18T20:58:41.724116+00:00,,12.42666259765625,0.0,5.333333333334545,1426,986,538.0,499.0
2026-06-18T20:58:42.125062+00:00,,11.6337060546875,0.0,5.333333333334545,1426,986,538.0,499.0
2026-06-18T20:58:42.524061+00:00,,10.820333251953125,0.0,5.333333333334545,1426,986,538.0,499.0
2026-06-18T20:58:42.926936+00:00,,10.07364013671875,0.0,5.333333333334545,1426,986,538.0,499.0
2026-06-18T20:58:43.325876+00:00,,9.476886596679687,0.0,5.333333333334545,1426,986,538.0,499.0
2026-06-18T20:58:43.729830+00:00,,8.822298583984375,0.0,5.333333333334545,1426,986,538.0,499.0
2026-06-18T20:58:44.129818+00:00,,8.243595581054688,0.0,5.333333333334545,1426,986,538.0,499.0
2026-06-18T20:58:44.533817+00:00,,7.782447509765626,0.0,5.333333333334545,1426,986,538.0,499.0
2026-06-18T20:58:44.634051+00:00,,7.293521118164063,0.0,5.333333333334545,1426,986,538.0,499.0
2026-06-18T20:58:44.733983+00:00,,7.185721435546875,0.0,5.333333333334545,1426,986,538.0,499.0
2026-06-18T20:58:44.833987+00:00,,7.0653143310546875,0.0,5.333333333334545,1426,986,538.0,499.0
2026-06-18T20:58:44.933958+00:00,,6.962352905273438,0.0,5.333333333334545,1426,986,538.0,499.0
2026-06-18T20:58:45.034050+00:00,,6.847360229492188,0.0,5.333333333334545,1426,986,538.0,499.0
2026-06-18T20:58:45.134105+00:00,,6.7490380859375,0.0,5.333333333334545,1426,986,538.0,499.0
2026-06-18T20:58:45.233918+00:00,,6.6392364501953125,0.0,5.333333333334545,1426,986,538.0,499.0
2026-06-18T20:58:45.333584+00:00,,6.545360717773438,0.0,5.333333333334545,1426,986,538.0,499.0
2026-06-18T20:58:45.433990+00:00,,6.44053466796875,0.0,5.333333333334545,1426,986,538.0,499.0
2026-06-18T20:58:45.534994+00:00,,6.4018896484375,0.0,5.333333333334545,1426,986,538.0,499.0
2026-06-18T20:58:45.634986+00:00,,6.3005786132812505,0.0,5.333333333334545,1426,986,538.0,499.0
2026-06-18T20:58:45.734963+00:00,,6.213974609375001,0.0,5.333333333334545,1426,986,538.0,499.0
2026-06-18T20:58:45.834918+00:00,,6.1172814941406255,0.0,5.333333333334545,1426,986,538.0,499.0
2026-06-18T20:58:45.934987+00:00,,6.0346307373046875,0.0,5.333333333334545,1426,986,538.0,499.0
2026-06-18T20:58:46.034954+00:00,,5.942359619140625,0.0,5.333333333334545,1426,986,538.0,499.0
2026-06-18T20:58:46.135006+00:00,,5.863494262695313,0.0,5.333333333334545,1426,986,538.0,499.0
2026-06-18T20:58:46.235970+00:00,,5.775455322265625,0.0,5.333333333334545,1426,986,538.0,499.0
2026-06-18T20:58:46.335002+00:00,,5.700213012695313,0.0,5.333333333334545,1426,986,538.0,499.0
2026-06-18T20:58:46.435952+00:00,,5.616223754882813,0.0,5.333333333334545,1426,986,538.0,499.0
2026-06-18T20:58:46.535990+00:00,,5.544447631835937,0.0,5.333333333334545,1426,986,538.0,499.0
2026-06-18T20:58:46.636030+00:00,,5.46433349609375,0.0,5.333333333334545,1426,986,538.0,499.0
2026-06-18T20:58:46.735968+00:00,,5.395872802734375,0.0,5.333333333334545,1426,986,538.0,499.0
2026-06-18T20:58:46.835938+00:00,,5.357426147460938,0.0,5.333333333334545,1426,986,538.0,499.0
2026-06-18T20:58:46.935940+00:00,,5.2819775390625,0.0,5.333333333334545,1426,986,538.0,499.0
2026-06-18T20:58:47.035966+00:00,,5.217509155273437,0.0,5.333333333334545,1426,986,538.0,499.0
2026-06-18T20:58:47.135990+00:00,,5.145560913085937,0.0,5.333333333334545,1426,986,538.0,499.0
2026-06-18T20:58:47.235948+00:00,,5.084087219238281,0.0,5.333333333334545,1426,986,538.0,499.0
2026-06-18T20:58:47.333980+00:00,,5.015485229492188,0.0,5.333333333334545,1426,986,538.0,499.0
2026-06-18T20:58:47.434969+00:00,,4.956873779296875,0.0,5.333333333334545,1426,986,538.0,499.0
2026-06-18T20:58:47.536006+00:00,,4.891469116210938,0.0,5.333333333334545,1426,986,538.0,499.0
2026-06-18T20:58:47.636065+00:00,,4.835592651367188,0.0,5.333333333334545,1426,986,538.0,499.0
2026-06-18T20:58:47.734966+00:00,,4.780950317382812,0.0,5.333333333334545,1426,986,538.0,499.0
2026-06-18T20:58:47.835974+00:00,,4.7199795532226565,0.0,5.333333333334545,1426,986,538.0,499.0
2026-06-18T20:58:47.935987+00:00,,4.667894287109375,0.0,5.333333333334545,1426,986,538.0,499.0
2026-06-18T20:58:48.035974+00:00,,4.609779968261718,0.0,5.333333333334545,1426,986,538.0,499.0
2026-06-18T20:58:48.136043+00:00,,4.553135986328125,0.0,5.333333333334545,1426,986,538.0,499.0
2026-06-18T20:58:48.236982+00:00,,4.532266235351563,0.0,5.333333333334545,1426,986,538.0,499.0
2026-06-18T20:58:48.337013+00:00,,4.477586059570313,0.0,5.333333333334545,1426,986,538.0,499.0
2026-06-18T20:58:48.435982+00:00,,4.424292297363281,0.0,5.333333333334545,1426,986,538.0,499.0
2026-06-18T20:58:48.537037+00:00,,4.378771362304688,0.0,5.333333333334545,1426,986,538.0,499.0
2026-06-18T20:58:48.637000+00:00,,4.334263610839844,0.0,5.333333333334545,1426,986,538.0,499.0
2026-06-18T20:58:48.737988+00:00,,4.284611206054688,0.0,5.333333333334545,1426,986,538.0,499.0
2026-06-18T20:58:48.837005+00:00,,4.242202453613281,0.0,5.333333333334545,1426,986,538.0,499.0
2026-06-18T20:58:48.938002+00:00,,4.194893188476563,0.0,5.333333333334545,1426,986,538.0,499.0
2026-06-18T20:58:49.037165+00:00,,4.154487609863281,0.0,5.333333333334545,1426,986,538.0,499.0
2026-06-18T20:58:49.137991+00:00,,4.1149853515625,0.0,5.333333333334545,1426,986,538.0,499.0
2026-06-18T20:58:49.237986+00:00,,4.07092041015625,0.0,5.333333333334545,1426,986,538.0,499.0
2026-06-18T20:58:49.338231+00:00,,4.027981262207032,0.0,5.333333333334545,1426,986,538.0,499.0
2026-06-18T20:58:49.439027+00:00,,3.991310424804688,0.0,5.333333333334545,1426,986,538.0,499.0
2026-06-18T20:58:49.538042+00:00,,3.9707260131835938,0.0,5.333333333334545,1426,986,538.0,499.0
2026-06-18T20:58:49.639014+00:00,,3.9353387451171877,0.0,5.333333333334545,1426,986,538.0,499.0
2026-06-18T20:58:49.738058+00:00,,3.895867614746094,0.0,5.333333333334545,1426,986,538.0,499.0
2026-06-18T20:58:49.837996+00:00,,3.86216064453125,0.0,5.333333333334545,1426,986,538.0,499.0
2026-06-18T20:58:49.939036+00:00,,3.8292108154296876,0.0,5.333333333334545,1426,986,538.0,499.0
2026-06-18T20:58:50.040213+00:00,,3.792459716796875,0.0,5.333333333334545,1426,986,538.0,499.0
2026-06-18T20:58:50.436475+00:00,,3.7566519165039063,0.0,5.333333333334545,1426,986,538.0,499.0
2026-06-18T20:58:50.838372+00:00,,3.630375671386719,0.0,5.333333333334545,1426,986,538.0,499.0
2026-06-18T20:58:51.240324+00:00,,3.530489501953125,11.256000000001222,0.0,2280,686,260.0,499.0
2026-06-18T20:58:51.643266+00:00,,5.095796203613282,22.51199999999926,0.0,3134,686,165.0,499.0
2026-06-18T20:58:52.043249+00:00,,11.075650634765625,33.711999999998625,0.0,3983,686,157.0,499.0
2026-06-18T20:58:52.443247+00:00,,22.13249267578125,42.0,0.0,4612,686,181.0,499.0
2026-06-18T20:58:52.843126+00:00,,35.2094140625,0.0,11.199999999999363,1426,1315,72.0,499.0
2026-06-18T20:58:52.944079+00:00,,43.4509521484375,0.0,22.399999999998727,1426,1944,199.0,129.0
2026-06-18T20:58:53.344883+00:00,,42.35990234375,0.0,22.399999999998727,1426,1944,527.0,499.0
2026-06-18T20:58:53.742729+00:00,,34.1376708984375,0.0,22.399999999998727,1426,1944,538.0,499.0
2026-06-18T20:58:53.845078+00:00,,27.317941894531252,0.0,22.399999999998727,1426,1944,538.0,499.0
2026-06-18T20:58:53.944082+00:00,,25.49254638671875,0.0,22.399999999998727,1426,1944,538.0,499.0
2026-06-18T20:58:54.044140+00:00,,23.75197265625,0.0,22.399999999998727,1426,1944,538.0,499.0
2026-06-18T20:58:54.144059+00:00,,22.296491699218752,0.0,22.399999999998727,1426,1944,538.0,499.0
2026-06-18T20:58:54.245055+00:00,,20.707834472656252,0.0,22.399999999998727,1426,1944,538.0,499.0
2026-06-18T20:58:54.346156+00:00,,19.196297607421876,0.0,22.399999999998727,1426,1944,538.0,499.0
2026-06-18T20:58:54.446076+00:00,,17.934798583984374,0.0,22.399999999998727,1426,1944,538.0,499.0
2026-06-18T20:58:54.547147+00:00,,16.560428466796875,0.0,22.399999999998727,1426,1944,538.0,499.0
2026-06-18T20:58:54.647069+00:00,,15.414700927734375,0.0,22.399999999998727,1426,1944,538.0,499.0
2026-06-18T20:58:54.746145+00:00,,14.167796630859375,0.0,22.399999999998727,1426,1944,538.0,499.0
2026-06-18T20:58:55.147167+00:00,,12.984951171875,0.0,22.399999999998727,1426,1944,538.0,499.0
2026-06-18T20:58:55.246119+00:00,,9.550955810546876,0.0,22.399999999998727,1426,1944,538.0,499.0
2026-06-18T20:58:55.347115+00:00,,8.725667114257813,0.0,22.399999999998727,1426,1944,538.0,499.0
2026-06-18T20:58:55.445285+00:00,,7.830053100585937,0.0,22.399999999998727,1426,1944,538.0,499.0
2026-06-18T20:58:55.547130+00:00,,7.086224365234375,0.0,22.399999999998727,1426,1944,538.0,499.0
2026-06-18T20:58:55.647118+00:00,,6.2795751953125,0.0,22.399999999998727,1426,1944,538.0,499.0
2026-06-18T20:58:55.747104+00:00,,5.610078735351562,0.0,22.399999999998727,1426,1944,538.0,499.0
2026-06-18T20:58:55.846056+00:00,,4.9729547119140625,0.0,22.399999999998727,1426,1944,538.0,499.0
2026-06-18T20:58:55.945874+00:00,,4.28264404296875,0.0,22.399999999998727,1426,1944,538.0,499.0
2026-06-18T20:58:56.047065+00:00,,3.7101959228515624,0.0,22.399999999998727,1426,1944,538.0,499.0
2026-06-18T20:58:56.445408+00:00,,3.0902938842773438,0.0,22.399999999998727,1426,1944,538.0,499.0
2026-06-18T20:58:56.548127+00:00,,1.3067713928222657,0.0,22.399999999998727,1426,1944,538.0,499.0
2026-06-18T20:58:56.648098+00:00,,0.881683349609375,0.0,22.399999999998727,1426,1944,538.0,499.0
2026-06-18T20:58:57.048165+00:00,,0.42191150665283206,0.0,22.399999999998727,1426,1944,538.0,499.0
2026-06-18T20:58:57.451341+00:00,,0.0,11.82133333333392,0.0,2323,686,538.0,44.0
2026-06-18T20:58:57.554683+00:00,,2.21295166015625,23.67200000000048,0.0,3222,686,313.0,499.0
2026-06-18T20:58:57.655363+00:00,,3.1600680541992188,26.60533333333448,0.0,3444,686,405.0,499.0
2026-06-18T20:58:57.755179+00:00,,3.706212158203125,29.53866666666848,0.0,3667,686,330.0,499.0
2026-06-18T20:58:57.854826+00:00,,6.226117553710938,32.47200000000248,0.0,3889,686,247.0,499.0
2026-06-18T20:58:57.955590+00:00,,9.312838134765625,35.434666666669116,0.0,4114,686,324.0,499.0
2026-06-18T20:58:58.056315+00:00,,12.36099609375,0.0,2.933333333334,1426,851,2.0,62.0
2026-06-18T20:58:58.155125+00:00,,16.12127197265625,0.0,5.866666666664666,1426,1016,313.0,289.0
2026-06-18T20:58:58.255802+00:00,,18.994468994140625,0.0,5.866666666664666,1426,1016,226.0,84.0
2026-06-18T20:58:58.356577+00:00,,20.608923339843752,0.0,5.866666666664666,1426,1016,105.0,499.0
2026-06-18T20:58:58.457279+00:00,,20.6836767578125,0.0,5.866666666664666,1426,1016,234.0,499.0
2026-06-18T20:58:58.557159+00:00,,20.25700927734375,0.0,5.866666666664666,1426,1016,538.0,499.0
2026-06-18T20:58:58.657115+00:00,,19.890614013671875,0.0,5.866666666664666,1426,1016,538.0,499.0
2026-06-18T20:58:58.756503+00:00,,19.479727783203124,0.0,5.866666666664666,1426,1016,538.0,499.0
2026-06-18T20:58:58.857219+00:00,,19.127001953125,0.0,5.866666666664666,1426,1016,538.0,499.0
2026-06-18T20:58:58.956986+00:00,,18.928266601562502,0.0,5.866666666664666,1426,1016,538.0,499.0
2026-06-18T20:58:59.056710+00:00,,18.536901855468752,0.0,5.866666666664666,1426,1016,538.0,499.0
2026-06-18T20:58:59.157453+00:00,,18.20106689453125,0.0,5.866666666664666,1426,1016,538.0,499.0
2026-06-18T20:58:59.257217+00:00,,17.8713330078125,0.0,5.866666666664666,1426,1016,538.0,499.0
2026-06-18T20:58:59.357413+00:00,,17.501876220703124,0.0,5.866666666664666,1426,1016,538.0,499.0
2026-06-18T20:58:59.457645+00:00,,17.184980468750002,0.0,5.866666666664666,1426,1016,538.0,499.0
2026-06-18T20:58:59.558396+00:00,,16.83001220703125,0.0,5.866666666664666,1426,1016,538.0,499.0
2026-06-18T20:58:59.658200+00:00,,16.482618408203127,0.0,5.866666666664666,1426,1016,538.0,499.0
2026-06-18T20:58:59.758905+00:00,,16.184776611328125,0.0,5.866666666664666,1426,1016,538.0,499.0
2026-06-18T20:58:59.859676+00:00,,15.851292724609376,0.0,5.866666666664666,1426,1016,538.0,499.0
2026-06-18T20:58:59.959369+00:00,,15.525068359375,0.0,5.866666666664666,1426,1016,538.0,499.0
2026-06-18T20:59:00.360444+00:00,,15.205994873046876,0.0,5.866666666664666,1426,1016,538.0,499.0
2026-06-18T20:59:00.760400+00:00,,14.217030029296875,0.0,5.866666666664666,1426,1016,538.0,499.0
2026-06-18T20:59:01.161285+00:00,,13.163245849609375,0.0,5.866666666664666,1426,1016,538.0,499.0
2026-06-18T20:59:01.563294+00:00,,12.197352294921876,0.0,5.866666666664666,1426,1016,538.0,499.0
2026-06-18T20:59:01.964189+00:00,,11.3416748046875,0.0,5.866666666664666,1426,1016,538.0,499.0
2026-06-18T20:59:02.366163+00:00,,10.60933349609375,0.0,5.866666666664666,1426,1016,538.0,499.0
2026-06-18T20:59:02.766135+00:00,,9.839599609375,0.0,5.866666666664666,1426,1016,538.0,499.0
2026-06-18T20:59:03.165059+00:00,,9.248491821289063,0.0,5.866666666664666,1426,1016,538.0,499.0
2026-06-18T20:59:03.568028+00:00,,8.623558349609375,0.0,5.866666666664666,1426,1016,538.0,499.0
2026-06-18T20:59:03.968052+00:00,,8.055152587890625,0.0,5.866666666664666,1426,1016,538.0,499.0
2026-06-18T20:59:04.070208+00:00,,7.538661499023438,0.0,5.866666666664666,1426,1016,538.0,499.0
2026-06-18T20:59:04.170229+00:00,,7.473482055664062,0.0,5.866666666664666,1426,1016,538.0,499.0
2026-06-18T20:59:04.271228+00:00,,7.361423950195313,0.0,5.866666666664666,1426,1016,538.0,499.0
2026-06-18T20:59:04.372292+00:00,,7.236423950195313,0.0,5.866666666664666,1426,1016,538.0,499.0
2026-06-18T20:59:04.473220+00:00,,7.129674682617187,0.0,5.866666666664666,1426,1016,538.0,499.0
2026-06-18T20:59:04.572265+00:00,,7.010609130859375,0.0,5.866666666664666,1426,1016,538.0,499.0
2026-06-18T20:59:04.672226+00:00,,6.908937377929687,0.0,5.866666666664666,1426,1016,538.0,499.0
2026-06-18T20:59:04.772310+00:00,,6.795545043945313,0.0,5.866666666664666,1426,1016,538.0,499.0
2026-06-18T20:59:04.872256+00:00,,6.698727416992187,0.0,5.866666666664666,1426,1016,538.0,499.0
2026-06-18T20:59:04.973274+00:00,,6.590758056640625,0.0,5.866666666664666,1426,1016,538.0,499.0
2026-06-18T20:59:05.072224+00:00,,6.498578491210938,0.0,5.866666666664666,1426,1016,538.0,499.0
2026-06-18T20:59:05.172247+00:00,,6.408491821289062,0.0,5.866666666664666,1426,1016,538.0,499.0
2026-06-18T20:59:05.272261+00:00,,6.3080419921875,0.0,5.866666666664666,1426,1016,538.0,499.0
2026-06-18T20:59:05.372311+00:00,,6.2222924804687505,0.0,5.866666666664666,1426,1016,538.0,499.0
2026-06-18T20:59:05.472251+00:00,,6.126685791015625,0.0,5.866666666664666,1426,1016,538.0,499.0
2026-06-18T20:59:05.572269+00:00,,6.0914794921875,0.0,5.866666666664666,1426,1016,538.0,499.0
2026-06-18T20:59:05.672238+00:00,,5.999284057617188,0.0,5.866666666664666,1426,1016,538.0,499.0
2026-06-18T20:59:05.772270+00:00,,5.920591430664063,0.0,5.866666666664666,1426,1016,538.0,499.0
2026-06-18T20:59:05.872248+00:00,,5.832864379882813,0.0,5.866666666664666,1426,1016,538.0,499.0
2026-06-18T20:59:05.972277+00:00,,5.75799072265625,0.0,5.866666666664666,1426,1016,538.0,499.0
2026-06-18T20:59:06.072246+00:00,,5.6745263671875,0.0,5.866666666664666,1426,1016,538.0,499.0
2026-06-18T20:59:06.172226+00:00,,5.5932550048828125,0.0,5.866666666664666,1426,1016,538.0,499.0
2026-06-18T20:59:06.271280+00:00,,5.523898315429688,0.0,5.866666666664666,1426,1016,538.0,499.0
2026-06-18T20:59:06.372274+00:00,,5.446592407226563,0.0,5.866666666664666,1426,1016,538.0,499.0
2026-06-18T20:59:06.472246+00:00,,5.380623168945313,0.0,5.866666666664666,1426,1016,538.0,499.0
2026-06-18T20:59:06.572243+00:00,,5.316181030273437,0.0,5.866666666664666,1426,1016,538.0,499.0
2026-06-18T20:59:06.671233+00:00,,5.244358520507813,0.0,5.866666666664666,1426,1016,538.0,499.0
2026-06-18T20:59:06.771245+00:00,,5.20916259765625,0.0,5.866666666664666,1426,1016,538.0,499.0
2026-06-18T20:59:06.872411+00:00,,5.148695678710937,0.0,5.866666666664666,1426,1016,538.0,499.0
2026-06-18T20:59:06.973246+00:00,,5.08130859375,0.0,5.866666666664666,1426,1016,538.0,499.0
2026-06-18T20:59:07.074236+00:00,,5.0238134765625,0.0,5.866666666664666,1426,1016,538.0,499.0
2026-06-18T20:59:07.174234+00:00,,4.959741516113281,0.0,5.866666666664666,1426,1016,538.0,499.0
2026-06-18T20:59:07.274226+00:00,,4.9050772094726565,0.0,5.866666666664666,1426,1016,538.0,499.0
2026-06-18T20:59:07.374448+00:00,,4.844163818359375,0.0,5.866666666664666,1426,1016,538.0,499.0
2026-06-18T20:59:07.473233+00:00,,4.792196655273438,0.0,5.866666666664666,1426,1016,538.0,499.0
2026-06-18T20:59:07.573526+00:00,,4.734291381835938,0.0,5.866666666664666,1426,1016,538.0,499.0
2026-06-18T20:59:07.673329+00:00,,4.6848928833007815,0.0,5.866666666664666,1426,1016,538.0,499.0
2026-06-18T20:59:07.773251+00:00,,4.629852294921875,0.0,5.866666666664666,1426,1016,538.0,499.0
2026-06-18T20:59:07.874418+00:00,,4.582899780273437,0.0,5.866666666664666,1426,1016,538.0,499.0
2026-06-18T20:59:07.973285+00:00,,4.530586853027343,0.0,5.866666666664666,1426,1016,538.0,499.0
2026-06-18T20:59:08.074248+00:00,,4.511332397460937,3.0666666666673636,0.0,1659,686,86.0,193.0
2026-06-18T20:59:08.173257+00:00,,4.415869140625,6.133333333334727,0.0,1891,686,320.0,14.0
2026-06-18T20:59:08.273675+00:00,,4.311846618652344,9.200000000002092,0.0,2124,686,164.0,453.0
2026-06-18T20:59:08.374437+00:00,,4.4598690795898435,12.26666666666597,0.0,2357,686,274.0,499.0
2026-06-18T20:59:08.474253+00:00,,4.987546691894531,15.363999999999276,0.0,2592,686,141.0,499.0
2026-06-18T20:59:08.875461+00:00,,5.71244873046875,18.43066666666664,0.0,2824,686,538.0,499.0
2026-06-18T20:59:08.977297+00:00,,11.669085693359376,30.78933333333392,0.0,3762,686,315.0,499.0
2026-06-18T20:59:09.077272+00:00,,13.30605712890625,33.85600000000128,0.0,3994,686,430.0,499.0
2026-06-18T20:59:09.178320+00:00,,15.271334228515625,0.0,3.0666666666673636,1426,858,21.0,32.0
2026-06-18T20:59:09.278277+00:00,,18.387147216796876,0.0,6.133333333331242,1426,1031,226.0,70.0
2026-06-18T20:59:09.378459+00:00,,21.00579833984375,0.0,6.133333333331242,1426,1031,327.0,111.0
2026-06-18T20:59:09.477261+00:00,,21.66130615234375,0.0,6.133333333331242,1426,1031,65.0,499.0
2026-06-18T20:59:09.876565+00:00,,21.872202148437502,0.0,6.133333333331242,1426,1031,290.0,499.0
2026-06-18T20:59:10.279494+00:00,,20.153831787109375,0.0,6.133333333331242,1426,1031,538.0,499.0
2026-06-18T20:59:10.679465+00:00,,18.595251464843752,0.0,6.133333333331242,1426,1031,538.0,499.0
2026-06-18T20:59:11.077443+00:00,,17.342647705078125,0.0,6.133333333331242,1426,1031,538.0,499.0
2026-06-18T20:59:11.478347+00:00,,16.0051171875,0.0,6.133333333331242,1426,1031,538.0,499.0
2026-06-18T20:59:11.879397+00:00,,14.7769189453125,0.0,6.133333333331242,1426,1031,538.0,499.0
2026-06-18T20:59:12.279354+00:00,,13.6514697265625,0.0,6.133333333331242,1426,1031,538.0,499.0
2026-06-18T20:59:12.678244+00:00,,12.7209375,0.0,6.133333333331242,1426,1031,538.0,499.0
2026-06-18T20:59:12.781348+00:00,,11.77250732421875,0.0,6.133333333331242,1426,1031,538.0,499.0
2026-06-18T20:59:13.179924+00:00,,11.534001464843751,0.0,6.133333333331242,1426,1031,538.0,499.0
2026-06-18T20:59:13.282586+00:00,,10.717474365234375,0.0,6.133333333331242,1426,1031,538.0,499.0
2026-06-18T20:59:13.382383+00:00,,10.50497314453125,0.0,6.133333333331242,1426,1031,538.0,499.0
2026-06-18T20:59:13.483329+00:00,,10.323382568359376,0.0,6.133333333331242,1426,1031,538.0,499.0
2026-06-18T20:59:13.582359+00:00,,10.120719604492187,0.0,6.133333333331242,1426,1031,538.0,499.0
2026-06-18T20:59:13.683569+00:00,,10.04603759765625,0.0,6.133333333331242,1426,1031,538.0,499.0
2026-06-18T20:59:13.784361+00:00,,9.850338134765625,0.0,6.133333333331242,1426,1031,538.0,499.0
2026-06-18T20:59:13.883303+00:00,,9.659573364257813,0.0,6.133333333331242,1426,1031,538.0,499.0
2026-06-18T20:59:13.982768+00:00,,9.4966162109375,0.0,6.133333333331242,1426,1031,538.0,499.0
2026-06-18T20:59:14.082487+00:00,,9.314811401367187,0.0,6.133333333331242,1426,1031,538.0,499.0
2026-06-18T20:59:14.183353+00:00,,9.159531860351562,0.0,6.133333333331242,1426,1031,538.0,499.0
2026-06-18T20:59:14.283317+00:00,,8.986317749023438,0.0,6.133333333331242,1426,1031,538.0,499.0
2026-06-18T20:59:14.382776+00:00,,8.838395385742187,0.0,6.133333333331242,1426,1031,538.0,499.0
2026-06-18T20:59:14.483341+00:00,,8.67341064453125,0.0,6.133333333331242,1426,1031,538.0,499.0
2026-06-18T20:59:14.582368+00:00,,8.532535400390625,0.0,6.133333333331242,1426,1031,538.0,499.0
2026-06-18T20:59:14.683526+00:00,,8.375430908203125,0.0,6.133333333331242,1426,1031,538.0,499.0
2026-06-18T20:59:14.783729+00:00,,8.222389526367188,0.0,6.133333333331242,1426,1031,538.0,499.0
2026-06-18T20:59:14.883490+00:00,,8.16602783203125,0.0,6.133333333331242,1426,1031,538.0,499.0
2026-06-18T20:59:14.983416+00:00,,8.018419189453125,0.0,6.133333333331242,1426,1031,538.0,499.0
2026-06-18T20:59:15.084429+00:00,,7.892415771484375,0.0,6.133333333331242,1426,1031,538.0,499.0
2026-06-18T20:59:15.184378+00:00,,7.751935424804688,0.0,6.133333333331242,1426,1031,538.0,499.0
2026-06-18T20:59:15.285563+00:00,,7.6320300292968755,0.0,6.133333333331242,1426,1031,538.0,499.0
2026-06-18T20:59:15.384430+00:00,,7.498362426757812,0.0,6.133333333331242,1426,1031,538.0,499.0
2026-06-18T20:59:15.484391+00:00,,7.38428466796875,0.0,6.133333333331242,1426,1031,538.0,499.0
2026-06-18T20:59:15.584408+00:00,,7.257126464843751,0.0,6.133333333331242,1426,1031,538.0,499.0
2026-06-18T20:59:15.684370+00:00,,7.1333203125,0.0,6.133333333331242,1426,1031,538.0,499.0
2026-06-18T20:59:15.785556+00:00,,7.027675170898438,0.0,6.133333333331242,1426,1031,538.0,499.0
2026-06-18T20:59:15.884361+00:00,,6.909934692382812,0.0,6.133333333331242,1426,1031,538.0,499.0
2026-06-18T20:59:15.985424+00:00,,6.80947509765625,0.0,6.133333333331242,1426,1031,538.0,499.0
2026-06-18T20:59:16.085370+00:00,,6.75312255859375,0.0,6.133333333331242,1426,1031,538.0,499.0
2026-06-18T20:59:16.185411+00:00,,6.642670288085938,0.0,6.133333333331242,1426,1031,538.0,499.0
2026-06-18T20:59:16.285544+00:00,,6.535159301757813,0.0,6.133333333331242,1426,1031,538.0,499.0
2026-06-18T20:59:16.385433+00:00,,6.4434423828125,0.0,6.133333333331242,1426,1031,538.0,499.0
2026-06-18T20:59:16.484390+00:00,,6.3412500000000005,0.0,6.133333333331242,1426,1031,538.0,499.0
2026-06-18T20:59:16.585443+00:00,,6.2540771484375,0.0,6.133333333331242,1426,1031,538.0,499.0
2026-06-18T20:59:16.685404+00:00,,6.156956176757813,0.0,6.133333333331242,1426,1031,538.0,499.0
2026-06-18T20:59:16.785570+00:00,,6.0741162109375,0.0,6.133333333331242,1426,1031,538.0,499.0
2026-06-18T20:59:16.884362+00:00,,5.981829223632813,0.0,6.133333333331242,1426,1031,538.0,499.0
2026-06-18T20:59:16.984372+00:00,,5.903118286132813,0.0,6.133333333331242,1426,1031,538.0,499.0
2026-06-18T20:59:17.085359+00:00,,5.82626708984375,0.0,6.133333333331242,1426,1031,538.0,499.0
2026-06-18T20:59:17.185385+00:00,,5.740660400390625,0.0,6.133333333331242,1426,1031,538.0,499.0
2026-06-18T20:59:17.285531+00:00,,5.698728637695313,0.0,6.133333333331242,1426,1031,538.0,499.0
2026-06-18T20:59:17.385411+00:00,,5.626717529296875,0.0,6.133333333331242,1426,1031,538.0,499.0
2026-06-18T20:59:17.486374+00:00,,5.546509399414062,0.0,6.133333333331242,1426,1031,538.0,499.0
2026-06-18T20:59:17.586422+00:00,,5.478113403320313,0.0,6.133333333331242,1426,1031,538.0,499.0
2026-06-18T20:59:17.685375+00:00,,5.40193603515625,0.0,6.133333333331242,1426,1031,538.0,499.0
2026-06-18T20:59:17.787550+00:00,,5.3369818115234375,0.0,6.133333333331242,1426,1031,538.0,499.0
2026-06-18T20:59:17.886374+00:00,,5.2646423339843755,0.0,6.133333333331242,1426,1031,538.0,499.0
2026-06-18T20:59:17.986389+00:00,,5.202963256835938,0.0,6.133333333331242,1426,1031,538.0,499.0
2026-06-18T20:59:18.085364+00:00,,5.134276123046875,0.0,6.133333333331242,1426,1031,538.0,499.0
2026-06-18T20:59:18.185389+00:00,,5.075714111328125,0.0,6.133333333331242,1426,1031,538.0,499.0
2026-06-18T20:59:18.583895+00:00,,5.010501403808594,0.0,6.133333333331242,1426,1031,538.0,499.0
2026-06-18T20:59:18.987808+00:00,,4.810636291503906,0.0,6.133333333331242,1426,1031,538.0,499.0
2026-06-18T20:59:19.387820+00:00,,4.608025817871094,0.0,6.133333333331242,1426,1031,538.0,499.0
2026-06-18T20:59:19.789746+00:00,,4.4129550170898435,12.832000000002154,0.0,2399,686,87.0,499.0
2026-06-18T20:59:20.190674+00:00,,5.98459716796875,25.66400000000067,0.0,3373,686,195.0,499.0
2026-06-18T20:59:20.590658+00:00,,12.69438720703125,38.495999999999185,0.0,4346,686,286.0,499.0
2026-06-18T20:59:20.990606+00:00,,26.253950195312502,48.0,0.0,5067,686,285.0,499.0
2026-06-18T20:59:21.092453+00:00,,40.61033935546875,0.0,12.799999999999272,1426,1405,119.0,3.0
2026-06-18T20:59:21.491274+00:00,,45.210078125,0.0,16.0,1426,1585,222.0,499.0
2026-06-18T20:59:21.592490+00:00,,48.4983984375,0.0,16.0,1426,1585,259.0,499.0
2026-06-18T20:59:21.989958+00:00,,46.679990234375,0.0,16.0,1426,1585,538.0,499.0
2026-06-18T20:59:22.390914+00:00,,40.24408203125,0.0,16.0,1426,1585,538.0,499.0
2026-06-18T20:59:22.491490+00:00,,35.2107275390625,0.0,16.0,1426,1585,538.0,499.0
2026-06-18T20:59:22.591506+00:00,,33.940571289062504,0.0,16.0,1426,1585,538.0,499.0
2026-06-18T20:59:22.691471+00:00,,32.53232666015625,0.0,16.0,1426,1585,538.0,499.0
2026-06-18T20:59:22.791531+00:00,,31.169755859375,0.0,16.0,1426,1585,538.0,499.0
2026-06-18T20:59:22.891466+00:00,,30.01445068359375,0.0,16.0,1426,1585,538.0,499.0
2026-06-18T20:59:22.991478+00:00,,28.735673828125,0.0,16.0,1426,1585,538.0,499.0
2026-06-18T20:59:23.391576+00:00,,27.65254150390625,0.0,16.0,1426,1585,538.0,499.0
2026-06-18T20:59:23.491495+00:00,,23.3752685546875,0.0,16.0,1426,1585,538.0,499.0
2026-06-18T20:59:23.592531+00:00,,22.45900146484375,0.0,16.0,1426,1585,538.0,499.0
2026-06-18T20:59:23.691475+00:00,,21.44805908203125,0.0,16.0,1426,1585,538.0,499.0
2026-06-18T20:59:23.791539+00:00,,20.594443359375,0.0,16.0,1426,1585,538.0,499.0
2026-06-18T20:59:23.891476+00:00,,20.119365234375,0.0,16.0,1426,1585,538.0,499.0
2026-06-18T20:59:23.991510+00:00,,19.309759521484377,0.0,16.0,1426,1585,538.0,499.0
2026-06-18T20:59:24.091465+00:00,,18.4176953125,0.0,16.0,1426,1585,538.0,499.0
2026-06-18T20:59:24.191481+00:00,,17.6654296875,0.0,16.0,1426,1585,538.0,499.0
2026-06-18T20:59:24.291535+00:00,,16.8371240234375,0.0,16.0,1426,1585,538.0,499.0
2026-06-18T20:59:24.392614+00:00,,16.04137451171875,0.0,16.0,1426,1585,538.0,499.0
2026-06-18T20:59:24.492492+00:00,,15.3710107421875,0.0,16.0,1426,1585,538.0,499.0
2026-06-18T20:59:24.592585+00:00,,14.724136962890626,0.0,16.0,1426,1585,538.0,499.0
2026-06-18T20:59:24.692523+00:00,,13.925892333984375,0.0,16.0,1426,1585,538.0,499.0
2026-06-18T20:59:24.793516+00:00,,13.330230712890625,0.0,16.0,1426,1585,538.0,499.0
2026-06-18T20:59:24.893542+00:00,,12.675567626953125,0.0,16.0,1426,1585,538.0,499.0
2026-06-18T20:59:24.994536+00:00,,12.12485107421875,0.0,16.0,1426,1585,538.0,499.0
2026-06-18T20:59:25.094536+00:00,,11.81916748046875,0.0,16.0,1426,1585,538.0,499.0
2026-06-18T20:59:25.195556+00:00,,11.2269140625,0.0,16.0,1426,1585,538.0,499.0
2026-06-18T20:59:25.296519+00:00,,10.729007568359375,0.0,16.0,1426,1585,538.0,499.0
2026-06-18T20:59:25.396117+00:00,,10.18238525390625,0.0,16.0,1426,1585,538.0,499.0
2026-06-18T20:59:25.496774+00:00,,9.723045654296875,0.0,16.0,1426,1585,538.0,499.0
2026-06-18T20:59:25.597550+00:00,,9.2189794921875,0.0,16.0,1426,1585,538.0,499.0
2026-06-18T20:59:25.697253+00:00,,8.795574951171876,0.0,16.0,1426,1585,538.0,499.0
2026-06-18T20:59:25.796978+00:00,,8.331126708984375,0.0,16.0,1426,1585,538.0,499.0
2026-06-18T20:59:25.896810+00:00,,7.886654663085937,0.0,16.0,1426,1585,538.0,499.0
2026-06-18T20:59:25.997441+00:00,,7.513521118164062,0.0,16.0,1426,1585,538.0,499.0
2026-06-18T20:59:26.097189+00:00,,7.154585571289062,0.0,16.0,1426,1585,538.0,499.0
2026-06-18T20:59:26.196960+00:00,,6.76113037109375,0.0,16.0,1426,1585,538.0,499.0
2026-06-18T20:59:26.296686+00:00,,6.384866943359375,0.0,16.0,1426,1585,538.0,499.0
2026-06-18T20:59:26.397436+00:00,,6.24805908203125,0.0,16.0,1426,1585,538.0,499.0
2026-06-18T20:59:26.497150+00:00,,5.894313354492188,0.0,16.0,1426,1585,538.0,499.0
2026-06-18T20:59:26.596897+00:00,,5.597596435546875,0.0,16.0,1426,1585,538.0,499.0
2026-06-18T20:59:26.696681+00:00,,5.2725592041015625,0.0,16.0,1426,1585,538.0,499.0
2026-06-18T20:59:26.796558+00:00,,4.999995422363281,0.0,16.0,1426,1585,538.0,499.0
2026-06-18T20:59:26.897102+00:00,,4.70149169921875,0.0,16.0,1426,1585,538.0,499.0
2026-06-18T20:59:26.997827+00:00,,4.451239013671875,0.0,16.0,1426,1585,538.0,499.0
2026-06-18T20:59:27.097600+00:00,,4.17723388671875,0.0,16.0,1426,1585,538.0,499.0
2026-06-18T20:59:27.198304+00:00,,3.9475714111328126,0.0,16.0,1426,1585,538.0,499.0
2026-06-18T20:59:27.596392+00:00,,3.69616455078125,0.0,16.0,1426,1585,538.0,499.0
2026-06-18T20:59:27.997309+00:00,,2.954792175292969,0.0,16.0,1426,1585,538.0,499.0
2026-06-18T20:59:28.399304+00:00,,2.227407684326172,0.0,16.0,1426,1585,538.0,499.0
2026-06-18T20:59:28.800278+00:00,,1.616951446533203,0.0,16.0,1426,1585,538.0,499.0
2026-06-18T20:59:29.200250+00:00,,1.0896140289306642,0.0,16.0,1426,1585,538.0,499.0
2026-06-18T20:59:29.599259+00:00,,0.715994873046875,0.0,16.0,1426,1585,538.0,499.0
2026-06-18T20:59:29.703658+00:00,,0.35071975708007813,0.0,16.0,1426,1585,538.0,499.0
2026-06-18T20:59:29.802564+00:00,,0.263823070526123,3.333333333334091,0.0,1679,686,87.0,38.0
2026-06-18T20:59:29.902590+00:00,,0.06065919876098633,6.666666666664393,0.0,1932,686,266.0,371.0
2026-06-18T20:59:30.002562+00:00,,0.0,9.999999999998483,0.0,2185,686,268.0,87.0
2026-06-18T20:59:30.102546+00:00,,0.19712554931640625,13.333333333332575,0.0,2437,686,274.0,499.0
2026-06-18T20:59:30.203576+00:00,,0.8018055725097657,16.666666666666664,0.0,2690,686,278.0,499.0
2026-06-18T20:59:30.302541+00:00,,1.6979875183105468,20.00000000000076,0.0,2943,686,342.0,499.0
2026-06-18T20:59:30.402637+00:00,,3.112973327636719,23.333333333331062,0.0,3196,686,227.0,499.0
2026-06-18T20:59:30.502609+00:00,,4.752959594726563,26.66666666666515,0.0,3449,686,243.0,499.0
2026-06-18T20:59:30.603639+00:00,,6.988807983398438,0.0,3.333333333334091,1426,873,25.0,32.0
2026-06-18T20:59:30.702561+00:00,,9.3809912109375,0.0,6.666666666668182,1426,1061,334.0,89.0
2026-06-18T20:59:30.802596+00:00,,11.658924560546875,0.0,6.666666666668182,1426,1061,212.0,93.0
2026-06-18T20:59:30.902586+00:00,,12.364005126953126,0.0,6.666666666668182,1426,1061,130.0,499.0
2026-06-18T20:59:31.003619+00:00,,12.14843505859375,0.0,6.666666666668182,1426,1061,538.0,499.0
2026-06-18T20:59:31.103748+00:00,,11.894500732421875,0.0,6.666666666668182,1426,1061,538.0,499.0
2026-06-18T20:59:31.203597+00:00,,11.646939697265625,0.0,6.666666666668182,1426,1061,538.0,499.0
2026-06-18T20:59:31.304596+00:00,,11.435445556640625,0.0,6.666666666668182,1426,1061,538.0,499.0
2026-06-18T20:59:31.404624+00:00,,11.199476318359375,0.0,6.666666666668182,1426,1061,538.0,499.0
2026-06-18T20:59:31.505576+00:00,,11.1125390625,0.0,6.666666666668182,1426,1061,538.0,499.0
2026-06-18T20:59:31.606773+00:00,,10.88477783203125,0.0,6.666666666668182,1426,1061,538.0,499.0
2026-06-18T20:59:31.705592+00:00,,10.690263671875,0.0,6.666666666668182,1426,1061,538.0,499.0
2026-06-18T20:59:31.805587+00:00,,10.4733056640625,0.0,6.666666666668182,1426,1061,538.0,499.0
2026-06-18T20:59:31.906576+00:00,,10.28804931640625,0.0,6.666666666668182,1426,1061,538.0,499.0
2026-06-18T20:59:32.006599+00:00,,10.081454467773439,0.0,6.666666666668182,1426,1061,538.0,499.0
2026-06-18T20:59:32.107717+00:00,,9.905076293945312,0.0,6.666666666668182,1426,1061,538.0,499.0
2026-06-18T20:59:32.207616+00:00,,9.7084130859375,0.0,6.666666666668182,1426,1061,538.0,499.0
2026-06-18T20:59:32.307610+00:00,,9.540541381835938,0.0,6.666666666668182,1426,1061,538.0,499.0
2026-06-18T20:59:32.408628+00:00,,9.376514282226562,0.0,6.666666666668182,1426,1061,538.0,499.0
2026-06-18T20:59:32.508610+00:00,,9.193663940429687,0.0,6.666666666668182,1426,1061,538.0,499.0
2026-06-18T20:59:32.608750+00:00,,9.0376171875,0.0,6.666666666668182,1426,1061,538.0,499.0
2026-06-18T20:59:32.707642+00:00,,8.863687744140625,0.0,6.666666666668182,1426,1061,538.0,499.0
2026-06-18T20:59:32.807606+00:00,,8.715274047851564,0.0,6.666666666668182,1426,1061,538.0,499.0
2026-06-18T20:59:32.908639+00:00,,8.54987548828125,0.0,6.666666666668182,1426,1061,538.0,499.0
2026-06-18T20:59:33.007609+00:00,,8.468831176757813,0.0,6.666666666668182,1426,1061,538.0,499.0
2026-06-18T20:59:33.108697+00:00,,8.32960693359375,0.0,6.666666666668182,1426,1061,538.0,499.0
2026-06-18T20:59:33.208618+00:00,,8.17447509765625,0.0,6.666666666668182,1426,1061,538.0,499.0
2026-06-18T20:59:33.308609+00:00,,8.042140502929687,0.0,6.666666666668182,1426,1061,538.0,499.0
2026-06-18T20:59:33.407656+00:00,,7.894702758789062,0.0,6.666666666668182,1426,1061,538.0,499.0
2026-06-18T20:59:33.509647+00:00,,7.768946533203125,0.0,6.666666666668182,1426,1061,538.0,499.0
2026-06-18T20:59:33.609733+00:00,,7.62885498046875,0.0,6.666666666668182,1426,1061,538.0,499.0
2026-06-18T20:59:33.709662+00:00,,7.492542114257812,0.0,6.666666666668182,1426,1061,538.0,499.0
2026-06-18T20:59:33.808713+00:00,,7.376295776367187,0.0,6.666666666668182,1426,1061,538.0,499.0
2026-06-18T20:59:33.909621+00:00,,7.246818237304687,0.0,6.666666666668182,1426,1061,538.0,499.0
2026-06-18T20:59:34.009630+00:00,,7.136412353515625,0.0,6.666666666668182,1426,1061,538.0,499.0
2026-06-18T20:59:34.110676+00:00,,7.013452758789063,0.0,6.666666666668182,1426,1061,538.0,499.0
2026-06-18T20:59:34.209643+00:00,,6.908614501953125,0.0,6.666666666668182,1426,1061,538.0,499.0
2026-06-18T20:59:34.310615+00:00,,6.79186767578125,0.0,6.666666666668182,1426,1061,538.0,499.0
2026-06-18T20:59:34.411683+00:00,,6.748915405273437,0.0,6.666666666668182,1426,1061,538.0,499.0
2026-06-18T20:59:34.509607+00:00,,6.636537475585937,0.0,6.666666666668182,1426,1061,538.0,499.0
2026-06-18T20:59:34.609735+00:00,,6.527240600585937,0.0,6.666666666668182,1426,1061,538.0,499.0
2026-06-18T20:59:34.710627+00:00,,6.434071044921875,0.0,6.666666666668182,1426,1061,538.0,499.0
2026-06-18T20:59:35.107944+00:00,,6.330338745117188,0.0,6.666666666668182,1426,1061,538.0,499.0
2026-06-18T20:59:35.507804+00:00,,5.9661962890625,0.0,6.666666666668182,1426,1061,538.0,499.0
2026-06-18T20:59:35.910799+00:00,,5.64884765625,0.0,6.666666666668182,1426,1061,538.0,499.0
2026-06-18T20:59:36.312800+00:00,,5.38120849609375,0.0,6.666666666668182,1426,1061,538.0,499.0
2026-06-18T20:59:36.713706+00:00,,5.11239501953125,0.0,6.666666666668182,1426,1061,538.0,499.0
2026-06-18T20:59:36.815742+00:00,,4.878460388183594,0.0,6.666666666668182,1426,1061,538.0,499.0
2026-06-18T20:59:36.916108+00:00,,4.818077697753906,0.0,6.666666666668182,1426,1061,538.0,499.0
2026-06-18T20:59:37.315073+00:00,,4.766641845703125,0.0,6.666666666668182,1426,1061,538.0,499.0
2026-06-18T20:59:37.717048+00:00,,4.579904479980469,0.0,6.666666666668182,1426,1061,538.0,499.0
2026-06-18T20:59:37.818687+00:00,,4.3925891113281255,0.0,6.666666666668182,1426,1061,538.0,499.0
2026-06-18T20:59:37.918689+00:00,,4.345961303710937,0.0,6.666666666668182,1426,1061,538.0,499.0
2026-06-18T20:59:38.318506+00:00,,4.306250305175781,0.0,6.666666666668182,1426,1061,538.0,499.0
2026-06-18T20:59:38.418697+00:00,,4.162141723632812,0.0,6.666666666668182,1426,1061,538.0,499.0
2026-06-18T20:59:38.517958+00:00,,4.122073669433594,0.0,6.666666666668182,1426,1061,538.0,499.0
2026-06-18T20:59:38.618728+00:00,,4.087952880859375,0.0,6.666666666668182,1426,1061,538.0,499.0
2026-06-18T20:59:39.017914+00:00,,4.054685668945313,0.0,6.666666666668182,1426,1061,538.0,499.0
2026-06-18T20:59:39.119387+00:00,,3.921292724609375,0.0,6.666666666668182,1426,1061,538.0,499.0
2026-06-18T20:59:39.219295+00:00,,3.888105163574219,0.0,6.666666666668182,1426,1061,538.0,499.0
2026-06-18T20:59:39.319271+00:00,,3.855867614746094,0.0,6.666666666668182,1426,1061,538.0,499.0
2026-06-18T20:59:39.419178+00:00,,3.8284182739257813,0.0,6.666666666668182,1426,1061,538.0,499.0
2026-06-18T20:59:39.519327+00:00,,3.813043518066406,0.0,6.666666666668182,1426,1061,538.0,499.0
2026-06-18T20:59:39.620061+00:00,,3.7866696166992186,0.0,6.666666666668182,1426,1061,538.0,499.0
2026-06-18T20:59:39.719858+00:00,,3.7573388671875,0.0,6.666666666668182,1426,1061,538.0,499.0
2026-06-18T20:59:39.819739+00:00,,3.7288497924804687,0.0,6.666666666668182,1426,1061,538.0,499.0
2026-06-18T20:59:39.919754+00:00,,3.7045928955078127,0.0,6.666666666668182,1426,1061,538.0,499.0
2026-06-18T20:59:40.020002+00:00,,3.677617492675781,0.0,6.666666666668182,1426,1061,538.0,499.0
2026-06-18T20:59:40.120865+00:00,,3.6546502685546876,0.0,6.666666666668182,1426,1061,538.0,499.0
2026-06-18T20:59:40.220775+00:00,,3.6291094970703126,0.0,6.666666666668182,1426,1061,538.0,499.0
2026-06-18T20:59:40.321224+00:00,,3.6073641967773438,0.0,6.666666666668182,1426,1061,538.0,499.0
2026-06-18T20:59:40.420929+00:00,,3.5831829833984377,0.0,6.666666666668182,1426,1061,538.0,499.0
2026-06-18T20:59:40.521676+00:00,,3.56259521484375,0.0,6.666666666668182,1426,1061,538.0,499.0
2026-06-18T20:59:40.621420+00:00,,3.5397015380859376,3.4666666666674546,0.0,1689,686,245.0,33.0
2026-06-18T20:59:40.721124+00:00,,3.528503112792969,6.933333333334909,0.0,1952,686,99.0,184.0
2026-06-18T20:59:40.820908+00:00,,3.4436267089843753,10.400000000002365,0.0,2215,686,104.0,466.0
2026-06-18T20:59:40.920764+00:00,,3.6517620849609376,13.866666666665878,0.0,2478,686,110.0,499.0
2026-06-18T20:59:41.021367+00:00,,4.189664306640625,17.36799999999918,0.0,2744,686,296.0,499.0
2026-06-18T20:59:41.121111+00:00,,5.024239501953125,20.80000000000079,0.0,3004,686,185.0,499.0
2026-06-18T20:59:41.220885+00:00,,6.4541259765625005,24.266666666668243,0.0,3267,686,181.0,499.0
2026-06-18T20:59:41.321630+00:00,,8.338689575195312,27.7333333333357,0.0,3530,686,323.0,499.0
2026-06-18T20:59:41.421347+00:00,,10.360242919921875,0.0,3.4666666666635138,1426,881,32.0,31.0
2026-06-18T20:59:41.521044+00:00,,13.124075927734376,0.0,6.967999999996815,1426,1077,234.0,113.0
2026-06-18T20:59:41.621880+00:00,,14.936353759765625,0.0,6.967999999996815,1426,1077,296.0,123.0
2026-06-18T20:59:41.722553+00:00,,15.591072998046876,0.0,6.967999999996815,1426,1077,36.0,499.0
2026-06-18T20:59:41.822294+00:00,,15.300810546875,0.0,6.967999999996815,1426,1077,538.0,499.0
2026-06-18T20:59:41.921998+00:00,,15.129544677734375,0.0,6.967999999996815,1426,1077,538.0,499.0
2026-06-18T20:59:42.021841+00:00,,14.793314208984375,0.0,6.967999999996815,1426,1077,538.0,499.0
2026-06-18T20:59:42.121758+00:00,,14.5059033203125,0.0,6.967999999996815,1426,1077,538.0,499.0
2026-06-18T20:59:42.222220+00:00,,14.1850537109375,0.0,6.967999999996815,1426,1077,538.0,499.0
2026-06-18T20:59:42.321949+00:00,,13.91086181640625,0.0,6.967999999996815,1426,1077,538.0,499.0
2026-06-18T20:59:42.422769+00:00,,13.642674560546876,0.0,6.967999999996815,1426,1077,538.0,499.0
2026-06-18T20:59:42.522444+00:00,,13.343394775390625,0.0,6.967999999996815,1426,1077,538.0,499.0
2026-06-18T20:59:42.622761+00:00,,13.08772705078125,0.0,6.967999999996815,1426,1077,538.0,499.0
2026-06-18T20:59:42.723019+00:00,,12.8024853515625,0.0,6.967999999996815,1426,1077,538.0,499.0
2026-06-18T20:59:42.823781+00:00,,12.52451171875,0.0,6.967999999996815,1426,1077,538.0,499.0
2026-06-18T20:59:42.923799+00:00,,12.287127685546876,0.0,6.967999999996815,1426,1077,538.0,499.0
2026-06-18T20:59:43.023761+00:00,,12.02237548828125,0.0,6.967999999996815,1426,1077,538.0,499.0
2026-06-18T20:59:43.123901+00:00,,11.76446044921875,0.0,6.967999999996815,1426,1077,538.0,499.0
2026-06-18T20:59:43.223785+00:00,,11.544276123046876,0.0,6.967999999996815,1426,1077,538.0,499.0
2026-06-18T20:59:43.324780+00:00,,11.420720214843751,0.0,6.967999999996815,1426,1077,538.0,499.0
2026-06-18T20:59:43.424799+00:00,,11.208387451171875,0.0,6.967999999996815,1426,1077,538.0,499.0
2026-06-18T20:59:43.822633+00:00,,10.971684570312501,0.0,6.967999999996815,1426,1077,538.0,499.0
2026-06-18T20:59:44.224128+00:00,,10.138326416015625,0.0,6.967999999996815,1426,1077,538.0,499.0
2026-06-18T20:59:44.626525+00:00,,9.385248413085938,0.0,6.967999999996815,1426,1077,538.0,499.0
2026-06-18T20:59:45.029489+00:00,,8.77043701171875,0.0,6.967999999996815,1426,1077,538.0,499.0
2026-06-18T20:59:45.430480+00:00,,8.151327514648438,0.0,6.967999999996815,1426,1077,538.0,499.0
2026-06-18T20:59:45.829972+00:00,,7.59374755859375,0.0,6.967999999996815,1426,1077,538.0,499.0
2026-06-18T20:59:46.230942+00:00,,7.1559130859375,0.0,6.967999999996815,1426,1077,538.0,499.0
2026-06-18T20:59:46.333849+00:00,,6.698428344726563,0.0,6.967999999996815,1426,1077,538.0,499.0
2026-06-18T20:59:46.732591+00:00,,6.598541259765625,0.0,6.967999999996815,1426,1077,538.0,499.0
2026-06-18T20:59:46.836051+00:00,,6.197731323242188,0.0,6.967999999996815,1426,1077,538.0,499.0
2026-06-18T20:59:46.936288+00:00,,6.097950439453125,0.0,6.967999999996815,1426,1077,538.0,499.0
2026-06-18T20:59:47.034773+00:00,,6.0129724121093755,0.0,6.967999999996815,1426,1077,538.0,499.0
2026-06-18T20:59:47.134761+00:00,,5.918449096679687,0.0,6.967999999996815,1426,1077,538.0,499.0
2026-06-18T20:59:47.234775+00:00,,5.883701782226563,0.0,6.967999999996815,1426,1077,538.0,499.0
2026-06-18T20:59:47.334773+00:00,,5.792865600585937,0.0,6.967999999996815,1426,1077,538.0,499.0
2026-06-18T20:59:47.435917+00:00,,5.71551513671875,0.0,6.967999999996815,1426,1077,538.0,499.0
2026-06-18T20:59:47.534831+00:00,,5.6294873046875,0.0,6.967999999996815,1426,1077,538.0,499.0
2026-06-18T20:59:47.634840+00:00,,5.556236572265625,0.0,6.967999999996815,1426,1077,538.0,499.0
2026-06-18T20:59:47.734796+00:00,,5.4747729492187505,0.0,6.967999999996815,1426,1077,538.0,499.0
2026-06-18T20:59:47.835786+00:00,,5.405413818359375,0.0,6.967999999996815,1426,1077,538.0,499.0
2026-06-18T20:59:47.936861+00:00,,5.328283081054687,0.0,6.967999999996815,1426,1077,538.0,499.0
2026-06-18T20:59:48.035817+00:00,,5.262616577148438,0.0,6.967999999996815,1426,1077,538.0,499.0
2026-06-18T20:59:48.135827+00:00,,5.189596557617188,0.0,6.967999999996815,1426,1077,538.0,499.0
2026-06-18T20:59:48.236757+00:00,,5.12743408203125,0.0,6.967999999996815,1426,1077,538.0,499.0
2026-06-18T20:59:48.335775+00:00,,5.066844177246094,0.0,6.967999999996815,1426,1077,538.0,499.0
2026-06-18T20:59:48.435886+00:00,,4.999475402832031,0.0,6.967999999996815,1426,1077,538.0,499.0
2026-06-18T20:59:48.535850+00:00,,4.942127685546875,0.0,6.967999999996815,1426,1077,538.0,499.0
2026-06-18T20:59:48.635855+00:00,,4.910013427734375,0.0,6.967999999996815,1426,1077,538.0,499.0
2026-06-18T20:59:48.736829+00:00,,4.8471832275390625,0.0,6.967999999996815,1426,1077,538.0,499.0
2026-06-18T20:59:48.837843+00:00,,4.7861743164062505,0.0,6.967999999996815,1426,1077,538.0,499.0
2026-06-18T20:59:48.936863+00:00,,4.73424560546875,0.0,6.967999999996815,1426,1077,538.0,499.0
2026-06-18T20:59:49.336920+00:00,,4.676514892578125,0.0,6.967999999996815,1426,1077,538.0,499.0
2026-06-18T20:59:49.436911+00:00,,4.480962219238282,0.0,6.967999999996815,1426,1077,538.0,499.0
2026-06-18T20:59:49.537930+00:00,,4.436817016601562,0.0,6.967999999996815,1426,1077,538.0,499.0
2026-06-18T20:59:49.637858+00:00,,4.387745971679688,0.0,6.967999999996815,1426,1077,538.0,499.0
2026-06-18T20:59:49.737870+00:00,,4.345985107421875,0.0,6.967999999996815,1426,1077,538.0,499.0
2026-06-18T20:59:49.836858+00:00,,4.3226037597656255,0.0,6.967999999996815,1426,1077,538.0,499.0
2026-06-18T20:59:49.937899+00:00,,4.282510986328125,0.0,6.967999999996815,1426,1077,538.0,499.0
2026-06-18T20:59:50.037944+00:00,,4.237947692871094,0.0,6.967999999996815,1426,1077,538.0,499.0
2026-06-18T20:59:50.137845+00:00,,4.200025634765625,0.0,6.967999999996815,1426,1077,538.0,499.0
2026-06-18T20:59:50.238870+00:00,,4.1578759765625,0.0,6.967999999996815,1426,1077,538.0,499.0
2026-06-18T20:59:50.338131+00:00,,4.116961364746094,0.0,6.967999999996815,1426,1077,538.0,499.0
2026-06-18T20:59:50.438927+00:00,,4.082145690917969,0.0,6.967999999996815,1426,1077,538.0,499.0
2026-06-18T20:59:50.538881+00:00,,4.043450927734375,0.0,6.967999999996815,1426,1077,538.0,499.0
2026-06-18T20:59:50.638878+00:00,,4.010525512695312,0.0,6.967999999996815,1426,1077,538.0,499.0
2026-06-18T20:59:50.738886+00:00,,3.973932800292969,0.0,6.967999999996815,1426,1077,538.0,499.0
2026-06-18T20:59:50.838885+00:00,,3.9427969360351565,0.0,6.967999999996815,1426,1077,538.0,499.0
2026-06-18T20:59:50.938873+00:00,,3.9081939697265624,0.0,6.967999999996815,1426,1077,538.0,499.0
2026-06-18T20:59:51.039881+00:00,,3.8787521362304687,0.0,6.967999999996815,1426,1077,538.0,499.0
2026-06-18T20:59:51.139839+00:00,,3.862270202636719,0.0,6.967999999996815,1426,1077,538.0,499.0
2026-06-18T20:59:51.239874+00:00,,3.834012451171875,0.0,6.967999999996815,1426,1077,538.0,499.0
2026-06-18T20:59:51.339936+00:00,,3.802609558105469,0.0,6.967999999996815,1426,1077,538.0,499.0
2026-06-18T20:59:51.439260+00:00,,3.7758917236328124,3.600000000000818,0.0,1699,686,86.0,21.0
2026-06-18T20:59:51.539884+00:00,,3.6754464721679687,7.200000000001636,0.0,1972,686,147.0,48.0
2026-06-18T20:59:51.639886+00:00,,3.6382110595703128,10.836000000001604,0.0,2248,686,311.0,483.0
2026-06-18T20:59:52.040763+00:00,,3.896339111328125,14.436000000002425,0.0,2521,686,325.0,499.0
2026-06-18T20:59:52.441679+00:00,,7.816240234375,28.872000000000753,0.0,3616,686,130.0,499.0
2026-06-18T20:59:52.841631+00:00,,16.113309326171876,43.271999999999935,0.0,4709,686,317.0,499.0
2026-06-18T20:59:53.242578+00:00,,29.15513671875,54.0,0.0,5522,686,538.0,499.0
2026-06-18T20:59:53.643584+00:00,,47.26146484375,0.0,14.435999999998328,1426,1497,238.0,499.0
2026-06-18T20:59:54.044534+00:00,,56.3459765625,0.0,28.872000000000753,1426,2308,280.0,499.0
2026-06-18T20:59:54.444449+00:00,,46.9691162109375,0.0,28.872000000000753,1426,2308,538.0,499.0
2026-06-18T20:59:54.545942+00:00,,34.28279052734375,0.0,28.872000000000753,1426,2308,538.0,499.0
2026-06-18T20:59:54.644933+00:00,,31.66751220703125,0.0,28.872000000000753,1426,2308,538.0,499.0
2026-06-18T20:59:54.745927+00:00,,28.8302880859375,0.0,28.872000000000753,1426,2308,538.0,499.0
2026-06-18T20:59:55.146649+00:00,,26.47645263671875,0.0,28.872000000000753,1426,2308,538.0,499.0
2026-06-18T20:59:55.247323+00:00,,18.451798095703126,0.0,28.872000000000753,1426,2308,538.0,499.0
2026-06-18T20:59:55.348222+00:00,,16.625966796875,0.0,28.872000000000753,1426,2308,538.0,499.0
2026-06-18T20:59:55.447939+00:00,,14.6578369140625,0.0,28.872000000000753,1426,2308,538.0,499.0
2026-06-18T20:59:55.547940+00:00,,13.034927978515626,0.0,28.872000000000753,1426,2308,538.0,499.0
2026-06-18T20:59:55.647267+00:00,,11.50043701171875,0.0,28.872000000000753,1426,2308,538.0,499.0
2026-06-18T20:59:55.748917+00:00,,9.849965209960938,0.0,28.872000000000753,1426,2308,538.0,499.0
2026-06-18T20:59:55.848997+00:00,,8.304099121093751,0.0,28.872000000000753,1426,2308,538.0,499.0
2026-06-18T20:59:55.949440+00:00,,7.03286376953125,0.0,28.872000000000753,1426,2308,538.0,499.0
2026-06-18T20:59:56.050904+00:00,,5.833765869140625,0.0,28.872000000000753,1426,2308,538.0,499.0
2026-06-18T20:59:56.150890+00:00,,4.5471499633789065,0.0,28.872000000000753,1426,2308,538.0,499.0
2026-06-18T20:59:56.250915+00:00,,3.4908160400390624,0.0,28.872000000000753,1426,2308,538.0,499.0
2026-06-18T20:59:56.351038+00:00,,2.3585159301757814,0.0,28.872000000000753,1426,2308,538.0,499.0
2026-06-18T20:59:56.450949+00:00,,1.8209254455566406,0.0,28.872000000000753,1426,2308,538.0,499.0
2026-06-18T20:59:56.550951+00:00,,0.9237652587890626,0.0,28.872000000000753,1426,2308,538.0,499.0
2026-06-18T20:59:56.650934+00:00,,0.0,0.0,28.872000000000753,1426,2308,538.0,499.0
2026-06-18T20:59:56.750917+00:00,,0.0,3.733333333334182,0.0,1709,686,75.0,192.0
2026-06-18T20:59:56.851975+00:00,,0.0,7.504000000000815,0.0,1995,686,225.0,438.0
2026-06-18T20:59:56.951909+00:00,,0.0,11.237333333334998,0.0,2278,686,248.0,12.0
2026-06-18T20:59:57.051939+00:00,,0.23811887741088866,14.970666666664934,0.0,2562,686,212.0,295.0
2026-06-18T20:59:57.150963+00:00,,1.0550992584228516,18.70399999999912,0.0,2845,686,344.0,499.0
2026-06-18T20:59:57.252943+00:00,,2.1511297607421875,22.474666666665748,0.0,3131,686,345.0,499.0
2026-06-18T20:59:57.354034+00:00,,3.910960388183594,26.207999999999934,0.0,3414,686,312.0,499.0
2026-06-18T20:59:57.452937+00:00,,5.9030871582031255,0.0,3.733333333334182,1426,896,202.0,62.0
2026-06-18T20:59:57.553945+00:00,,8.665218505859375,0.0,7.466666666668364,1426,1105,332.0,94.0
2026-06-18T20:59:57.652925+00:00,,10.442642822265626,0.0,7.466666666668364,1426,1105,169.0,138.0
2026-06-18T20:59:57.753910+00:00,,10.9109814453125,0.0,7.466666666668364,1426,1105,133.0,499.0
2026-06-18T20:59:57.854917+00:00,,10.795413818359375,0.0,7.466666666668364,1426,1105,538.0,499.0
2026-06-18T20:59:57.954930+00:00,,10.5923193359375,0.0,7.466666666668364,1426,1105,538.0,499.0
2026-06-18T20:59:58.054918+00:00,,10.366114501953126,0.0,7.466666666668364,1426,1105,538.0,499.0
2026-06-18T20:59:58.152917+00:00,,10.173239746093751,0.0,7.466666666668364,1426,1105,538.0,499.0
2026-06-18T20:59:58.254944+00:00,,9.958455810546875,0.0,7.466666666668364,1426,1105,538.0,499.0
2026-06-18T20:59:58.354978+00:00,,9.775349731445313,0.0,7.466666666668364,1426,1105,538.0,499.0
2026-06-18T20:59:58.454953+00:00,,9.5714794921875,0.0,7.466666666668364,1426,1105,538.0,499.0
2026-06-18T20:59:58.553947+00:00,,9.397705688476563,0.0,7.466666666668364,1426,1105,538.0,499.0
2026-06-18T20:59:58.654930+00:00,,9.22814208984375,0.0,7.466666666668364,1426,1105,538.0,499.0
2026-06-18T20:59:58.754093+00:00,,9.03939208984375,0.0,7.466666666668364,1426,1105,538.0,499.0
2026-06-18T20:59:58.853945+00:00,,8.878544311523438,0.0,7.466666666668364,1426,1105,538.0,499.0
2026-06-18T20:59:58.953925+00:00,,8.699523315429687,0.0,7.466666666668364,1426,1105,538.0,499.0
2026-06-18T20:59:59.053935+00:00,,8.633687133789063,0.0,7.466666666668364,1426,1105,538.0,499.0
2026-06-18T20:59:59.154997+00:00,,8.461512451171876,0.0,7.466666666668364,1426,1105,538.0,499.0
2026-06-18T20:59:59.255045+00:00,,8.314824829101562,0.0,7.466666666668364,1426,1105,538.0,499.0
2026-06-18T20:59:59.355002+00:00,,8.151603393554687,0.0,7.466666666668364,1426,1105,538.0,499.0
2026-06-18T20:59:59.453969+00:00,,8.012562255859375,0.0,7.466666666668364,1426,1105,538.0,499.0
2026-06-18T20:59:59.553975+00:00,,7.85786865234375,0.0,7.466666666668364,1426,1105,538.0,499.0
2026-06-18T20:59:59.654976+00:00,,7.726109619140625,0.0,7.466666666668364,1426,1105,538.0,499.0
2026-06-18T20:59:59.755073+00:00,,7.597626342773438,0.0,7.466666666668364,1426,1105,538.0,499.0
2026-06-18T20:59:59.852938+00:00,,7.4547052001953125,0.0,7.466666666668364,1426,1105,538.0,499.0
2026-06-18T20:59:59.953938+00:00,,7.315856323242188,0.0,7.466666666668364,1426,1105,538.0,499.0
2026-06-18T21:00:00.054963+00:00,,7.197619018554688,0.0,7.466666666668364,1426,1105,538.0,499.0
2026-06-18T21:00:00.451771+00:00,,7.066116943359376,0.0,7.466666666668364,1426,1105,538.0,499.0
2026-06-18T21:00:00.853736+00:00,,6.664248657226563,0.0,7.466666666668364,1426,1105,538.0,499.0
2026-06-18T21:00:01.255681+00:00,,6.245652465820313,0.0,7.466666666668364,1426,1105,538.0,499.0
2026-06-18T21:00:01.656694+00:00,,5.870824584960937,0.0,7.466666666668364,1426,1105,538.0,499.0
2026-06-18T21:00:02.057623+00:00,,5.5779962158203125,0.0,7.466666666668364,1426,1105,538.0,499.0
2026-06-18T21:00:02.456549+00:00,,5.2735009765625005,0.0,7.466666666668364,1426,1105,538.0,499.0
2026-06-18T21:00:02.856463+00:00,,4.992738647460937,0.0,7.466666666668364,1426,1105,538.0,499.0
2026-06-18T21:00:03.258041+00:00,,4.781174621582031,0.0,7.466666666668364,1426,1105,538.0,499.0
2026-06-18T21:00:03.359051+00:00,,4.561458129882813,0.0,7.466666666668364,1426,1105,538.0,499.0
2026-06-18T21:00:03.459040+00:00,,4.513672485351562,0.0,7.466666666668364,1426,1105,538.0,499.0
2026-06-18T21:00:03.560042+00:00,,4.4605865478515625,0.0,7.466666666668364,1426,1105,538.0,499.0
2026-06-18T21:00:03.659325+00:00,,4.415435791015625,0.0,7.466666666668364,1426,1105,538.0,499.0
2026-06-18T21:00:03.761032+00:00,,4.365279235839844,0.0,7.466666666668364,1426,1105,538.0,499.0
2026-06-18T21:00:03.861024+00:00,,4.322621765136719,0.0,7.466666666668364,1426,1105,538.0,499.0
2026-06-18T21:00:03.961013+00:00,,4.28108154296875,0.0,7.466666666668364,1426,1105,538.0,499.0
2026-06-18T21:00:04.062024+00:00,,4.234938049316407,0.0,7.466666666668364,1426,1105,538.0,499.0
2026-06-18T21:00:04.160174+00:00,,4.190174560546875,0.0,7.466666666668364,1426,1105,538.0,499.0
2026-06-18T21:00:04.561116+00:00,,4.15210693359375,0.0,7.466666666668364,1426,1105,538.0,499.0
2026-06-18T21:00:04.663147+00:00,,4.019260864257813,0.0,7.466666666668364,1426,1105,538.0,499.0
2026-06-18T21:00:04.764057+00:00,,3.9809606933593753,0.0,7.466666666668364,1426,1105,538.0,499.0
2026-06-18T21:00:04.864082+00:00,,3.948392028808594,0.0,7.466666666668364,1426,1105,538.0,499.0
2026-06-18T21:00:04.964011+00:00,,3.912219848632813,0.0,7.466666666668364,1426,1105,538.0,499.0
2026-06-18T21:00:05.064056+00:00,,3.8814617919921877,0.0,7.466666666668364,1426,1105,538.0,499.0
2026-06-18T21:00:05.162424+00:00,,3.8473013305664066,0.0,7.466666666668364,1426,1105,538.0,499.0
2026-06-18T21:00:05.264078+00:00,,3.8182546997070315,0.0,7.466666666668364,1426,1105,538.0,499.0
2026-06-18T21:00:05.363058+00:00,,3.785995788574219,0.0,7.466666666668364,1426,1105,538.0,499.0
2026-06-18T21:00:05.463665+00:00,,3.758567199707031,0.0,7.466666666668364,1426,1105,538.0,499.0
2026-06-18T21:00:05.563419+00:00,,3.7318624877929687,0.0,7.466666666668364,1426,1105,538.0,499.0
2026-06-18T21:00:05.663272+00:00,,3.7022055053710936,0.0,7.466666666668364,1426,1105,538.0,499.0
2026-06-18T21:00:05.762891+00:00,,3.6877142333984376,0.0,7.466666666668364,1426,1105,538.0,499.0
2026-06-18T21:00:05.863053+00:00,,3.6628817749023437,0.0,7.466666666668364,1426,1105,538.0,499.0
2026-06-18T21:00:05.963373+00:00,,3.6353048706054687,0.0,7.466666666668364,1426,1105,538.0,499.0
2026-06-18T21:00:06.063130+00:00,,3.611858215332031,0.0,7.466666666668364,1426,1105,538.0,499.0
2026-06-18T21:00:06.163151+00:00,,3.585821228027344,0.0,7.466666666668364,1426,1105,538.0,499.0
2026-06-18T21:00:06.263047+00:00,,3.563684387207031,0.0,7.466666666668364,1426,1105,538.0,499.0
2026-06-18T21:00:06.362324+00:00,,3.5391021728515626,0.0,7.466666666668364,1426,1105,538.0,499.0
2026-06-18T21:00:06.463162+00:00,,3.5182025146484377,0.0,7.466666666668364,1426,1105,538.0,499.0
2026-06-18T21:00:06.563784+00:00,,3.494994812011719,0.0,7.466666666668364,1426,1105,538.0,499.0
2026-06-18T21:00:06.663523+00:00,,3.4752642822265627,0.0,7.466666666668364,1426,1105,538.0,499.0
2026-06-18T21:00:06.763259+00:00,,3.453354797363281,0.0,7.466666666668364,1426,1105,538.0,499.0
2026-06-18T21:00:06.864007+00:00,,3.4347283935546877,0.0,7.466666666668364,1426,1105,538.0,499.0
2026-06-18T21:00:06.963766+00:00,,3.41404541015625,0.0,7.466666666668364,1426,1105,538.0,499.0
2026-06-18T21:00:07.064476+00:00,,3.4064517211914063,0.0,7.466666666668364,1426,1105,538.0,499.0
2026-06-18T21:00:07.163244+00:00,,3.3866250610351565,0.0,7.466666666668364,1426,1105,538.0,499.0
2026-06-18T21:00:07.264080+00:00,,3.3697695922851563,0.0,7.466666666668364,1426,1105,538.0,499.0
2026-06-18T21:00:07.364695+00:00,,3.351053466796875,0.0,7.466666666668364,1426,1105,538.0,499.0
2026-06-18T21:00:07.463427+00:00,,3.335142822265625,3.86666666666315,0.0,1719,686,99.0,2.0
2026-06-18T21:00:07.564172+00:00,,3.273851013183594,7.733333333330696,0.0,2013,686,389.0,37.0
2026-06-18T21:00:07.663921+00:00,,3.203655090332031,11.599999999998241,0.0,2306,686,137.0,444.0
2026-06-18T21:00:07.764053+00:00,,3.556960144042969,15.466666666665787,0.0,2599,686,300.0,499.0
2026-06-18T21:00:07.864366+00:00,,4.265003051757812,19.333333333333332,0.0,2893,686,259.0,499.0
2026-06-18T21:00:07.964140+00:00,,5.493214721679688,23.199999999996482,0.0,3186,686,158.0,499.0
2026-06-18T21:00:08.063884+00:00,,7.034279174804688,27.06666666666403,0.0,3479,686,332.0,499.0
2026-06-18T21:00:08.164578+00:00,,9.229912109375,0.0,3.8666666666675455,1426,903,48.0,31.0
2026-06-18T21:00:08.264366+00:00,,12.031970214843751,0.0,7.733333333335091,1426,1120,327.0,172.0
2026-06-18T21:00:08.365127+00:00,,12.788017578125,0.0,7.733333333335091,1426,1120,207.0,137.0
2026-06-18T21:00:08.465823+00:00,,14.0361181640625,0.0,7.733333333335091,1426,1120,115.0,499.0
2026-06-18T21:00:08.564569+00:00,,13.8330517578125,0.0,7.733333333335091,1426,1120,538.0,499.0
2026-06-18T21:00:08.665285+00:00,,13.510794677734376,0.0,7.733333333335091,1426,1120,538.0,499.0
2026-06-18T21:00:08.766055+00:00,,13.235859375,0.0,7.733333333335091,1426,1120,538.0,499.0
2026-06-18T21:00:09.166154+00:00,,12.929526367187501,0.0,7.733333333335091,1426,1120,538.0,499.0
2026-06-18T21:00:09.566087+00:00,,11.852587890625001,0.0,7.733333333335091,1426,1120,538.0,499.0
2026-06-18T21:00:09.671109+00:00,,10.912677001953126,0.0,7.733333333335091,1426,1120,538.0,499.0
2026-06-18T21:00:10.067766+00:00,,10.66976806640625,0.0,7.733333333335091,1426,1120,538.0,499.0
2026-06-18T21:00:10.468697+00:00,,9.926204833984375,0.0,7.733333333335091,1426,1120,538.0,499.0
2026-06-18T21:00:10.871628+00:00,,9.1498828125,0.0,7.733333333335091,1426,1120,538.0,499.0
2026-06-18T21:00:11.271565+00:00,,8.541920166015625,0.0,7.733333333335091,1426,1120,538.0,499.0
2026-06-18T21:00:11.373110+00:00,,7.908557739257812,0.0,7.733333333335091,1426,1120,538.0,499.0
2026-06-18T21:00:11.475085+00:00,,7.77056396484375,0.0,7.733333333335091,1426,1120,538.0,499.0
2026-06-18T21:00:11.574095+00:00,,7.617167358398437,0.0,7.733333333335091,1426,1120,538.0,499.0
2026-06-18T21:00:11.675092+00:00,,7.468250122070312,0.0,7.733333333335091,1426,1120,538.0,499.0
2026-06-18T21:00:11.774090+00:00,,7.341527099609375,0.0,7.733333333335091,1426,1120,538.0,499.0
2026-06-18T21:00:11.875080+00:00,,7.200685424804687,0.0,7.733333333335091,1426,1120,538.0,499.0
2026-06-18T21:00:11.975085+00:00,,7.0808477783203125,0.0,7.733333333335091,1426,1120,538.0,499.0
2026-06-18T21:00:12.075278+00:00,,6.964102783203125,0.0,7.733333333335091,1426,1120,538.0,499.0
2026-06-18T21:00:12.175101+00:00,,6.834371337890625,0.0,7.733333333335091,1426,1120,538.0,499.0
2026-06-18T21:00:12.275091+00:00,,6.724004516601562,0.0,7.733333333335091,1426,1120,538.0,499.0
2026-06-18T21:00:12.376118+00:00,,6.6013732910156255,0.0,7.733333333335091,1426,1120,538.0,499.0
2026-06-18T21:00:12.475142+00:00,,6.5414276123046875,0.0,7.733333333335091,1426,1120,538.0,499.0
2026-06-18T21:00:12.576320+00:00,,6.438671264648438,0.0,7.733333333335091,1426,1120,538.0,499.0
2026-06-18T21:00:12.677141+00:00,,6.324510498046875,0.0,7.733333333335091,1426,1120,538.0,499.0
2026-06-18T21:00:12.777533+00:00,,6.2274108886718755,0.0,7.733333333335091,1426,1120,538.0,499.0
2026-06-18T21:00:12.876085+00:00,,6.11954345703125,0.0,7.733333333335091,1426,1120,538.0,499.0
2026-06-18T21:00:12.977109+00:00,,6.027805786132813,0.0,7.733333333335091,1426,1120,538.0,499.0
2026-06-18T21:00:13.079138+00:00,,5.9259033203125,0.0,7.733333333335091,1426,1120,538.0,499.0
2026-06-18T21:00:13.179533+00:00,,5.827052612304688,0.0,7.733333333335091,1426,1120,538.0,499.0
2026-06-18T21:00:13.278114+00:00,,5.7429931640625,0.0,7.733333333335091,1426,1120,538.0,499.0
2026-06-18T21:00:13.379072+00:00,,5.661146240234375,0.0,7.733333333335091,1426,1120,538.0,499.0
2026-06-18T21:00:13.478086+00:00,,5.5702453613281255,0.0,7.733333333335091,1426,1120,538.0,499.0
2026-06-18T21:00:13.578285+00:00,,5.492954711914063,0.0,7.733333333335091,1426,1120,538.0,499.0
2026-06-18T21:00:13.679131+00:00,,5.4071197509765625,0.0,7.733333333335091,1426,1120,538.0,499.0
2026-06-18T21:00:13.779099+00:00,,5.3756036376953125,0.0,7.733333333335091,1426,1120,538.0,499.0
2026-06-18T21:00:13.879098+00:00,,5.293310546875,0.0,7.733333333335091,1426,1120,538.0,499.0
2026-06-18T21:00:13.978078+00:00,,5.22334716796875,0.0,7.733333333335091,1426,1120,538.0,499.0
2026-06-18T21:00:14.078101+00:00,,5.145658569335938,0.0,7.733333333335091,1426,1120,538.0,499.0
2026-06-18T21:00:14.180519+00:00,,5.079613952636719,0.0,7.733333333335091,1426,1120,538.0,499.0
2026-06-18T21:00:14.279076+00:00,,5.006281127929688,0.0,7.733333333335091,1426,1120,538.0,499.0
2026-06-18T21:00:14.380694+00:00,,4.943943176269531,0.0,7.733333333335091,1426,1120,538.0,499.0
2026-06-18T21:00:14.479126+00:00,,4.874730224609375,0.0,7.733333333335091,1426,1120,538.0,499.0
2026-06-18T21:00:14.580836+00:00,,4.815897521972657,0.0,7.733333333335091,1426,1120,538.0,499.0
2026-06-18T21:00:14.680132+00:00,,4.750579833984375,0.0,7.733333333335091,1426,1120,538.0,499.0
2026-06-18T21:00:14.781294+00:00,,4.695061340332031,0.0,7.733333333335091,1426,1120,538.0,499.0
2026-06-18T21:00:14.881706+00:00,,4.633426513671875,0.0,7.733333333335091,1426,1120,538.0,499.0
2026-06-18T21:00:14.981161+00:00,,4.60331787109375,0.0,7.733333333335091,1426,1120,538.0,499.0
2026-06-18T21:00:15.082404+00:00,,4.5517382812500005,0.0,7.733333333335091,1426,1120,538.0,499.0
2026-06-18T21:00:15.181159+00:00,,4.494479370117188,0.0,7.733333333335091,1426,1120,538.0,499.0
2026-06-18T21:00:15.282533+00:00,,4.4458160400390625,0.0,7.733333333335091,1426,1120,538.0,499.0
2026-06-18T21:00:15.381149+00:00,,4.391797180175781,0.0,7.733333333335091,1426,1120,538.0,499.0
2026-06-18T21:00:15.482161+00:00,,4.345889282226563,0.0,7.733333333335091,1426,1120,538.0,499.0
2026-06-18T21:00:15.582747+00:00,,4.294931640625,0.0,7.733333333335091,1426,1120,538.0,499.0
2026-06-18T21:00:15.683451+00:00,,4.245536193847657,0.0,7.733333333335091,1426,1120,538.0,499.0
2026-06-18T21:00:15.783102+00:00,,4.203560485839843,0.0,7.733333333335091,1426,1120,538.0,499.0
2026-06-18T21:00:15.882151+00:00,,4.156969909667969,0.0,7.733333333335091,1426,1120,538.0,499.0
2026-06-18T21:00:15.983124+00:00,,4.117378845214843,0.0,7.733333333335091,1426,1120,538.0,499.0
2026-06-18T21:00:16.083471+00:00,,4.073437194824219,0.0,7.733333333335091,1426,1120,538.0,499.0
2026-06-18T21:00:16.483045+00:00,,4.036098327636719,0.0,7.733333333335091,1426,1120,538.0,499.0
2026-06-18T21:00:16.882995+00:00,,3.90602294921875,0.0,7.733333333335091,1426,1120,538.0,499.0
2026-06-18T21:00:17.283959+00:00,,3.77150146484375,0.0,7.733333333335091,1426,1120,538.0,499.0
2026-06-18T21:00:17.685869+00:00,,3.6519143676757815,0.0,7.733333333335091,1426,1120,538.0,499.0
2026-06-18T21:00:18.086889+00:00,,3.5590829467773437,0.0,7.733333333335091,1426,1120,538.0,499.0
2026-06-18T21:00:18.486216+00:00,,3.4631307983398436,0.0,7.733333333335091,1426,1120,538.0,499.0
2026-06-18T21:00:18.887769+00:00,,3.3752041625976563,16.039999999998145,0.0,2643,686,87.0,499.0
2026-06-18T21:00:19.288730+00:00,,5.4153466796875005,32.08000000000084,0.0,3860,686,210.0,499.0
2026-06-18T21:00:19.389268+00:00,,14.66855712890625,48.07999999999993,0.0,5073,686,197.0,499.0
2026-06-18T21:00:19.489344+00:00,,17.621141357421877,52.11999999999989,0.0,5380,686,356.0,499.0
2026-06-18T21:00:19.589885+00:00,,21.387067871093752,0.0,4.0000000000009095,1426,911,12.0,32.0
2026-06-18T21:00:19.689601+00:00,,26.09445556640625,0.0,7.999999999997272,1426,1135,308.0,141.0
2026-06-18T21:00:19.789362+00:00,,31.07260498046875,0.0,7.999999999997272,1426,1135,328.0,120.0
2026-06-18T21:00:19.890221+00:00,,33.63334716796875,0.0,7.999999999997272,1426,1135,272.0,499.0
2026-06-18T21:00:19.990356+00:00,,34.831962890625,0.0,7.999999999997272,1426,1135,168.0,499.0
2026-06-18T21:00:20.090178+00:00,,34.77404296875,0.0,7.999999999997272,1426,1135,147.0,499.0
2026-06-18T21:00:20.189268+00:00,,33.97582763671875,0.0,7.999999999997272,1426,1135,538.0,499.0
2026-06-18T21:00:20.289176+00:00,,33.18052001953125,0.0,7.999999999997272,1426,1135,538.0,499.0
2026-06-18T21:00:20.389937+00:00,,32.49681640625,0.0,7.999999999997272,1426,1135,538.0,499.0
2026-06-18T21:00:20.490372+00:00,,31.8244873046875,0.0,7.999999999997272,1426,1135,538.0,499.0
2026-06-18T21:00:20.589268+00:00,,31.445400390625,0.0,7.999999999997272,1426,1135,538.0,499.0
2026-06-18T21:00:20.690190+00:00,,30.69834228515625,0.0,7.999999999997272,1426,1135,538.0,499.0
2026-06-18T21:00:20.789707+00:00,,30.0567919921875,0.0,7.999999999997272,1426,1135,538.0,499.0
2026-06-18T21:00:20.889446+00:00,,29.337404785156252,0.0,7.999999999997272,1426,1135,538.0,499.0
2026-06-18T21:00:20.989330+00:00,,28.71997802734375,0.0,7.999999999997272,1426,1135,538.0,499.0
2026-06-18T21:00:21.089923+00:00,,28.02802978515625,0.0,7.999999999997272,1426,1135,538.0,499.0
2026-06-18T21:00:21.190172+00:00,,27.434484863281252,0.0,7.999999999997272,1426,1135,538.0,499.0
2026-06-18T21:00:21.290195+00:00,,26.851982421875,0.0,7.999999999997272,1426,1135,538.0,499.0
2026-06-18T21:00:21.390155+00:00,,26.199689941406252,0.0,7.999999999997272,1426,1135,538.0,499.0
2026-06-18T21:00:21.490289+00:00,,25.56160888671875,0.0,7.999999999997272,1426,1135,538.0,499.0
2026-06-18T21:00:21.590211+00:00,,25.014841308593752,0.0,7.999999999997272,1426,1135,538.0,499.0
2026-06-18T21:00:21.691213+00:00,,24.40304443359375,0.0,7.999999999997272,1426,1135,538.0,499.0
2026-06-18T21:00:21.792205+00:00,,24.177187500000002,0.0,7.999999999997272,1426,1135,538.0,499.0
2026-06-18T21:00:21.892201+00:00,,23.584345703125,0.0,7.999999999997272,1426,1135,538.0,499.0
2026-06-18T21:00:21.991313+00:00,,23.076767578125,0.0,7.999999999997272,1426,1135,538.0,499.0
2026-06-18T21:00:22.091192+00:00,,22.50928955078125,0.0,7.999999999997272,1426,1135,538.0,499.0
2026-06-18T21:00:22.192185+00:00,,22.02364990234375,0.0,7.999999999997272,1426,1135,538.0,499.0
2026-06-18T21:00:22.292225+00:00,,21.4809423828125,0.0,7.999999999997272,1426,1135,538.0,499.0
2026-06-18T21:00:22.391212+00:00,,21.016706542968752,0.0,7.999999999997272,1426,1135,538.0,499.0
2026-06-18T21:00:22.492347+00:00,,20.49813720703125,0.0,7.999999999997272,1426,1135,538.0,499.0
2026-06-18T21:00:22.592264+00:00,,20.05473388671875,0.0,7.999999999997272,1426,1135,538.0,499.0
2026-06-18T21:00:22.691227+00:00,,19.559637451171877,0.0,7.999999999997272,1426,1135,538.0,499.0
2026-06-18T21:00:22.792228+00:00,,19.136474609375,0.0,7.999999999997272,1426,1135,538.0,499.0
2026-06-18T21:00:22.892228+00:00,,18.66416259765625,0.0,7.999999999997272,1426,1135,538.0,499.0
2026-06-18T21:00:22.992282+00:00,,18.260626220703127,0.0,7.999999999997272,1426,1135,538.0,499.0
2026-06-18T21:00:23.092255+00:00,,18.034058837890626,0.0,7.999999999997272,1426,1135,538.0,499.0
2026-06-18T21:00:23.192233+00:00,,17.5895849609375,0.0,7.999999999997272,1426,1135,538.0,499.0
2026-06-18T21:00:23.292231+00:00,,17.21000732421875,0.0,7.999999999997272,1426,1135,538.0,499.0
2026-06-18T21:00:23.391236+00:00,,16.838999023437502,0.0,7.999999999997272,1426,1135,538.0,499.0
2026-06-18T21:00:23.492268+00:00,,16.425301513671876,0.0,7.999999999997272,1426,1135,538.0,499.0
2026-06-18T21:00:23.591225+00:00,,16.022403564453125,0.0,7.999999999997272,1426,1135,538.0,499.0
2026-06-18T21:00:23.692257+00:00,,15.678560791015625,0.0,7.999999999997272,1426,1135,538.0,499.0
2026-06-18T21:00:23.791207+00:00,,15.29534423828125,0.0,7.999999999997272,1426,1135,538.0,499.0
2026-06-18T21:00:23.891232+00:00,,14.9683984375,0.0,7.999999999997272,1426,1135,538.0,499.0
2026-06-18T21:00:23.993248+00:00,,14.60412353515625,0.0,7.999999999997272,1426,1135,538.0,499.0
2026-06-18T21:00:24.093203+00:00,,14.24965087890625,0.0,7.999999999997272,1426,1135,538.0,499.0
2026-06-18T21:00:24.192208+00:00,,13.947364501953125,0.0,7.999999999997272,1426,1135,538.0,499.0
2026-06-18T21:00:24.590933+00:00,,13.6107080078125,0.0,7.999999999997272,1426,1135,538.0,499.0
2026-06-18T21:00:24.991902+00:00,,12.579100341796876,0.0,7.999999999997272,1426,1135,538.0,499.0
2026-06-18T21:00:25.392982+00:00,,11.534691162109375,0.0,7.999999999997272,1426,1135,538.0,499.0
2026-06-18T21:00:25.792813+00:00,,10.5319921875,0.0,7.999999999997272,1426,1135,538.0,499.0
2026-06-18T21:00:26.195765+00:00,,9.691029663085938,0.0,7.999999999997272,1426,1135,538.0,499.0
2026-06-18T21:00:26.596727+00:00,,9.009801635742187,0.0,7.999999999997272,1426,1135,538.0,499.0
2026-06-18T21:00:26.998679+00:00,,8.301585693359375,0.0,7.999999999997272,1426,1135,538.0,499.0
2026-06-18T21:00:27.100328+00:00,,7.649158325195312,0.0,7.999999999997272,1426,1135,538.0,499.0
2026-06-18T21:00:27.200296+00:00,,7.512158203125,0.0,7.999999999997272,1426,1135,538.0,499.0
2026-06-18T21:00:27.299298+00:00,,7.35999755859375,0.0,7.999999999997272,1426,1135,538.0,499.0
2026-06-18T21:00:27.399473+00:00,,7.304124755859375,0.0,7.999999999997272,1426,1135,538.0,499.0
2026-06-18T21:00:27.499287+00:00,,7.158228759765625,0.0,7.999999999997272,1426,1135,538.0,499.0
2026-06-18T21:00:27.599296+00:00,,7.0341864013671875,0.0,7.999999999997272,1426,1135,538.0,499.0
2026-06-18T21:00:27.699300+00:00,,6.896445922851562,0.0,7.999999999997272,1426,1135,538.0,499.0
2026-06-18T21:00:27.800325+00:00,,6.7793505859375,0.0,7.999999999997272,1426,1135,538.0,499.0
2026-06-18T21:00:27.900451+00:00,,6.649338378906251,0.0,7.999999999997272,1426,1135,538.0,499.0
2026-06-18T21:00:27.999302+00:00,,6.53882568359375,0.0,7.999999999997272,1426,1135,538.0,499.0
2026-06-18T21:00:28.099293+00:00,,6.416134033203125,0.0,7.999999999997272,1426,1135,538.0,499.0
2026-06-18T21:00:28.199327+00:00,,6.311853637695313,0.0,7.999999999997272,1426,1135,538.0,499.0
2026-06-18T21:00:28.300307+00:00,,6.196092529296875,0.0,7.999999999997272,1426,1135,538.0,499.0
2026-06-18T21:00:28.400474+00:00,,6.09771240234375,0.0,7.999999999997272,1426,1135,538.0,499.0
2026-06-18T21:00:28.500313+00:00,,6.001975708007812,0.0,7.999999999997272,1426,1135,538.0,499.0
2026-06-18T21:00:28.600431+00:00,,5.895713500976562,0.0,7.999999999997272,1426,1135,538.0,499.0
2026-06-18T21:00:28.701292+00:00,,5.805416870117187,0.0,7.999999999997272,1426,1135,538.0,499.0
2026-06-18T21:00:28.800289+00:00,,5.717557373046875,0.0,7.999999999997272,1426,1135,538.0,499.0
2026-06-18T21:00:28.900647+00:00,,5.668421630859375,0.0,7.999999999997272,1426,1135,538.0,499.0
2026-06-18T21:00:29.002412+00:00,,5.572429809570313,0.0,7.999999999997272,1426,1135,538.0,499.0
2026-06-18T21:00:29.102324+00:00,,5.490872192382812,0.0,7.999999999997272,1426,1135,538.0,499.0
2026-06-18T21:00:29.202317+00:00,,5.411525268554688,0.0,7.999999999997272,1426,1135,538.0,499.0
2026-06-18T21:00:29.302327+00:00,,5.3234765625,0.0,7.999999999997272,1426,1135,538.0,499.0
2026-06-18T21:00:29.402542+00:00,,5.23815673828125,0.0,7.999999999997272,1426,1135,538.0,499.0
2026-06-18T21:00:29.503304+00:00,,5.165676879882812,0.0,7.999999999997272,1426,1135,538.0,499.0
2026-06-18T21:00:29.602304+00:00,,5.085256652832031,4.1333333333342726,0.0,1740,686,87.0,14.0
2026-06-18T21:00:29.702707+00:00,,4.950553588867187,8.266666666668545,0.0,2053,686,275.0,175.0
2026-06-18T21:00:29.802295+00:00,,4.8707577514648435,12.40000000000282,0.0,2367,686,111.0,359.0
2026-06-18T21:00:29.902024+00:00,,5.26996826171875,16.533333333332394,0.0,2680,686,300.0,499.0
2026-06-18T21:00:30.002294+00:00,,6.16258544921875,20.666666666666664,0.0,2994,686,174.0,499.0
2026-06-18T21:00:30.102491+00:00,,6.700784912109375,24.800000000000942,0.0,3307,686,342.0,499.0
2026-06-18T21:00:30.202309+00:00,,8.399120483398438,28.933333333335213,0.0,3621,686,349.0,499.0
2026-06-18T21:00:30.302287+00:00,,10.58177001953125,33.06666666666949,0.0,3934,686,198.0,499.0
2026-06-18T21:00:30.402814+00:00,,13.37935791015625,0.0,4.17466666666663,1426,921,65.0,6.0
2026-06-18T21:00:30.504307+00:00,,16.379945068359376,0.0,8.307999999996202,1426,1153,299.0,96.0
2026-06-18T21:00:30.603339+00:00,,19.18012939453125,0.0,8.307999999996202,1426,1153,314.0,148.0
2026-06-18T21:00:31.003391+00:00,,20.38781982421875,0.0,8.307999999996202,1426,1153,538.0,499.0
2026-06-18T21:00:31.102934+00:00,,18.7381494140625,0.0,8.307999999996202,1426,1153,538.0,499.0
2026-06-18T21:00:31.202648+00:00,,18.321265869140625,0.0,8.307999999996202,1426,1153,538.0,499.0
2026-06-18T21:00:31.303396+00:00,,18.087308349609376,0.0,8.307999999996202,1426,1153,538.0,499.0
2026-06-18T21:00:31.403150+00:00,,17.6285595703125,0.0,8.307999999996202,1426,1153,538.0,499.0
2026-06-18T21:00:31.502890+00:00,,17.23703125,0.0,8.307999999996202,1426,1153,538.0,499.0
2026-06-18T21:00:31.603629+00:00,,16.854561767578126,0.0,8.307999999996202,1426,1153,538.0,499.0
2026-06-18T21:00:31.702374+00:00,,16.428349609375,0.0,8.307999999996202,1426,1153,538.0,499.0
2026-06-18T21:00:32.102455+00:00,,16.06477783203125,0.0,8.307999999996202,1426,1153,538.0,499.0
2026-06-18T21:00:32.503381+00:00,,14.60185791015625,0.0,8.307999999996202,1426,1153,538.0,499.0
2026-06-18T21:00:32.903416+00:00,,13.409981689453126,0.0,8.307999999996202,1426,1153,538.0,499.0
2026-06-18T21:00:33.304383+00:00,,12.21342041015625,0.0,8.307999999996202,1426,1153,538.0,499.0
2026-06-18T21:00:33.704345+00:00,,11.10647216796875,0.0,8.307999999996202,1426,1153,538.0,499.0
2026-06-18T21:00:33.805533+00:00,,10.179503173828126,0.0,8.307999999996202,1426,1153,538.0,499.0
2026-06-18T21:00:34.205016+00:00,,10.05933349609375,0.0,8.307999999996202,1426,1153,538.0,499.0
2026-06-18T21:00:34.307511+00:00,,9.213497924804688,0.0,8.307999999996202,1426,1153,538.0,499.0
2026-06-18T21:00:34.409367+00:00,,9.003707885742188,0.0,8.307999999996202,1426,1153,538.0,499.0
2026-06-18T21:00:34.508326+00:00,,8.825314331054688,0.0,8.307999999996202,1426,1153,538.0,499.0
2026-06-18T21:00:34.609368+00:00,,8.62719482421875,0.0,8.307999999996202,1426,1153,538.0,499.0
2026-06-18T21:00:34.709361+00:00,,8.458753051757812,0.0,8.307999999996202,1426,1153,538.0,499.0
2026-06-18T21:00:34.810442+00:00,,8.271714477539062,0.0,8.307999999996202,1426,1153,538.0,499.0
2026-06-18T21:00:34.910356+00:00,,8.11271728515625,0.0,8.307999999996202,1426,1153,538.0,499.0
2026-06-18T21:00:35.010364+00:00,,7.936192016601563,0.0,8.307999999996202,1426,1153,538.0,499.0
2026-06-18T21:00:35.109394+00:00,,7.786154174804688,0.0,8.307999999996202,1426,1153,538.0,499.0
2026-06-18T21:00:35.209371+00:00,,7.70222900390625,0.0,8.307999999996202,1426,1153,538.0,499.0
2026-06-18T21:00:35.310414+00:00,,7.538243408203125,0.0,8.307999999996202,1426,1153,538.0,499.0
2026-06-18T21:00:35.410382+00:00,,7.39888671875,0.0,8.307999999996202,1426,1153,538.0,499.0
2026-06-18T21:00:35.509356+00:00,,7.2442138671875,0.0,8.307999999996202,1426,1153,538.0,499.0
2026-06-18T21:00:35.610373+00:00,,7.112787475585938,0.0,8.307999999996202,1426,1153,538.0,499.0
2026-06-18T21:00:35.709369+00:00,,6.966934814453126,0.0,8.307999999996202,1426,1153,538.0,499.0
2026-06-18T21:00:35.810435+00:00,,6.843018188476563,0.0,8.307999999996202,1426,1153,538.0,499.0
2026-06-18T21:00:35.910370+00:00,,6.705514526367188,0.0,8.307999999996202,1426,1153,538.0,499.0
2026-06-18T21:00:36.009403+00:00,,6.588704223632813,0.0,8.307999999996202,1426,1153,538.0,499.0
2026-06-18T21:00:36.109381+00:00,,6.4750781250000005,0.0,8.307999999996202,1426,1153,538.0,499.0
2026-06-18T21:00:36.209377+00:00,,6.349012451171875,0.0,8.307999999996202,1426,1153,538.0,499.0
2026-06-18T21:00:36.310452+00:00,,6.2268798828125,0.0,8.307999999996202,1426,1153,538.0,499.0
2026-06-18T21:00:36.410396+00:00,,6.123148193359375,0.0,8.307999999996202,1426,1153,538.0,499.0
2026-06-18T21:00:36.510402+00:00,,6.065155639648438,0.0,8.307999999996202,1426,1153,538.0,499.0
2026-06-18T21:00:36.610412+00:00,,5.965863037109375,0.0,8.307999999996202,1426,1153,538.0,499.0
2026-06-18T21:00:36.710415+00:00,,5.855724487304688,0.0,8.307999999996202,1426,1153,538.0,499.0
2026-06-18T21:00:36.810492+00:00,,5.76219482421875,0.0,8.307999999996202,1426,1153,538.0,499.0
2026-06-18T21:00:36.910389+00:00,,5.658457641601562,0.0,8.307999999996202,1426,1153,538.0,499.0
2026-06-18T21:00:37.010474+00:00,,5.570371704101563,0.0,8.307999999996202,1426,1153,538.0,499.0
2026-06-18T21:00:37.110372+00:00,,5.4726806640625005,0.0,8.307999999996202,1426,1153,538.0,499.0
2026-06-18T21:00:37.210399+00:00,,5.389734497070313,0.0,8.307999999996202,1426,1153,538.0,499.0
2026-06-18T21:00:37.310422+00:00,,5.297750854492188,0.0,8.307999999996202,1426,1153,538.0,499.0
2026-06-18T21:00:37.411455+00:00,,5.219656372070313,0.0,8.307999999996202,1426,1153,538.0,499.0
2026-06-18T21:00:37.510376+00:00,,5.133059692382813,0.0,8.307999999996202,1426,1153,538.0,499.0
2026-06-18T21:00:37.610436+00:00,,5.1012988281250005,0.0,8.307999999996202,1426,1153,538.0,499.0
2026-06-18T21:00:37.710398+00:00,,5.018458251953125,0.0,8.307999999996202,1426,1153,538.0,499.0
2026-06-18T21:00:37.810457+00:00,,4.948134765625,0.0,8.307999999996202,1426,1153,538.0,499.0
2026-06-18T21:00:37.910418+00:00,,4.870163879394531,0.0,8.307999999996202,1426,1153,538.0,499.0
2026-06-18T21:00:38.010406+00:00,,4.794675903320313,0.0,8.307999999996202,1426,1153,538.0,499.0
2026-06-18T21:00:38.110437+00:00,,4.730600280761719,0.0,8.307999999996202,1426,1153,538.0,499.0
2026-06-18T21:00:38.210505+00:00,,4.65956298828125,0.0,8.307999999996202,1426,1153,538.0,499.0
2026-06-18T21:00:38.310433+00:00,,4.599268798828125,0.0,8.307999999996202,1426,1153,538.0,499.0
2026-06-18T21:00:38.410418+00:00,,4.532427368164063,0.0,8.307999999996202,1426,1153,538.0,499.0
2026-06-18T21:00:38.510432+00:00,,4.475697937011719,0.0,8.307999999996202,1426,1153,538.0,499.0
2026-06-18T21:00:38.610468+00:00,,4.420560607910156,0.0,8.307999999996202,1426,1153,538.0,499.0
2026-06-18T21:00:38.710402+00:00,,4.389751892089844,0.0,8.307999999996202,1426,1153,538.0,499.0
2026-06-18T21:00:38.810447+00:00,,4.3296200561523435,0.0,8.307999999996202,1426,1153,538.0,499.0
2026-06-18T21:00:38.910425+00:00,,4.2714172363281255,0.0,8.307999999996202,1426,1153,538.0,499.0
2026-06-18T21:00:39.010465+00:00,,4.222024841308594,0.0,8.307999999996202,1426,1153,538.0,499.0
2026-06-18T21:00:39.407444+00:00,,4.174023742675781,0.0,8.307999999996202,1426,1153,538.0,499.0
2026-06-18T21:00:39.808415+00:00,,3.9772073364257814,0.0,8.307999999996202,1426,1153,538.0,499.0
2026-06-18T21:00:40.210378+00:00,,3.8091134643554687,0.0,8.307999999996202,1426,1153,538.0,499.0
2026-06-18T21:00:40.612315+00:00,,3.6792703247070313,0.0,8.307999999996202,1426,1153,538.0,499.0
2026-06-18T21:00:41.013435+00:00,,3.5457275390625003,17.109333333331353,0.0,2724,686,121.0,499.0
2026-06-18T21:00:41.414180+00:00,,6.108095092773437,34.21866666666756,0.0,4022,686,282.0,499.0
2026-06-18T21:00:41.814104+00:00,,15.149830322265625,51.285333333333256,0.0,5317,686,281.0,499.0
2026-06-18T21:00:42.213171+00:00,,32.207668457031254,64.0,0.0,6281,686,123.0,499.0
2026-06-18T21:00:42.615946+00:00,,53.607006835937504,0.0,17.109333333336206,1426,1647,14.0,499.0
2026-06-18T21:00:42.715703+00:00,,64.8650927734375,0.0,34.1760000000019,1426,2606,322.0,230.0
2026-06-18T21:00:42.815467+00:00,,64.478720703125,0.0,34.1760000000019,1426,2606,115.0,397.0
2026-06-18T21:00:42.916157+00:00,,62.22470703125,0.0,34.1760000000019,1426,2606,133.0,114.0
2026-06-18T21:00:43.015844+00:00,,57.7772021484375,0.0,34.1760000000019,1426,2606,538.0,499.0
2026-06-18T21:00:43.115607+00:00,,52.65021484375,0.0,34.1760000000019,1426,2606,538.0,499.0
2026-06-18T21:00:43.215580+00:00,,48.3373828125,0.0,34.1760000000019,1426,2606,538.0,499.0
2026-06-18T21:00:43.615554+00:00,,44.235087890625,0.0,34.1760000000019,1426,2606,538.0,499.0
2026-06-18T21:00:43.716051+00:00,,28.4824755859375,0.0,34.1760000000019,1426,2606,538.0,499.0
2026-06-18T21:00:44.116568+00:00,,25.43788330078125,0.0,34.1760000000019,1426,2606,538.0,499.0
2026-06-18T21:00:44.216736+00:00,,15.271031494140626,0.0,34.1760000000019,1426,2606,538.0,499.0
2026-06-18T21:00:44.317511+00:00,,13.010269775390626,0.0,34.1760000000019,1426,2606,538.0,499.0
2026-06-18T21:00:44.416514+00:00,,10.598172607421875,0.0,34.1760000000019,1426,2606,538.0,499.0
2026-06-18T21:00:44.516956+00:00,,8.629866333007813,0.0,34.1760000000019,1426,2606,538.0,499.0
2026-06-18T21:00:44.616745+00:00,,6.5337255859375,0.0,34.1760000000019,1426,2606,538.0,499.0
2026-06-18T21:00:44.716547+00:00,,4.591550903320313,0.0,34.1760000000019,1426,2606,538.0,499.0
2026-06-18T21:00:44.817191+00:00,,3.0108065795898438,0.0,34.1760000000019,1426,2606,538.0,499.0
2026-06-18T21:00:44.917497+00:00,,1.3314341735839843,0.0,34.1760000000019,1426,2606,538.0,499.0
2026-06-18T21:00:45.017660+00:00,,0.0,0.0,34.1760000000019,1426,2606,538.0,499.0
2026-06-18T21:00:45.117475+00:00,,0.0,4.399999999995998,0.0,1760,686,79.0,78.0
2026-06-18T21:00:45.218159+00:00,,0.0,8.799999999996999,0.0,2094,686,309.0,414.0
2026-06-18T21:00:45.317892+00:00,,0.0,13.199999999997999,0.0,2427,686,286.0,386.0
2026-06-18T21:00:45.418648+00:00,,0.1557284927368164,17.64399999999796,0.0,2764,686,165.0,130.0
2026-06-18T21:00:45.518472+00:00,,1.0714402770996094,22.04399999999896,0.0,3098,686,319.0,499.0
2026-06-18T21:00:45.618544+00:00,,2.4050723266601564,26.44399999999996,0.0,3432,686,236.0,499.0
2026-06-18T21:00:45.718814+00:00,,4.1889474487304685,30.843999999995958,0.0,3766,686,318.0,499.0
2026-06-18T21:00:45.819515+00:00,,6.79304443359375,0.0,4.4000000000010004,1426,933,20.0,63.0
2026-06-18T21:00:45.918482+00:00,,9.683351440429687,0.0,8.800000000002001,1426,1180,246.0,136.0
2026-06-18T21:00:46.020524+00:00,,12.48899658203125,0.0,8.800000000002001,1426,1180,274.0,133.0
2026-06-18T21:00:46.121531+00:00,,13.518162841796876,0.0,8.800000000002001,1426,1180,187.0,499.0
2026-06-18T21:00:46.220535+00:00,,13.32069580078125,0.0,8.800000000002001,1426,1180,442.0,499.0
2026-06-18T21:00:46.320453+00:00,,12.978798828125,0.0,8.800000000002001,1426,1180,538.0,499.0
2026-06-18T21:00:46.420477+00:00,,12.687796630859376,0.0,8.800000000002001,1426,1180,538.0,499.0
2026-06-18T21:00:46.521458+00:00,,12.524862060546875,0.0,8.800000000002001,1426,1180,538.0,499.0
2026-06-18T21:00:46.621473+00:00,,12.245489501953125,0.0,8.800000000002001,1426,1180,538.0,499.0
2026-06-18T21:00:46.722457+00:00,,11.93500732421875,0.0,8.800000000002001,1426,1180,538.0,499.0
2026-06-18T21:00:46.821464+00:00,,11.67086181640625,0.0,8.800000000002001,1426,1180,538.0,499.0
2026-06-18T21:00:46.922457+00:00,,11.37737548828125,0.0,8.800000000002001,1426,1180,538.0,499.0
2026-06-18T21:00:47.320718+00:00,,11.127747802734374,0.0,8.800000000002001,1426,1180,538.0,499.0
2026-06-18T21:00:47.424508+00:00,,10.130138549804688,0.0,8.800000000002001,1426,1180,538.0,499.0
2026-06-18T21:00:47.822386+00:00,,9.882926635742187,0.0,8.800000000002001,1426,1180,538.0,499.0
2026-06-18T21:00:48.222343+00:00,,9.130379638671876,0.0,8.800000000002001,1426,1180,538.0,499.0
2026-06-18T21:00:48.625334+00:00,,8.351897583007812,0.0,8.800000000002001,1426,1180,538.0,499.0
2026-06-18T21:00:49.027251+00:00,,7.6603637695312505,0.0,8.800000000002001,1426,1180,538.0,499.0
2026-06-18T21:00:49.427186+00:00,,7.124400024414062,0.0,8.800000000002001,1426,1180,538.0,499.0
2026-06-18T21:00:49.826184+00:00,,6.58908203125,0.0,8.800000000002001,1426,1180,538.0,499.0
2026-06-18T21:00:50.227143+00:00,,6.097623291015625,0.0,8.800000000002001,1426,1180,538.0,499.0
2026-06-18T21:00:50.628082+00:00,,5.717678833007812,0.0,8.800000000002001,1426,1180,538.0,499.0
2026-06-18T21:00:50.730516+00:00,,5.314533081054687,0.0,8.800000000002001,1426,1180,538.0,499.0
2026-06-18T21:00:50.830512+00:00,,5.230400390625,0.0,8.800000000002001,1426,1180,538.0,499.0
2026-06-18T21:00:50.929505+00:00,,5.148662719726563,0.0,8.800000000002001,1426,1180,538.0,499.0
2026-06-18T21:00:51.030518+00:00,,5.058097229003907,0.0,8.800000000002001,1426,1180,538.0,499.0
2026-06-18T21:00:51.131644+00:00,,4.981272888183594,0.0,8.800000000002001,1426,1180,538.0,499.0
2026-06-18T21:00:51.232543+00:00,,4.8961572265625,0.0,8.800000000002001,1426,1180,538.0,499.0
2026-06-18T21:00:51.331496+00:00,,4.823960876464844,0.0,8.800000000002001,1426,1180,538.0,499.0
2026-06-18T21:00:51.432544+00:00,,4.743977966308594,0.0,8.800000000002001,1426,1180,538.0,499.0
2026-06-18T21:00:51.532539+00:00,,4.66660888671875,0.0,8.800000000002001,1426,1180,538.0,499.0
2026-06-18T21:00:51.633567+00:00,,4.600989685058594,0.0,8.800000000002001,1426,1180,538.0,499.0
2026-06-18T21:00:51.733518+00:00,,4.528300476074219,0.0,8.800000000002001,1426,1180,538.0,499.0
2026-06-18T21:00:52.134638+00:00,,4.492853698730469,0.0,8.800000000002001,1426,1180,538.0,499.0
2026-06-18T21:00:52.236547+00:00,,4.252816162109375,0.0,8.800000000002001,1426,1180,538.0,499.0
2026-06-18T21:00:52.336523+00:00,,4.1915585327148435,0.0,8.800000000002001,1426,1180,538.0,499.0
2026-06-18T21:00:52.436537+00:00,,4.132317810058594,0.0,8.800000000002001,1426,1180,538.0,499.0
2026-06-18T21:00:52.536567+00:00,,4.082085266113281,0.0,8.800000000002001,1426,1180,538.0,499.0
2026-06-18T21:00:52.636576+00:00,,4.02645263671875,0.0,8.800000000002001,1426,1180,538.0,499.0
2026-06-18T21:00:52.737541+00:00,,3.9792819213867188,0.0,8.800000000002001,1426,1180,538.0,499.0
2026-06-18T21:00:52.836553+00:00,,3.927042236328125,0.0,8.800000000002001,1426,1180,538.0,499.0
2026-06-18T21:00:52.936527+00:00,,3.882750244140625,0.0,8.800000000002001,1426,1180,538.0,499.0
2026-06-18T21:00:53.036538+00:00,,3.8397421264648437,0.0,8.800000000002001,1426,1180,538.0,499.0
2026-06-18T21:00:53.136542+00:00,,3.7921151733398437,0.0,8.800000000002001,1426,1180,538.0,499.0
2026-06-18T21:00:53.534832+00:00,,3.7460647583007813,0.0,8.800000000002001,1426,1180,538.0,499.0
2026-06-18T21:00:53.636566+00:00,,3.606678466796875,0.0,8.800000000002001,1426,1180,538.0,499.0
2026-06-18T21:00:53.736543+00:00,,3.571689453125,0.0,8.800000000002001,1426,1180,538.0,499.0
2026-06-18T21:00:53.836557+00:00,,3.5329470825195313,0.0,8.800000000002001,1426,1180,538.0,499.0
2026-06-18T21:00:53.936545+00:00,,3.495491638183594,0.0,8.800000000002001,1426,1180,538.0,499.0
2026-06-18T21:00:54.035707+00:00,,3.4637405395507814,0.0,8.800000000002001,1426,1180,538.0,499.0
2026-06-18T21:00:54.137566+00:00,,3.4285848999023436,0.0,8.800000000002001,1426,1180,538.0,499.0
2026-06-18T21:00:54.237537+00:00,,3.3987841796875,0.0,8.800000000002001,1426,1180,538.0,499.0
2026-06-18T21:00:54.637641+00:00,,3.3698529052734374,0.0,8.800000000002001,1426,1180,538.0,499.0
2026-06-18T21:00:54.738172+00:00,,3.265955505371094,0.0,8.800000000002001,1426,1180,538.0,499.0
2026-06-18T21:00:54.837895+00:00,,3.2409033203125,0.0,8.800000000002001,1426,1180,538.0,499.0
2026-06-18T21:00:54.937637+00:00,,3.213167724609375,0.0,8.800000000002001,1426,1180,538.0,499.0
2026-06-18T21:00:55.037656+00:00,,3.1896591186523438,0.0,8.800000000002001,1426,1180,538.0,499.0
2026-06-18T21:00:55.138099+00:00,,3.1636328125,0.0,8.800000000002001,1426,1180,538.0,499.0
2026-06-18T21:00:55.237859+00:00,,3.141573486328125,0.0,8.800000000002001,1426,1180,538.0,499.0
2026-06-18T21:00:55.338636+00:00,,3.117152099609375,0.0,8.800000000002001,1426,1180,538.0,499.0
2026-06-18T21:00:55.438608+00:00,,3.0964535522460936,0.0,8.800000000002001,1426,1180,538.0,499.0
2026-06-18T21:00:55.539103+00:00,,3.073539123535156,0.0,8.800000000002001,1426,1180,538.0,499.0
2026-06-18T21:00:55.638826+00:00,,3.0541180419921874,0.0,8.800000000002001,1426,1180,538.0,499.0
2026-06-18T21:00:55.738616+00:00,,3.0432769775390627,0.0,8.800000000002001,1426,1180,538.0,499.0
2026-06-18T21:00:55.839296+00:00,,3.0247427368164064,4.53333333332921,0.0,1770,686,87.0,116.0
2026-06-18T21:00:55.939015+00:00,,2.960091247558594,9.066666666663576,0.0,2114,686,318.0,31.0
2026-06-18T21:00:56.038776+00:00,,2.750257873535156,13.599999999997937,0.0,2458,686,232.0,352.0
2026-06-18T21:00:56.139492+00:00,,3.1463275146484375,18.133333333332303,0.0,2802,686,217.0,499.0
2026-06-18T21:00:56.239271+00:00,,4.075399780273438,22.666666666666664,0.0,3145,686,322.0,499.0
2026-06-18T21:00:56.338992+00:00,,5.367155151367188,27.199999999995875,0.0,3489,686,197.0,499.0
2026-06-18T21:00:56.438749+00:00,,7.494882202148438,31.733333333330243,0.0,3833,686,251.0,499.0
2026-06-18T21:00:56.539494+00:00,,9.861483764648439,0.0,4.5333333333343635,1426,941,28.0,31.0
2026-06-18T21:00:56.939524+00:00,,13.248016357421875,0.0,9.066666666668727,1426,1195,297.0,499.0
2026-06-18T21:00:57.340468+00:00,,15.896329345703125,0.0,9.066666666668727,1426,1195,538.0,499.0
2026-06-18T21:00:57.740438+00:00,,14.344150390625,0.0,9.066666666668727,1426,1195,538.0,499.0
2026-06-18T21:00:58.142366+00:00,,12.91173828125,0.0,9.066666666668727,1426,1195,538.0,499.0
2026-06-18T21:00:58.542365+00:00,,11.67684814453125,0.0,9.066666666668727,1426,1195,538.0,499.0
2026-06-18T21:00:58.943298+00:00,,10.716297607421875,0.0,9.066666666668727,1426,1195,538.0,499.0
2026-06-18T21:00:59.045717+00:00,,9.7229541015625,0.0,9.066666666668727,1426,1195,538.0,499.0
2026-06-18T21:00:59.445039+00:00,,9.477386474609375,0.0,9.066666666668727,1426,1195,538.0,499.0
2026-06-18T21:00:59.545635+00:00,,8.650225219726563,0.0,9.066666666668727,1426,1195,538.0,499.0
2026-06-18T21:00:59.645604+00:00,,8.543514404296875,0.0,9.066666666668727,1426,1195,538.0,499.0
2026-06-18T21:00:59.745609+00:00,,8.360869140625,0.0,9.066666666668727,1426,1195,538.0,499.0
2026-06-18T21:00:59.844616+00:00,,8.1583740234375,0.0,9.066666666668727,1426,1195,538.0,499.0
2026-06-18T21:00:59.946685+00:00,,7.98650634765625,0.0,9.066666666668727,1426,1195,538.0,499.0
2026-06-18T21:01:00.046610+00:00,,7.795989990234375,0.0,9.066666666668727,1426,1195,538.0,499.0
2026-06-18T21:01:00.145612+00:00,,7.6343145751953125,0.0,9.066666666668727,1426,1195,538.0,499.0
2026-06-18T21:01:00.245626+00:00,,7.455122680664062,0.0,9.066666666668727,1426,1195,538.0,499.0
2026-06-18T21:01:00.346615+00:00,,7.303079223632813,0.0,9.066666666668727,1426,1195,538.0,499.0
2026-06-18T21:01:00.447749+00:00,,7.13458740234375,0.0,9.066666666668727,1426,1195,538.0,499.0
2026-06-18T21:01:00.546605+00:00,,6.991641845703125,0.0,9.066666666668727,1426,1195,538.0,499.0
2026-06-18T21:01:00.646629+00:00,,6.833253173828125,0.0,9.066666666668727,1426,1195,538.0,499.0
2026-06-18T21:01:00.746633+00:00,,6.698896484375,0.0,9.066666666668727,1426,1195,538.0,499.0
2026-06-18T21:01:00.847612+00:00,,6.550043334960938,0.0,9.066666666668727,1426,1195,538.0,499.0
2026-06-18T21:01:00.947680+00:00,,6.423790283203125,0.0,9.066666666668727,1426,1195,538.0,499.0
2026-06-18T21:01:01.047601+00:00,,6.35327880859375,0.0,9.066666666668727,1426,1195,538.0,499.0
2026-06-18T21:01:01.147613+00:00,,6.232673950195313,0.0,9.066666666668727,1426,1195,538.0,499.0
2026-06-18T21:01:01.246624+00:00,,6.09908203125,0.0,9.066666666668727,1426,1195,538.0,499.0
2026-06-18T21:01:01.347647+00:00,,5.9857958984375,0.0,9.066666666668727,1426,1195,538.0,499.0
2026-06-18T21:01:01.447688+00:00,,5.875779418945313,0.0,9.066666666668727,1426,1195,538.0,499.0
2026-06-18T21:01:01.546631+00:00,,5.753934326171875,0.0,9.066666666668727,1426,1195,538.0,499.0
2026-06-18T21:01:01.647634+00:00,,5.650623779296875,0.0,9.066666666668727,1426,1195,538.0,499.0
2026-06-18T21:01:01.747643+00:00,,5.5362176513671875,0.0,9.066666666668727,1426,1195,538.0,499.0
2026-06-18T21:01:01.847736+00:00,,5.425599975585937,0.0,9.066666666668727,1426,1195,538.0,499.0
2026-06-18T21:01:01.947607+00:00,,5.331821899414063,0.0,9.066666666668727,1426,1195,538.0,499.0
2026-06-18T21:01:02.046605+00:00,,5.240774536132813,0.0,9.066666666668727,1426,1195,538.0,499.0
2026-06-18T21:01:02.146603+00:00,,5.139965209960938,0.0,9.066666666668727,1426,1195,538.0,499.0
2026-06-18T21:01:02.246612+00:00,,5.0545132446289065,0.0,9.066666666668727,1426,1195,538.0,499.0
2026-06-18T21:01:02.347791+00:00,,5.006809387207031,0.0,9.066666666668727,1426,1195,538.0,499.0
2026-06-18T21:01:02.448634+00:00,,4.9137945556640625,0.0,9.066666666668727,1426,1195,538.0,499.0
2026-06-18T21:01:02.547643+00:00,,4.834957275390625,0.0,9.066666666668727,1426,1195,538.0,499.0
2026-06-18T21:01:02.647626+00:00,,4.747682800292969,0.0,9.066666666668727,1426,1195,538.0,499.0
2026-06-18T21:01:02.748617+00:00,,4.673716125488282,0.0,9.066666666668727,1426,1195,538.0,499.0
2026-06-18T21:01:02.849815+00:00,,4.591838989257813,0.0,9.066666666668727,1426,1195,538.0,499.0
2026-06-18T21:01:02.949627+00:00,,4.512706604003906,0.0,9.066666666668727,1426,1195,538.0,499.0
2026-06-18T21:01:03.049662+00:00,,4.445647583007813,0.0,9.066666666668727,1426,1195,538.0,499.0
2026-06-18T21:01:03.148624+00:00,,4.380563354492188,0.0,9.066666666668727,1426,1195,538.0,499.0
2026-06-18T21:01:03.248643+00:00,,4.30852783203125,0.0,9.066666666668727,1426,1195,538.0,499.0
2026-06-18T21:01:03.348766+00:00,,4.247488098144531,0.0,9.066666666668727,1426,1195,538.0,499.0
2026-06-18T21:01:03.448662+00:00,,4.179932250976562,0.0,9.066666666668727,1426,1195,538.0,499.0
2026-06-18T21:01:03.548645+00:00,,4.114653625488281,0.0,9.066666666668727,1426,1195,538.0,499.0
2026-06-18T21:01:03.648869+00:00,,4.0593435668945315,0.0,9.066666666668727,1426,1195,538.0,499.0
2026-06-18T21:01:03.748696+00:00,,4.028476257324219,0.0,9.066666666668727,1426,1195,538.0,499.0
2026-06-18T21:01:03.848771+00:00,,3.9757180786132813,0.0,9.066666666668727,1426,1195,538.0,499.0
2026-06-18T21:01:03.949643+00:00,,3.9173348999023436,0.0,9.066666666668727,1426,1195,538.0,499.0
2026-06-18T21:01:04.049625+00:00,,3.8678713989257814,0.0,9.066666666668727,1426,1195,538.0,499.0
2026-06-18T21:01:04.149616+00:00,,3.8131369018554686,0.0,9.066666666668727,1426,1195,538.0,499.0
2026-06-18T21:01:04.249630+00:00,,3.7667669677734374,0.0,9.066666666668727,1426,1195,538.0,499.0
2026-06-18T21:01:04.350997+00:00,,3.715457763671875,0.0,9.066666666668727,1426,1195,538.0,499.0
2026-06-18T21:01:04.451784+00:00,,3.671991271972656,0.0,9.066666666668727,1426,1195,538.0,499.0
2026-06-18T21:01:04.551633+00:00,,3.629818115234375,0.0,9.066666666668727,1426,1195,538.0,499.0
2026-06-18T21:01:04.651632+00:00,,3.583155212402344,0.0,9.066666666668727,1426,1195,538.0,499.0
2026-06-18T21:01:05.051678+00:00,,3.538077697753906,0.0,9.066666666668727,1426,1195,538.0,499.0
2026-06-18T21:01:05.452703+00:00,,3.401893310546875,0.0,9.066666666668727,1426,1195,538.0,499.0
2026-06-18T21:01:05.852201+00:00,,3.2626766967773437,0.0,9.066666666668727,1426,1195,538.0,499.0
2026-06-18T21:01:06.253123+00:00,,3.140447692871094,0.0,9.066666666668727,1426,1195,538.0,499.0
2026-06-18T21:01:06.352831+00:00,,3.0432666015625003,0.0,9.066666666668727,1426,1195,538.0,499.0
2026-06-18T21:01:06.453530+00:00,,3.0198794555664064,0.0,9.066666666668727,1426,1195,538.0,499.0
2026-06-18T21:01:06.853495+00:00,,2.994009704589844,4.6666666666677274,0.0,1780,686,538.0,499.0
2026-06-18T21:01:07.253538+00:00,,3.2371160888671877,23.333333333333332,0.0,3196,686,285.0,499.0
2026-06-18T21:01:07.653601+00:00,,8.33249267578125,42.04666666666981,0.0,4616,686,285.0,499.0
2026-06-18T21:01:07.755153+00:00,,20.5532421875,60.76000000000098,0.0,6035,686,192.0,499.0
2026-06-18T21:01:07.854889+00:00,,24.610771484375,0.0,4.6666666666677274,1426,948,281.0,31.0
2026-06-18T21:01:07.954682+00:00,,28.75177490234375,0.0,9.333333333335455,1426,1210,333.0,153.0
2026-06-18T21:01:08.054694+00:00,,34.3555810546875,0.0,9.333333333335455,1426,1210,338.0,180.0
2026-06-18T21:01:08.155121+00:00,,38.24668701171875,0.0,9.333333333335455,1426,1210,319.0,499.0
2026-06-18T21:01:08.255841+00:00,,39.847783203125,0.0,9.333333333335455,1426,1210,316.0,499.0
2026-06-18T21:01:08.355772+00:00,,40.36505126953125,0.0,9.333333333335455,1426,1210,3.0,499.0
2026-06-18T21:01:08.455698+00:00,,39.72882568359375,0.0,9.333333333335455,1426,1210,326.0,499.0
2026-06-18T21:01:08.556103+00:00,,38.73908447265625,0.0,9.333333333335455,1426,1210,538.0,499.0
2026-06-18T21:01:08.655734+00:00,,37.88803955078125,0.0,9.333333333335455,1426,1210,538.0,499.0
2026-06-18T21:01:08.755694+00:00,,36.9326123046875,0.0,9.333333333335455,1426,1210,538.0,499.0
2026-06-18T21:01:08.855726+00:00,,36.11170166015625,0.0,9.333333333335455,1426,1210,538.0,499.0
2026-06-18T21:01:08.956039+00:00,,35.648945312500004,0.0,9.333333333335455,1426,1210,538.0,499.0
2026-06-18T21:01:09.055809+00:00,,34.737263183593754,0.0,9.333333333335455,1426,1210,538.0,499.0
2026-06-18T21:01:09.155685+00:00,,33.954670410156254,0.0,9.333333333335455,1426,1210,538.0,499.0
2026-06-18T21:01:09.256726+00:00,,33.0775537109375,0.0,9.333333333335455,1426,1210,538.0,499.0
2026-06-18T21:01:09.356000+00:00,,32.21882568359375,0.0,9.333333333335455,1426,1210,538.0,499.0
2026-06-18T21:01:09.455805+00:00,,31.48247802734375,0.0,9.333333333335455,1426,1210,538.0,499.0
2026-06-18T21:01:09.555702+00:00,,30.658056640625002,0.0,9.333333333335455,1426,1210,538.0,499.0
2026-06-18T21:01:09.655774+00:00,,29.95159423828125,0.0,9.333333333335455,1426,1210,538.0,499.0
2026-06-18T21:01:09.756928+00:00,,29.16114501953125,0.0,9.333333333335455,1426,1210,538.0,499.0
2026-06-18T21:01:09.856750+00:00,,28.3886376953125,0.0,9.333333333335455,1426,1210,538.0,499.0
2026-06-18T21:01:09.956705+00:00,,27.72730224609375,0.0,9.333333333335455,1426,1210,538.0,499.0
2026-06-18T21:01:10.057711+00:00,,26.988039550781252,0.0,9.333333333335455,1426,1210,538.0,499.0
2026-06-18T21:01:10.157705+00:00,,26.266271972656252,0.0,9.333333333335455,1426,1210,538.0,499.0
2026-06-18T21:01:10.258875+00:00,,25.648928222656252,0.0,9.333333333335455,1426,1210,538.0,499.0
2026-06-18T21:01:10.358713+00:00,,25.302060546875,0.0,9.333333333335455,1426,1210,538.0,499.0
2026-06-18T21:01:10.457743+00:00,,24.621076660156252,0.0,9.333333333335455,1426,1210,538.0,499.0
2026-06-18T21:01:10.557721+00:00,,24.03902587890625,0.0,9.333333333335455,1426,1210,538.0,499.0
2026-06-18T21:01:10.657728+00:00,,23.38941162109375,0.0,9.333333333335455,1426,1210,538.0,499.0
2026-06-18T21:01:10.758872+00:00,,22.83446044921875,0.0,9.333333333335455,1426,1210,538.0,499.0
2026-06-18T21:01:10.857703+00:00,,22.29191162109375,0.0,9.333333333335455,1426,1210,538.0,499.0
2026-06-18T21:01:10.958721+00:00,,21.6868310546875,0.0,9.333333333335455,1426,1210,538.0,499.0
2026-06-18T21:01:11.059693+00:00,,21.0974853515625,0.0,9.333333333335455,1426,1210,538.0,499.0
2026-06-18T21:01:11.159713+00:00,,20.59451416015625,0.0,9.333333333335455,1426,1210,538.0,499.0
2026-06-18T21:01:11.260840+00:00,,20.033974609375,0.0,9.333333333335455,1426,1210,538.0,499.0
2026-06-18T21:01:11.359761+00:00,,19.488421630859374,0.0,9.333333333335455,1426,1210,538.0,499.0
2026-06-18T21:01:11.459760+00:00,,19.22117919921875,0.0,9.333333333335455,1426,1210,538.0,499.0
2026-06-18T21:01:11.559730+00:00,,18.762257080078125,0.0,9.333333333335455,1426,1210,538.0,499.0
2026-06-18T21:01:11.660811+00:00,,18.251207275390627,0.0,9.333333333335455,1426,1210,538.0,499.0
2026-06-18T21:01:11.760893+00:00,,17.815584716796874,0.0,9.333333333335455,1426,1210,538.0,499.0
2026-06-18T21:01:11.860003+00:00,,17.390543212890627,0.0,9.333333333335455,1426,1210,538.0,499.0
2026-06-18T21:01:11.960249+00:00,,16.917498779296874,0.0,9.333333333335455,1426,1210,538.0,499.0
2026-06-18T21:01:12.061138+00:00,,16.457750244140627,0.0,9.333333333335455,1426,1210,538.0,499.0
2026-06-18T21:01:12.160667+00:00,,16.066156005859376,0.0,9.333333333335455,1426,1210,538.0,499.0
2026-06-18T21:01:12.261794+00:00,,15.630579833984376,0.0,9.333333333335455,1426,1210,538.0,499.0
2026-06-18T21:01:12.658507+00:00,,15.2074951171875,0.0,9.333333333335455,1426,1210,538.0,499.0
2026-06-18T21:01:13.060444+00:00,,13.9153564453125,0.0,9.333333333335455,1426,1210,538.0,499.0
2026-06-18T21:01:13.462369+00:00,,12.5301513671875,0.0,9.333333333335455,1426,1210,538.0,499.0
2026-06-18T21:01:13.862363+00:00,,11.336749267578126,0.0,9.333333333335455,1426,1210,538.0,499.0
2026-06-18T21:01:14.265242+00:00,,10.274444580078125,0.0,9.333333333335455,1426,1210,538.0,499.0
2026-06-18T21:01:14.667225+00:00,,9.449993286132813,0.0,9.333333333335455,1426,1210,538.0,499.0
2026-06-18T21:01:14.770814+00:00,,8.599098510742188,0.0,9.333333333335455,1426,1210,538.0,499.0
2026-06-18T21:01:15.168926+00:00,,8.389011840820313,0.0,9.333333333335455,1426,1210,538.0,499.0
2026-06-18T21:01:15.270742+00:00,,7.659223022460938,0.0,9.333333333335455,1426,1210,538.0,499.0
2026-06-18T21:01:15.370769+00:00,,7.4792285156250005,0.0,9.333333333335455,1426,1210,538.0,499.0
2026-06-18T21:01:15.470780+00:00,,7.4132373046875,0.0,9.333333333335455,1426,1210,538.0,499.0
2026-06-18T21:01:15.570763+00:00,,7.241181640625,0.0,9.333333333335455,1426,1210,538.0,499.0
2026-06-18T21:01:15.670988+00:00,,7.095206298828125,0.0,9.333333333335455,1426,1210,538.0,499.0
2026-06-18T21:01:15.770740+00:00,,6.933453369140625,0.0,9.333333333335455,1426,1210,538.0,499.0
2026-06-18T21:01:15.870741+00:00,,6.7962365722656255,0.0,9.333333333335455,1426,1210,538.0,499.0
2026-06-18T21:01:15.970741+00:00,,6.644208984375,0.0,9.333333333335455,1426,1210,538.0,499.0
2026-06-18T21:01:16.370829+00:00,,6.515258178710938,0.0,9.333333333335455,1426,1210,538.0,499.0
2026-06-18T21:01:16.472777+00:00,,6.00324462890625,0.0,9.333333333335455,1426,1210,538.0,499.0
2026-06-18T21:01:16.572766+00:00,,5.877197875976562,0.0,9.333333333335455,1426,1210,538.0,499.0
2026-06-18T21:01:16.671045+00:00,,5.77031982421875,0.0,9.333333333335455,1426,1210,538.0,499.0
2026-06-18T21:01:16.772754+00:00,,5.710640869140625,0.0,9.333333333335455,1426,1210,538.0,499.0
2026-06-18T21:01:16.872777+00:00,,5.594249877929688,0.0,9.333333333335455,1426,1210,538.0,499.0
2026-06-18T21:01:16.972745+00:00,,5.495570678710938,0.0,9.333333333335455,1426,1210,538.0,499.0
2026-06-18T21:01:17.072759+00:00,,5.386300048828125,0.0,9.333333333335455,1426,1210,538.0,499.0
2026-06-18T21:01:17.171864+00:00,,5.293665771484375,0.0,9.333333333335455,1426,1210,538.0,499.0
2026-06-18T21:01:17.272792+00:00,,5.203729858398438,0.0,9.333333333335455,1426,1210,538.0,499.0
2026-06-18T21:01:17.372783+00:00,,5.104153442382812,0.0,9.333333333335455,1426,1210,538.0,499.0
2026-06-18T21:01:17.472836+00:00,,5.019747619628906,0.0,9.333333333335455,1426,1210,538.0,499.0
2026-06-18T21:01:17.573799+00:00,,4.926300964355469,0.0,9.333333333335455,1426,1210,538.0,499.0
2026-06-18T21:01:17.672422+00:00,,4.847097778320313,0.0,9.333333333335455,1426,1210,538.0,499.0
2026-06-18T21:01:17.772780+00:00,,4.759417114257813,0.0,9.333333333335455,1426,1210,538.0,499.0
2026-06-18T21:01:17.872816+00:00,,4.685105895996094,4.799999999995634,0.0,1790,686,87.0,75.0
2026-06-18T21:01:17.973768+00:00,,4.360965881347656,9.599999999996726,0.0,2154,686,191.0,51.0
2026-06-18T21:01:18.073238+00:00,,4.347616271972656,14.399999999997817,0.0,2518,686,166.0,396.0
2026-06-18T21:01:18.172967+00:00,,4.655479431152344,19.19999999999891,0.0,2883,686,375.0,499.0
2026-06-18T21:01:18.273720+00:00,,5.432128295898438,24.0,0.0,3247,686,214.0,499.0
2026-06-18T21:01:18.373431+00:00,,6.97067626953125,28.799999999995634,0.0,3611,686,305.0,499.0
2026-06-18T21:01:18.472225+00:00,,9.150608520507813,33.599999999996726,0.0,3975,686,306.0,499.0
2026-06-18T21:01:18.573949+00:00,,11.592840576171875,0.0,4.847999999999956,1426,958,87.0,32.0
2026-06-18T21:01:18.673893+00:00,,15.084801025390625,0.0,9.648000000001048,1426,1228,311.0,122.0
2026-06-18T21:01:18.774407+00:00,,17.608406982421876,0.0,9.648000000001048,1426,1228,242.0,104.0
2026-06-18T21:01:18.875161+00:00,,18.953621826171876,0.0,9.648000000001048,1426,1228,53.0,499.0
2026-06-18T21:01:18.974883+00:00,,18.686578369140626,0.0,9.648000000001048,1426,1228,323.0,499.0
2026-06-18T21:01:19.075636+00:00,,18.223995361328125,0.0,9.648000000001048,1426,1228,538.0,499.0
2026-06-18T21:01:19.175338+00:00,,17.709376220703124,0.0,9.648000000001048,1426,1228,538.0,499.0
2026-06-18T21:01:19.276110+00:00,,17.271142578125,0.0,9.648000000001048,1426,1228,538.0,499.0
2026-06-18T21:01:19.379264+00:00,,16.783809814453125,0.0,9.648000000001048,1426,1228,538.0,499.0
2026-06-18T21:01:19.775910+00:00,,16.545452880859376,0.0,9.648000000001048,1426,1228,538.0,499.0
2026-06-18T21:01:19.877607+00:00,,14.919272460937501,0.0,9.648000000001048,1426,1228,538.0,499.0
2026-06-18T21:01:19.977305+00:00,,14.500972900390625,0.0,9.648000000001048,1426,1228,538.0,499.0
2026-06-18T21:01:20.077051+00:00,,14.145250244140625,0.0,9.648000000001048,1426,1228,538.0,499.0
2026-06-18T21:01:20.477094+00:00,,13.750194091796875,0.0,9.648000000001048,1426,1228,538.0,499.0
2026-06-18T21:01:20.878010+00:00,,12.372869873046875,0.0,9.648000000001048,1426,1228,538.0,499.0
2026-06-18T21:01:21.279969+00:00,,11.186894531250001,0.0,9.648000000001048,1426,1228,538.0,499.0
2026-06-18T21:01:21.680975+00:00,,10.1994140625,0.0,9.648000000001048,1426,1228,538.0,499.0
2026-06-18T21:01:22.080967+00:00,,9.252305908203125,0.0,9.648000000001048,1426,1228,538.0,499.0
2026-06-18T21:01:22.183817+00:00,,8.384085083007813,0.0,9.648000000001048,1426,1228,538.0,499.0
2026-06-18T21:01:22.583578+00:00,,8.276246948242187,0.0,9.648000000001048,1426,1228,538.0,499.0
2026-06-18T21:01:22.686875+00:00,,7.52229248046875,0.0,9.648000000001048,1426,1228,538.0,499.0
2026-06-18T21:01:23.084306+00:00,,7.359581298828125,0.0,9.648000000001048,1426,1228,538.0,499.0
2026-06-18T21:01:23.188847+00:00,,6.694029541015625,0.0,9.648000000001048,1426,1228,538.0,499.0
2026-06-18T21:01:23.288840+00:00,,6.555455932617187,0.0,9.648000000001048,1426,1228,538.0,499.0
2026-06-18T21:01:23.388834+00:00,,6.420946044921875,0.0,9.648000000001048,1426,1228,538.0,499.0
2026-06-18T21:01:23.487865+00:00,,6.27205322265625,0.0,9.648000000001048,1426,1228,538.0,499.0
2026-06-18T21:01:23.589000+00:00,,6.145877075195313,0.0,9.648000000001048,1426,1228,538.0,499.0
2026-06-18T21:01:23.688857+00:00,,6.006224975585938,0.0,9.648000000001048,1426,1228,538.0,499.0
2026-06-18T21:01:23.788831+00:00,,5.938172607421875,0.0,9.648000000001048,1426,1228,538.0,499.0
2026-06-18T21:01:23.888834+00:00,,5.8218536376953125,0.0,9.648000000001048,1426,1228,538.0,499.0
2026-06-18T21:01:23.990827+00:00,,5.693129272460937,0.0,9.648000000001048,1426,1228,538.0,499.0
2026-06-18T21:01:24.090952+00:00,,5.584071655273438,0.0,9.648000000001048,1426,1228,538.0,499.0
2026-06-18T21:01:24.190807+00:00,,5.463395385742188,0.0,9.648000000001048,1426,1228,538.0,499.0
2026-06-18T21:01:24.289869+00:00,,5.361166381835938,0.0,9.648000000001048,1426,1228,538.0,499.0
2026-06-18T21:01:24.390995+00:00,,5.248056640625,0.0,9.648000000001048,1426,1228,538.0,499.0
2026-06-18T21:01:24.488852+00:00,,5.138794555664062,0.0,9.648000000001048,1426,1228,538.0,499.0
2026-06-18T21:01:24.590987+00:00,,5.0462472534179685,0.0,9.648000000001048,1426,1228,538.0,499.0
2026-06-18T21:01:24.689866+00:00,,4.956468200683594,0.0,9.648000000001048,1426,1228,538.0,499.0
2026-06-18T21:01:24.789882+00:00,,4.85715087890625,0.0,9.648000000001048,1426,1228,538.0,499.0
2026-06-18T21:01:24.889896+00:00,,4.808772277832031,0.0,9.648000000001048,1426,1228,538.0,499.0
2026-06-18T21:01:24.990885+00:00,,4.726110534667969,0.0,9.648000000001048,1426,1228,538.0,499.0
2026-06-18T21:01:25.089003+00:00,,4.634674987792969,0.0,9.648000000001048,1426,1228,538.0,499.0
2026-06-18T21:01:25.190832+00:00,,4.557244567871094,0.0,9.648000000001048,1426,1228,538.0,499.0
2026-06-18T21:01:25.290862+00:00,,4.471601867675782,0.0,9.648000000001048,1426,1228,538.0,499.0
2026-06-18T21:01:25.390079+00:00,,4.388901672363281,0.0,9.648000000001048,1426,1228,538.0,499.0
2026-06-18T21:01:25.490882+00:00,,4.318875427246094,0.0,9.648000000001048,1426,1228,538.0,499.0
2026-06-18T21:01:25.590958+00:00,,4.2509634399414065,0.0,9.648000000001048,1426,1228,538.0,499.0
2026-06-18T21:01:25.690852+00:00,,4.185103149414062,0.0,9.648000000001048,1426,1228,538.0,499.0
2026-06-18T21:01:25.790844+00:00,,4.121234436035157,0.0,9.648000000001048,1426,1228,538.0,499.0
2026-06-18T21:01:25.890824+00:00,,4.059298706054688,0.0,9.648000000001048,1426,1228,538.0,499.0
2026-06-18T21:01:25.990835+00:00,,4.024752502441406,0.0,9.648000000001048,1426,1228,538.0,499.0
2026-06-18T21:01:26.090910+00:00,,3.96573974609375,0.0,9.648000000001048,1426,1228,538.0,499.0
2026-06-18T21:01:26.191850+00:00,,3.908516235351563,0.0,9.648000000001048,1426,1228,538.0,499.0
2026-06-18T21:01:26.292837+00:00,,3.8452410888671875,0.0,9.648000000001048,1426,1228,538.0,499.0
2026-06-18T21:01:26.392839+00:00,,3.78415771484375,0.0,9.648000000001048,1426,1228,538.0,499.0
2026-06-18T21:01:26.492861+00:00,,3.73244873046875,0.0,9.648000000001048,1426,1228,538.0,499.0
2026-06-18T21:01:26.592919+00:00,,3.675275573730469,0.0,9.648000000001048,1426,1228,538.0,499.0
2026-06-18T21:01:26.691854+00:00,,3.6268792724609376,0.0,9.648000000001048,1426,1228,538.0,499.0
2026-06-18T21:01:27.092989+00:00,,3.5733712768554686,0.0,9.648000000001048,1426,1228,538.0,499.0
2026-06-18T21:01:27.194867+00:00,,3.3887673950195314,0.0,9.648000000001048,1426,1228,538.0,499.0
2026-06-18T21:01:27.309230+00:00,,3.3491091918945313,0.0,9.648000000001048,1426,1228,538.0,499.0
2026-06-18T21:01:27.393950+00:00,,3.3269940185546876,0.0,9.648000000001048,1426,1228,538.0,499.0
2026-06-18T21:01:27.493876+00:00,,3.2839236450195313,0.0,9.648000000001048,1426,1228,538.0,499.0
2026-06-18T21:01:27.593918+00:00,,3.2474710083007814,0.0,9.648000000001048,1426,1228,538.0,499.0
2026-06-18T21:01:27.994898+00:00,,3.207174987792969,0.0,9.648000000001048,1426,1228,538.0,499.0
2026-06-18T21:01:28.392452+00:00,,3.068204040527344,0.0,9.648000000001048,1426,1228,538.0,499.0
2026-06-18T21:01:28.793372+00:00,,2.9465997314453127,0.0,9.648000000001048,1426,1228,538.0,499.0
2026-06-18T21:01:29.195302+00:00,,2.853590087890625,19.782666666664376,0.0,2927,686,97.0,499.0
2026-06-18T21:01:29.597238+00:00,,5.773676147460938,39.565333333334365,0.0,4427,686,420.0,499.0
2026-06-18T21:01:29.996272+00:00,,18.14748046875,59.34799999999875,0.0,5928,686,287.0,499.0
2026-06-18T21:01:30.100083+00:00,,36.30577392578125,74.0,0.0,7040,686,303.0,499.0
2026-06-18T21:01:30.199932+00:00,,41.507578125,0.0,4.9333333333288465,1426,963,241.0,31.0
2026-06-18T21:01:30.599977+00:00,,47.515732421875,0.0,9.866666666663303,1426,1240,258.0,499.0
2026-06-18T21:01:31.002627+00:00,,62.320371093750005,0.0,9.866666666663303,1426,1240,283.0,499.0
2026-06-18T21:01:31.103960+00:00,,59.401787109375,0.0,9.866666666663303,1426,1240,538.0,499.0
2026-06-18T21:01:31.204031+00:00,,58.2511474609375,0.0,9.866666666663303,1426,1240,538.0,499.0
2026-06-18T21:01:31.303954+00:00,,57.1111328125,0.0,9.866666666663303,1426,1240,538.0,499.0
2026-06-18T21:01:31.403940+00:00,,55.8218017578125,0.0,9.866666666663303,1426,1240,538.0,499.0
2026-06-18T21:01:31.504284+00:00,,55.1827294921875,0.0,9.866666666663303,1426,1240,538.0,499.0
2026-06-18T21:01:31.603052+00:00,,54.073583984375,0.0,9.866666666663303,1426,1240,538.0,499.0
2026-06-18T21:01:31.703956+00:00,,52.8207763671875,0.0,9.866666666663303,1426,1240,538.0,499.0
2026-06-18T21:01:31.803457+00:00,,51.737890625,0.0,9.866666666663303,1426,1240,538.0,499.0
2026-06-18T21:01:31.903202+00:00,,50.5159521484375,0.0,9.866666666663303,1426,1240,538.0,499.0
2026-06-18T21:01:32.004097+00:00,,49.460781250000004,0.0,9.866666666663303,1426,1240,538.0,499.0
2026-06-18T21:01:32.103935+00:00,,48.4189794921875,0.0,9.866666666663303,1426,1240,538.0,499.0
2026-06-18T21:01:32.203924+00:00,,47.24505859375,0.0,9.866666666663303,1426,1240,538.0,499.0
2026-06-18T21:01:32.303956+00:00,,46.232753906250004,0.0,9.866666666663303,1426,1240,538.0,499.0
2026-06-18T21:01:32.404945+00:00,,45.0931201171875,0.0,9.866666666663303,1426,1240,538.0,499.0
2026-06-18T21:01:32.505027+00:00,,43.9722021484375,0.0,9.866666666663303,1426,1240,538.0,499.0
2026-06-18T21:01:32.604962+00:00,,43.006943359375,0.0,9.866666666663303,1426,1240,538.0,499.0
2026-06-18T21:01:32.703970+00:00,,42.461943359375,0.0,9.866666666663303,1426,1240,538.0,499.0
2026-06-18T21:01:32.803938+00:00,,41.38640625,0.0,9.866666666663303,1426,1240,538.0,499.0
2026-06-18T21:01:32.904929+00:00,,40.33030517578125,0.0,9.866666666663303,1426,1240,538.0,499.0
2026-06-18T21:01:33.005999+00:00,,39.422268066406254,0.0,9.866666666663303,1426,1240,538.0,499.0
2026-06-18T21:01:33.105953+00:00,,38.4029638671875,0.0,9.866666666663303,1426,1240,538.0,499.0
2026-06-18T21:01:33.204921+00:00,,37.52728515625,0.0,9.866666666663303,1426,1240,538.0,499.0
2026-06-18T21:01:33.305944+00:00,,36.5450927734375,0.0,9.866666666663303,1426,1240,538.0,499.0
2026-06-18T21:01:33.405946+00:00,,35.70196044921875,0.0,9.866666666663303,1426,1240,538.0,499.0
2026-06-18T21:01:33.507014+00:00,,34.75700439453125,0.0,9.866666666663303,1426,1240,538.0,499.0
2026-06-18T21:01:33.605947+00:00,,33.946455078125,0.0,9.866666666663303,1426,1240,538.0,499.0
2026-06-18T21:01:33.706968+00:00,,33.03869140625,0.0,9.866666666663303,1426,1240,538.0,499.0
2026-06-18T21:01:33.806930+00:00,,32.2606103515625,0.0,9.866666666663303,1426,1240,538.0,499.0
2026-06-18T21:01:33.906928+00:00,,31.82276611328125,0.0,9.866666666663303,1426,1240,538.0,499.0
2026-06-18T21:01:34.007953+00:00,,30.961801757812502,0.0,9.866666666663303,1426,1240,538.0,499.0
2026-06-18T21:01:34.105925+00:00,,30.12036865234375,0.0,9.866666666663303,1426,1240,538.0,499.0
2026-06-18T21:01:34.206925+00:00,,29.4000390625,0.0,9.866666666663303,1426,1240,538.0,499.0
2026-06-18T21:01:34.306925+00:00,,28.694467773437502,0.0,9.866666666663303,1426,1240,538.0,499.0
2026-06-18T21:01:34.406965+00:00,,27.90603271484375,0.0,9.866666666663303,1426,1240,538.0,499.0
2026-06-18T21:01:34.507919+00:00,,27.23170654296875,0.0,9.866666666663303,1426,1240,538.0,499.0
2026-06-18T21:01:34.606938+00:00,,26.47865234375,0.0,9.866666666663303,1426,1240,538.0,499.0
2026-06-18T21:01:34.707929+00:00,,25.83497802734375,0.0,9.866666666663303,1426,1240,538.0,499.0
2026-06-18T21:01:34.806958+00:00,,25.116579589843752,0.0,9.866666666663303,1426,1240,538.0,499.0
2026-06-18T21:01:34.908144+00:00,,24.41633544921875,0.0,9.866666666663303,1426,1240,538.0,499.0
2026-06-18T21:01:35.007932+00:00,,24.15837890625,0.0,9.866666666663303,1426,1240,538.0,499.0
2026-06-18T21:01:35.107927+00:00,,23.482702636718752,0.0,9.866666666663303,1426,1240,538.0,499.0
2026-06-18T21:01:35.207925+00:00,,22.82459228515625,0.0,9.866666666663303,1426,1240,538.0,499.0
2026-06-18T21:01:35.306933+00:00,,22.26294677734375,0.0,9.866666666663303,1426,1240,538.0,499.0
2026-06-18T21:01:35.409159+00:00,,21.63704833984375,0.0,9.866666666663303,1426,1240,538.0,499.0
2026-06-18T21:01:35.508984+00:00,,21.10316162109375,0.0,9.866666666663303,1426,1240,538.0,499.0
2026-06-18T21:01:35.906831+00:00,,20.50848876953125,0.0,9.866666666663303,1426,1240,538.0,499.0
2026-06-18T21:01:36.308749+00:00,,18.42067138671875,0.0,9.866666666663303,1426,1240,538.0,499.0
2026-06-18T21:01:36.710728+00:00,,16.72375,0.0,9.866666666663303,1426,1240,538.0,499.0
2026-06-18T21:01:36.812969+00:00,,15.079300537109376,0.0,9.866666666663303,1426,1240,538.0,499.0
2026-06-18T21:01:37.210373+00:00,,14.65622802734375,0.0,9.866666666663303,1426,1240,538.0,499.0
2026-06-18T21:01:37.611385+00:00,,13.179840087890625,0.0,9.866666666663303,1426,1240,538.0,499.0
2026-06-18T21:01:37.715008+00:00,,12.031917724609375,0.0,9.866666666663303,1426,1240,538.0,499.0
2026-06-18T21:01:37.814961+00:00,,11.701647949218751,0.0,9.866666666663303,1426,1240,538.0,499.0
2026-06-18T21:01:38.213745+00:00,,11.42112060546875,0.0,9.866666666663303,1426,1240,538.0,499.0
2026-06-18T21:01:38.314963+00:00,,10.303826904296875,0.0,9.866666666663303,1426,1240,538.0,499.0
2026-06-18T21:01:38.415109+00:00,,10.02796875,0.0,9.866666666663303,1426,1240,538.0,499.0
2026-06-18T21:01:38.515032+00:00,,9.793824462890624,0.0,9.866666666663303,1426,1240,538.0,499.0
2026-06-18T21:01:38.616003+00:00,,9.534271850585938,0.0,9.866666666663303,1426,1240,538.0,499.0
2026-06-18T21:01:38.714971+00:00,,9.314013671875001,0.0,9.866666666663303,1426,1240,538.0,499.0
2026-06-18T21:01:38.815969+00:00,,9.069902954101563,0.0,9.866666666663303,1426,1240,538.0,499.0
2026-06-18T21:01:38.917092+00:00,,8.862789916992188,0.0,9.866666666663303,1426,1240,538.0,499.0
2026-06-18T21:01:39.016978+00:00,,8.661566772460938,0.0,9.866666666663303,1426,1240,538.0,499.0
2026-06-18T21:01:39.115975+00:00,,8.54916748046875,0.0,9.866666666663303,1426,1240,538.0,499.0
2026-06-18T21:01:39.216977+00:00,,8.329878540039063,0.0,9.866666666663303,1426,1240,538.0,499.0
2026-06-18T21:01:39.315997+00:00,,8.143883666992188,0.0,9.866666666663303,1426,1240,538.0,499.0
2026-06-18T21:01:39.417096+00:00,,7.937849731445312,0.0,9.866666666663303,1426,1240,538.0,499.0
2026-06-18T21:01:39.517034+00:00,,7.763126831054688,0.0,9.866666666663303,1426,1240,538.0,499.0
2026-06-18T21:01:39.616044+00:00,,7.569609985351563,0.0,9.866666666663303,1426,1240,538.0,499.0
2026-06-18T21:01:39.717007+00:00,,7.3824792480468755,0.0,9.866666666663303,1426,1240,538.0,499.0
2026-06-18T21:01:40.116499+00:00,,7.223825073242188,0.0,9.866666666663303,1426,1240,538.0,499.0
2026-06-18T21:01:40.217115+00:00,,6.59458251953125,0.0,9.866666666663303,1426,1240,538.0,499.0
2026-06-18T21:01:40.317472+00:00,,6.516569213867188,5.066666666667818,0.0,1810,686,86.0,191.0
2026-06-18T21:01:40.415986+00:00,,6.383201293945312,10.133333333329878,0.0,2195,686,198.0,98.0
2026-06-18T21:01:40.517013+00:00,,6.024931640625,15.199999999997695,0.0,2579,686,175.0,343.0
2026-06-18T21:01:40.616008+00:00,,6.315419311523438,20.266666666665515,0.0,2963,686,365.0,499.0
2026-06-18T21:01:40.716209+00:00,,7.2189050292968755,25.333333333333332,0.0,3348,686,222.0,499.0
2026-06-18T21:01:40.816013+00:00,,8.830692138671875,30.45066666666662,0.0,3736,686,256.0,499.0
2026-06-18T21:01:40.916637+00:00,,10.830274658203125,35.517333333334435,0.0,4120,686,221.0,499.0
2026-06-18T21:01:41.017389+00:00,,13.793889160156251,0.0,5.1173333333332875,1426,973,169.0,31.0
2026-06-18T21:01:41.118096+00:00,,17.462427978515624,0.0,10.183999999995345,1426,1258,311.0,65.0
2026-06-18T21:01:41.218066+00:00,,19.976721191406252,0.0,10.183999999995345,1426,1258,270.0,22.0
2026-06-18T21:01:41.317617+00:00,,21.295148925781252,0.0,10.183999999995345,1426,1258,78.0,499.0
2026-06-18T21:01:41.418395+00:00,,21.26,0.0,10.183999999995345,1426,1258,235.0,499.0
2026-06-18T21:01:41.518119+00:00,,20.65272216796875,0.0,10.183999999995345,1426,1258,538.0,499.0
2026-06-18T21:01:41.617869+00:00,,20.12677001953125,0.0,10.183999999995345,1426,1258,538.0,499.0
2026-06-18T21:01:41.717558+00:00,,19.613785400390626,0.0,10.183999999995345,1426,1258,538.0,499.0
2026-06-18T21:01:41.818301+00:00,,19.04311767578125,0.0,10.183999999995345,1426,1258,538.0,499.0
2026-06-18T21:01:41.918072+00:00,,18.488773193359375,0.0,10.183999999995345,1426,1258,538.0,499.0
2026-06-18T21:01:42.018777+00:00,,18.016851806640627,0.0,10.183999999995345,1426,1258,538.0,499.0
2026-06-18T21:01:42.119528+00:00,,17.492220458984374,0.0,10.183999999995345,1426,1258,538.0,499.0
2026-06-18T21:01:42.220254+00:00,,17.04578369140625,0.0,10.183999999995345,1426,1258,538.0,499.0
2026-06-18T21:01:42.320166+00:00,,16.5496875,0.0,10.183999999995345,1426,1258,538.0,499.0
2026-06-18T21:01:42.419735+00:00,,16.127701416015626,0.0,10.183999999995345,1426,1258,538.0,499.0
2026-06-18T21:01:42.519505+00:00,,15.716773681640625,0.0,10.183999999995345,1426,1258,538.0,499.0
2026-06-18T21:01:42.620217+00:00,,15.26039306640625,0.0,10.183999999995345,1426,1258,538.0,499.0
2026-06-18T21:01:42.719951+00:00,,14.872403564453125,0.0,10.183999999995345,1426,1258,538.0,499.0
2026-06-18T21:01:42.819676+00:00,,14.655357666015625,0.0,10.183999999995345,1426,1258,538.0,499.0
2026-06-18T21:01:42.920429+00:00,,14.231246337890624,0.0,10.183999999995345,1426,1258,538.0,499.0
2026-06-18T21:01:43.020156+00:00,,13.87084716796875,0.0,10.183999999995345,1426,1258,538.0,499.0
2026-06-18T21:01:43.119882+00:00,,13.470899658203125,0.0,10.183999999995345,1426,1258,538.0,499.0
2026-06-18T21:01:43.220583+00:00,,13.08337158203125,0.0,10.183999999995345,1426,1258,538.0,499.0
2026-06-18T21:01:43.320327+00:00,,12.7542236328125,0.0,10.183999999995345,1426,1258,538.0,499.0
2026-06-18T21:01:43.420093+00:00,,12.43412841796875,0.0,10.183999999995345,1426,1258,538.0,499.0
2026-06-18T21:01:43.819167+00:00,,12.079123535156251,0.0,10.183999999995345,1426,1258,538.0,499.0
2026-06-18T21:01:44.220176+00:00,,10.845516357421875,0.0,10.183999999995345,1426,1258,538.0,499.0
2026-06-18T21:01:44.620091+00:00,,9.892188720703125,0.0,10.183999999995345,1426,1258,538.0,499.0
2026-06-18T21:01:45.023981+00:00,,8.912664794921875,0.0,10.183999999995345,1426,1258,538.0,499.0
2026-06-18T21:01:45.422950+00:00,,8.0761865234375,0.0,10.183999999995345,1426,1258,538.0,499.0
2026-06-18T21:01:45.824884+00:00,,7.31278076171875,0.0,10.183999999995345,1426,1258,538.0,499.0
2026-06-18T21:01:45.928081+00:00,,6.704883422851562,0.0,10.183999999995345,1426,1258,538.0,499.0
2026-06-18T21:01:46.028069+00:00,,6.558515625,0.0,10.183999999995345,1426,1258,538.0,499.0
2026-06-18T21:01:46.127045+00:00,,6.4165234375,0.0,10.183999999995345,1426,1258,538.0,499.0
2026-06-18T21:01:46.227064+00:00,,6.259446411132813,0.0,10.183999999995345,1426,1258,538.0,499.0
2026-06-18T21:01:46.329083+00:00,,6.126420288085938,0.0,10.183999999995345,1426,1258,538.0,499.0
2026-06-18T21:01:46.430059+00:00,,5.979280395507812,0.0,10.183999999995345,1426,1258,538.0,499.0
2026-06-18T21:01:46.530101+00:00,,5.837193603515625,0.0,10.183999999995345,1426,1258,538.0,499.0
2026-06-18T21:01:46.629060+00:00,,5.716884155273438,0.0,10.183999999995345,1426,1258,538.0,499.0
2026-06-18T21:01:46.729070+00:00,,5.5838330078125,0.0,10.183999999995345,1426,1258,538.0,499.0
2026-06-18T21:01:46.829034+00:00,,5.4711865234375,0.0,10.183999999995345,1426,1258,538.0,499.0
2026-06-18T21:01:46.929031+00:00,,5.346622924804688,0.0,10.183999999995345,1426,1258,538.0,499.0
2026-06-18T21:01:47.030027+00:00,,5.285967407226563,0.0,10.183999999995345,1426,1258,538.0,499.0
2026-06-18T21:01:47.131030+00:00,,5.1678186035156255,0.0,10.183999999995345,1426,1258,538.0,499.0
2026-06-18T21:01:47.229037+00:00,,5.067807006835937,0.0,10.183999999995345,1426,1258,538.0,499.0
2026-06-18T21:01:47.331048+00:00,,4.97084228515625,0.0,10.183999999995345,1426,1258,538.0,499.0
2026-06-18T21:01:47.430076+00:00,,4.863642883300781,0.0,10.183999999995345,1426,1258,538.0,499.0
2026-06-18T21:01:47.530097+00:00,,4.772910766601562,0.0,10.183999999995345,1426,1258,538.0,499.0
2026-06-18T21:01:47.630020+00:00,,4.672610168457031,0.0,10.183999999995345,1426,1258,538.0,499.0
2026-06-18T21:01:47.731208+00:00,,4.575811767578125,0.0,10.183999999995345,1426,1258,538.0,499.0
2026-06-18T21:01:47.831021+00:00,,4.493893127441407,0.0,10.183999999995345,1426,1258,538.0,499.0
2026-06-18T21:01:47.931062+00:00,,4.414488830566406,0.0,10.183999999995345,1426,1258,538.0,499.0
2026-06-18T21:01:48.030051+00:00,,4.3267236328125005,0.0,10.183999999995345,1426,1258,538.0,499.0
2026-06-18T21:01:48.131044+00:00,,4.252457580566406,0.0,10.183999999995345,1426,1258,538.0,499.0
2026-06-18T21:01:48.230555+00:00,,4.160322265625,0.0,10.183999999995345,1426,1258,538.0,499.0
2026-06-18T21:01:48.331071+00:00,,4.130425109863281,0.0,10.183999999995345,1426,1258,538.0,499.0
2026-06-18T21:01:48.432158+00:00,,4.05263427734375,0.0,10.183999999995345,1426,1258,538.0,499.0
2026-06-18T21:01:48.530099+00:00,,3.986816101074219,0.0,10.183999999995345,1426,1258,538.0,499.0
2026-06-18T21:01:48.632593+00:00,,3.914080810546875,0.0,10.183999999995345,1426,1258,538.0,499.0
2026-06-18T21:01:48.733408+00:00,,3.852543640136719,0.0,10.183999999995345,1426,1258,538.0,499.0
2026-06-18T21:01:48.832138+00:00,,3.78454345703125,0.0,10.183999999995345,1426,1258,538.0,499.0
2026-06-18T21:01:48.932213+00:00,,3.7270156860351564,0.0,10.183999999995345,1426,1258,538.0,499.0
2026-06-18T21:01:49.032171+00:00,,3.6634490966796878,0.0,10.183999999995345,1426,1258,538.0,499.0
2026-06-18T21:01:49.132141+00:00,,3.609674987792969,0.0,10.183999999995345,1426,1258,538.0,499.0
2026-06-18T21:01:49.232278+00:00,,3.557569274902344,0.0,10.183999999995345,1426,1258,538.0,499.0
2026-06-18T21:01:49.331087+00:00,,3.4999984741210937,0.0,10.183999999995345,1426,1258,538.0,499.0
2026-06-18T21:01:49.432157+00:00,,3.4444674682617187,0.0,10.183999999995345,1426,1258,538.0,499.0
2026-06-18T21:01:49.531213+00:00,,3.3974954223632814,0.0,10.183999999995345,1426,1258,538.0,499.0
2026-06-18T21:01:49.631143+00:00,,3.351984558105469,0.0,10.183999999995345,1426,1258,538.0,499.0
2026-06-18T21:01:49.731228+00:00,,3.326617431640625,0.0,10.183999999995345,1426,1258,538.0,499.0
2026-06-18T21:01:49.832177+00:00,,3.2772381591796877,0.0,10.183999999995345,1426,1258,538.0,499.0
2026-06-18T21:01:49.931092+00:00,,3.2296136474609374,0.0,10.183999999995345,1426,1258,538.0,499.0
2026-06-18T21:01:50.032114+00:00,,3.1893328857421874,0.0,10.183999999995345,1426,1258,538.0,499.0
2026-06-18T21:01:50.132128+00:00,,3.150308837890625,0.0,10.183999999995345,1426,1258,538.0,499.0
2026-06-18T21:01:50.231299+00:00,,3.1071987915039063,0.0,10.183999999995345,1426,1258,538.0,499.0
2026-06-18T21:01:50.332127+00:00,,3.070738525390625,0.0,10.183999999995345,1426,1258,538.0,499.0
2026-06-18T21:01:50.431310+00:00,,3.0304620361328127,0.0,10.183999999995345,1426,1258,538.0,499.0
2026-06-18T21:01:50.532111+00:00,,2.9963995361328126,0.0,10.183999999995345,1426,1258,538.0,499.0
2026-06-18T21:01:50.631071+00:00,,2.958772888183594,0.0,10.183999999995345,1426,1258,538.0,499.0
2026-06-18T21:01:50.731069+00:00,,2.9269525146484376,0.0,10.183999999995345,1426,1258,538.0,499.0
2026-06-18T21:01:50.832076+00:00,,2.8961276245117187,0.0,10.183999999995345,1426,1258,538.0,499.0
2026-06-18T21:01:50.931465+00:00,,2.8620791625976563,0.0,10.183999999995345,1426,1258,538.0,499.0
2026-06-18T21:01:51.332084+00:00,,2.845513610839844,5.199999999995271,0.0,1820,686,538.0,74.0
2026-06-18T21:01:51.731143+00:00,,3.1203497314453124,26.0,0.0,3398,686,296.0,499.0
2026-06-18T21:01:52.131301+00:00,,8.840386962890625,46.85199999999759,0.0,4980,686,377.0,499.0
2026-06-18T21:01:52.533323+00:00,,22.04261962890625,67.75599999999986,0.0,6566,686,283.0,499.0
2026-06-18T21:01:52.934232+00:00,,44.184711914062504,0.0,20.799999999998818,1426,1855,246.0,499.0
2026-06-18T21:01:53.334050+00:00,,58.0790087890625,0.0,41.651999999996406,1426,3026,538.0,499.0
2026-06-18T21:01:53.735187+00:00,,41.9248388671875,0.0,41.651999999996406,1426,3026,538.0,499.0
2026-06-18T21:01:53.838029+00:00,,24.8839892578125,0.0,41.651999999996406,1426,3026,538.0,499.0
2026-06-18T21:01:54.237841+00:00,,20.45614990234375,0.0,41.651999999996406,1426,3026,538.0,499.0
2026-06-18T21:01:54.337523+00:00,,6.795095825195313,0.0,41.651999999996406,1426,3026,538.0,499.0
2026-06-18T21:01:54.738518+00:00,,3.8441589355468753,0.0,41.651999999996406,1426,3026,538.0,499.0
2026-06-18T21:01:54.838034+00:00,,0.0,0.0,41.651999999996406,1426,3026,538.0,499.0
2026-06-18T21:01:54.937024+00:00,,0.0,5.333333333334545,0.0,1831,686,78.0,218.0
2026-06-18T21:01:55.038018+00:00,,0.0,10.66666666666909,0.0,2235,686,217.0,433.0
2026-06-18T21:01:55.138040+00:00,,0.0,16.000000000003638,0.0,2640,686,222.0,423.0
2026-06-18T21:01:55.238020+00:00,,0.16187232971191406,21.33333333333212,0.0,3044,686,211.0,153.0
2026-06-18T21:01:55.339094+00:00,,1.068875732421875,26.666666666666664,0.0,3449,686,162.0,466.0
2026-06-18T21:01:55.438147+00:00,,2.9965084838867186,32.000000000001215,0.0,3854,686,296.0,499.0
2026-06-18T21:01:55.540157+00:00,,5.637384643554688,37.33333333333576,0.0,4258,686,251.0,499.0
2026-06-18T21:01:55.639179+00:00,,8.648832397460938,0.0,5.386666666666619,1426,989,42.0,63.0
2026-06-18T21:01:55.741106+00:00,,12.79687744140625,0.0,10.720000000001164,1426,1288,287.0,234.0
2026-06-18T21:01:55.839101+00:00,,15.78121826171875,0.0,10.720000000001164,1426,1288,310.0,195.0
2026-06-18T21:01:55.940105+00:00,,17.28929443359375,0.0,10.720000000001164,1426,1288,71.0,499.0
2026-06-18T21:01:56.040115+00:00,,17.26033447265625,0.0,10.720000000001164,1426,1288,147.0,499.0
2026-06-18T21:01:56.140122+00:00,,16.8198828125,0.0,10.720000000001164,1426,1288,538.0,499.0
2026-06-18T21:01:56.241121+00:00,,16.330482177734375,0.0,10.720000000001164,1426,1288,538.0,499.0
2026-06-18T21:01:56.340132+00:00,,16.09361328125,0.0,10.720000000001164,1426,1288,538.0,499.0
2026-06-18T21:01:56.441152+00:00,,15.667384033203126,0.0,10.720000000001164,1426,1288,538.0,499.0
2026-06-18T21:01:56.541184+00:00,,15.19437744140625,0.0,10.720000000001164,1426,1288,538.0,499.0
2026-06-18T21:01:56.642298+00:00,,14.792569580078125,0.0,10.720000000001164,1426,1288,538.0,499.0
2026-06-18T21:01:56.741131+00:00,,14.4017724609375,0.0,10.720000000001164,1426,1288,538.0,499.0
2026-06-18T21:01:56.841152+00:00,,13.968319091796875,0.0,10.720000000001164,1426,1288,538.0,499.0
2026-06-18T21:01:56.941112+00:00,,13.548570556640625,0.0,10.720000000001164,1426,1288,538.0,499.0
2026-06-18T21:01:57.041137+00:00,,13.192254638671875,0.0,10.720000000001164,1426,1288,538.0,499.0
2026-06-18T21:01:57.143365+00:00,,12.8459228515625,0.0,10.720000000001164,1426,1288,538.0,499.0
2026-06-18T21:01:57.242109+00:00,,12.462041015625001,0.0,10.720000000001164,1426,1288,538.0,499.0
2026-06-18T21:01:57.341124+00:00,,12.136322021484375,0.0,10.720000000001164,1426,1288,538.0,499.0
2026-06-18T21:01:57.441139+00:00,,11.81986328125,0.0,10.720000000001164,1426,1288,538.0,499.0
2026-06-18T21:01:57.542156+00:00,,11.469246826171876,0.0,10.720000000001164,1426,1288,538.0,499.0
2026-06-18T21:01:57.642291+00:00,,11.171878662109375,0.0,10.720000000001164,1426,1288,538.0,499.0
2026-06-18T21:01:57.741137+00:00,,11.00581298828125,0.0,10.720000000001164,1426,1288,538.0,499.0
2026-06-18T21:01:57.843176+00:00,,10.68191162109375,0.0,10.720000000001164,1426,1288,538.0,499.0
2026-06-18T21:01:57.943132+00:00,,10.368719482421875,0.0,10.720000000001164,1426,1288,538.0,499.0
2026-06-18T21:01:58.043122+00:00,,10.103215332031251,0.0,10.720000000001164,1426,1288,538.0,499.0
2026-06-18T21:01:58.144328+00:00,,9.845468139648437,0.0,10.720000000001164,1426,1288,538.0,499.0
2026-06-18T21:01:58.244154+00:00,,9.560139770507813,0.0,10.720000000001164,1426,1288,538.0,499.0
2026-06-18T21:01:58.345152+00:00,,9.284385375976562,0.0,10.720000000001164,1426,1288,538.0,499.0
2026-06-18T21:01:58.444187+00:00,,9.0507275390625,0.0,10.720000000001164,1426,1288,538.0,499.0
2026-06-18T21:01:58.545215+00:00,,8.823990478515626,0.0,10.720000000001164,1426,1288,538.0,499.0
2026-06-18T21:01:58.644286+00:00,,8.573099975585938,0.0,10.720000000001164,1426,1288,538.0,499.0
2026-06-18T21:01:58.745147+00:00,,8.360574340820312,0.0,10.720000000001164,1426,1288,538.0,499.0
2026-06-18T21:01:59.144135+00:00,,8.125455322265625,0.0,10.720000000001164,1426,1288,538.0,499.0
2026-06-18T21:01:59.543073+00:00,,7.415529174804687,0.0,10.720000000001164,1426,1288,538.0,499.0
2026-06-18T21:01:59.945052+00:00,,6.690984497070312,0.0,10.720000000001164,1426,1288,538.0,499.0
2026-06-18T21:02:00.344036+00:00,,6.036854858398438,0.0,10.720000000001164,1426,1288,538.0,499.0
2026-06-18T21:02:00.743982+00:00,,5.553881225585938,0.0,10.720000000001164,1426,1288,538.0,499.0
2026-06-18T21:02:00.847240+00:00,,5.0624087524414065,0.0,10.720000000001164,1426,1288,538.0,499.0
2026-06-18T21:02:01.244740+00:00,,4.9422085571289065,0.0,10.720000000001164,1426,1288,538.0,499.0
2026-06-18T21:02:01.347242+00:00,,4.528368835449219,0.0,10.720000000001164,1426,1288,538.0,499.0
2026-06-18T21:02:01.447169+00:00,,4.4396600341796875,0.0,10.720000000001164,1426,1288,538.0,499.0
2026-06-18T21:02:01.846089+00:00,,4.390225219726562,0.0,10.720000000001164,1426,1288,538.0,499.0
2026-06-18T21:02:01.950190+00:00,,4.046888427734375,0.0,10.720000000001164,1426,1288,538.0,499.0
2026-06-18T21:02:02.050208+00:00,,3.9733319091796875,0.0,10.720000000001164,1426,1288,538.0,499.0
2026-06-18T21:02:02.148390+00:00,,3.892106628417969,0.0,10.720000000001164,1426,1288,538.0,499.0
2026-06-18T21:02:02.250199+00:00,,3.8234393310546877,0.0,10.720000000001164,1426,1288,538.0,499.0
2026-06-18T21:02:02.351173+00:00,,3.747618408203125,0.0,10.720000000001164,1426,1288,538.0,499.0
2026-06-18T21:02:02.451285+00:00,,3.6835235595703124,0.0,10.720000000001164,1426,1288,538.0,499.0
2026-06-18T21:02:02.550283+00:00,,3.6127557373046875,0.0,10.720000000001164,1426,1288,538.0,499.0
2026-06-18T21:02:02.649911+00:00,,3.5529360961914063,0.0,10.720000000001164,1426,1288,538.0,499.0
2026-06-18T21:02:02.749680+00:00,,3.4950152587890626,0.0,10.720000000001164,1426,1288,538.0,499.0
2026-06-18T21:02:02.849401+00:00,,3.431068725585938,0.0,10.720000000001164,1426,1288,538.0,499.0
2026-06-18T21:02:02.950148+00:00,,3.377019348144531,0.0,10.720000000001164,1426,1288,538.0,499.0
2026-06-18T21:02:03.049853+00:00,,3.3469091796875,0.0,10.720000000001164,1426,1288,538.0,499.0
2026-06-18T21:02:03.149606+00:00,,3.288332824707031,0.0,10.720000000001164,1426,1288,538.0,499.0
2026-06-18T21:02:03.250325+00:00,,3.23882568359375,0.0,10.720000000001164,1426,1288,538.0,499.0
2026-06-18T21:02:03.351058+00:00,,3.1841741943359376,0.0,10.720000000001164,1426,1288,538.0,499.0
2026-06-18T21:02:03.450847+00:00,,3.137986145019531,0.0,10.720000000001164,1426,1288,538.0,499.0
2026-06-18T21:02:03.550577+00:00,,3.0870010375976564,0.0,10.720000000001164,1426,1288,538.0,499.0
2026-06-18T21:02:03.651262+00:00,,3.0439132690429687,0.0,10.720000000001164,1426,1288,538.0,499.0
2026-06-18T21:02:03.751024+00:00,,2.9963525390625,0.0,10.720000000001164,1426,1288,538.0,499.0
2026-06-18T21:02:03.850736+00:00,,2.9561602783203127,0.0,10.720000000001164,1426,1288,538.0,499.0
2026-06-18T21:02:03.950487+00:00,,2.9172528076171877,0.0,10.720000000001164,1426,1288,538.0,499.0
2026-06-18T21:02:04.051372+00:00,,2.8743084716796874,0.0,10.720000000001164,1426,1288,538.0,499.0
2026-06-18T21:02:04.151951+00:00,,2.832930908203125,0.0,10.720000000001164,1426,1288,538.0,499.0
2026-06-18T21:02:04.251664+00:00,,2.8178067016601562,0.0,10.720000000001164,1426,1288,538.0,499.0
2026-06-18T21:02:04.351440+00:00,,2.7784915161132813,0.0,10.720000000001164,1426,1288,538.0,499.0
2026-06-18T21:02:04.451287+00:00,,2.7406127929687503,0.0,10.720000000001164,1426,1288,538.0,499.0
2026-06-18T21:02:04.552362+00:00,,2.70860595703125,0.0,10.720000000001164,1426,1288,538.0,499.0
2026-06-18T21:02:04.651626+00:00,,2.67328125,0.0,10.720000000001164,1426,1288,538.0,499.0
2026-06-18T21:02:04.751401+00:00,,2.6434335327148437,0.0,10.720000000001164,1426,1288,538.0,499.0
2026-06-18T21:02:04.852244+00:00,,2.610492858886719,0.0,10.720000000001164,1426,1288,538.0,499.0
2026-06-18T21:02:04.952881+00:00,,2.578757629394531,0.0,10.720000000001164,1426,1288,538.0,499.0
2026-06-18T21:02:05.052606+00:00,,2.551944122314453,0.0,10.720000000001164,1426,1288,538.0,499.0
2026-06-18T21:02:05.152361+00:00,,2.5259918212890624,0.0,10.720000000001164,1426,1288,538.0,499.0
2026-06-18T21:02:05.252122+00:00,,2.4973515319824218,0.0,10.720000000001164,1426,1288,538.0,499.0
2026-06-18T21:02:05.352830+00:00,,2.4834274291992187,0.0,10.720000000001164,1426,1288,538.0,499.0
2026-06-18T21:02:05.454216+00:00,,2.4563471984863283,0.0,10.720000000001164,1426,1288,538.0,499.0
2026-06-18T21:02:05.553423+00:00,,2.4334678649902344,0.0,10.720000000001164,1426,1288,538.0,499.0
