timestamp,ref_speed_kmh,actual_speed_kmh,accel_opening,brake_opening,accel_pos,brake_pos,accel_current,brake_current
2026-06-18T22:53:05.938436+00:00,0.0,0.0,0.0,24.0,1426,2034,538.0,499.0
2026-06-18T22:53:06.030152+00:00,0.0,0.0,1.0306347919810044,0.0,1504,686,58.0,484.0
2026-06-18T22:53:06.130161+00:00,0.0,0.0,1.2083408322902311,0.0,1518,686,119.0,250.0
2026-06-18T22:53:06.231201+00:00,0.013199999994688306,0.0,1.3996145801043556,0.0,1532,686,174.0,151.0
2026-06-18T22:53:06.331177+00:00,0.23539999989293597,0.0,1.7031694764734278,0.0,1555,686,83.0,499.0
2026-06-18T22:53:06.431200+00:00,0.45539999979373635,0.0,1.9110538338797811,0.0,1571,686,178.0,499.0
2026-06-18T22:53:06.531229+00:00,0.677599999691984,0.0,2.123933951663166,0.0,1587,686,250.0,499.0
2026-06-18T22:53:06.633209+00:00,0.8997999995902317,0.0,2.337674876458954,0.0,1603,686,175.0,499.0
2026-06-18T22:53:06.734255+00:00,1.1197999994910321,0.0,2.545707355536603,0.0,1619,686,230.0,499.0
2026-06-18T22:53:06.833193+00:00,1.3419999993892797,0.0,2.7610304285307605,0.0,1635,686,134.0,499.0
2026-06-18T22:53:06.934291+00:00,1.5619999992900802,0.0,2.970629390966822,0.0,1651,686,130.0,499.0
2026-06-18T22:53:07.035206+00:00,1.7841999991883277,0.0,3.1875346120884105,0.0,1668,686,250.0,499.0
2026-06-18T22:53:07.136251+00:00,2.0063999990885764,0.0,3.400840452968555,0.0,1684,686,58.0,499.0
2026-06-18T22:53:07.236255+00:00,2.226399998999376,0.0,3.6145367270166417,0.0,1700,686,202.0,499.0
2026-06-18T22:53:07.336222+00:00,2.4463999990001764,0.0,3.823568269998863,0.0,1716,686,160.0,499.0
2026-06-18T22:53:07.436264+00:00,2.6663999990009764,0.0,4.0374576000211215,0.0,1732,686,17.0,499.0
2026-06-18T22:53:07.836460+00:00,2.886399998999776,0.0,4.247705086131735,0.0,1748,686,196.0,499.0
2026-06-18T22:53:08.540307+00:00,4.430399999015282,1.6019659423828125,4.583512121435031,0.0,1774,686,107.0,499.0
2026-06-18T22:53:08.641537+00:00,5.194199999417364,2.7961932373046876,4.725167628714318,0.0,1784,686,95.0,499.0
2026-06-18T22:53:08.743339+00:00,5.384199999518056,3.0965896606445313,4.751705694221289,0.0,1786,686,534.0,499.0
2026-06-18T22:53:08.843326+00:00,5.576099999618405,3.3535415649414064,4.785822235442245,0.0,1789,686,491.0,499.0
2026-06-18T22:53:08.942351+00:00,5.7660999997190965,3.6166949462890625,4.832170630408659,0.0,1793,686,205.0,499.0
2026-06-18T22:53:09.042372+00:00,5.956099999819788,3.7785662841796874,5.032068420358435,0.0,1808,686,234.0,499.0
2026-06-18T22:53:09.142521+00:00,6.146099999918751,4.096490478515625,4.8669352033185325,0.0,1795,686,113.0,499.0
2026-06-18T22:53:09.242344+00:00,6.330400000000372,4.368460693359375,4.881947644565647,0.0,1796,686,14.0,499.0
2026-06-18T22:53:09.342395+00:00,6.490399999999499,4.672382202148437,4.873152074766917,0.0,1796,686,538.0,499.0
2026-06-18T22:53:09.442447+00:00,6.650400000000081,4.932437133789063,4.932276845575181,0.0,1800,686,71.0,499.0
2026-06-18T22:53:09.542407+00:00,6.810400000000664,5.223114013671875,4.8998101562645076,0.0,1798,686,538.0,499.0
2026-06-18T22:53:09.641794+00:00,6.97039999999979,5.471893310546875,4.961147344155864,0.0,1802,686,105.0,499.0
2026-06-18T22:53:09.742364+00:00,7.130400000000373,5.750030517578125,4.930849429810812,0.0,1800,686,538.0,499.0
2026-06-18T22:53:09.842344+00:00,7.2903999999995,5.988131713867188,4.973242660119138,0.0,1803,686,101.0,499.0
2026-06-18T22:53:09.943346+00:00,7.450400000000082,6.2543884277343755,4.933911301560322,0.0,1800,686,395.0,499.0
2026-06-18T22:53:10.043365+00:00,7.610400000000664,6.482368774414063,4.944123158089226,0.0,1801,686,110.0,499.0
2026-06-18T22:53:10.143377+00:00,7.772000000000117,6.705805053710938,4.990005713727536,0.0,1805,686,245.0,499.0
2026-06-18T22:53:10.846038+00:00,8.319900000000416,7.527044677734375,5.017724119763168,0.0,1807,686,102.0,499.0
2026-06-18T22:53:11.247753+00:00,9.22880000000041,8.9690869140625,5.08017202816543,0.0,1811,686,89.0,499.0
2026-06-18T22:53:11.348508+00:00,9.35,9.144268798828126,5.149562938953003,0.0,1817,686,97.0,499.0
2026-06-18T22:53:11.450241+00:00,9.47119999999959,9.360636596679688,5.112680010932894,0.0,1814,686,538.0,499.0
2026-06-18T22:53:11.549768+00:00,9.591200000000025,9.562910766601563,5.15154407005824,0.0,1817,686,154.0,499.0
2026-06-18T22:53:11.648594+00:00,9.711200000000462,9.789372558593751,5.122495574016362,0.0,1815,686,447.0,499.0
2026-06-18T22:53:11.749451+00:00,9.831199999999807,9.983504638671874,5.16348726061818,0.0,1818,686,138.0,499.0
2026-06-18T22:53:11.849883+00:00,9.951200000000245,10.092787475585938,5.185303403386588,0.0,1819,686,5.0,499.0
2026-06-18T22:53:11.949605+00:00,10.071199999999589,10.3078271484375,5.183449178575631,0.0,1819,686,465.0,499.0
2026-06-18T22:53:12.049334+00:00,10.191200000000027,10.492208251953125,5.193398675951518,0.0,1820,686,361.0,499.0
2026-06-18T22:53:12.148970+00:00,10.311200000000463,10.698719482421875,5.193829776125931,0.0,1820,686,538.0,499.0
2026-06-18T22:53:12.249674+00:00,10.428599999999824,10.87581787109375,5.233701169888958,0.0,1823,686,242.0,499.0
2026-06-18T22:53:12.349343+00:00,10.538600000000224,11.074202880859374,5.216392243959925,0.0,1822,686,538.0,499.0
2026-06-18T22:53:12.449053+00:00,10.648599999999623,11.268411865234375,5.229274273095516,0.0,1823,686,538.0,499.0
2026-06-18T22:53:12.549561+00:00,10.758600000000024,11.435,5.256159733968083,0.0,1825,686,144.0,499.0
2026-06-18T22:53:12.651518+00:00,10.868600000000423,11.5985400390625,5.3066533498157185,0.0,1829,686,75.0,499.0
2026-06-18T22:53:12.749492+00:00,10.978599999999824,11.7817919921875,5.305985037342059,0.0,1829,686,538.0,499.0
2026-06-18T22:53:12.849518+00:00,11.088600000000223,11.939017333984376,5.3788601250575665,0.0,1834,686,168.0,499.0
2026-06-18T22:53:12.952540+00:00,11.199699999999847,12.115220947265625,5.399579221607305,0.0,1836,686,538.0,499.0
2026-06-18T22:53:13.351274+00:00,11.309700000000248,12.26641845703125,5.473599859000988,0.0,1841,686,143.0,499.0
2026-06-18T22:53:14.053284+00:00,12.243399999999928,13.327891845703125,5.888982336718133,0.0,1873,686,198.0,499.0
2026-06-18T22:53:14.156734+00:00,12.803399999999419,14.029190673828126,6.20025521562762,0.0,1896,686,270.0,499.0
2026-06-18T22:53:14.255584+00:00,12.95579999999991,14.1896484375,6.305560141575128,0.0,1904,686,215.0,499.0
2026-06-18T22:53:14.354598+00:00,13.135800000000563,14.38236328125,6.377747233132864,0.0,1910,686,237.0,499.0
2026-06-18T22:53:14.454600+00:00,13.31579999999958,14.50411376953125,6.453824388257845,0.0,1916,686,10.0,499.0
2026-06-18T22:53:14.555601+00:00,13.495800000000235,14.714156494140624,6.552266094296616,0.0,1923,686,76.0,499.0
2026-06-18T22:53:14.654782+00:00,13.675799999999253,14.94959716796875,6.576762186953894,0.0,1925,686,523.0,499.0
2026-06-18T22:53:14.755601+00:00,13.855799999999908,15.151668701171875,6.688212559458074,0.0,1933,686,287.0,499.0
2026-06-18T22:53:14.855625+00:00,14.035800000000563,15.35014892578125,6.7955528034092865,0.0,1942,686,120.0,499.0
2026-06-18T22:53:14.954642+00:00,14.21579999999958,15.572686767578125,6.862986774374344,0.0,1947,686,172.0,499.0
2026-06-18T22:53:15.055634+00:00,14.395800000000236,15.7858740234375,6.967885501327368,0.0,1955,686,221.0,499.0
2026-06-18T22:53:15.154990+00:00,14.575799999999253,16.007041015625,7.039606258020393,0.0,1960,686,420.0,499.0
2026-06-18T22:53:15.255633+00:00,14.771299999999883,16.22428466796875,7.185651338300113,0.0,1971,686,132.0,499.0
2026-06-18T22:53:15.355639+00:00,15.001300000000718,16.437691650390626,7.300995689027316,0.0,1980,686,244.0,499.0
2026-06-18T22:53:15.455663+00:00,15.231299999999464,16.67214599609375,7.3710963916091465,0.0,1985,686,103.0,499.0
2026-06-18T22:53:15.555683+00:00,15.461300000000302,16.809510498046876,7.629609332628354,0.0,2005,686,245.0,499.0
2026-06-18T22:53:15.954212+00:00,15.691299999999046,17.046549072265627,7.584122508647093,0.0,2001,686,408.0,499.0
2026-06-18T22:53:16.658667+00:00,17.37800000000061,18.870933837890625,8.411042854043643,0.0,2064,686,116.0,499.0
2026-06-18T22:53:16.759216+00:00,18.497999999999593,19.904195556640627,8.950254488908767,0.0,2105,686,169.0,499.0
2026-06-18T22:53:17.162437+00:00,19.629200000000857,21.063825683593752,9.481894825744801,0.0,2145,686,182.0,499.0
2026-06-18T22:53:17.264170+00:00,19.928699999999207,21.2011328125,9.859168102548884,0.0,2174,686,170.0,499.0
2026-06-18T22:53:17.362804+00:00,20.25870000000041,21.50280029296875,9.80828880479244,0.0,2170,686,538.0,499.0
2026-06-18T22:53:17.761967+00:00,20.588699999998607,21.8743505859375,9.904481616825944,0.0,2177,686,538.0,499.0
2026-06-18T22:53:17.863280+00:00,21.912000000001083,23.28591552734375,10.343104903428907,0.0,2211,686,164.0,499.0
2026-06-18T22:53:17.963009+00:00,22.24199999999928,23.666601562500002,10.432998409648642,0.0,2217,686,390.0,499.0
2026-06-18T22:53:18.062822+00:00,22.572000000000482,24.0233154296875,10.553913193545021,0.0,2227,686,270.0,499.0
2026-06-18T22:53:18.163338+00:00,22.90199999999868,24.43363525390625,10.62658763275615,0.0,2232,686,489.0,499.0
2026-06-18T22:53:18.263946+00:00,23.243999999999872,24.81151611328125,10.746285888763397,0.0,2241,686,283.0,499.0
2026-06-18T22:53:18.362827+00:00,23.60400000000118,25.23550048828125,10.832187950156296,0.0,2248,686,119.0,499.0
2026-06-18T22:53:18.764556+00:00,23.963999999999213,25.599775390625002,10.993554493777,0.0,2260,686,127.0,499.0
2026-06-18T22:53:19.467274+00:00,26.498400000001492,28.238427734375,11.712908926262912,0.0,2315,686,285.0,499.0
2026-06-18T22:53:19.570942+00:00,28.014800000001742,29.8066357421875,12.14854822808234,0.0,2348,686,110.0,499.0
2026-06-18T22:53:19.671009+00:00,28.39479999999967,30.22586181640625,12.149811502995611,0.0,2348,686,538.0,499.0
2026-06-18T22:53:19.769936+00:00,28.77480000000105,30.61597412109375,12.286736592678396,0.0,2358,686,167.0,499.0
2026-06-18T22:53:19.870958+00:00,29.15479999999898,31.05429931640625,12.277879583602488,0.0,2357,686,538.0,499.0
2026-06-18T22:53:19.970935+00:00,29.53480000000036,31.44568359375,12.386781777281923,0.0,2366,686,191.0,499.0
2026-06-18T22:53:20.071914+00:00,29.91480000000174,31.9074951171875,12.361753059545256,0.0,2364,686,181.0,499.0
2026-06-18T22:53:20.171021+00:00,30.294799999999668,32.1353125,12.508793163461089,0.0,2375,686,14.0,499.0
2026-06-18T22:53:20.270936+00:00,30.665600000000996,32.57985107421875,12.48706820531663,0.0,2373,686,21.0,499.0
2026-06-18T22:53:20.370939+00:00,31.02559999999903,33.00031982421875,12.566577964105665,0.0,2379,686,176.0,499.0
2026-06-18T22:53:20.471006+00:00,31.38560000000034,33.47291748046875,12.585606006081658,0.0,2381,686,538.0,499.0
2026-06-18T22:53:20.571973+00:00,31.74560000000165,33.8796826171875,12.636866620981106,0.0,2385,686,223.0,499.0
2026-06-18T22:53:20.671985+00:00,32.10559999999968,34.33705078125,12.66174260024516,0.0,2387,686,538.0,499.0
2026-06-18T22:53:20.771000+00:00,32.465600000001,34.73085205078125,12.710192491759377,0.0,2390,686,262.0,499.0
2026-06-18T22:53:20.871034+00:00,32.82559999999903,35.17380126953125,12.724747695493908,0.0,2391,686,538.0,499.0
2026-06-18T22:53:20.971003+00:00,33.18560000000034,35.555322265625,12.769137764637073,0.0,2395,686,51.0,499.0
2026-06-18T22:53:21.370445+00:00,33.55279999999984,35.98461181640625,12.798181649023576,0.0,2397,686,538.0,499.0
2026-06-18T22:53:21.771170+00:00,34.94319999999862,37.33248779296875,13.08991314068357,0.0,2419,686,235.0,499.0
2026-06-18T22:53:22.176082+00:00,37.32999999999938,40.02000732421875,13.159507009239586,0.0,2424,686,96.0,499.0
2026-06-18T22:53:22.275015+00:00,37.65500000000056,40.41653564453125,13.142978924414745,0.0,2423,686,538.0,499.0
2026-06-18T22:53:22.375064+00:00,37.964999999998874,40.75872314453125,13.209035503079395,0.0,2428,686,87.0,499.0
2026-06-18T22:53:22.474041+00:00,38.275,41.14447265625,13.15382852452211,0.0,2424,686,229.0,499.0
2026-06-18T22:53:22.574062+00:00,38.58500000000113,41.5246923828125,13.15035829154425,0.0,2424,686,538.0,499.0
2026-06-18T22:53:22.674276+00:00,38.894999999999435,41.66587890625,13.451987699700062,0.0,2446,686,377.0,499.0
2026-06-18T22:53:22.775071+00:00,39.208100000001195,42.0387255859375,13.25263484819348,0.0,2431,686,128.0,499.0
2026-06-18T22:53:22.875072+00:00,39.51809999999951,42.4182421875,13.197141251621126,0.0,2427,686,82.0,499.0
2026-06-18T22:53:22.975084+00:00,39.82810000000063,42.76677734375,13.226826007869988,0.0,2429,686,54.0,499.0
2026-06-18T22:53:23.075086+00:00,40.13809999999894,43.1598876953125,13.133779398887574,0.0,2422,686,120.0,499.0
2026-06-18T22:53:23.176088+00:00,40.4512000000007,43.499404296875,13.120667306357971,0.0,2421,686,197.0,499.0
2026-06-18T22:53:23.276185+00:00,40.740399999999134,43.882465820312504,13.058754410643886,0.0,2417,686,90.0,499.0
2026-06-18T22:53:23.376137+00:00,41.01040000000012,44.2221923828125,13.033417933313151,0.0,2415,686,21.0,499.0
2026-06-18T22:53:23.775229+00:00,41.2804000000011,44.458017578125,13.145773374399337,0.0,2423,686,538.0,499.0
2026-06-18T22:53:23.877136+00:00,42.363100000000664,45.2054931640625,13.48418164184584,0.0,2449,686,263.0,499.0
2026-06-18T22:53:24.580470+00:00,43.434399999999,46.3103662109375,13.310897773356961,0.0,2436,686,59.0,499.0
2026-06-18T22:53:24.987241+00:00,45.1336000000003,48.2954345703125,13.13775995540749,0.0,2423,686,538.0,499.0
2026-06-18T22:53:25.087770+00:00,45.37359999999899,48.462802734375,13.17331422059258,0.0,2425,686,357.0,499.0
2026-06-18T22:53:25.187478+00:00,45.61359999999986,48.6522802734375,13.168158786474375,0.0,2425,686,538.0,499.0
2026-06-18T22:53:25.287206+00:00,45.828000000000614,48.8165283203125,13.154948812182935,0.0,2424,686,115.0,499.0
2026-06-18T22:53:25.387827+00:00,46.02999999999993,48.90974609375,13.292605407463245,0.0,2434,686,144.0,499.0
2026-06-18T22:53:25.488524+00:00,46.23000000000066,49.086357421875,13.217179705929713,0.0,2429,686,72.0,499.0
2026-06-18T22:53:25.588428+00:00,46.429999999999566,49.219033203125,13.259776926502255,0.0,2432,686,108.0,499.0
2026-06-18T22:53:25.688891+00:00,46.6320000000007,49.369335937500004,13.257844071980777,0.0,2432,686,538.0,499.0
2026-06-18T22:53:25.789583+00:00,46.83199999999961,49.5182421875,13.252899342138335,0.0,2431,686,538.0,499.0
2026-06-18T22:53:25.889293+00:00,47.03200000000034,49.6474072265625,13.249868708990011,0.0,2431,686,538.0,499.0
2026-06-18T22:53:25.990246+00:00,47.233999999999654,49.793759765625,13.240659238854212,0.0,2430,686,538.0,499.0
2026-06-18T22:53:26.089651+00:00,47.43400000000038,49.920732421875,13.23839566759262,0.0,2430,686,538.0,499.0
2026-06-18T22:53:26.192279+00:00,47.6359999999997,50.064609375,13.225577958083402,0.0,2429,686,538.0,499.0
2026-06-18T22:53:26.292234+00:00,47.80880000000034,50.189443359375,13.208757771967788,0.0,2428,686,49.0,499.0
2026-06-18T22:53:26.393235+00:00,47.97039999999979,50.3309228515625,13.204871460107327,0.0,2428,686,538.0,499.0
2026-06-18T22:53:26.494269+00:00,48.1320000000007,50.45369140625,13.210342058049624,0.0,2428,686,538.0,499.0
2026-06-18T22:53:26.595417+00:00,48.291999999999824,50.5928369140625,13.20675260045066,0.0,2428,686,538.0,499.0
2026-06-18T22:53:26.992886+00:00,48.45200000000041,50.7135986328125,13.212633346940088,0.0,2428,686,538.0,499.0
2026-06-18T22:53:27.693736+00:00,49.50520000000033,51.53392578125,13.1164613909767,0.0,2421,686,108.0,499.0
2026-06-18T22:53:27.796317+00:00,49.98640000000014,52.0157568359375,13.019216153098787,0.0,2414,686,299.0,499.0
2026-06-18T22:53:27.896330+00:00,50.10759999999973,52.1227197265625,13.007987405278449,0.0,2413,686,298.0,499.0
2026-06-18T22:53:27.998315+00:00,50.227600000000166,52.2174853515625,12.961271611502987,0.0,2409,686,477.0,499.0
2026-06-18T22:53:28.097477+00:00,50.34759999999951,52.2645947265625,12.951257842617856,0.0,2408,686,37.0,499.0
2026-06-18T22:53:28.197330+00:00,50.46759999999995,52.3466064453125,12.93535480733781,0.0,2407,686,243.0,499.0
2026-06-18T22:53:28.296339+00:00,50.558400000000255,52.439663085937504,12.889096934315285,0.0,2404,686,538.0,499.0
2026-06-18T22:53:28.397350+00:00,50.63839999999982,52.532021484375,12.881760998253796,0.0,2403,686,347.0,499.0
2026-06-18T22:53:28.497345+00:00,50.71840000000011,52.6122607421875,12.880400391426953,0.0,2403,686,538.0,499.0
2026-06-18T22:53:28.597483+00:00,50.799199999999836,52.7033251953125,12.874061730924137,0.0,2403,686,538.0,499.0
2026-06-18T22:53:28.697361+00:00,50.879200000000125,52.782451171875,12.88450348674301,0.0,2403,686,538.0,499.0
2026-06-18T22:53:28.799391+00:00,50.95999999999985,52.872255859375,12.867108858904812,0.0,2402,686,538.0,499.0
2026-06-18T22:53:28.899385+00:00,51.04080000000031,52.9502880859375,12.878079680181635,0.0,2403,686,538.0,499.0
2026-06-18T22:53:29.001381+00:00,51.12079999999987,53.038857421875,12.861062971222687,0.0,2402,686,538.0,499.0
2026-06-18T22:53:29.100440+00:00,51.20080000000016,53.115830078125,12.860856064727967,0.0,2402,686,538.0,499.0
2026-06-18T22:53:29.199406+00:00,51.28079999999972,53.1923095703125,12.872092464057523,0.0,2402,686,538.0,499.0
2026-06-18T22:53:29.598793+00:00,51.36080000000001,53.279130859375,12.848614878283184,0.0,2401,686,538.0,499.0
2026-06-18T22:53:30.303573+00:00,51.92479999999996,53.7975830078125,12.784725173135875,0.0,2396,686,76.0,499.0
2026-06-18T22:53:30.406461+00:00,52.209799999999994,54.104208984375,12.71958510257269,0.0,2391,686,297.0,499.0
2026-06-18T22:53:30.506449+00:00,52.26980000000022,54.17462890625,12.715053871753256,0.0,2391,686,538.0,499.0
2026-06-18T22:53:30.608535+00:00,52.33040000000001,54.254599609375,12.705873190172104,0.0,2390,686,538.0,499.0
2026-06-18T22:53:30.709470+00:00,52.390999999999806,54.3241259765625,12.711822900675003,0.0,2390,686,538.0,499.0
2026-06-18T22:53:30.809488+00:00,52.45100000000002,54.4030908203125,12.698991997460189,0.0,2389,686,538.0,499.0
2026-06-18T22:53:30.908746+00:00,52.511000000000244,54.442373046875,12.71666786311399,0.0,2391,686,195.0,499.0
2026-06-18T22:53:31.009457+00:00,52.57099999999991,54.5108056640625,12.729552282557371,0.0,2392,686,538.0,499.0
2026-06-18T22:53:31.109012+00:00,52.631600000000255,54.5885302734375,12.719513548883523,0.0,2391,686,538.0,499.0
2026-06-18T22:53:31.209497+00:00,52.69159999999993,54.6561181640625,12.731899860699286,0.0,2392,686,538.0,499.0
2026-06-18T22:53:31.309390+00:00,52.76020000000017,54.7328857421875,12.71620875009729,0.0,2391,686,538.0,499.0
2026-06-18T22:53:31.409094+00:00,52.830199999999785,54.799648437500004,12.71823665865041,0.0,2391,686,538.0,499.0
2026-06-18T22:53:31.809605+00:00,52.90020000000004,54.8754833984375,12.696245481762656,0.0,2389,686,538.0,499.0
2026-06-18T22:53:31.912575+00:00,53.18230000000021,55.164765625,12.656359663284011,0.0,2386,686,91.0,499.0
2026-06-18T22:53:32.312599+00:00,53.252299999999835,55.2291064453125,12.64257499016108,0.0,2385,686,538.0,499.0
2026-06-18T22:53:33.014109+00:00,53.69520000000011,55.6609130859375,12.594094090310456,0.0,2381,686,84.0,499.0
2026-06-18T22:53:33.118584+00:00,53.93640000000014,55.9228125,12.54262877814957,0.0,2377,686,280.0,499.0
2026-06-18T22:53:33.218594+00:00,53.996999999999936,56.006108398437505,12.492795515251128,0.0,2374,686,538.0,499.0
2026-06-18T22:53:33.319017+00:00,54.04750000000013,56.0366748046875,12.527831740209477,0.0,2376,686,538.0,499.0
2026-06-18T22:53:33.419718+00:00,54.097999999999956,56.071430664062504,12.527815240415674,0.0,2376,686,538.0,499.0
2026-06-18T22:53:33.520746+00:00,54.14800000000014,56.0887353515625,12.558713591725631,0.0,2379,686,538.0,499.0
2026-06-18T22:53:33.619597+00:00,54.197999999999865,56.11890625,12.54721334180433,0.0,2378,686,538.0,499.0
2026-06-18T22:53:33.719610+00:00,54.24800000000005,56.1532080078125,12.552030747354898,0.0,2378,686,538.0,499.0
2026-06-18T22:53:33.820620+00:00,54.29800000000023,56.18306640625,12.559057765552254,0.0,2379,686,538.0,499.0
2026-06-18T22:53:33.919623+00:00,54.347999999999956,56.2170166015625,12.56378784576285,0.0,2379,686,538.0,499.0
2026-06-18T22:53:34.021807+00:00,54.39800000000014,56.246572265625,12.570953205974895,0.0,2380,686,538.0,499.0
2026-06-18T22:53:34.120622+00:00,54.447999999999865,56.28017578125,12.575916756413152,0.0,2380,686,538.0,499.0
2026-06-18T22:53:34.220650+00:00,54.49800000000005,56.30943359375,12.583534658131477,0.0,2381,686,338.0,499.0
2026-06-18T22:53:34.319662+00:00,54.54800000000023,56.3385498046875,12.601550829815803,0.0,2382,686,538.0,499.0
2026-06-18T22:53:34.421641+00:00,54.597999999999956,56.371655273437504,12.609608354390708,0.0,2383,686,538.0,499.0
2026-06-18T22:53:34.820475+00:00,54.64800000000014,56.4045849609375,12.621986169930967,0.0,2384,686,538.0,499.0
2026-06-18T22:53:35.518314+00:00,54.99800000000005,56.5985107421875,12.798955313788012,0.0,2397,686,122.0,499.0
2026-06-18T22:53:35.621705+00:00,55.23819999999996,56.7166162109375,12.905566568662438,0.0,2405,686,276.0,499.0
2026-06-18T22:53:35.721716+00:00,55.29820000000018,56.747724609375,12.924693461955707,0.0,2406,686,538.0,499.0
2026-06-18T22:53:35.820725+00:00,55.358199999999854,56.7689892578125,12.918672990812688,0.0,2406,686,13.0,499.0
2026-06-18T22:53:35.922182+00:00,55.41820000000007,56.927138671875,12.849757945271723,0.0,2401,686,67.0,499.0
2026-06-18T22:53:36.021837+00:00,55.47820000000029,57.084931640625,12.817465092298676,0.0,2398,686,191.0,499.0
2026-06-18T22:53:36.121722+00:00,55.53819999999996,57.264111328125004,12.771640321321188,0.0,2395,686,538.0,499.0
2026-06-18T22:53:36.221750+00:00,55.59820000000018,57.330986328125,12.806792819020146,0.0,2398,686,6.0,499.0
2026-06-18T22:53:36.321768+00:00,55.667899999999825,57.508496093750004,12.750680644468993,0.0,2393,686,339.0,499.0
2026-06-18T22:53:36.420786+00:00,55.73790000000008,57.68482421875,12.71285390333253,0.0,2390,686,88.0,499.0
2026-06-18T22:53:36.521848+00:00,55.80790000000034,57.838154296875004,12.686021639617218,0.0,2388,686,236.0,499.0
2026-06-18T22:53:36.620773+00:00,55.877899999999954,57.990605468750005,12.681516055993221,0.0,2388,686,538.0,499.0
2026-06-18T22:53:37.020928+00:00,55.94790000000021,58.140537109375,12.691073505632618,0.0,2389,686,538.0,499.0
2026-06-18T22:53:37.124832+00:00,56.22999999999974,58.3517333984375,12.854361107152076,0.0,2401,686,282.0,499.0
2026-06-18T22:53:37.225841+00:00,56.30090000000018,58.40044921875,12.893856719107017,0.0,2404,686,538.0,499.0
2026-06-18T22:53:37.325799+00:00,56.391799999999876,58.44896484375,12.95970381275142,0.0,2409,686,108.0,499.0
2026-06-18T22:53:38.028618+00:00,56.75359999999991,58.6341650390625,13.192063656363427,0.0,2427,686,77.0,499.0
2026-06-18T22:53:38.430273+00:00,57.46910000000044,59.68375,13.293901058955836,0.0,2434,686,538.0,499.0
2026-06-18T22:53:38.530985+00:00,57.59909999999973,59.8759716796875,13.319255423470995,0.0,2436,686,538.0,499.0
2026-06-18T22:53:38.630621+00:00,57.7291000000002,60.0432275390625,13.329507553768103,0.0,2437,686,314.0,499.0
2026-06-18T22:53:38.731342+00:00,57.86039999999976,60.2333203125,13.331264131590942,0.0,2437,686,538.0,499.0
2026-06-18T22:53:39.130006+00:00,57.99040000000023,60.39875,13.369409742363848,0.0,2440,686,538.0,499.0
2026-06-18T22:53:39.232744+00:00,58.515300000000025,61.0060400390625,13.595124379727125,0.0,2457,686,247.0,499.0
2026-06-18T22:53:39.332449+00:00,58.685300000000645,61.18578125,13.615682461781438,0.0,2459,686,538.0,499.0
2026-06-18T22:53:39.432142+00:00,58.855299999999716,61.372080078125,13.614710298469877,0.0,2459,686,331.0,499.0
2026-06-18T22:53:39.532939+00:00,59.025300000000335,61.5838720703125,13.621466634947001,0.0,2459,686,538.0,499.0
2026-06-18T22:53:39.632526+00:00,59.195299999999406,61.7682177734375,13.666746444319031,0.0,2463,686,183.0,499.0
2026-06-18T22:53:39.732185+00:00,59.365300000000026,61.9516845703125,13.68915178419894,0.0,2464,686,175.0,499.0
2026-06-18T22:53:39.832993+00:00,59.535300000000646,62.1603076171875,13.69831122596444,0.0,2465,686,538.0,499.0
2026-06-18T22:53:39.933961+00:00,59.70529999999972,62.341943359375,13.772077772937557,0.0,2471,686,166.0,499.0
2026-06-18T22:53:40.333352+00:00,59.87530000000034,62.5485107421875,13.782145856718376,0.0,2472,686,487.0,499.0
2026-06-18T22:53:41.034194+00:00,61.2751999999994,63.8616796875,14.089248804726274,0.0,2495,686,196.0,499.0
2026-06-18T22:53:41.141995+00:00,62.12360000000035,64.7105078125,14.22905613335964,0.0,2505,686,321.0,499.0
2026-06-18T22:53:41.242012+00:00,62.340799999999575,64.9327880859375,14.24666750383175,0.0,2507,686,331.0,499.0
2026-06-18T22:53:41.342031+00:00,62.58080000000045,65.152919921875,14.258421845404824,0.0,2508,686,116.0,499.0
2026-06-18T22:53:41.442232+00:00,62.820799999999146,65.4033984375,14.244918987426045,0.0,2507,686,538.0,499.0
2026-06-18T22:53:41.541081+00:00,63.060800000000015,65.621640625,14.247118119870729,0.0,2507,686,85.0,499.0
2026-06-18T22:53:41.641043+00:00,63.30080000000089,65.83902832031251,14.280606751622672,0.0,2509,686,60.0,499.0
2026-06-18T22:53:41.742050+00:00,63.54320000000007,66.08646484375001,14.240098437147678,0.0,2506,686,346.0,499.0
2026-06-18T22:53:41.842076+00:00,63.783200000000946,66.3021142578125,14.270314912606043,0.0,2509,686,102.0,499.0
2026-06-18T22:53:41.942287+00:00,64.02319999999963,66.424990234375,14.409243308136096,0.0,2519,686,189.0,499.0
2026-06-18T22:53:42.043076+00:00,64.26320000000051,66.639423828125,14.322394998266082,0.0,2512,686,76.0,499.0
2026-06-18T22:53:42.144084+00:00,64.50559999999969,66.88357421875,14.280811905822414,0.0,2509,686,538.0,499.0
2026-06-18T22:53:42.243081+00:00,64.74560000000056,67.0964306640625,14.280130048833241,0.0,2509,686,87.0,499.0
2026-06-18T22:53:42.343142+00:00,64.98559999999925,67.338837890625,14.247569752744775,0.0,2507,686,538.0,499.0
2026-06-18T22:53:42.443277+00:00,65.22560000000013,67.5803515625,14.214915687859289,0.0,2504,686,159.0,499.0
2026-06-18T22:53:42.544127+00:00,65.46799999999931,67.8210107421875,14.18553679853092,0.0,2502,686,538.0,499.0
2026-06-18T22:53:42.644098+00:00,65.70800000000017,68.0309033203125,14.165302884590794,0.0,2501,686,125.0,499.0
2026-06-18T22:53:42.745134+00:00,65.94800000000104,68.2700244140625,14.128256943982791,0.0,2498,686,538.0,499.0
2026-06-18T22:53:42.845102+00:00,66.18799999999973,68.478623046875,14.118325841148422,0.0,2497,686,401.0,499.0
2026-06-18T22:53:43.244409+00:00,66.42800000000061,68.7163134765625,14.035065052573518,0.0,2491,686,383.0,499.0
2026-06-18T22:53:43.645139+00:00,67.35620000000063,69.4839501953125,13.924902029585343,0.0,2482,686,60.0,499.0
2026-06-18T22:53:44.051176+00:00,68.83670000000048,70.4040380859375,13.792674172360504,0.0,2472,686,47.0,499.0
2026-06-18T22:53:44.151509+00:00,69.04879999999976,70.5233056640625,13.678724739968272,0.0,2464,686,61.0,499.0
2026-06-18T22:53:44.252251+00:00,69.24200000000037,70.5988818359375,13.66072541251472,0.0,2462,686,41.0,499.0
2026-06-18T22:53:44.352196+00:00,69.39199999999956,70.652431640625,13.68365084451229,0.0,2464,686,538.0,499.0
2026-06-18T22:53:44.451611+00:00,69.5420000000001,70.699296875,13.709602153604093,0.0,2466,686,69.0,499.0
2026-06-18T22:53:44.552208+00:00,69.69200000000065,70.726083984375,13.759593202736287,0.0,2470,686,118.0,499.0
2026-06-18T22:53:44.652236+00:00,69.84350000000013,70.7796728515625,13.748651234916899,0.0,2469,686,538.0,499.0
2026-06-18T22:53:44.753226+00:00,69.99499999999962,70.82657714843751,13.770479183396256,0.0,2471,686,538.0,499.0
2026-06-18T22:53:45.152354+00:00,70.14650000000047,70.8802001953125,13.758913502822308,0.0,2470,686,538.0,499.0
2026-06-18T22:53:45.256258+00:00,70.73960000000044,71.0814794921875,13.748482231781454,0.0,2469,686,21.0,499.0
2026-06-18T22:53:45.356906+00:00,70.86080000000003,71.13521484375,13.741993991670093,0.0,2468,686,538.0,499.0
2026-06-18T22:53:45.757608+00:00,71.34199999999983,71.33696777343751,13.759935152316375,0.0,2470,686,538.0,499.0
2026-06-18T22:53:46.461432+00:00,71.82439999999988,71.5391748046875,13.651726946774948,0.0,2462,686,66.0,499.0
2026-06-18T22:53:46.863331+00:00,72.41120000000011,71.87060546875,13.617648112151706,0.0,2459,686,538.0,499.0
2026-06-18T22:53:46.963405+00:00,72.49119999999967,71.9180859375,13.604430528959456,0.0,2458,686,81.0,499.0
2026-06-18T22:53:47.063315+00:00,72.57119999999996,71.9723876953125,13.599894887939662,0.0,2458,686,538.0,499.0
2026-06-18T22:53:47.163195+00:00,72.65199999999969,72.0199462890625,13.599369261374722,0.0,2458,686,538.0,499.0
2026-06-18T22:53:47.264328+00:00,72.72799999999998,72.0743408203125,13.58477518087057,0.0,2457,686,538.0,499.0
2026-06-18T22:53:47.364366+00:00,72.79800000000023,72.121982421875,13.570209327892668,0.0,2455,686,538.0,499.0
2026-06-18T22:53:47.465371+00:00,72.86799999999985,72.169658203125,13.563291649040869,0.0,2455,686,538.0,499.0
2026-06-18T22:53:47.564375+00:00,72.9380000000001,72.19692382812501,13.580290255603568,0.0,2456,686,366.0,499.0
2026-06-18T22:53:47.664410+00:00,73.00799999999973,72.25148925781251,13.53617872414158,0.0,2453,686,435.0,499.0
2026-06-18T22:53:47.764373+00:00,73.07799999999997,72.29927734375,13.521125959664525,0.0,2452,686,538.0,499.0
2026-06-18T22:53:47.863356+00:00,73.14800000000024,72.3618359375,13.46407366906782,0.0,2447,686,77.0,499.0
2026-06-18T22:53:47.965379+00:00,73.21799999999985,72.389248046875,13.459681712955875,0.0,2447,686,538.0,499.0
2026-06-18T22:53:48.064395+00:00,73.28800000000011,72.4206201171875,13.433066424744716,0.0,2445,686,538.0,499.0
2026-06-18T22:53:48.163390+00:00,73.35799999999972,72.4481103515625,13.412846724381284,0.0,2443,686,88.0,499.0
2026-06-18T22:53:48.263392+00:00,73.416,72.4795703125,13.378215177111718,0.0,2441,686,538.0,499.0
2026-06-18T22:53:48.364403+00:00,73.45600000000013,72.50713378906251,13.371563724248084,0.0,2440,686,538.0,499.0
2026-06-18T22:53:48.465411+00:00,73.49599999999991,72.5347314453125,13.371302503943511,0.0,2440,686,538.0,499.0
2026-06-18T22:53:49.165288+00:00,73.65679999999993,72.653427734375,13.334518048560557,0.0,2438,686,538.0,499.0
2026-06-18T22:53:49.570479+00:00,73.90350000000008,72.84879394531251,13.156953768879752,0.0,2424,686,162.0,499.0
2026-06-18T22:53:49.968610+00:00,73.93349999999991,72.8808740234375,13.120185520420211,0.0,2421,686,481.0,499.0
2026-06-18T22:53:50.071471+00:00,74.05380000000014,73.0016455078125,12.529396067600846,0.0,2376,686,144.0,499.0
2026-06-18T22:53:50.469593+00:00,74.08410000000003,73.0461474609375,12.083652806343826,0.0,2343,686,538.0,499.0
2026-06-18T22:53:50.572530+00:00,74.0652,73.02689453125001,10.845879614531853,0.0,2249,686,132.0,499.0
2026-06-18T22:53:50.671536+00:00,74.05519999999997,73.0379296875,10.517845754895266,0.0,2224,686,77.0,499.0
2026-06-18T22:53:51.371770+00:00,74.01509999999999,72.747880859375,9.502577890868581,0.0,2147,686,538.0,499.0
2026-06-18T22:53:51.775936+00:00,73.89959999999992,72.2980078125,7.594278616372552,0.0,2002,686,157.0,499.0
2026-06-18T22:53:52.477853+00:00,73.61840000000011,70.948056640625,3.8234010161366276,0.0,1716,686,106.0,499.0
2026-06-18T22:53:52.580361+00:00,73.20730000000003,69.693388671875,2.1843481877890407,0.0,1592,686,89.0,499.0
2026-06-18T22:53:52.982115+00:00,72.76509999999999,68.07271484375,1.0000715940783222,0.0,1502,686,277.0,499.0
2026-06-18T22:53:53.082767+00:00,72.65509999999958,67.6565966796875,0.0,4.377704161126386,1426,932,283.0,62.0
2026-06-18T22:53:53.181658+00:00,72.54510000000019,67.23748046875001,0.0,4.2845874007849565,1426,927,220.0,66.0
2026-06-18T22:53:53.282165+00:00,72.39969999999967,67.0059326171875,0.0,4.2103127006126355,1426,923,538.0,89.0
2026-06-18T22:53:53.382847+00:00,72.22970000000059,66.3869287109375,0.0,3.8770282512320255,1426,904,538.0,99.0
2026-06-18T22:53:53.483674+00:00,72.05799999999962,65.892890625,0.0,3.7677304956940634,1426,898,538.0,82.0
2026-06-18T22:53:53.583671+00:00,71.88800000000056,65.4618359375,0.0,3.6060344324510374,1426,889,538.0,108.0
2026-06-18T22:53:53.683685+00:00,71.71799999999993,64.9658544921875,0.0,3.413352726509713,1426,878,538.0,0.0
2026-06-18T22:53:53.784665+00:00,71.54799999999932,64.5290185546875,0.0,3.2652180902024046,1426,869,538.0,101.0
2026-06-18T22:53:53.884797+00:00,71.37800000000024,64.0265869140625,0.0,3.093199186609264,1426,860,538.0,17.0
2026-06-18T22:53:54.583170+00:00,70.66799999999911,62.1137451171875,0.0,2.409810526208898,1426,821,538.0,499.0
2026-06-18T22:53:54.987778+00:00,69.12140000000016,58.9694921875,0.0,1.5141487107369098,1426,771,538.0,3.0
2026-06-18T22:53:55.388871+00:00,68.20640000000057,56.961103515625,0.0,1.0,1426,742,538.0,212.0
2026-06-18T22:53:55.487762+00:00,67.9663999999997,56.420927734375,0.0,1.0,1426,742,538.0,398.0
2026-06-18T22:53:55.587776+00:00,67.72640000000101,55.9468701171875,0.0,1.0,1426,742,538.0,499.0
2026-06-18T22:53:55.688762+00:00,67.48640000000013,55.4715966796875,0.0,0.0,1426,686,538.0,138.0
2026-06-18T22:53:55.787807+00:00,67.24639999999927,54.92705078125,0.0,0.0,1426,686,538.0,499.0
2026-06-18T22:53:55.889915+00:00,67.00400000000009,54.3811572265625,0.0,0.0,1426,686,538.0,499.0
2026-06-18T22:53:55.988805+00:00,66.76399999999921,53.9024951171875,0.0,0.0,1426,686,538.0,499.0
2026-06-18T22:53:56.089789+00:00,66.52160000000003,53.6285888671875,0.0,0.0,1426,686,538.0,499.0
2026-06-18T22:53:56.189800+00:00,66.28159999999916,53.148647460937504,1.0,0.0,1502,686,120.0,499.0
2026-06-18T22:53:56.290812+00:00,66.05259999999998,52.599287109375,1.0,0.0,1502,686,272.0,499.0
2026-06-18T22:53:56.391921+00:00,65.83259999999919,52.11794921875,1.0,0.0,1502,686,538.0,499.0
2026-06-18T22:53:56.490854+00:00,65.61260000000038,51.567236328125,1.1770697931921674,0.0,1515,686,110.0,499.0
2026-06-18T22:53:56.890070+00:00,65.39259999999959,51.0159912109375,1.4152531918552427,0.0,1533,686,180.0,499.0
2026-06-18T22:53:57.290799+00:00,64.51039999999993,49.0154736328125,2.1649356120756016,0.0,1590,686,29.0,499.0
2026-06-18T22:53:57.692916+00:00,63.15579999999991,45.860693359375,9.209547390633468,0.0,2125,686,311.0,499.0
2026-06-18T22:53:57.792893+00:00,62.97579999999925,45.363583984375,9.804304996640798,0.0,2170,686,288.0,499.0
2026-06-18T22:53:57.892969+00:00,62.795800000000234,44.9904541015625,10.2104964592261,0.0,2201,686,99.0,499.0
2026-06-18T22:53:57.993001+00:00,62.61579999999958,45.0111328125,10.515554276359778,0.0,2224,686,106.0,499.0
2026-06-18T22:53:58.093916+00:00,62.4340000000002,45.074521484375,10.886729052725045,0.0,2252,686,314.0,499.0
2026-06-18T22:53:58.193968+00:00,62.25399999999954,45.157978515625004,11.268687065278083,0.0,2281,686,181.0,499.0
2026-06-18T22:53:58.593958+00:00,61.71900000000014,45.7003515625,12.873536355402617,0.0,2403,686,138.0,499.0
2026-06-18T22:53:58.994420+00:00,61.19770000000035,46.679814453125,14.38310342363455,0.0,2517,686,282.0,499.0
2026-06-18T22:53:59.094108+00:00,61.067699999999874,46.923349609375,15.011936043829404,0.0,2565,686,437.0,499.0
2026-06-18T22:53:59.193971+00:00,60.9376999999994,47.30876953125,15.265345459169591,0.0,2584,686,306.0,499.0
2026-06-18T22:53:59.897658+00:00,60.63820000000014,49.0923876953125,16.10815941682301,0.0,2648,686,317.0,499.0
2026-06-18T22:54:00.597512+00:00,60.18520000000008,52.463154296875004,17.884301186582476,0.0,2783,686,282.0,499.0
2026-06-18T22:54:00.700091+00:00,60.10480000000007,54.8483740234375,18.520962616260856,0.0,2831,686,93.0,499.0
2026-06-18T22:54:00.800055+00:00,60.084799999999994,55.394775390625,18.438225464077632,0.0,2825,686,262.0,499.0
2026-06-18T22:54:00.901199+00:00,60.06460000000006,56.09234375,18.08145351791431,0.0,2798,686,54.0,499.0
2026-06-18T22:54:01.003043+00:00,60.04439999999995,56.721767578125004,17.928074860497702,0.0,2786,686,278.0,499.0
2026-06-18T22:54:01.102063+00:00,60.02440000000006,57.242519531250004,17.785626880332103,0.0,2775,686,166.0,499.0
2026-06-18T22:54:01.203098+00:00,60.00439999999999,57.676787109375,17.673999918703924,0.0,2767,686,107.0,499.0
2026-06-18T22:54:01.303090+00:00,60.03120000000017,57.9232080078125,17.666242245228275,0.0,2766,686,129.0,499.0
2026-06-18T22:54:01.403122+00:00,60.071199999999955,58.41236328125,17.500267010694262,0.0,2754,686,174.0,499.0
2026-06-18T22:54:01.502081+00:00,60.111200000000096,58.8394091796875,17.369119982761298,0.0,2744,686,158.0,499.0
2026-06-18T22:54:01.602118+00:00,60.15119999999988,59.273681640625,17.265945307501603,0.0,2736,686,67.0,499.0
2026-06-18T22:54:01.703084+00:00,60.19160000000011,59.6335595703125,17.213745393836653,0.0,2732,686,317.0,499.0
2026-06-18T22:54:01.803113+00:00,60.23159999999989,60.0415673828125,17.067688105051108,0.0,2721,686,131.0,499.0
2026-06-18T22:54:01.905141+00:00,60.272399999999834,60.4461669921875,16.983421751317785,0.0,2714,686,146.0,499.0
2026-06-18T22:54:02.005111+00:00,60.312399999999975,60.8131005859375,16.897775027244727,0.0,2708,686,95.0,499.0
2026-06-18T22:54:02.105128+00:00,60.352400000000124,61.17998046875,16.853921667692223,0.0,2705,686,453.0,499.0
2026-06-18T22:54:02.205262+00:00,60.3923999999999,61.498740234375,16.804829111889557,0.0,2701,686,82.0,499.0
2026-06-18T22:54:02.306110+00:00,60.48100000000013,61.860532226562505,16.76544953371225,0.0,2698,686,538.0,499.0
2026-06-18T22:54:03.005054+00:00,60.88199999999997,63.0188232421875,16.579828411650908,0.0,2684,686,235.0,499.0
2026-06-18T22:54:03.410244+00:00,61.73300000000072,65.158017578125,16.6186613616316,0.0,2687,686,77.0,499.0
2026-06-18T22:54:03.510187+00:00,61.91299999999974,65.4281298828125,16.68391613944577,0.0,2692,686,217.0,499.0
2026-06-18T22:54:03.610181+00:00,62.09480000000076,65.6970068359375,16.719724743151158,0.0,2694,686,251.0,499.0
2026-06-18T22:54:03.710183+00:00,62.276600000000144,66.002822265625,16.655742820410943,0.0,2690,686,342.0,499.0
2026-06-18T22:54:03.812215+00:00,62.4566000000008,66.3071240234375,16.664309268337846,0.0,2690,686,538.0,499.0
2026-06-18T22:54:03.911232+00:00,62.63659999999982,66.572177734375,16.697960843991773,0.0,2693,686,207.0,499.0
2026-06-18T22:54:04.310343+00:00,62.81660000000047,66.72314453125,16.943408682046886,0.0,2711,686,538.0,499.0
2026-06-18T22:54:04.413260+00:00,63.653600000000736,68.089853515625,16.72694577784246,0.0,2695,686,129.0,499.0
2026-06-18T22:54:04.513240+00:00,63.895999999999916,68.50161132812501,16.66591861611385,0.0,2690,686,101.0,499.0
2026-06-18T22:54:04.614255+00:00,64.1383999999991,68.860126953125,16.627960771880225,0.0,2687,686,37.0,499.0
2026-06-18T22:54:05.314879+00:00,65.0984000000004,70.2429931640625,16.591520964581175,0.0,2685,686,538.0,499.0
2026-06-18T22:54:06.017641+00:00,66.98599999999969,71.9918701171875,17.01336449509744,0.0,2717,686,227.0,499.0
2026-06-18T22:54:06.118304+00:00,68.10600000000123,73.2530126953125,17.045035007966096,0.0,2719,686,335.0,499.0
2026-06-18T22:54:06.218980+00:00,68.3859999999997,73.671494140625,16.991188549276686,0.0,2715,686,307.0,499.0
2026-06-18T22:54:06.318719+00:00,68.70400000000082,74.03653808593751,16.97862997327684,0.0,2714,686,107.0,499.0
2026-06-18T22:54:06.418389+00:00,69.02719999999972,74.4525146484375,16.921106605989184,0.0,2710,686,293.0,499.0
2026-06-18T22:54:06.520361+00:00,69.35040000000154,74.815498046875,16.935137007250518,0.0,2711,686,32.0,499.0
2026-06-18T22:54:06.620766+00:00,69.67360000000045,75.2292578125,16.82554135720481,0.0,2702,686,182.0,499.0
2026-06-18T22:54:06.721423+00:00,69.9935999999987,75.5904248046875,16.83651156324827,0.0,2703,686,105.0,499.0
2026-06-18T22:54:06.821118+00:00,70.31359999999987,76.002255859375,16.727743835684333,0.0,2695,686,327.0,499.0
2026-06-18T22:54:06.920829+00:00,70.63360000000102,76.1564501953125,17.00611492445647,0.0,2716,686,185.0,499.0
2026-06-18T22:54:07.022489+00:00,70.95679999999993,76.5670361328125,16.745306432173376,0.0,2696,686,140.0,499.0
2026-06-18T22:54:07.122185+00:00,71.27680000000109,76.925634765625,16.764947744053163,0.0,2698,686,64.0,499.0
2026-06-18T22:54:07.221877+00:00,71.59679999999935,77.334765625,16.655683921859396,0.0,2690,686,249.0,499.0
2026-06-18T22:54:07.322593+00:00,71.92670000000052,77.757373046875,16.58113799635828,0.0,2684,686,124.0,499.0
2026-06-18T22:54:07.422413+00:00,72.25669999999873,78.10837890625,16.60767758660774,0.0,2686,686,538.0,499.0
2026-06-18T22:54:07.522409+00:00,72.58669999999992,78.3515234375,16.65349756052936,0.0,2689,686,285.0,499.0
2026-06-18T22:54:07.623442+00:00,72.91670000000113,78.629560546875,16.65935629255567,0.0,2690,686,538.0,499.0
2026-06-18T22:54:07.723427+00:00,73.24669999999932,78.8730078125,16.680482918149114,0.0,2691,686,165.0,499.0
2026-06-18T22:54:07.824618+00:00,73.57670000000053,79.1514453125,16.699471928452596,0.0,2693,686,538.0,499.0
2026-06-18T22:54:08.223847+00:00,73.90669999999874,79.39529296875,16.735216607626135,0.0,2696,686,133.0,499.0
2026-06-18T22:54:08.924661+00:00,76.30700000000016,81.2551123046875,16.880420959733065,0.0,2707,686,76.0,499.0
2026-06-18T22:54:09.027539+00:00,77.70699999999889,82.682890625,16.610497740918383,0.0,2686,686,118.0,499.0
2026-06-18T22:54:09.126501+00:00,78.05700000000016,83.01677734375001,16.604555043010762,0.0,2686,686,74.0,499.0
2026-06-18T22:54:09.227542+00:00,78.4068000000014,83.398837890625,16.472278966484968,0.0,2676,686,75.0,499.0
2026-06-18T22:54:09.327624+00:00,78.74679999999954,83.7523828125,16.43327204178335,0.0,2673,686,36.0,499.0
2026-06-18T22:54:09.427572+00:00,79.08680000000076,84.040537109375,16.380825211039088,0.0,2669,686,63.0,499.0
2026-06-18T22:54:09.527581+00:00,79.42679999999892,84.14882812500001,16.562281850740806,0.0,2682,686,165.0,499.0
2026-06-18T22:54:09.627529+00:00,79.76680000000015,84.4382421875,16.363837843541347,0.0,2667,686,102.0,499.0
2026-06-18T22:54:09.727540+00:00,80.10680000000139,84.692265625,16.326562512689748,0.0,2665,686,50.0,499.0
2026-06-18T22:54:09.827658+00:00,80.44679999999953,84.98353515625,16.248747167970706,0.0,2659,686,57.0,499.0
2026-06-18T22:54:09.927793+00:00,80.78680000000077,85.27309570312501,16.183173136630295,0.0,2654,686,362.0,499.0
2026-06-18T22:54:10.027648+00:00,81.12679999999891,85.510244140625,16.16557415010851,0.0,2652,686,243.0,499.0
2026-06-18T22:54:10.127670+00:00,81.47020000000084,85.78232421875,16.06218345761524,0.0,2644,686,50.0,499.0
2026-06-18T22:54:10.227512+00:00,81.80929999999907,86.030126953125,16.047499566616153,0.0,2643,686,104.0,499.0
2026-06-18T22:54:10.328581+00:00,82.12240000000084,86.282822265625,15.922427670447286,0.0,2634,686,56.0,499.0
2026-06-18T22:54:10.428508+00:00,82.43239999999915,86.50494140625,15.890577697048537,0.0,2631,686,349.0,499.0
2026-06-18T22:54:10.527527+00:00,82.74240000000027,86.75998046875,15.78065123540532,0.0,2623,686,60.0,499.0
2026-06-18T22:54:10.627503+00:00,83.0524000000014,86.870302734375,15.791223010364334,0.0,2624,686,16.0,499.0
2026-06-18T22:54:11.327624+00:00,84.29240000000027,87.79201171875,15.441856196249791,0.0,2597,686,538.0,499.0
2026-06-18T22:54:11.727913+00:00,86.15999999999977,89.179921875,14.785201635982407,0.0,2548,686,94.0,499.0
2026-06-18T22:54:11.827690+00:00,86.41000000000068,89.364248046875,14.61120352917054,0.0,2534,686,76.0,499.0
2026-06-18T22:54:12.527652+00:00,87.40800000000019,90.122060546875,14.001125658265163,0.0,2488,686,538.0,499.0
2026-06-18T22:54:12.928652+00:00,88.04959999999993,90.755341796875,13.619835671986722,0.0,2459,686,538.0,499.0
2026-06-18T22:54:13.331721+00:00,88.69279999999999,91.358603515625,13.165554561192446,0.0,2425,686,538.0,499.0
2026-06-18T22:54:14.032167+00:00,89.50900000000001,92.301455078125,12.503346783108832,0.0,2375,686,169.0,499.0
2026-06-18T22:54:14.432717+00:00,90.1253999999999,93.16288085937501,11.882432079603095,0.0,2327,686,224.0,499.0
2026-06-18T22:54:14.532128+00:00,90.18540000000012,93.272470703125,11.829295096435786,0.0,2323,686,361.0,499.0
2026-06-18T22:54:14.632741+00:00,90.24539999999979,93.39910156250001,11.738310232890449,0.0,2316,686,71.0,499.0
2026-06-18T22:54:14.732911+00:00,90.3054,93.51111328125,11.68477588843683,0.0,2312,686,40.0,499.0
2026-06-18T22:54:14.833754+00:00,90.3659999999998,93.640537109375,11.593552925247247,0.0,2305,686,331.0,499.0
2026-06-18T22:54:14.933773+00:00,90.42600000000002,93.771494140625,11.484337098105556,0.0,2297,686,9.0,499.0
2026-06-18T22:54:15.033767+00:00,90.48600000000023,93.88735351562501,11.399004041243895,0.0,2291,686,75.0,499.0
2026-06-18T22:54:15.135841+00:00,90.5459999999999,94.0263671875,11.308747664553096,0.0,2284,686,360.0,499.0
2026-06-18T22:54:15.235020+00:00,90.60400000000008,94.132099609375,11.244077634362666,0.0,2279,686,301.0,499.0
2026-06-18T22:54:15.335829+00:00,90.64439999999995,94.25435546875,11.166951394196916,0.0,2273,686,342.0,499.0
2026-06-18T22:54:15.436841+00:00,90.68480000000017,94.38900390625,11.110825396937651,0.0,2269,686,391.0,499.0
2026-06-18T22:54:15.535886+00:00,90.72479999999996,94.486337890625,11.065887850695278,0.0,2265,686,81.0,499.0
2026-06-18T22:54:15.636868+00:00,90.76480000000011,94.58478515625,11.03551006871426,0.0,2263,686,538.0,499.0
2026-06-18T22:54:15.737061+00:00,90.80479999999989,94.69865234375,10.96969402266243,0.0,2258,686,424.0,499.0
2026-06-18T22:54:15.837888+00:00,90.84480000000003,94.75614257812501,10.952318126863853,0.0,2257,686,2.0,499.0
2026-06-18T22:54:15.937958+00:00,90.88480000000017,94.85765625,10.912327881456324,0.0,2254,686,71.0,499.0
2026-06-18T22:54:16.037975+00:00,90.92479999999996,94.975087890625,10.863901728824446,0.0,2250,686,174.0,499.0
2026-06-18T22:54:16.436454+00:00,90.96480000000011,95.079111328125,10.821925875021579,0.0,2247,686,79.0,499.0
2026-06-18T22:54:17.138164+00:00,91.30749999999989,95.923291015625,10.431089536772252,0.0,2217,686,229.0,499.0
2026-06-18T22:54:17.241077+00:00,91.50799999999981,96.354814453125,10.261749349911343,0.0,2204,686,143.0,499.0
2026-06-18T22:54:17.340922+00:00,91.55799999999999,96.46369140625,10.217761883842678,0.0,2201,686,68.0,499.0
2026-06-18T22:54:17.440913+00:00,91.60800000000017,96.57392578125,10.188908908656702,0.0,2199,686,538.0,499.0
2026-06-18T22:54:17.540935+00:00,91.6579999999999,96.70158203125,10.119283308286942,0.0,2194,686,298.0,499.0
2026-06-18T22:54:17.639928+00:00,91.70800000000008,96.8310546875,10.063769312301691,0.0,2189,686,45.0,499.0
2026-06-18T22:54:17.740264+00:00,91.75799999999981,96.96390625000001,9.989717443438742,0.0,2184,686,87.0,499.0
2026-06-18T22:54:17.839904+00:00,91.80799999999999,97.08470703125,9.976600900539314,0.0,2183,686,538.0,499.0
2026-06-18T22:54:17.939938+00:00,91.85800000000017,97.191875,9.944171252173,0.0,2180,686,79.0,499.0
2026-06-18T22:54:18.041065+00:00,91.9079999999999,97.3160546875,9.904389984309823,0.0,2177,686,538.0,499.0
2026-06-18T22:54:18.139935+00:00,91.95800000000008,97.426240234375,9.886623737675151,0.0,2176,686,460.0,499.0
2026-06-18T22:54:18.241125+00:00,92.01189999999988,97.55392578125,9.828117068608911,0.0,2172,686,351.0,499.0
2026-06-18T22:54:18.640068+00:00,92.08190000000013,97.60230468750001,9.871215411768166,0.0,2175,686,538.0,499.0
2026-06-18T22:54:18.743139+00:00,92.36330000000017,98.10134765625,9.59442618503811,0.0,2154,686,204.0,499.0
2026-06-18T22:54:18.845024+00:00,92.43399999999993,98.23926757812501,9.502631672141256,0.0,2147,686,235.0,499.0
2026-06-18T22:54:19.546733+00:00,92.71539999999996,98.77567382812501,9.23078077764996,0.0,2126,686,103.0,499.0
2026-06-18T22:54:19.947492+00:00,93.20680000000011,99.677412109375,8.909465937486392,0.0,2102,686,149.0,499.0
2026-06-18T22:54:20.047249+00:00,93.27679999999974,99.800478515625,8.880044449212981,0.0,2100,686,538.0,499.0
2026-06-18T22:54:20.446164+00:00,93.34679999999999,99.94333984375,8.796775631275008,0.0,2093,686,538.0,499.0
2026-06-18T22:54:20.549097+00:00,93.65999999999985,100.5008984375,8.524218017409416,0.0,2073,686,152.0,499.0
2026-06-18T22:54:20.649226+00:00,93.74080000000032,100.65328125,8.43377946141235,0.0,2066,686,55.0,499.0
2026-06-18T22:54:20.750305+00:00,93.82160000000003,100.80064453125,8.344944189975617,0.0,2059,686,90.0,499.0
2026-06-18T22:54:20.850677+00:00,93.90160000000033,100.931708984375,8.25394847326638,0.0,2052,686,118.0,499.0
2026-06-18T22:54:20.952355+00:00,93.98240000000006,101.083974609375,8.153421703333404,0.0,2045,686,67.0,499.0
2026-06-18T22:54:21.052080+00:00,94.06240000000035,101.235556640625,8.035860755039096,0.0,2036,686,27.0,499.0
2026-06-18T22:54:21.151561+00:00,94.14239999999991,101.38379882812501,7.956260245038275,0.0,2030,686,54.0,499.0
2026-06-18T22:54:21.252134+00:00,94.22030000000032,101.458935546875,7.898212679557096,0.0,2025,686,59.0,499.0
2026-06-18T22:54:21.353014+00:00,94.29029999999993,101.592060546875,7.824457953249177,0.0,2020,686,38.0,499.0
2026-06-18T22:54:21.751807+00:00,94.3603000000002,101.74681640625,7.743225361139494,0.0,2013,686,83.0,499.0
2026-06-18T22:54:22.455623+00:00,94.8531,102.79178710937501,7.309515914553885,0.0,1980,686,199.0,499.0
2026-06-18T22:54:22.863161+00:00,95.41120000000011,103.8261328125,6.918917575985725,0.0,1951,686,155.0,499.0
2026-06-18T22:54:22.964183+00:00,95.49199999999983,103.98435546875,6.8458855157000436,0.0,1945,686,98.0,499.0
2026-06-18T22:54:23.064200+00:00,95.57280000000029,104.16859375,6.755386037412222,0.0,1938,686,168.0,499.0
2026-06-18T22:54:23.165172+00:00,95.65360000000001,104.34642578125,6.66834144478548,0.0,1932,686,111.0,499.0
2026-06-18T22:54:23.267190+00:00,95.7386999999997,104.50757812500001,6.615822311013003,0.0,1928,686,385.0,499.0
2026-06-18T22:54:23.367159+00:00,95.82960000000021,104.69532226562501,6.50478029775395,0.0,1919,686,98.0,499.0
2026-06-18T22:54:23.468216+00:00,95.9204999999999,104.886982421875,6.411714432984496,0.0,1912,686,111.0,499.0
2026-06-18T22:54:23.569183+00:00,96.01050000000023,105.07595703125,6.3035231353623145,0.0,1904,686,143.0,499.0
2026-06-18T22:54:23.668192+00:00,96.10049999999974,105.269072265625,6.2285065257659395,0.0,1898,686,54.0,499.0
2026-06-18T22:54:23.769192+00:00,96.19050000000006,105.441435546875,6.176545327856678,0.0,1895,686,358.0,499.0
2026-06-18T22:54:23.869223+00:00,96.28139999999975,105.541376953125,6.120057806925009,0.0,1890,686,55.0,499.0
2026-06-18T22:54:23.971229+00:00,96.37230000000027,105.744482421875,6.035118574136774,0.0,1884,686,65.0,499.0
2026-06-18T22:54:24.072246+00:00,96.46410000000014,105.92580078125,5.959944107140327,0.0,1878,686,86.0,499.0
2026-06-18T22:54:24.173218+00:00,96.55499999999984,106.11056640625,5.8823243119208115,0.0,1872,686,69.0,499.0
2026-06-18T22:54:24.273227+00:00,96.6550000000002,106.3442578125,5.757848422635057,0.0,1863,686,144.0,499.0
2026-06-18T22:54:24.373201+00:00,96.76499999999959,106.5591796875,5.643288213160415,0.0,1854,686,135.0,499.0
2026-06-18T22:54:25.076278+00:00,97.20719999999965,107.37954101562501,5.292128697639836,0.0,1827,686,538.0,499.0
2026-06-18T22:54:25.775397+00:00,98.00359999999965,108.92357421875,4.726840432390169,0.0,1785,686,201.0,499.0
2026-06-18T22:54:26.176543+00:00,98.48480000000055,110.012900390625,4.326163734616092,0.0,1754,686,538.0,499.0
2026-06-18T22:54:26.278855+00:00,98.98250000000044,111.15650390625001,3.938619050795431,0.0,1725,686,137.0,499.0
2026-06-18T22:54:26.379518+00:00,99.13399999999993,111.49263671875,3.760401174884546,0.0,1711,686,140.0,499.0
2026-06-18T22:54:26.778492+00:00,99.28400000000047,111.83568359375,3.554562160706695,0.0,1696,686,538.0,499.0
2026-06-18T22:54:26.879951+00:00,99.88550000000023,112.945927734375,3.0722756059612664,0.0,1659,686,197.0,499.0
2026-06-18T22:54:26.980634+00:00,100.03549999999942,113.32669921875001,2.8542313142484588,0.0,1643,686,63.0,499.0
2026-06-18T22:54:27.080442+00:00,100.18549999999996,113.670439453125,2.6868794615074894,0.0,1630,686,16.0,499.0
2026-06-18T22:54:27.179989+00:00,100.33550000000051,114.02274414062501,2.5465069743181257,0.0,1619,686,254.0,499.0
2026-06-18T22:54:27.581851+00:00,100.49119999999967,114.136640625,2.702866147812818,0.0,1631,686,198.0,499.0
2026-06-18T22:54:28.285705+00:00,101.61760000000068,114.53623046875,2.569105427579201,0.0,1621,686,72.0,499.0
2026-06-18T22:54:28.686703+00:00,102.73920000000071,115.25869140625001,2.2660447046516268,0.0,1598,686,262.0,499.0
2026-06-18T22:54:28.786541+00:00,102.89919999999984,115.171328125,2.2148226872160084,0.0,1594,686,18.0,499.0
2026-06-18T22:54:28.887508+00:00,103.05920000000042,115.55439453125,1.7859979918613238,0.0,1561,686,232.0,499.0
2026-06-18T22:54:28.987543+00:00,103.22079999999987,115.41439453125,2.1305373890927797,0.0,1588,686,40.0,499.0
2026-06-18T22:54:29.087528+00:00,103.38080000000045,115.387802734375,2.048928420240429,0.0,1581,686,89.0,499.0
2026-06-18T22:54:29.187701+00:00,103.54079999999958,115.74306640625001,1.6935243844103312,0.0,1554,686,192.0,499.0
2026-06-18T22:54:29.287554+00:00,103.70080000000016,115.6573828125,1.9615263970197798,0.0,1575,686,265.0,499.0
2026-06-18T22:54:29.386546+00:00,103.86080000000074,115.5173828125,1.9975859558304112,0.0,1578,686,391.0,499.0
2026-06-18T22:54:29.487549+00:00,104.02079999999987,115.931494140625,1.4940498227406298,0.0,1539,686,33.0,499.0
2026-06-18T22:54:29.587573+00:00,104.18080000000045,115.92188476562501,1.7847254552577052,0.0,1561,686,79.0,499.0
2026-06-18T22:54:29.687713+00:00,104.34079999999958,115.78188476562501,1.843971173226743,0.0,1566,686,147.0,499.0
2026-06-18T22:54:29.786625+00:00,104.50080000000017,115.8253125,1.6015903964622407,0.0,1547,686,81.0,499.0
2026-06-18T22:54:29.887586+00:00,104.66080000000075,116.04116210937501,1.5525569842670741,0.0,1544,686,27.0,499.0
2026-06-18T22:54:29.987589+00:00,104.82079999999988,115.881162109375,1.7479437589352536,0.0,1559,686,102.0,499.0
2026-06-18T22:54:30.386134+00:00,104.98080000000046,115.741162109375,1.7898446282269145,0.0,1562,686,168.0,499.0
2026-06-18T22:54:31.087948+00:00,106.10399999999936,116.63184570312501,1.4795919515418472,0.0,1538,686,291.0,499.0
2026-06-18T22:54:31.191739+00:00,106.74719999999942,116.031845703125,1.9115281140964093,0.0,1571,686,26.0,499.0
2026-06-18T22:54:31.590744+00:00,106.91390000000001,116.306865234375,1.5342097168466289,0.0,1542,686,538.0,499.0
2026-06-18T22:54:31.692811+00:00,107.59730000000009,115.843212890625,2.0036311810393332,0.0,1578,686,19.0,499.0
2026-06-18T22:54:31.792702+00:00,107.7673000000007,115.887685546875,1.8786711476233915,0.0,1569,686,118.0,499.0
2026-06-18T22:54:31.892701+00:00,107.93729999999978,116.331953125,1.5377540969178067,0.0,1543,686,155.0,499.0
2026-06-18T22:54:32.293793+00:00,108.1073000000004,116.268388671875,1.8739778804835758,0.0,1568,686,538.0,499.0
2026-06-18T22:54:32.393786+00:00,108.78900000000013,117.58803710937501,1.0,0.0,1502,686,96.0,499.0
2026-06-18T22:54:32.494765+00:00,108.95900000000074,117.529267578125,1.2955743206197656,0.0,1524,686,194.0,499.0
2026-06-18T22:54:32.593749+00:00,109.12899999999982,117.389267578125,1.3467838797980818,0.0,1528,686,353.0,499.0
2026-06-18T22:54:33.296082+00:00,109.8123999999999,116.789267578125,1.8452807499652568,0.0,1566,686,124.0,499.0
2026-06-18T22:54:33.699872+00:00,111.00919999999942,117.71833984375,1.4227915123556745,0.0,1534,686,268.0,499.0
2026-06-18T22:54:33.799399+00:00,111.17920000000004,117.57833984375,1.5045072128552555,0.0,1540,686,351.0,499.0
2026-06-18T22:54:33.899096+00:00,111.34920000000066,117.41833984375,1.626613496654734,0.0,1549,686,179.0,499.0
2026-06-18T22:54:33.999869+00:00,111.51919999999973,117.25833984375001,1.7261449443425079,0.0,1557,686,184.0,499.0
2026-06-18T22:54:34.099496+00:00,111.68920000000035,117.11833984375001,1.817499532929343,0.0,1564,686,154.0,499.0
2026-06-18T22:54:34.199154+00:00,111.85919999999942,116.97833984375,1.89701729783142,0.0,1570,686,411.0,499.0
2026-06-18T22:54:34.299903+00:00,112.03680000000004,117.03652343750001,1.8102550832187791,0.0,1563,686,100.0,499.0
2026-06-18T22:54:34.399814+00:00,112.2168000000007,117.51612304687501,1.320221203083232,0.0,1526,686,221.0,499.0
2026-06-18T22:54:34.499818+00:00,112.39679999999971,117.619697265625,1.578901278943663,0.0,1546,686,48.0,499.0
2026-06-18T22:54:34.599921+00:00,112.57680000000038,117.459697265625,1.6492101631625768,0.0,1551,686,58.0,499.0
2026-06-18T22:54:34.699922+00:00,112.75679999999939,117.319697265625,1.6908927776149518,0.0,1554,686,439.0,499.0
2026-06-18T22:54:34.799853+00:00,112.93680000000005,117.62361328125,1.2166198297939275,0.0,1518,686,131.0,499.0
2026-06-18T22:54:34.900873+00:00,113.1168000000007,117.87275390625,1.3092112578579211,0.0,1525,686,83.0,499.0
2026-06-18T22:54:35.001876+00:00,113.29860000000008,117.73275390625,1.4157919203319995,0.0,1533,686,280.0,499.0
2026-06-18T22:54:35.101863+00:00,113.48039999999946,117.57275390625,1.4993543987852398,0.0,1540,686,120.0,499.0
2026-06-18T22:54:35.203956+00:00,113.66040000000012,117.43275390625,1.5475082777809295,0.0,1543,686,153.0,499.0
2026-06-18T22:54:35.302876+00:00,113.82639999999957,117.27275390625,1.6170663091224036,0.0,1549,686,208.0,499.0
2026-06-18T22:54:35.703572+00:00,113.98640000000015,117.13275390625,1.688935408633812,0.0,1554,686,76.0,499.0
2026-06-18T22:54:36.403383+00:00,115.10800000000017,117.69763671875,1.189853746842564,0.0,1516,686,246.0,499.0
2026-06-18T22:54:36.507010+00:00,115.72300000000023,117.609853515625,1.5206408529275688,0.0,1541,686,49.0,499.0
2026-06-18T22:54:36.606943+00:00,115.87299999999941,117.44985351562501,1.6251622055498824,0.0,1549,686,213.0,499.0
2026-06-18T22:54:36.708032+00:00,116.02450000000026,117.839111328125,1.1124520815028998,0.0,1510,686,237.0,499.0
2026-06-18T22:54:36.808977+00:00,116.17449999999944,117.699111328125,1.4860124907209116,0.0,1539,686,120.0,499.0
2026-06-18T22:54:36.907968+00:00,116.32449999999999,117.539111328125,1.5901975225528044,0.0,1547,686,231.0,499.0
2026-06-18T22:54:37.007967+00:00,116.47599999999947,117.459111328125,1.552995612700144,0.0,1544,686,27.0,499.0
2026-06-18T22:54:37.107991+00:00,116.62600000000002,117.319111328125,1.7067898616327986,0.0,1555,686,128.0,499.0
2026-06-18T22:54:37.209040+00:00,116.77600000000056,117.15911132812501,1.791932466655891,0.0,1562,686,166.0,499.0
2026-06-18T22:54:37.308980+00:00,116.91900000000005,117.019111328125,1.8479125490687567,0.0,1566,686,461.0,499.0
2026-06-18T22:54:37.409009+00:00,117.05900000000055,116.859111328125,1.9608961780511445,0.0,1575,686,35.0,499.0
2026-06-18T22:54:37.508980+00:00,117.1989999999998,117.07287109375,1.5488560143725643,0.0,1543,686,116.0,499.0
2026-06-18T22:54:37.609984+00:00,117.34040000000059,117.37281250000001,1.5280836357162642,0.0,1542,686,382.0,499.0
2026-06-18T22:54:37.712040+00:00,117.48039999999983,117.2932421875,1.7816850663478823,0.0,1561,686,198.0,499.0
2026-06-18T22:54:37.811022+00:00,117.62180000000062,117.19326171875001,1.7775790071925694,0.0,1561,686,38.0,499.0
2026-06-18T22:54:37.911020+00:00,117.76179999999985,117.616279296875,1.3069620608512018,0.0,1525,686,218.0,499.0
2026-06-18T22:54:38.012025+00:00,117.90180000000036,117.5576171875,1.6657328962351183,0.0,1552,686,251.0,499.0
2026-06-18T22:54:38.110990+00:00,118.04179999999961,117.3976171875,1.7588046834578295,0.0,1559,686,42.0,499.0
2026-06-18T22:54:38.510872+00:00,118.18180000000011,117.723740234375,1.2782905680180283,0.0,1523,686,218.0,499.0
2026-06-18T22:54:39.211676+00:00,119.09570000000039,118.27712890625,1.1326259891157129,0.0,1512,686,75.0,499.0
2026-06-18T22:54:39.314304+00:00,119.60800000000017,118.183759765625,1.4334685133941925,0.0,1535,686,193.0,499.0
2026-06-18T22:54:39.414043+00:00,119.72799999999953,118.023759765625,1.5277392875114097,0.0,1542,686,115.0,499.0
2026-06-18T22:54:39.514073+00:00,119.84799999999996,117.883759765625,1.607880349270462,0.0,1548,686,207.0,499.0
2026-06-18T22:54:39.613361+00:00,119.96800000000039,117.803759765625,1.5856137325840969,0.0,1546,686,75.0,499.0
2026-06-18T22:54:39.714075+00:00,120.08799999999974,117.972626953125,1.3273030980642044,0.0,1527,686,137.0,499.0
2026-06-18T22:54:39.814089+00:00,120.20800000000018,117.97822265625,1.5986870500285129,0.0,1547,686,48.0,499.0
2026-06-18T22:54:39.913454+00:00,120.32799999999952,117.81822265625,1.6865967031320128,0.0,1554,686,122.0,499.0
2026-06-18T22:54:40.013176+00:00,120.44799999999996,117.67822265625,1.7686590476582627,0.0,1560,686,211.0,499.0
2026-06-18T22:54:40.113845+00:00,120.5680000000004,117.51822265625,1.8537055570009544,0.0,1567,686,157.0,499.0
2026-06-18T22:54:40.213515+00:00,120.68799999999975,117.909296875,1.3393713039480035,0.0,1528,686,144.0,499.0
2026-06-18T22:54:40.313300+00:00,120.79900000000016,118.100478515625,1.4809176390085348,0.0,1538,686,4.0,499.0
2026-06-18T22:54:40.413902+00:00,120.90899999999957,117.940478515625,1.6349723205763347,0.0,1550,686,103.0,499.0
2026-06-18T22:54:40.513595+00:00,121.02010000000018,117.800478515625,1.7030312472700366,0.0,1555,686,137.0,499.0
2026-06-18T22:54:40.615355+00:00,121.13119999999981,117.78421875000001,1.5619987832625837,0.0,1544,686,74.0,499.0
2026-06-18T22:54:40.715150+00:00,121.2412000000002,118.13955078125001,1.2734644760159428,0.0,1523,686,110.0,499.0
2026-06-18T22:54:40.815635+00:00,121.35119999999961,118.05955078125,1.456399109578851,0.0,1536,686,45.0,499.0
2026-06-18T22:54:40.915240+00:00,121.4612,117.89955078125,1.5946718316641189,0.0,1547,686,20.0,499.0
2026-06-18T22:54:41.316122+00:00,121.57229999999963,117.75955078125,1.6185543465159267,0.0,1549,686,538.0,499.0
2026-06-18T22:54:42.020919+00:00,122.19839999999967,118.3955078125,1.0,0.0,1502,686,146.0,499.0
2026-06-18T22:54:42.124340+00:00,122.51920000000027,118.219365234375,1.2395596909026727,0.0,1520,686,148.0,499.0
2026-06-18T22:54:42.223223+00:00,122.59919999999983,118.159365234375,1.1809070321771786,0.0,1516,686,51.0,499.0
2026-06-18T22:54:42.323225+00:00,122.66000000000021,117.999365234375,1.3327818571997136,0.0,1527,686,114.0,499.0
2026-06-18T22:54:42.425233+00:00,122.7206,117.83936523437501,1.4174048474538892,0.0,1534,686,198.0,499.0
2026-06-18T22:54:42.526290+00:00,122.7811999999998,117.69936523437501,1.4734377431833705,0.0,1538,686,508.0,499.0
2026-06-18T22:54:42.627349+00:00,122.84180000000015,117.539365234375,1.579705073796442,0.0,1546,686,223.0,499.0
2026-06-18T22:54:42.727250+00:00,122.90239999999994,117.399365234375,1.6589335089222104,0.0,1552,686,146.0,499.0
2026-06-18T22:54:42.828258+00:00,122.96300000000028,117.239365234375,1.7312729312305137,0.0,1557,686,400.0,499.0
2026-06-18T22:54:42.929272+00:00,123.02299999999995,117.099365234375,1.7983581354500164,0.0,1562,686,137.0,499.0
2026-06-18T22:54:43.030281+00:00,123.08359999999975,116.959365234375,1.8454445707639198,0.0,1566,686,454.0,499.0
2026-06-18T22:54:43.130382+00:00,123.14359999999998,117.255126953125,1.3952849594872871,0.0,1532,686,165.0,499.0
2026-06-18T22:54:43.230337+00:00,123.20240000000013,117.578427734375,1.3824991169805605,0.0,1531,686,28.0,499.0
2026-06-18T22:54:43.330285+00:00,123.2423999999999,117.438427734375,1.5996233392032684,0.0,1547,686,215.0,499.0
2026-06-18T22:54:43.430319+00:00,123.28240000000005,117.278427734375,1.6798864570733953,0.0,1553,686,127.0,499.0
2026-06-18T22:54:43.530328+00:00,123.32239999999983,117.138427734375,1.7455804162453705,0.0,1558,686,190.0,499.0
2026-06-18T22:54:43.631382+00:00,123.36239999999998,116.978427734375,1.8239798541750694,0.0,1564,686,174.0,499.0
2026-06-18T22:54:44.330740+00:00,123.52279999999992,116.45842773437501,2.0175177624385245,0.0,1579,686,223.0,499.0
2026-06-18T22:54:44.735360+00:00,123.65100000000002,117.416748046875,1.2897080964470833,0.0,1524,686,59.0,499.0
2026-06-18T22:54:44.834413+00:00,123.66099999999997,117.276748046875,1.3601584478231912,0.0,1529,686,234.0,499.0
2026-06-18T22:54:44.934382+00:00,123.671,117.116748046875,1.403051337794301,0.0,1532,686,482.0,499.0
2026-06-18T22:54:45.034412+00:00,123.68100000000004,116.976748046875,1.4008244185201955,0.0,1532,686,538.0,499.0
2026-06-18T22:54:45.133484+00:00,123.69099999999999,116.816748046875,1.4501965371028467,0.0,1536,686,348.0,499.0
2026-06-18T22:54:45.234450+00:00,123.69899999999998,116.676748046875,1.4676772027694711,0.0,1537,686,538.0,499.0
2026-06-18T22:54:45.333378+00:00,123.68900000000004,116.596748046875,1.381142036594825,0.0,1531,686,33.0,499.0
2026-06-18T22:54:45.433397+00:00,123.679,116.456748046875,1.4939409566511008,0.0,1539,686,116.0,499.0
2026-06-18T22:54:46.136547+00:00,123.63879999999999,115.836748046875,1.6492346224314587,0.0,1551,686,538.0,499.0
2026-06-18T22:54:46.237462+00:00,123.59579999999995,115.23674804687501,1.685115102139428,0.0,1554,686,291.0,499.0
2026-06-18T22:54:46.639620+00:00,123.47489999999988,114.65674804687501,2.086729764783751,0.0,1584,686,274.0,499.0
2026-06-18T22:54:47.340410+00:00,123.3549,115.734462890625,1.19977874566792,0.0,1517,686,84.0,499.0
2026-06-18T22:54:47.444005+00:00,123.23369999999986,115.73423828125,1.5022539970234936,0.0,1540,686,279.0,499.0
2026-06-18T22:54:47.545705+00:00,123.20339999999996,115.59423828125,1.5379528992558558,0.0,1543,686,145.0,499.0
2026-06-18T22:54:47.645367+00:00,123.17339999999986,115.45423828125,1.5573047676933716,0.0,1544,686,494.0,499.0
2026-06-18T22:54:47.745085+00:00,123.14340000000001,115.29423828125,1.6238603008057513,0.0,1549,686,485.0,499.0
2026-06-18T22:54:47.845766+00:00,123.11339999999991,115.15423828125,1.6320217752976174,0.0,1550,686,538.0,499.0
2026-06-18T22:54:47.945460+00:00,123.08340000000007,114.99423828125,1.6933019632539548,0.0,1554,686,297.0,499.0
2026-06-18T22:54:48.045126+00:00,123.05339999999997,115.12146484375,1.350388442424047,0.0,1528,686,169.0,499.0
2026-06-18T22:54:48.144815+00:00,123.02339999999985,115.32412109375001,1.374719449087662,0.0,1530,686,27.0,499.0
2026-06-18T22:54:48.245617+00:00,122.98900000000003,115.16412109375,1.5054974480079968,0.0,1540,686,150.0,499.0
2026-06-18T22:54:48.345540+00:00,122.93899999999985,115.02412109375,1.625837944505888,0.0,1549,686,81.0,499.0
2026-06-18T22:54:48.444902+00:00,122.88900000000012,114.94412109375,1.64205762429975,0.0,1551,686,57.0,499.0
2026-06-18T22:54:48.545556+00:00,122.83899999999994,115.21561523437501,1.3493474789979625,0.0,1528,686,114.0,499.0
2026-06-18T22:54:48.646543+00:00,122.78899999999976,115.4934375,1.4088854692448007,0.0,1533,686,39.0,499.0
2026-06-18T22:54:48.745556+00:00,122.73900000000003,115.3534375,1.684300265543071,0.0,1554,686,151.0,499.0
2026-06-18T22:54:48.845583+00:00,122.68899999999985,115.2134375,1.8136667137875218,0.0,1564,686,75.0,499.0
2026-06-18T22:54:48.946560+00:00,122.63900000000012,115.10583984375,1.8764371013449255,0.0,1568,686,311.0,499.0
2026-06-18T22:54:49.045574+00:00,122.58899999999994,115.474482421875,1.5616930024814535,0.0,1544,686,142.0,499.0
2026-06-18T22:54:49.747871+00:00,122.41080000000002,115.169375,1.9589810278121762,0.0,1575,686,179.0,499.0
2026-06-18T22:54:50.151657+00:00,122.12959999999984,116.003984375,1.0,0.0,1502,686,538.0,499.0
2026-06-18T22:54:50.249664+00:00,122.08440000000009,115.843984375,1.1057068007977326,0.0,1510,686,178.0,499.0
2026-06-18T22:54:50.349671+00:00,122.02439999999987,115.68398437500001,1.1655556680340624,0.0,1514,686,90.0,499.0
2026-06-18T22:54:50.450647+00:00,121.9644000000002,115.523984375,1.2298784152716005,0.0,1519,686,411.0,499.0
2026-06-18T22:54:50.549876+00:00,121.90439999999998,115.383984375,1.2844811845622128,0.0,1523,686,198.0,499.0
2026-06-18T22:54:50.651651+00:00,121.84380000000019,115.243984375,1.3182412941365849,0.0,1526,686,368.0,499.0
2026-06-18T22:54:50.752663+00:00,121.78319999999985,115.083984375,1.4015882801839163,0.0,1532,686,169.0,499.0
2026-06-18T22:54:50.853685+00:00,121.72320000000018,114.943984375,1.4539616889800604,0.0,1536,686,178.0,499.0
2026-06-18T22:54:50.953689+00:00,121.66319999999996,114.803984375,1.485476028428549,0.0,1539,686,367.0,499.0
2026-06-18T22:54:51.053830+00:00,121.60319999999975,114.643984375,1.5680963963286472,0.0,1545,686,197.0,499.0
2026-06-18T22:54:51.151707+00:00,121.54320000000007,114.583984375,1.5005406650064774,0.0,1540,686,37.0,499.0
2026-06-18T22:54:51.251691+00:00,121.48039999999983,114.423984375,1.6407273671781526,0.0,1550,686,141.0,499.0
2026-06-18T22:54:51.353672+00:00,121.40970000000007,114.263984375,1.7015257409337028,0.0,1555,686,445.0,499.0
2026-06-18T22:54:51.453706+00:00,121.33969999999981,114.123984375,1.7566291054602898,0.0,1559,686,229.0,499.0
2026-06-18T22:54:51.553864+00:00,121.2697000000002,113.963984375,1.8216862227639317,0.0,1564,686,354.0,499.0
2026-06-18T22:54:51.951958+00:00,121.19969999999994,113.803984375,1.8859228351677115,0.0,1569,686,401.0,499.0
2026-06-18T22:54:52.054888+00:00,120.9182999999999,113.223984375,2.048753931684206,0.0,1581,686,208.0,499.0
2026-06-18T22:54:52.753496+00:00,120.61520000000019,113.45908203125,1.6669683355370981,0.0,1552,686,82.0,499.0
2026-06-18T22:54:52.857099+00:00,120.29360000000015,112.85908203125,1.9525890148509335,0.0,1574,686,158.0,499.0
2026-06-18T22:54:52.957803+00:00,120.2127999999997,113.04544921875001,1.5819370079409218,0.0,1546,686,91.0,499.0
2026-06-18T22:54:53.057464+00:00,120.13280000000013,113.2308984375,1.6312364004586528,0.0,1550,686,22.0,499.0
2026-06-18T22:54:53.456841+00:00,120.05279999999985,113.0908984375,1.740812816471637,0.0,1558,686,538.0,499.0
2026-06-18T22:54:53.558974+00:00,119.69759999999978,112.49089843750001,1.881294450085606,0.0,1569,686,275.0,499.0
2026-06-18T22:54:53.659600+00:00,119.60760000000028,112.753466796875,1.489919572813929,0.0,1539,686,64.0,499.0
2026-06-18T22:54:54.060938+00:00,119.24669999999959,112.42519531250001,1.7351538768641965,0.0,1558,686,61.0,499.0
2026-06-18T22:54:54.160857+00:00,119.1557999999999,112.2651953125,1.7808983366508921,0.0,1561,686,290.0,499.0
2026-06-18T22:54:54.260857+00:00,119.06199999999953,112.1251953125,1.829391203984058,0.0,1565,686,14.0,499.0
2026-06-18T22:54:54.962616+00:00,118.66099999999969,113.01232421875,1.0,0.0,1502,686,76.0,499.0
2026-06-18T22:54:55.364955+00:00,117.95900000000037,112.3771875,1.5297529934245773,0.0,1542,686,81.0,499.0
2026-06-18T22:54:55.465952+00:00,117.85900000000001,112.21718750000001,1.643364401945652,0.0,1551,686,52.0,499.0
2026-06-18T22:54:55.565966+00:00,117.75899999999965,112.07718750000001,1.7399692401655031,0.0,1558,686,26.0,499.0
2026-06-18T22:54:55.664937+00:00,117.65900000000019,111.9171875,1.8474465354083094,0.0,1566,686,33.0,499.0
2026-06-18T22:54:55.764928+00:00,117.55899999999983,111.7571875,1.9569718045901774,0.0,1574,686,22.0,499.0
2026-06-18T22:54:55.864920+00:00,117.45900000000037,111.838681640625,1.7299724209073066,0.0,1557,686,75.0,499.0
2026-06-18T22:54:55.966946+00:00,117.35900000000001,112.125810546875,1.6304233866898767,0.0,1550,686,282.0,499.0
2026-06-18T22:54:56.065981+00:00,117.25899999999965,112.08912109375001,1.882664863616343,0.0,1569,686,160.0,499.0
2026-06-18T22:54:56.165926+00:00,117.15900000000019,112.051845703125,1.8092238509278757,0.0,1563,686,48.0,499.0
2026-06-18T22:54:56.266944+00:00,117.0613000000003,112.366923828125,1.579259867597501,0.0,1546,686,194.0,499.0
2026-06-18T22:54:56.367959+00:00,116.97039999999978,112.226923828125,1.9422246564082168,0.0,1573,686,251.0,499.0
2026-06-18T22:54:56.468988+00:00,116.87950000000009,112.400029296875,1.6997802695384268,0.0,1555,686,27.0,499.0
2026-06-18T22:54:56.571013+00:00,116.78859999999959,112.637431640625,1.7471587178139543,0.0,1559,686,127.0,499.0
2026-06-18T22:54:56.670950+00:00,116.6976999999999,112.477431640625,2.043812097164916,0.0,1581,686,162.0,499.0
2026-06-18T22:54:56.770970+00:00,116.60769999999957,112.60994140625,1.838024654328688,0.0,1565,686,153.0,499.0
2026-06-18T22:54:56.871008+00:00,116.51770000000006,112.915927734375,1.7180294741358868,0.0,1556,686,105.0,499.0
2026-06-18T22:54:56.972029+00:00,116.42769999999973,113.059443359375,1.9134135418284464,0.0,1571,686,158.0,499.0
2026-06-18T22:54:57.073207+00:00,116.33770000000023,112.91944335937501,2.1263602616404222,0.0,1587,686,86.0,499.0
2026-06-18T22:54:57.173028+00:00,116.2476999999999,113.17278320312501,1.8189429303789049,0.0,1564,686,55.0,499.0
2026-06-18T22:54:57.871681+00:00,115.95640000000003,112.9865625,2.3015059573252974,0.0,1601,686,307.0,499.0
2026-06-18T22:54:58.276142+00:00,115.46880000000019,113.665751953125,2.1309112391929084,0.0,1588,686,206.0,499.0
2026-06-18T22:54:58.377492+00:00,115.40879999999997,113.553115234375,2.338277808468179,0.0,1603,686,201.0,499.0
2026-06-18T22:54:58.476112+00:00,115.34879999999976,113.910078125,2.0245541417699098,0.0,1580,686,42.0,499.0
2026-06-18T22:54:58.578170+00:00,115.28759999999984,114.1794140625,2.0355882570686763,0.0,1580,686,538.0,499.0
2026-06-18T22:54:58.977363+00:00,115.22700000000005,114.0194140625,2.4016619642113923,0.0,1608,686,538.0,499.0
2026-06-18T22:54:59.080166+00:00,114.98699999999972,115.273525390625,1.8915317706697157,0.0,1569,686,102.0,499.0
2026-06-18T22:54:59.179111+00:00,114.92700000000005,115.219697265625,2.247895950460472,0.0,1597,686,116.0,499.0
2026-06-18T22:54:59.279129+00:00,114.87799999999989,115.38358398437501,1.9759236394339128,0.0,1576,686,225.0,499.0
2026-06-18T22:54:59.680217+00:00,114.83760000000002,115.664580078125,1.909235028090582,0.0,1571,686,538.0,499.0
2026-06-18T22:55:00.384852+00:00,114.55560000000006,116.117998046875,1.4233149478409892,0.0,1534,686,538.0,499.0
2026-06-18T22:55:00.788466+00:00,114.27439999999987,116.714765625,1.650536521406095,0.0,1551,686,188.0,499.0
2026-06-18T22:55:00.888180+00:00,114.2344000000001,116.86796875,1.9311533990757446,0.0,1572,686,205.0,499.0
2026-06-18T22:55:00.987900+00:00,114.19439999999994,116.78796875,2.064591962159131,0.0,1583,686,89.0,499.0
2026-06-18T22:55:01.088080+00:00,114.15440000000017,117.0604296875,1.7269312800469248,0.0,1557,686,147.0,499.0
2026-06-18T22:55:01.188869+00:00,114.11399999999993,117.4587890625,1.6760108402496865,0.0,1553,686,75.0,499.0
2026-06-18T22:55:01.289413+00:00,114.08700000000007,117.3187890625,1.9944894219196287,0.0,1577,686,153.0,499.0
2026-06-18T22:55:01.388607+00:00,114.06700000000001,117.4600390625,1.619972878250091,0.0,1549,686,97.0,499.0
2026-06-18T22:55:01.488376+00:00,114.04699999999993,117.80798828125,1.5367664603721325,0.0,1543,686,8.0,499.0
2026-06-18T22:55:01.588305+00:00,114.02700000000004,117.64798828125001,1.7781194680571684,0.0,1561,686,149.0,499.0
2026-06-18T22:55:01.688658+00:00,114.00679999999993,117.50798828125001,1.8223712841721413,0.0,1564,686,58.0,499.0
2026-06-18T22:55:01.789332+00:00,113.98680000000004,117.34798828125,1.8821202701011606,0.0,1569,686,163.0,499.0
2026-06-18T22:55:01.889267+00:00,113.96679999999996,117.24822265625001,1.847477959119768,0.0,1566,686,78.0,499.0
2026-06-18T22:55:01.989710+00:00,113.94680000000008,117.672685546875,1.3522678760435367,0.0,1529,686,130.0,499.0
2026-06-18T22:55:02.089398+00:00,113.9268,117.59423828125,1.6872578032207315,0.0,1554,686,95.0,499.0
2026-06-18T22:55:02.190257+00:00,113.90679999999993,117.45423828125,1.7314631219281988,0.0,1557,686,337.0,499.0
2026-06-18T22:55:02.289267+00:00,113.88680000000005,117.37423828125,1.6775930500352452,0.0,1553,686,56.0,499.0
2026-06-18T22:55:02.389274+00:00,113.86679999999997,117.23423828125,1.6147830778075898,0.0,1548,686,365.0,499.0
2026-06-18T22:55:02.789286+00:00,113.84660000000004,117.07423828125,1.5632436777082885,0.0,1545,686,47.0,499.0
2026-06-18T22:55:03.490079+00:00,113.70660000000008,116.03423828125,1.2402250671411172,0.0,1520,686,51.0,499.0
2026-06-18T22:55:03.594358+00:00,113.55200000000005,115.43423828125,1.3742177554771011,0.0,1530,686,145.0,499.0
2026-06-18T22:55:03.694348+00:00,113.5119999999999,115.35423828125,1.392626029634807,0.0,1532,686,8.0,499.0
2026-06-18T22:55:03.793344+00:00,113.47200000000012,115.21423828125,1.4403018641654777,0.0,1535,686,160.0,499.0
2026-06-18T22:55:03.894387+00:00,113.43199999999997,115.07423828125,1.4681125855984094,0.0,1537,686,538.0,499.0
2026-06-18T22:55:03.994399+00:00,113.39199999999983,114.91423828125001,1.547280683730952,0.0,1543,686,285.0,499.0
2026-06-18T22:55:04.094373+00:00,113.35200000000005,114.75423828125,1.60663266876688,0.0,1548,686,36.0,499.0
2026-06-18T22:55:04.193340+00:00,113.3119999999999,114.61423828125,1.6552552141749608,0.0,1552,686,148.0,499.0
2026-06-18T22:55:04.293538+00:00,113.27200000000012,114.45423828125,1.6093878478647978,0.0,1548,686,32.0,499.0
2026-06-18T22:55:04.395385+00:00,113.23159999999989,114.31423828125,1.5044667259456346,0.0,1540,686,314.0,499.0
2026-06-18T22:55:04.496454+00:00,113.19160000000011,114.15423828125,1.412689131208161,0.0,1533,686,83.0,499.0
2026-06-18T22:55:04.595402+00:00,113.15159999999996,114.01423828125,1.3146303432121251,0.0,1526,686,375.0,499.0
2026-06-18T22:55:04.695395+00:00,113.11159999999981,113.87423828125,1.1976167176191215,0.0,1517,686,112.0,499.0
2026-06-18T22:55:04.795421+00:00,113.07160000000003,113.71423828125,1.1206456885016132,0.0,1511,686,81.0,499.0
2026-06-18T22:55:04.895432+00:00,113.0315999999999,113.55423828125001,1.0226893236952912,0.0,1504,686,55.0,499.0
2026-06-18T22:55:04.994463+00:00,112.9916000000001,113.49423828125,1.0,0.0,1502,686,538.0,499.0
2026-06-18T22:55:05.095445+00:00,112.95159999999997,113.33423828125001,1.0,0.0,1502,686,538.0,499.0
2026-06-18T22:55:05.194392+00:00,112.91159999999982,113.19423828125001,1.0,0.0,1502,686,538.0,499.0
2026-06-18T22:55:05.294429+00:00,112.85030000000006,113.03423828125,1.0,0.0,1502,686,538.0,499.0
2026-06-18T22:55:05.694523+00:00,112.78029999999981,112.87423828125,1.0,0.0,1502,686,538.0,499.0
2026-06-18T22:55:06.397092+00:00,112.28750000000001,111.83423828125001,1.0,0.0,1502,686,538.0,499.0
2026-06-18T22:55:06.500490+00:00,111.97920000000013,111.31423828125,1.0,0.0,1502,686,538.0,499.0
2026-06-18T22:55:06.897784+00:00,111.89919999999984,111.15423828125,1.0,0.0,1502,686,538.0,499.0
2026-06-18T22:55:07.002527+00:00,111.5775999999998,110.55423828125001,1.0,0.0,1502,686,538.0,499.0
2026-06-18T22:55:07.403910+00:00,111.23799999999974,109.93423828125,1.0,0.0,1502,686,538.0,499.0
2026-06-18T22:55:07.503603+00:00,111.14800000000024,109.79423828125,1.0,0.0,1502,686,538.0,499.0
2026-06-18T22:55:07.603584+00:00,111.05709999999972,109.65423828125,1.0,0.0,1502,686,538.0,499.0
2026-06-18T22:55:07.703984+00:00,110.96710000000022,109.49423828125,1.0,0.0,1502,686,538.0,499.0
2026-06-18T22:55:07.804625+00:00,110.87709999999988,109.35423828125,1.0,0.0,1502,686,538.0,499.0
2026-06-18T22:55:08.204463+00:00,110.78710000000038,109.27423828125,1.0,0.0,1502,686,29.0,499.0
2026-06-18T22:55:08.908267+00:00,110.11399999999958,108.23423828125,1.0,0.0,1502,686,538.0,499.0
2026-06-18T22:55:09.010635+00:00,109.71299999999974,107.63423828125,1.0,0.0,1502,686,538.0,499.0
2026-06-18T22:55:09.111750+00:00,109.61300000000028,107.47423828125,1.0,0.0,1502,686,538.0,499.0
2026-06-18T22:55:09.211609+00:00,109.51199999999972,107.33423828125001,1.0,0.0,1502,686,538.0,499.0
2026-06-18T22:55:09.313661+00:00,109.41200000000026,107.25423828125,1.0033858935852864,0.0,1502,686,86.0,499.0
2026-06-18T22:55:09.412722+00:00,109.3119999999999,107.11423828125,1.226559756555555,0.0,1519,686,2.0,499.0
2026-06-18T22:55:09.512651+00:00,109.21199999999953,106.95423828125,1.381284496090379,0.0,1531,686,147.0,499.0
2026-06-18T22:55:09.612657+00:00,109.11200000000008,106.79423828125,1.5380800219612398,0.0,1543,686,148.0,499.0
2026-06-18T22:55:09.713687+00:00,109.01199999999972,106.65423828125,1.6857549735558846,0.0,1554,686,29.0,499.0
2026-06-18T22:55:09.813666+00:00,108.91200000000026,106.517802734375,1.8163051916272501,0.0,1564,686,158.0,499.0
2026-06-18T22:55:09.913774+00:00,108.8119999999999,106.681455078125,1.6736149299221448,0.0,1553,686,33.0,499.0
2026-06-18T22:55:10.013709+00:00,108.71199999999953,106.872939453125,1.6623950353495123,0.0,1552,686,538.0,499.0
2026-06-18T22:55:10.112703+00:00,108.61200000000008,107.044482421875,1.6616254846604188,0.0,1552,686,538.0,499.0
2026-06-18T22:55:10.212709+00:00,108.51199999999972,107.24521484375,1.6430548370514,0.0,1551,686,538.0,499.0
2026-06-18T22:55:10.312712+00:00,108.4296000000002,107.425078125,1.6513107042845196,0.0,1551,686,538.0,499.0
2026-06-18T22:55:10.413825+00:00,108.34959999999992,107.635576171875,1.6308547888419356,0.0,1550,686,538.0,499.0
2026-06-18T22:55:10.512695+00:00,108.26959999999963,107.80421875,1.6773711437134624,0.0,1553,686,11.0,499.0
2026-06-18T22:55:11.213153+00:00,107.94879999999976,108.10134765625,1.8343874238719091,0.0,1565,686,119.0,499.0
2026-06-18T22:55:11.916073+00:00,107.46480000000011,108.76041015625,2.0911011326031237,0.0,1585,686,334.0,499.0
2026-06-18T22:55:12.016763+00:00,107.2242000000002,109.38198242187501,1.8088107322045257,0.0,1563,686,44.0,499.0
2026-06-18T22:55:12.116795+00:00,107.16419999999998,109.611943359375,1.724978037022205,0.0,1557,686,66.0,499.0
2026-06-18T22:55:12.216883+00:00,107.10419999999976,109.745712890625,1.8297366712136496,0.0,1565,686,97.0,499.0
2026-06-18T22:55:12.316985+00:00,107.05350000000007,109.71326171875,2.0604382810694917,0.0,1582,686,153.0,499.0
2026-06-18T22:55:12.416834+00:00,107.00349999999989,109.67349609375,2.141175054843343,0.0,1588,686,100.0,499.0
2026-06-18T22:55:12.516812+00:00,106.95350000000016,109.89009765625,2.0997278031288404,0.0,1585,686,57.0,499.0
2026-06-18T22:55:12.616824+00:00,106.90349999999998,110.16675781250001,2.1151112408742136,0.0,1586,686,538.0,499.0
2026-06-18T22:55:13.016994+00:00,106.8534999999998,110.414873046875,2.1864071346536322,0.0,1592,686,538.0,499.0
2026-06-18T22:55:13.419937+00:00,106.65200000000013,111.585537109375,2.2935776809996034,0.0,1600,686,538.0,499.0
2026-06-18T22:55:14.123937+00:00,106.47980000000007,112.6540234375,1.9873265168731553,0.0,1577,686,191.0,499.0
2026-06-18T22:55:14.528624+00:00,106.33899999999994,112.84793945312501,1.985920319722669,0.0,1577,686,87.0,499.0
2026-06-18T22:55:15.227983+00:00,106.25900000000001,113.22634765625,2.3931663761358575,0.0,1608,686,538.0,499.0
2026-06-18T22:55:15.331108+00:00,106.2,112.70634765625,3.1773131304992877,0.0,1667,686,202.0,499.0
2026-06-18T22:55:15.429873+00:00,106.2,112.787021484375,2.915481310934183,0.0,1647,686,268.0,499.0
2026-06-18T22:55:15.530576+00:00,106.2,113.144150390625,2.6338854964744716,0.0,1626,686,147.0,499.0
2026-06-18T22:55:15.629894+00:00,106.2,113.464599609375,2.431375539618066,0.0,1610,686,175.0,499.0
2026-06-18T22:55:15.729952+00:00,106.2,113.45755859375001,2.645965489516744,0.0,1627,686,152.0,499.0
2026-06-18T22:55:15.830086+00:00,106.2,113.29755859375,2.7111371755519214,0.0,1632,686,392.0,499.0
2026-06-18T22:55:15.930971+00:00,106.2,113.47419921875,2.371917180082865,0.0,1606,686,165.0,499.0
2026-06-18T22:55:16.329123+00:00,106.2,113.849365234375,2.100298097632699,0.0,1585,686,126.0,499.0
2026-06-18T22:55:16.731879+00:00,106.2,113.329365234375,2.579596528165924,0.0,1622,686,163.0,499.0
2026-06-18T22:55:17.434668+00:00,106.2,114.150234375,2.160903802178842,0.0,1590,686,265.0,499.0
2026-06-18T22:55:17.538999+00:00,106.26299999999992,115.119462890625,1.3642524676920242,0.0,1529,686,151.0,499.0
2026-06-18T22:55:17.638984+00:00,106.283,115.03154296875,1.6521194488644877,0.0,1551,686,88.0,499.0
2026-06-18T22:55:17.738982+00:00,106.30300000000007,114.89154296875,1.674858578897151,0.0,1553,686,63.0,499.0
2026-06-18T22:55:17.839978+00:00,106.32299999999996,114.81154296875,1.582559813826899,0.0,1546,686,52.0,499.0
2026-06-18T22:55:17.939004+00:00,106.34300000000003,114.67154296875,1.6612966324471028,0.0,1552,686,214.0,499.0
2026-06-18T22:55:18.038982+00:00,106.36299999999993,114.51154296875,1.7106812994628982,0.0,1556,686,434.0,499.0
2026-06-18T22:55:18.139004+00:00,106.383,114.37154296875,1.7109098933053755,0.0,1556,686,538.0,499.0
2026-06-18T22:55:18.239018+00:00,106.40150000000004,114.21154296875,1.7639879688956235,0.0,1560,686,428.0,499.0
2026-06-18T22:55:18.339199+00:00,106.41149999999999,114.07154296875001,1.7977630237184368,0.0,1562,686,365.0,499.0
2026-06-18T22:55:18.439029+00:00,106.42150000000002,114.165205078125,1.505523995319189,0.0,1540,686,10.0,499.0
2026-06-18T22:55:18.539037+00:00,106.43149999999996,114.350556640625,1.5831380016223253,0.0,1546,686,132.0,499.0
2026-06-18T22:55:18.638008+00:00,106.4415,114.210556640625,1.7105067420139743,0.0,1556,686,157.0,499.0
2026-06-18T22:55:18.739127+00:00,106.45150000000004,114.050556640625,1.775909542324598,0.0,1561,686,175.0,499.0
2026-06-18T22:55:18.840308+00:00,106.46149999999999,113.910556640625,1.8498301274152507,0.0,1566,686,188.0,499.0
2026-06-18T22:55:18.940147+00:00,106.47160000000004,113.830556640625,1.8123857973331852,0.0,1563,686,171.0,499.0
2026-06-18T22:55:19.339858+00:00,106.48159999999999,113.87310546875,1.6708757496852158,0.0,1553,686,68.0,499.0
2026-06-18T22:55:20.041630+00:00,106.65570000000007,113.56707031250001,2.1317001865894234,0.0,1588,686,119.0,499.0
2026-06-18T22:55:20.145218+00:00,106.77630000000008,114.487255859375,1.3473179961742243,0.0,1528,686,105.0,499.0
2026-06-18T22:55:20.544310+00:00,106.80839999999989,114.41708984375,1.6321386116027146,0.0,1550,686,538.0,499.0
2026-06-18T22:55:20.646242+00:00,106.96919999999992,113.89708984375,1.9368420967103894,0.0,1573,686,152.0,499.0
2026-06-18T22:55:21.046387+00:00,107.00960000000013,114.036943359375,1.6377390738395636,0.0,1550,686,538.0,499.0
2026-06-18T22:55:21.151284+00:00,107.17119999999996,113.848984375,2.089290038138481,0.0,1584,686,106.0,499.0
2026-06-18T22:55:21.552380+00:00,107.21680000000015,113.968212890625,1.7927496611499691,0.0,1562,686,538.0,499.0
2026-06-18T22:55:21.952727+00:00,107.45740000000005,113.84780273437501,2.1375121464513764,0.0,1588,686,165.0,499.0
2026-06-18T22:55:22.653478+00:00,107.89170000000021,114.65255859375,1.8439849288957948,0.0,1566,686,226.0,499.0
2026-06-18T22:55:22.756343+00:00,108.17310000000025,115.5362109375,1.1833310664693837,0.0,1516,686,212.0,499.0
2026-06-18T22:55:22.857451+00:00,108.24309999999987,115.449873046875,1.5402970429125382,0.0,1543,686,96.0,499.0
2026-06-18T22:55:22.957339+00:00,108.31380000000027,115.309873046875,1.627455112090324,0.0,1549,686,145.0,499.0
2026-06-18T22:55:23.059413+00:00,108.38379999999988,115.149873046875,1.7287053658717682,0.0,1557,686,259.0,499.0
2026-06-18T22:55:23.158348+00:00,108.45380000000014,115.009873046875,1.819094937455807,0.0,1564,686,190.0,499.0
2026-06-18T22:55:23.259387+00:00,108.53059999999968,115.11703125,1.5201949612833907,0.0,1541,686,71.0,499.0
2026-06-18T22:55:23.359460+00:00,108.62060000000001,115.27400390625,1.4861489061678714,0.0,1539,686,41.0,499.0
2026-06-18T22:55:23.459399+00:00,108.71060000000034,115.186708984375,1.7822379276252427,0.0,1561,686,51.0,499.0
2026-06-18T22:55:23.558469+00:00,108.80059999999985,115.046708984375,1.8614530296613392,0.0,1567,686,10.0,499.0
2026-06-18T22:55:23.658363+00:00,108.89060000000018,115.3733203125,1.4190916338546096,0.0,1534,686,121.0,499.0
2026-06-18T22:55:23.759378+00:00,108.98149999999987,115.50673828125001,1.658065830336204,0.0,1552,686,57.0,499.0
2026-06-18T22:55:23.859461+00:00,109.0715000000002,115.34673828125,1.7865669062561214,0.0,1562,686,242.0,499.0
2026-06-18T22:55:23.958506+00:00,109.1614999999997,115.20673828125,1.8603340096625534,0.0,1567,686,59.0,499.0
2026-06-18T22:55:24.058443+00:00,109.25150000000004,115.483984375,1.5065122971025051,0.0,1540,686,211.0,499.0
2026-06-18T22:55:24.160076+00:00,109.34239999999973,115.54496093750001,1.7437433532788162,0.0,1558,686,195.0,499.0
2026-06-18T22:55:24.264108+00:00,109.43960000000007,115.3849609375,1.8497843319643792,0.0,1566,686,10.0,499.0
2026-06-18T22:55:24.362466+00:00,109.5506999999997,115.51787109375,1.553998550321129,0.0,1544,686,171.0,499.0
2026-06-18T22:55:25.065223+00:00,109.99510000000019,115.28777343750001,2.0555229123824788,0.0,1582,686,281.0,499.0
2026-06-18T22:55:25.469542+00:00,110.79279999999963,116.056630859375,1.7314490879179587,0.0,1557,686,159.0,499.0
2026-06-18T22:55:25.568454+00:00,110.91280000000006,115.89663085937501,1.8591266543200504,0.0,1567,686,139.0,499.0
2026-06-18T22:55:25.668471+00:00,111.03280000000049,115.96154296875,1.6294969419658845,0.0,1550,686,81.0,499.0
2026-06-18T22:55:25.768509+00:00,111.15279999999984,116.199599609375,1.629814618964442,0.0,1550,686,103.0,499.0
2026-06-18T22:55:25.869516+00:00,111.27400000000053,116.039599609375,1.820002421239538,0.0,1564,686,186.0,499.0
2026-06-18T22:55:25.970545+00:00,111.39640000000036,116.238125,1.4426407081250225,0.0,1535,686,174.0,499.0
2026-06-18T22:55:26.070534+00:00,111.5163999999997,116.464248046875,1.5651469232071182,0.0,1545,686,34.0,499.0
2026-06-18T22:55:26.170495+00:00,111.63640000000014,116.324248046875,1.733681186538595,0.0,1558,686,224.0,499.0
2026-06-18T22:55:26.270534+00:00,111.76110000000062,116.164248046875,1.8165853359227775,0.0,1564,686,252.0,499.0
2026-06-18T22:55:26.370582+00:00,111.89109999999992,116.38544921875,1.438736635703492,0.0,1535,686,173.0,499.0
2026-06-18T22:55:26.470528+00:00,112.02110000000039,116.611357421875,1.4781104801297715,0.0,1538,686,116.0,499.0
2026-06-18T22:55:26.570517+00:00,112.15109999999969,116.451357421875,1.620409361431193,0.0,1549,686,153.0,499.0
2026-06-18T22:55:26.970631+00:00,112.28110000000015,116.311357421875,1.670393004155283,0.0,1553,686,538.0,499.0
2026-06-18T22:55:27.670860+00:00,113.16280000000015,116.75673828125001,1.0592761339576562,0.0,1506,686,277.0,499.0
2026-06-18T22:55:28.076654+00:00,113.93830000000007,116.268232421875,1.6390217498983564,0.0,1550,686,182.0,499.0
2026-06-18T22:55:28.176229+00:00,114.04830000000047,116.108232421875,1.6197030547500608,0.0,1549,686,68.0,499.0
2026-06-18T22:55:28.276909+00:00,114.15299999999988,115.968232421875,1.6466469140712423,0.0,1551,686,425.0,499.0
2026-06-18T22:55:28.376686+00:00,114.25300000000024,115.808232421875,1.733473993201521,0.0,1558,686,225.0,499.0
2026-06-18T22:55:28.476666+00:00,114.3529999999997,115.668232421875,1.7692937272221227,0.0,1560,686,538.0,499.0
2026-06-18T22:55:28.576953+00:00,114.45400000000026,115.50823242187501,1.8561931755824146,0.0,1567,686,188.0,499.0
2026-06-18T22:55:28.677767+00:00,114.55399999999972,115.9220703125,1.3370114911274866,0.0,1527,686,59.0,499.0
2026-06-18T22:55:28.777345+00:00,114.65400000000008,116.012392578125,1.488038583812659,0.0,1539,686,46.0,499.0
2026-06-18T22:55:28.877719+00:00,114.75400000000045,115.852392578125,1.6203807028107917,0.0,1549,686,330.0,499.0
2026-06-18T22:55:28.977844+00:00,114.8539999999999,115.712392578125,1.6439337590700882,0.0,1551,686,323.0,499.0
2026-06-18T22:55:29.077417+00:00,114.95400000000026,115.55239257812501,1.718636332967849,0.0,1556,686,218.0,499.0
2026-06-18T22:55:29.178093+00:00,115.05499999999992,115.41239257812501,1.7430986870232914,0.0,1558,686,399.0,499.0
2026-06-18T22:55:29.280673+00:00,115.14479999999966,115.252392578125,1.8137349794400066,0.0,1564,686,384.0,499.0
2026-06-18T22:55:29.380705+00:00,115.22560000000011,115.112392578125,1.8511140696282729,0.0,1566,686,479.0,499.0
2026-06-18T22:55:29.480671+00:00,115.30559999999969,114.952392578125,1.9412680196136414,0.0,1573,686,325.0,499.0
2026-06-18T22:55:29.580697+00:00,115.38559999999997,115.079013671875,1.6315618829626084,0.0,1550,686,224.0,499.0
2026-06-18T22:55:29.980677+00:00,115.46560000000026,115.5003125,1.3469401246633907,0.0,1528,686,25.0,499.0
2026-06-18T22:55:30.684429+00:00,115.99720000000016,115.793203125,1.0560040819486503,0.0,1506,686,269.0,499.0
2026-06-18T22:55:30.786915+00:00,116.23719999999994,115.71955078125,1.1565512049237672,0.0,1514,686,58.0,499.0
2026-06-18T22:55:30.886788+00:00,116.29720000000016,115.55955078125,1.1752031774429312,0.0,1515,686,538.0,499.0
2026-06-18T22:55:30.985758+00:00,116.35719999999984,115.41955078125,1.182633359261522,0.0,1516,686,538.0,499.0
2026-06-18T22:55:31.087941+00:00,116.41720000000005,115.25955078125,1.2010986131256276,0.0,1517,686,538.0,499.0
2026-06-18T22:55:31.185770+00:00,116.47720000000027,115.11955078125,1.1923177912675182,0.0,1516,686,454.0,499.0
2026-06-18T22:55:31.287947+00:00,116.51239999999999,114.95955078125,1.22773259431247,0.0,1519,686,538.0,499.0
2026-06-18T22:55:31.385780+00:00,116.53240000000005,114.79955078125,1.278938922190254,0.0,1523,686,463.0,499.0
2026-06-18T22:55:31.486810+00:00,116.55239999999995,114.71955078125,1.2923925365144955,0.0,1524,686,72.0,499.0
2026-06-18T22:55:31.586839+00:00,116.57240000000002,114.57955078125,1.3348685255198625,0.0,1527,686,64.0,499.0
2026-06-18T22:55:31.685856+00:00,116.59240000000008,114.41955078125,1.3882315950903026,0.0,1531,686,132.0,499.0
2026-06-18T22:55:31.785991+00:00,116.61239999999998,114.27955078125001,1.4193176071079554,0.0,1534,686,68.0,499.0
2026-06-18T22:55:31.887860+00:00,116.6326000000001,114.13955078125001,1.4214029534382648,0.0,1534,686,538.0,499.0
2026-06-18T22:55:31.988864+00:00,116.65259999999999,113.97955078125,1.3598568233495785,0.0,1529,686,4.0,499.0
2026-06-18T22:55:32.088898+00:00,116.67260000000006,113.81955078125,1.2741043526878881,0.0,1523,686,76.0,499.0
2026-06-18T22:55:32.187849+00:00,116.69259999999996,113.67955078125,1.1852298462693271,0.0,1516,686,296.0,499.0
2026-06-18T22:55:32.889620+00:00,116.66350000000003,113.07955078125,1.0,0.0,1502,686,191.0,499.0
2026-06-18T22:55:33.293088+00:00,116.57279999999992,112.11955078125,0.0,0.0,1426,686,282.0,499.0
2026-06-18T22:55:33.392932+00:00,116.53280000000014,111.95955078125,0.0,0.0,1426,686,248.0,499.0
2026-06-18T22:55:33.491919+00:00,116.49279999999999,111.81955078125,0.0,0.0,1426,686,538.0,499.0
2026-06-18T22:55:33.591948+00:00,116.45279999999984,111.65955078125,0.0,0.0,1426,686,538.0,499.0
2026-06-18T22:55:33.692987+00:00,116.41280000000006,111.49955078125001,0.0,0.0,1426,686,538.0,499.0
2026-06-18T22:55:33.791757+00:00,116.37279999999991,111.35955078125001,0.0,1.0,1426,742,538.0,139.0
2026-06-18T22:55:33.891987+00:00,116.33280000000013,111.19955078125,0.0,1.0,1426,742,538.0,499.0
2026-06-18T22:55:33.991972+00:00,116.29279999999999,111.05955078125,0.0,1.0169098581746439,1426,743,538.0,499.0
2026-06-18T22:55:34.092977+00:00,116.25240000000012,110.91955078125,0.0,1.2058524822531425,1426,754,538.0,101.0
2026-06-18T22:55:34.491026+00:00,116.21239999999999,110.75955078125,0.0,1.330719877494845,1426,761,538.0,144.0
2026-06-18T22:55:34.593179+00:00,115.83000000000011,110.23955078125,0.0,1.7764601987468454,1426,786,538.0,120.0
2026-06-18T22:55:34.693049+00:00,115.72999999999975,110.09955078125,0.0,1.8782631285575064,1426,792,538.0,31.0
2026-06-18T22:55:34.793625+00:00,115.6300000000003,109.93955078125,0.0,1.932815051458746,1426,795,538.0,57.0
2026-06-18T22:55:35.194410+00:00,115.52999999999993,109.77955078125001,0.0,2.006086126623318,1426,799,538.0,499.0
2026-06-18T22:55:35.896215+00:00,114.67640000000029,108.73955078125,0.0,2.6838547200235925,1426,837,538.0,499.0
2026-06-18T22:55:35.999825+00:00,114.11360000000022,108.21955078125,0.0,5.288236116851105,1426,983,538.0,57.0
2026-06-18T22:55:36.102088+00:00,113.97080000000041,108.1484375,0.0,5.378894821958514,1426,988,538.0,65.0
2026-06-18T22:55:36.203108+00:00,113.83079999999991,107.84787109375,0.0,5.141080384296897,1426,975,538.0,59.0
2026-06-18T22:55:36.302208+00:00,113.65959999999923,107.508056640625,0.0,5.063700352424236,1426,970,538.0,371.0
2026-06-18T22:55:36.402093+00:00,113.4796000000002,107.443095703125,0.0,5.229459011179154,1426,980,538.0,181.0
2026-06-18T22:55:36.505129+00:00,113.29779999999919,107.4378515625,0.0,5.321647648609881,1426,985,538.0,360.0
2026-06-18T22:55:36.604078+00:00,113.1159999999998,107.431728515625,0.0,5.39313580077773,1426,989,538.0,115.0
2026-06-18T22:55:36.704088+00:00,112.93599999999914,107.39734375,0.0,5.423685478318405,1426,991,538.0,499.0
2026-06-18T22:55:36.805455+00:00,112.75600000000013,107.089189453125,0.0,5.225383687156752,1426,980,538.0,224.0
2026-06-18T22:55:36.904111+00:00,112.57599999999948,106.814296875,0.0,5.166293041659834,1426,976,538.0,80.0
2026-06-18T22:55:37.004077+00:00,112.39600000000046,106.49404296875001,0.0,5.081748901223811,1426,971,538.0,107.0
2026-06-18T22:55:37.104119+00:00,112.21599999999981,106.23212890625,0.0,5.091152815745403,1426,972,538.0,499.0
2026-06-18T22:55:37.206119+00:00,112.03599999999915,106.219150390625,0.0,5.262936101229199,1426,982,538.0,124.0
2026-06-18T22:55:37.305188+00:00,111.84800000000014,106.179541015625,0.0,5.318099840506612,1426,985,538.0,499.0
2026-06-18T22:55:37.404099+00:00,111.65799999999945,106.1480078125,0.0,5.392316790020261,1426,989,538.0,327.0
2026-06-18T22:55:37.506122+00:00,111.4661000000001,106.04640625,0.0,5.367843787476882,1426,988,538.0,129.0
2026-06-18T22:55:37.606142+00:00,111.2760999999994,105.7528125,0.0,5.26843091353089,1426,982,538.0,251.0
2026-06-18T22:55:37.706138+00:00,111.08610000000044,105.4109375,0.0,5.143220764692275,1426,975,538.0,368.0
2026-06-18T22:55:38.405413+00:00,110.32420000000074,104.648349609375,0.0,5.236287635683723,1426,980,538.0,499.0
2026-06-18T22:55:38.810203+00:00,109.04699999999993,103.317509765625,0.0,1.6935382069034581,1426,781,538.0,94.0
2026-06-18T22:55:38.909185+00:00,108.86520000000054,102.9301171875,0.0,1.3412727288943977,1426,761,538.0,30.0
2026-06-18T22:55:39.010199+00:00,108.68339999999952,102.7701171875,0.0,1.2211025704452303,1426,755,538.0,88.0
2026-06-18T22:55:39.113172+00:00,108.49979999999978,102.6301171875,0.0,1.0,1426,742,538.0,74.0
2026-06-18T22:55:39.213178+00:00,108.3180000000004,102.4901171875,0.0,1.0,1426,742,538.0,499.0
2026-06-18T22:55:39.313211+00:00,108.18299999999981,102.33011718750001,0.0,0.0,1426,686,538.0,224.0
2026-06-18T22:55:39.414217+00:00,108.05300000000052,102.19011718750001,0.0,0.0,1426,686,538.0,285.0
2026-06-18T22:55:39.814418+00:00,107.92169999999977,102.0301171875,0.0,0.0,1426,686,538.0,499.0
2026-06-18T22:55:39.914222+00:00,107.40170000000026,101.5101171875,1.0176814962916225,0.0,1503,686,68.0,499.0
2026-06-18T22:55:40.015341+00:00,107.27169999999978,101.3501171875,1.3023364250364686,0.0,1525,686,82.0,499.0
2026-06-18T22:55:40.114246+00:00,107.1417000000005,101.2101171875,1.5628444188880624,0.0,1545,686,35.0,499.0
2026-06-18T22:55:40.215261+00:00,107.01170000000002,101.0501171875,1.879189903745008,0.0,1569,686,30.0,499.0
2026-06-18T22:55:40.314243+00:00,106.91809999999968,100.9101171875,2.2744428911804127,0.0,1599,686,179.0,499.0
2026-06-18T22:55:40.415315+00:00,106.82810000000018,100.94275390625,2.512850956574626,0.0,1617,686,54.0,499.0
2026-06-18T22:55:40.515282+00:00,106.73719999999966,100.973369140625,2.8528759860357242,0.0,1642,686,236.0,499.0
2026-06-18T22:55:40.918737+00:00,106.37539999999963,101.184150390625,4.158333280979629,0.0,1741,686,282.0,499.0
2026-06-18T22:55:41.618511+00:00,106.07149999999992,101.446396484375,5.414596300995616,0.0,1837,686,280.0,499.0
2026-06-18T22:55:41.721133+00:00,105.95060000000012,101.757109375,5.868093896094566,0.0,1871,686,214.0,499.0
2026-06-18T22:55:41.821814+00:00,105.92060000000001,101.863193359375,5.9964220182838766,0.0,1881,686,187.0,499.0
2026-06-18T22:55:41.921503+00:00,105.8905999999999,101.980712890625,6.091539941536508,0.0,1888,686,151.0,499.0
2026-06-18T22:55:42.021191+00:00,105.86060000000006,102.104609375,6.16764065520724,0.0,1894,686,455.0,499.0
2026-06-18T22:55:42.121863+00:00,105.83059999999996,102.233212890625,6.285998605277205,0.0,1903,686,121.0,499.0
2026-06-18T22:55:42.221624+00:00,105.80060000000012,102.382861328125,6.35233937517353,0.0,1908,686,0.0,499.0
2026-06-18T22:55:42.321353+00:00,105.7902,102.535400390625,6.36595450590158,0.0,1909,686,538.0,499.0
2026-06-18T22:55:42.420999+00:00,105.78019999999997,102.67130859375,6.397396579731648,0.0,1911,686,538.0,499.0
2026-06-18T22:55:42.521642+00:00,105.77020000000002,102.82947265625,6.379069555094834,0.0,1910,686,538.0,499.0
2026-06-18T22:55:42.621424+00:00,105.76019999999998,102.97041015625,6.386852335136792,0.0,1911,686,423.0,499.0
2026-06-18T22:55:42.722036+00:00,105.75020000000004,103.134443359375,6.382121599713098,0.0,1910,686,538.0,499.0
2026-06-18T22:55:42.821711+00:00,105.7402,103.280625,6.413377149641946,0.0,1913,686,128.0,499.0
2026-06-18T22:55:42.921429+00:00,105.73019999999997,103.365283203125,6.43403945329002,0.0,1914,686,127.0,499.0
2026-06-18T22:55:43.021393+00:00,105.72020000000002,103.53712890625,6.428698570771257,0.0,1914,686,455.0,499.0
2026-06-18T22:55:43.122399+00:00,105.71019999999999,103.690302734375,6.43598382699385,0.0,1914,686,538.0,499.0
2026-06-18T22:55:43.222398+00:00,105.70020000000004,103.8686328125,6.425932165826886,0.0,1913,686,538.0,499.0
2026-06-18T22:55:43.322426+00:00,105.7,104.02759765625001,6.287388311785282,0.0,1903,686,119.0,499.0
2026-06-18T22:55:43.421422+00:00,105.7,104.21271484375,6.126663279979422,0.0,1891,686,158.0,499.0
2026-06-18T22:55:43.821699+00:00,105.7,104.37775390625,5.977443946158673,0.0,1879,686,3.0,499.0
2026-06-18T22:55:44.223487+00:00,105.7,105.64060546875,4.747327437667136,0.0,1786,686,127.0,499.0
2026-06-18T22:55:44.623500+00:00,105.66009999999997,106.40859375000001,3.7635915604246604,0.0,1712,686,114.0,499.0
2026-06-18T22:55:44.723640+00:00,105.65010000000002,106.62822265625,3.5570340731028693,0.0,1696,686,2.0,499.0
2026-06-18T22:55:44.824518+00:00,105.64009999999998,106.82206054687501,3.3237394866648406,0.0,1678,686,148.0,499.0
2026-06-18T22:55:44.923477+00:00,105.63010000000004,107.01688476562501,3.0898815126801944,0.0,1660,686,2.0,499.0
2026-06-18T22:55:45.023486+00:00,105.6201,107.23978515625001,2.7941572401309314,0.0,1638,686,155.0,499.0
2026-06-18T22:55:45.123511+00:00,105.61009999999996,107.439912109375,2.5571821096161678,0.0,1620,686,130.0,499.0
2026-06-18T22:55:45.223698+00:00,105.60010000000001,107.279912109375,2.6396551223083025,0.0,1626,686,110.0,499.0
2026-06-18T22:55:45.324519+00:00,105.56999999999988,107.11991210937501,2.622912760612503,0.0,1625,686,538.0,499.0
2026-06-18T22:55:45.424540+00:00,105.54000000000005,107.059912109375,2.5504240836090446,0.0,1619,686,165.0,499.0
2026-06-18T22:55:45.524528+00:00,105.50999999999993,106.89991210937501,2.5680559600098514,0.0,1621,686,538.0,499.0
2026-06-18T22:55:45.624541+00:00,105.4800000000001,106.75991210937501,2.535504282892677,0.0,1618,686,66.0,499.0
2026-06-18T22:55:45.723716+00:00,105.44999999999999,106.599912109375,2.554399720841376,0.0,1620,686,538.0,499.0
2026-06-18T22:55:45.824555+00:00,105.41999999999989,106.439912109375,2.548125584286109,0.0,1619,686,538.0,499.0
2026-06-18T22:55:45.924724+00:00,105.39000000000006,106.299912109375,2.5121639104339435,0.0,1617,686,538.0,499.0
2026-06-18T22:55:46.023524+00:00,105.35999999999994,106.139912109375,2.526413923991571,0.0,1618,686,538.0,499.0
2026-06-18T22:55:46.124574+00:00,105.33000000000011,105.999912109375,2.493218079261866,0.0,1615,686,538.0,499.0
2026-06-18T22:55:46.223729+00:00,105.3,105.839912109375,2.5102307029910076,0.0,1616,686,538.0,499.0
2026-06-18T22:55:46.923044+00:00,105.14000000000014,105.319912109375,2.4707896572939534,0.0,1613,686,86.0,499.0
2026-06-18T22:55:47.328680+00:00,104.84799999999987,104.239912109375,2.61238652251404,0.0,1624,686,193.0,499.0
2026-06-18T22:55:47.727840+00:00,104.79750000000004,104.099912109375,2.6965101757578274,0.0,1631,686,538.0,499.0
2026-06-18T22:55:47.828667+00:00,104.59749999999977,104.52857421875001,2.548941312530605,0.0,1619,686,191.0,499.0
2026-06-18T22:55:47.930654+00:00,104.54699999999994,104.54045898437501,2.7350004719216026,0.0,1633,686,18.0,499.0
2026-06-18T22:55:48.030046+00:00,104.49700000000021,104.35878906250001,2.9282367387720063,0.0,1648,686,52.0,499.0
2026-06-18T22:55:48.430750+00:00,104.44649999999993,104.460517578125,2.785130908024102,0.0,1637,686,538.0,499.0
2026-06-18T22:55:48.530963+00:00,104.27680000000001,104.95693359375001,2.9620276432227373,0.0,1651,686,167.0,499.0
2026-06-18T22:55:48.632728+00:00,104.23640000000015,105.09218750000001,3.0224538174188424,0.0,1655,686,447.0,499.0
2026-06-18T22:55:48.732917+00:00,104.1964,105.233173828125,3.0740078522281307,0.0,1659,686,326.0,499.0
2026-06-18T22:55:49.435211+00:00,104.03559999999997,105.8729296875,3.240150907931148,0.0,1672,686,151.0,499.0
2026-06-18T22:55:49.838794+00:00,103.87720000000009,107.034541015625,4.121789150777057,0.0,1739,686,159.0,499.0
2026-06-18T22:55:50.240891+00:00,103.80150000000003,107.83437500000001,3.9479154323592383,0.0,1725,686,28.0,499.0
2026-06-18T22:55:50.340842+00:00,103.81149999999998,108.07325195312501,3.931300966572774,0.0,1724,686,82.0,499.0
2026-06-18T22:55:50.439239+00:00,103.82150000000001,108.28693359375,3.8747987300340583,0.0,1720,686,368.0,499.0
2026-06-18T22:55:50.540335+00:00,103.83149999999996,108.53662109375,3.737732503327603,0.0,1710,686,148.0,499.0
2026-06-18T22:55:50.638919+00:00,103.8415,108.792314453125,3.6313430849841177,0.0,1701,686,79.0,499.0
2026-06-18T22:55:50.742278+00:00,103.85159999999996,109.02111328125,3.574537595155321,0.0,1697,686,318.0,499.0
2026-06-18T22:55:50.839841+00:00,103.8616,109.36544921875,3.3316271505910198,0.0,1679,686,61.0,499.0
2026-06-18T22:55:50.941845+00:00,103.87160000000004,109.596640625,3.345144046375414,0.0,1680,686,50.0,499.0
2026-06-18T22:55:51.039827+00:00,103.88159999999998,109.73109375,3.3221047070781538,0.0,1678,686,23.0,499.0
2026-06-18T22:55:51.139822+00:00,103.89160000000003,109.989521484375,3.215613885516073,0.0,1670,686,122.0,499.0
2026-06-18T22:55:51.240883+00:00,103.90799999999982,110.233515625,3.188539464319846,0.0,1668,686,538.0,499.0
2026-06-18T22:55:51.638328+00:00,103.958,110.538310546875,3.0178136540220546,0.0,1655,686,77.0,499.0
2026-06-18T22:55:52.341135+00:00,104.30900000000011,111.29886718750001,3.0111850534098963,0.0,1654,686,147.0,499.0
2026-06-18T22:55:52.742944+00:00,104.76260000000002,112.03617187500001,2.8062338807056157,0.0,1639,686,125.0,499.0
2026-06-18T22:55:52.841902+00:00,104.83260000000027,111.89617187500001,2.955068513283935,0.0,1650,686,282.0,499.0
2026-06-18T22:55:52.942198+00:00,104.9025999999999,112.085615234375,2.671323349357886,0.0,1629,686,184.0,499.0
2026-06-18T22:55:53.041941+00:00,104.97260000000014,112.36076171875,2.606578467057206,0.0,1624,686,241.0,499.0
2026-06-18T22:55:53.141945+00:00,105.04259999999977,112.45240234375001,2.802348441574221,0.0,1639,686,127.0,499.0
2026-06-18T22:55:53.241966+00:00,105.11800000000002,112.29653320312501,2.908783626793813,0.0,1647,686,79.0,499.0
2026-06-18T22:55:53.341934+00:00,105.21800000000039,112.639208984375,2.500386443200709,0.0,1616,686,10.0,499.0
2026-06-18T22:55:53.741097+00:00,105.31799999999984,112.94673828125,2.3475646462050968,0.0,1604,686,538.0,499.0
2026-06-18T22:55:54.142064+00:00,105.71800000000039,112.685771484375,2.7255847525997012,0.0,1633,686,538.0,499.0
2026-06-18T22:55:54.244151+00:00,106.12200000000047,113.697529296875,2.1264864207824274,0.0,1587,686,192.0,499.0
2026-06-18T22:55:54.643988+00:00,106.23199999999987,113.806904296875,2.345491335683654,0.0,1604,686,42.0,499.0
2026-06-18T22:55:55.356944+00:00,107.00860000000003,114.306103515625,2.3399541199593514,0.0,1604,686,84.0,499.0
2026-06-18T22:55:55.451391+00:00,107.49509999999982,115.184677734375,1.7282123214568035,0.0,1557,686,271.0,499.0
2026-06-18T22:55:55.551411+00:00,107.6251000000003,115.3350390625,1.9232953976726375,0.0,1572,686,127.0,499.0
2026-06-18T22:55:55.949055+00:00,107.75509999999959,115.1750390625,2.0274866115321064,0.0,1580,686,538.0,499.0
2026-06-18T22:55:56.051564+00:00,108.27640000000056,116.56961914062501,1.10965880268345,0.0,1510,686,77.0,499.0
2026-06-18T22:55:56.151989+00:00,108.40639999999985,116.507060546875,1.4563782680879669,0.0,1536,686,150.0,499.0
2026-06-18T22:55:56.251873+00:00,108.53920000000035,116.347060546875,1.5399876485635904,0.0,1543,686,142.0,499.0
2026-06-18T22:55:56.351000+00:00,108.67919999999958,116.207060546875,1.5916328840980363,0.0,1547,686,451.0,499.0
2026-06-18T22:55:56.451267+00:00,108.8192000000001,116.047060546875,1.6805151433864083,0.0,1553,686,422.0,499.0
2026-06-18T22:55:56.551033+00:00,108.9592000000006,115.907060546875,1.7499192508395272,0.0,1559,686,221.0,499.0
2026-06-18T22:55:56.651016+00:00,109.09919999999984,115.747060546875,1.8273974367379147,0.0,1565,686,80.0,499.0
2026-06-18T22:55:56.751013+00:00,109.23920000000035,115.607060546875,1.8991994950705102,0.0,1570,686,23.0,499.0
2026-06-18T22:55:56.851018+00:00,109.37919999999959,115.527060546875,1.8560567523663742,0.0,1567,686,73.0,499.0
2026-06-18T22:55:56.952075+00:00,109.5192000000001,115.387060546875,2.0067444890684865,0.0,1578,686,95.0,499.0
2026-06-18T22:55:57.352520+00:00,109.65920000000061,115.22706054687501,2.0891032667450773,0.0,1584,686,70.0,499.0
2026-06-18T22:55:58.054421+00:00,110.64339999999993,116.101630859375,1.7118695756445579,0.0,1556,686,48.0,499.0
2026-06-18T22:55:58.459119+00:00,111.62899999999954,116.531904296875,1.3186091140482148,0.0,1526,686,187.0,499.0
2026-06-18T22:55:58.559115+00:00,111.77040000000034,116.9177734375,1.0792302411307908,0.0,1508,686,140.0,499.0
2026-06-18T22:55:58.659108+00:00,111.91039999999957,116.7577734375,1.4364529477251047,0.0,1535,686,203.0,499.0
2026-06-18T22:55:58.760156+00:00,112.05040000000008,116.6177734375,1.4817957655995109,0.0,1538,686,74.0,499.0
2026-06-18T22:55:58.859127+00:00,112.1904000000006,116.45777343750001,1.5355853819411198,0.0,1542,686,110.0,499.0
2026-06-18T22:55:58.959141+00:00,112.33039999999983,116.31777343750001,1.5775359978961276,0.0,1546,686,174.0,499.0
2026-06-18T22:55:59.059198+00:00,112.47040000000034,116.1577734375,1.6308088379544348,0.0,1550,686,193.0,499.0
2026-06-18T22:55:59.159147+00:00,112.61039999999957,116.0177734375,1.6523001776272839,0.0,1551,686,538.0,499.0
2026-06-18T22:55:59.259158+00:00,112.74320000000007,115.8577734375,1.7309732484228117,0.0,1557,686,220.0,499.0
2026-06-18T22:55:59.360187+00:00,112.8632000000005,115.7177734375,1.772024785770144,0.0,1560,686,470.0,499.0
2026-06-18T22:55:59.459191+00:00,112.98319999999985,115.5577734375,1.8703091258720486,0.0,1568,686,225.0,499.0
2026-06-18T22:55:59.560175+00:00,113.10320000000029,115.4177734375,1.9367809702934249,0.0,1573,686,14.0,499.0
2026-06-18T22:55:59.959445+00:00,113.22439999999987,115.2577734375,2.018695042198675,0.0,1579,686,172.0,499.0
2026-06-18T22:56:00.064282+00:00,113.70920000000042,114.7377734375,2.285874508822636,0.0,1599,686,229.0,499.0
2026-06-18T22:56:00.766053+00:00,114.16620000000022,116.1651171875,1.1891483959843034,0.0,1516,686,298.0,499.0
2026-06-18T22:56:00.866629+00:00,114.60730000000004,116.02393554687501,1.6483306458040907,0.0,1551,686,100.0,499.0
2026-06-18T22:56:00.967367+00:00,114.71730000000044,115.88393554687501,1.7096028618556725,0.0,1556,686,180.0,499.0
2026-06-18T22:56:01.067397+00:00,114.82840000000006,115.723935546875,1.7885950293652,0.0,1562,686,68.0,499.0
2026-06-18T22:56:01.168714+00:00,114.93949999999968,115.583935546875,1.856055685565889,0.0,1567,686,146.0,499.0
2026-06-18T22:56:01.269376+00:00,115.04500000000007,115.503935546875,1.809406607074492,0.0,1563,686,6.0,499.0
2026-06-18T22:56:01.369323+00:00,115.14599999999973,115.363935546875,1.9357635065963246,0.0,1573,686,181.0,499.0
2026-06-18T22:56:01.769389+00:00,115.2460000000001,115.203935546875,2.0303615484250006,0.0,1580,686,538.0,499.0
2026-06-18T22:56:02.171483+00:00,115.64699999999993,116.443203125,1.0628540401269522,0.0,1507,686,538.0,499.0
2026-06-18T22:56:02.272375+00:00,116.04000000000015,116.01736328125,1.4965721864042143,0.0,1540,686,159.0,499.0
2026-06-18T22:56:02.974085+00:00,116.36080000000001,115.49736328125,1.9025948863604256,0.0,1570,686,261.0,499.0
2026-06-18T22:56:03.674910+00:00,116.92160000000003,115.921923828125,1.658929540160032,0.0,1552,686,538.0,499.0
2026-06-18T22:56:03.777423+00:00,117.2423999999999,115.32192382812501,2.1072882627631246,0.0,1586,686,212.0,499.0
2026-06-18T22:56:03.876427+00:00,117.32240000000019,115.42146484375,1.9214769005947412,0.0,1572,686,87.0,499.0
2026-06-18T22:56:03.976392+00:00,117.40239999999976,115.85282226562501,1.610088347711546,0.0,1548,686,92.0,499.0
2026-06-18T22:56:04.076458+00:00,117.48240000000004,116.01326171875,1.7727006070544151,0.0,1560,686,12.0,499.0
2026-06-18T22:56:04.177458+00:00,117.56240000000034,115.87326171875,1.9200258856444385,0.0,1572,686,222.0,499.0
2026-06-18T22:56:04.276454+00:00,117.6423999999999,115.9176953125,1.7358871327043097,0.0,1558,686,89.0,499.0
2026-06-18T22:56:04.376420+00:00,117.72240000000019,116.30727539062501,1.5157682227343443,0.0,1541,686,155.0,499.0
2026-06-18T22:56:04.476443+00:00,117.80239999999976,116.147275390625,1.8681356601609886,0.0,1568,686,217.0,499.0
2026-06-18T22:56:04.576546+00:00,117.88240000000005,115.987275390625,1.9708611114547345,0.0,1576,686,203.0,499.0
2026-06-18T22:56:04.677513+00:00,117.96240000000034,116.28174804687501,1.5425273407905618,0.0,1543,686,141.0,499.0
2026-06-18T22:56:04.777452+00:00,118.04320000000007,116.448515625,1.7628344971583134,0.0,1560,686,66.0,499.0
2026-06-18T22:56:04.877483+00:00,118.12320000000037,116.288515625,1.8863065918490785,0.0,1569,686,224.0,499.0
2026-06-18T22:56:04.978430+00:00,118.20319999999992,116.148515625,1.9578517651845795,0.0,1575,686,499.0,499.0
2026-06-18T22:56:05.077529+00:00,118.28320000000022,115.988515625,2.0843233722581704,0.0,1584,686,248.0,499.0
2026-06-18T22:56:05.178493+00:00,118.36319999999978,115.9640234375,2.0660745718467046,0.0,1583,686,148.0,499.0
2026-06-18T22:56:05.576035+00:00,118.44320000000008,116.3548046875,1.6458164135764068,0.0,1551,686,213.0,499.0
2026-06-18T22:56:06.280840+00:00,119.00639999999986,117.10982421875,1.43673708517729,0.0,1535,686,278.0,499.0
2026-06-18T22:56:06.683646+00:00,119.56719999999987,116.52984375,2.222639510627687,0.0,1595,686,275.0,499.0
2026-06-18T22:56:06.783627+00:00,119.64720000000015,116.50733398437501,2.118805213743406,0.0,1587,686,80.0,499.0
2026-06-18T22:56:07.182732+00:00,119.72719999999973,116.91228515625001,1.6875062017345313,0.0,1554,686,538.0,499.0
2026-06-18T22:56:07.286674+00:00,120.04959999999991,116.6284375,2.2311839697941496,0.0,1595,686,291.0,499.0
2026-06-18T22:56:07.386767+00:00,120.12960000000021,116.77966796875,1.9313958884687956,0.0,1573,686,176.0,499.0
2026-06-18T22:56:07.485713+00:00,120.20959999999977,117.171767578125,1.778340333227864,0.0,1561,686,197.0,499.0
2026-06-18T22:56:07.585924+00:00,120.29040000000023,117.031767578125,2.1144116621300446,0.0,1586,686,263.0,499.0
2026-06-18T22:56:07.687812+00:00,120.37039999999979,117.16871093750001,1.78106257350907,0.0,1561,686,42.0,499.0
2026-06-18T22:56:07.786676+00:00,120.45040000000007,117.429267578125,1.809525071004984,0.0,1563,686,32.0,499.0
2026-06-18T22:56:07.887731+00:00,120.53040000000037,117.269267578125,2.076974731352064,0.0,1584,686,81.0,499.0
2026-06-18T22:56:07.988735+00:00,120.6112000000001,117.43007812500001,1.7694954809748324,0.0,1560,686,223.0,499.0
2026-06-18T22:56:08.087844+00:00,120.69119999999965,117.67400390625001,1.61282628675961,0.0,1548,686,144.0,499.0
2026-06-18T22:56:08.487121+00:00,120.77119999999995,117.51400390625,2.0405126610315225,0.0,1581,686,204.0,499.0
2026-06-18T22:56:09.191945+00:00,121.33519999999989,118.69087890625,1.4546723372824282,0.0,1536,686,232.0,499.0
2026-06-18T22:56:09.293468+00:00,121.64899999999979,118.17087890625,1.7083139179896625,0.0,1556,686,58.0,499.0
2026-06-18T22:56:09.393179+00:00,121.71900000000005,118.03087890625,1.8760911617562996,0.0,1568,686,232.0,499.0
2026-06-18T22:56:09.493890+00:00,121.7890000000003,117.87087890625,2.0130685836185496,0.0,1579,686,186.0,499.0
2026-06-18T22:56:09.593951+00:00,121.85899999999992,117.73087890625,2.105439421290641,0.0,1586,686,222.0,499.0
2026-06-18T22:56:09.694218+00:00,121.92970000000031,117.898642578125,1.8161782614043807,0.0,1564,686,244.0,499.0
2026-06-18T22:56:09.794895+00:00,121.99969999999993,118.4044921875,1.5375951394405316,0.0,1543,686,107.0,499.0
2026-06-18T22:56:09.894835+00:00,122.0697000000002,118.32880859375,1.953113635189724,0.0,1574,686,96.0,499.0
2026-06-18T22:56:09.994290+00:00,122.1396999999998,118.18880859375,2.071489921557566,0.0,1583,686,254.0,499.0
2026-06-18T22:56:10.095982+00:00,122.20970000000007,118.59780273437501,1.578855397586933,0.0,1546,686,122.0,499.0
2026-06-18T22:56:10.195870+00:00,122.27970000000032,118.71369140625,1.8984436763423824,0.0,1570,686,175.0,499.0
2026-06-18T22:56:10.295821+00:00,122.35760000000009,118.57369140625,1.9770633962045254,0.0,1576,686,355.0,499.0
2026-06-18T22:56:10.395066+00:00,122.43760000000039,118.993056640625,1.457248418600102,0.0,1537,686,195.0,499.0
2026-06-18T22:56:10.496835+00:00,122.51840000000011,119.02642578125,1.7855200982046302,0.0,1561,686,76.0,499.0
2026-06-18T22:56:10.598970+00:00,122.59839999999967,118.86642578125,1.9017213758104705,0.0,1570,686,266.0,499.0
2026-06-18T22:56:10.697822+00:00,122.67839999999997,118.72642578125,1.987239020333031,0.0,1577,686,166.0,499.0
2026-06-18T22:56:10.796862+00:00,122.75840000000025,118.64642578125,1.9630695322777694,0.0,1575,686,34.0,499.0
2026-06-18T22:56:10.896847+00:00,122.83839999999981,118.74222656250001,1.7716181262968198,0.0,1560,686,58.0,499.0
2026-06-18T22:56:11.298335+00:00,122.91920000000027,119.274111328125,1.4080703687841059,0.0,1533,686,95.0,499.0
2026-06-18T22:56:11.998123+00:00,123.43250000000025,119.87384765625,1.154654576898408,0.0,1514,686,278.0,499.0
2026-06-18T22:56:12.103008+00:00,123.71459999999979,119.63529296875001,1.6129695840691531,0.0,1548,686,39.0,499.0
2026-06-18T22:56:12.201925+00:00,123.78460000000004,119.49529296875001,1.696835585172928,0.0,1555,686,5.0,499.0
2026-06-18T22:56:12.301927+00:00,123.84680000000026,119.41529296875001,1.7533294970383762,0.0,1559,686,111.0,499.0
2026-06-18T22:56:12.401953+00:00,123.90679999999993,119.27529296875001,1.8319188911630815,0.0,1565,686,180.0,499.0
2026-06-18T22:56:12.501976+00:00,123.96680000000015,119.11529296875,1.9615344349102757,0.0,1575,686,195.0,499.0
2026-06-18T22:56:12.602031+00:00,124.02679999999982,119.02220703125,1.9719358247245995,0.0,1576,686,231.0,499.0
2026-06-18T22:56:12.702924+00:00,124.08680000000004,119.494306640625,1.4803911031087016,0.0,1538,686,125.0,499.0
2026-06-18T22:56:12.801984+00:00,124.14680000000025,119.68984375000001,1.7637515444625103,0.0,1560,686,179.0,499.0
2026-06-18T22:56:12.901999+00:00,124.20679999999993,119.54984375000001,1.860054034832935,0.0,1567,686,31.0,499.0
2026-06-18T22:56:13.002003+00:00,124.26680000000015,119.38984375,1.9696775727855953,0.0,1575,686,174.0,499.0
2026-06-18T22:56:13.102080+00:00,124.32679999999982,119.22984375,2.0784752454287085,0.0,1584,686,211.0,499.0
2026-06-18T22:56:13.202954+00:00,124.38740000000017,119.598134765625,1.5786530492393882,0.0,1546,686,190.0,499.0
2026-06-18T22:56:13.302988+00:00,124.44739999999985,119.795283203125,1.836959216292966,0.0,1565,686,99.0,499.0
2026-06-18T22:56:13.703074+00:00,124.50740000000006,119.65528320312501,1.9182973421324814,0.0,1572,686,538.0,499.0
2026-06-18T22:56:14.106109+00:00,124.92919999999977,121.37109375,1.0,0.0,1502,686,188.0,499.0
2026-06-18T22:56:14.806429+00:00,125.11359999999986,120.77109375,1.3375789777829006,0.0,1527,686,261.0,499.0
2026-06-18T22:56:14.911060+00:00,125.27479999999996,120.17109375,1.6282141154742633,0.0,1550,686,184.0,499.0
2026-06-18T22:56:15.011049+00:00,125.3148000000001,120.01109375,1.7548154131093936,0.0,1559,686,215.0,499.0
2026-06-18T22:56:15.110414+00:00,125.3547999999999,119.95109375,1.7969789616422784,0.0,1562,686,103.0,499.0
2026-06-18T22:56:15.210118+00:00,125.39480000000003,119.79109375,1.9283873110037173,0.0,1572,686,24.0,499.0
2026-06-18T22:56:15.310801+00:00,125.43480000000018,119.63109375,2.0290521204103853,0.0,1580,686,0.0,499.0
2026-06-18T22:56:15.410508+00:00,125.47479999999996,119.64896484375001,1.8655764251834652,0.0,1568,686,64.0,499.0
2026-06-18T22:56:15.511075+00:00,125.51480000000011,120.2091796875,1.4146595176027117,0.0,1533,686,100.0,499.0
2026-06-18T22:56:15.610921+00:00,125.55519999999997,120.25197265625,1.7582262510937303,0.0,1559,686,300.0,499.0
2026-06-18T22:56:15.711592+00:00,125.59520000000012,120.09197265625001,1.8769770292672563,0.0,1568,686,197.0,499.0
2026-06-18T22:56:15.811272+00:00,125.6351999999999,119.95197265625,1.944297906826145,0.0,1573,686,441.0,499.0
2026-06-18T22:56:15.912741+00:00,125.67520000000005,120.50164062500001,1.3270728598953796,0.0,1527,686,129.0,499.0
2026-06-18T22:56:16.011627+00:00,125.71520000000018,120.45403320312501,1.7144008966923439,0.0,1556,686,87.0,499.0
2026-06-18T22:56:16.112386+00:00,125.75560000000004,120.294033203125,1.8262079232726989,0.0,1565,686,179.0,499.0
2026-06-18T22:56:16.212125+00:00,125.79559999999982,120.501328125,1.442984086150811,0.0,1535,686,332.0,499.0
2026-06-18T22:56:16.312744+00:00,125.82669999999997,120.699375,1.3820408836457432,0.0,1531,686,63.0,499.0
2026-06-18T22:56:16.413159+00:00,125.85699999999987,120.539375,1.7647689017528423,0.0,1560,686,46.0,499.0
2026-06-18T22:56:16.514337+00:00,125.88730000000005,120.399375,1.8619666642297172,0.0,1567,686,38.0,499.0
2026-06-18T22:56:16.615147+00:00,125.91759999999995,120.239375,1.9738905419618027,0.0,1576,686,211.0,499.0
2026-06-18T22:56:17.317896+00:00,126.03819999999996,121.779404296875,1.0,0.0,1502,686,119.0,499.0
2026-06-18T22:56:17.721234+00:00,126.24910000000008,121.269765625,1.6178725630312725,0.0,1549,686,266.0,499.0
2026-06-18T22:56:17.825121+00:00,126.27939999999998,121.129765625,1.6488945355491638,0.0,1551,686,81.0,499.0
2026-06-18T22:56:17.922191+00:00,126.30969999999989,120.989765625,1.710615697434718,0.0,1556,686,164.0,499.0
2026-06-18T22:56:18.025343+00:00,126.34000000000006,120.82976562500001,1.8195030640696275,0.0,1564,686,200.0,499.0
2026-06-18T22:56:18.125223+00:00,126.37029999999996,120.689765625,1.8830226152609404,0.0,1569,686,488.0,499.0
2026-06-18T22:56:18.226249+00:00,126.40040000000009,120.529765625,1.9955107416937556,0.0,1577,686,186.0,499.0
2026-06-18T22:56:18.326214+00:00,126.42060000000002,120.369765625,2.0893294465766035,0.0,1584,686,207.0,499.0
2026-06-18T22:56:18.429230+00:00,126.44079999999995,120.39337890625,1.9379905614780568,0.0,1573,686,77.0,499.0
2026-06-18T22:56:18.529380+00:00,126.46100000000006,120.977158203125,1.4526563082190946,0.0,1536,686,91.0,499.0
2026-06-18T22:56:18.630271+00:00,126.48119999999999,120.93142578125,1.867636089467584,0.0,1568,686,140.0,499.0
2026-06-18T22:56:18.730254+00:00,126.50120000000007,120.77142578125,1.9674998491023081,0.0,1575,686,182.0,499.0
2026-06-18T22:56:18.831236+00:00,126.5214,120.63142578125,2.028260220601034,0.0,1580,686,471.0,499.0
2026-06-18T22:56:18.932255+00:00,126.54159999999992,121.01228515625,1.5005423203153705,0.0,1540,686,206.0,499.0
2026-06-18T22:56:19.033370+00:00,126.5616,121.2316796875,1.7694042730540342,0.0,1560,686,82.0,499.0
2026-06-18T22:56:19.132324+00:00,126.58160000000007,121.0916796875,1.8500798039645812,0.0,1566,686,196.0,499.0
2026-06-18T22:56:19.233329+00:00,126.60079999999998,121.0116796875,1.8216555695796257,0.0,1564,686,215.0,499.0
2026-06-18T22:56:19.934523+00:00,126.64099999999998,120.43167968750001,2.31876801366288,0.0,1602,686,273.0,499.0
2026-06-18T22:56:20.336354+00:00,126.7112,121.79755859375,1.5943517394008873,0.0,1547,686,69.0,499.0
2026-06-18T22:56:20.436351+00:00,126.72120000000005,121.65755859375,1.7773400879904895,0.0,1561,686,83.0,499.0
2026-06-18T22:56:20.536450+00:00,126.73119999999999,121.49755859375,1.8833390045357385,0.0,1569,686,233.0,499.0
2026-06-18T22:56:20.636338+00:00,126.74120000000002,121.35755859375,1.960137258572136,0.0,1575,686,238.0,499.0
2026-06-18T22:56:20.735368+00:00,126.75119999999997,121.353505859375,1.9289118462502275,0.0,1572,686,460.0,499.0
2026-06-18T22:56:20.836461+00:00,126.7612,121.96805664062501,1.336953023255015,0.0,1527,686,129.0,499.0
2026-06-18T22:56:20.938539+00:00,126.77120000000005,122.02478515625,1.7218559303847678,0.0,1557,686,185.0,499.0
2026-06-18T22:56:21.036428+00:00,126.7813,121.86478515625001,1.8263660471890502,0.0,1565,686,169.0,499.0
2026-06-18T22:56:21.440400+00:00,126.82160000000003,121.26478515625,2.22307831389105,0.0,1595,686,262.0,499.0
2026-06-18T22:56:21.539633+00:00,126.83159999999998,121.370966796875,1.866368328530875,0.0,1568,686,251.0,499.0
2026-06-18T22:56:21.940503+00:00,126.84170000000003,121.713115234375,1.784240579513791,0.0,1561,686,538.0,499.0
2026-06-18T22:56:22.041470+00:00,126.88180000000003,121.193115234375,2.157847561048269,0.0,1590,686,253.0,499.0
2026-06-18T22:56:22.743818+00:00,126.9,123.1148828125,1.0,0.0,1502,686,276.0,499.0
2026-06-18T22:56:23.146592+00:00,126.9,122.761767578125,1.5829249388781914,0.0,1546,686,277.0,499.0
2026-06-18T22:56:23.246480+00:00,126.9,122.621767578125,1.5895656616144835,0.0,1547,686,373.0,499.0
2026-06-18T22:56:23.345913+00:00,126.9,122.461767578125,1.6825805601858725,0.0,1554,686,35.0,499.0
2026-06-18T22:56:23.446722+00:00,126.9,122.321767578125,1.7225227168648367,0.0,1557,686,440.0,499.0
2026-06-18T22:56:23.546506+00:00,126.9,122.241767578125,1.7741639149398225,0.0,1561,686,87.0,499.0
2026-06-18T22:56:23.647497+00:00,126.9,122.101767578125,1.8168825140442049,0.0,1564,686,306.0,499.0
2026-06-18T22:56:23.748627+00:00,126.9,121.941767578125,1.9105949294836406,0.0,1571,686,104.0,499.0
2026-06-18T22:56:23.848476+00:00,126.9,121.80176757812501,1.9668084954724137,0.0,1575,686,224.0,499.0
2026-06-18T22:56:23.948511+00:00,126.9,121.641767578125,2.0357137324811174,0.0,1580,686,508.0,499.0
2026-06-18T22:56:24.049638+00:00,126.9,122.06734375,1.4199083780748012,0.0,1534,686,190.0,499.0
2026-06-18T22:56:24.148523+00:00,126.9,122.30364257812501,1.6805647596268147,0.0,1553,686,118.0,499.0
2026-06-18T22:56:24.247582+00:00,126.89759999999997,122.163642578125,1.7162642287776417,0.0,1556,686,307.0,499.0
2026-06-18T22:56:24.347544+00:00,126.88760000000002,122.003642578125,1.808018174471624,0.0,1563,686,68.0,499.0
2026-06-18T22:56:24.448635+00:00,126.87749999999997,121.843642578125,1.8812999172466764,0.0,1569,686,225.0,499.0
2026-06-18T22:56:24.550765+00:00,126.86750000000002,121.703642578125,1.9261587138109566,0.0,1572,686,538.0,499.0
2026-06-18T22:56:24.649516+00:00,126.85749999999999,121.543642578125,2.022262218583026,0.0,1579,686,197.0,499.0
2026-06-18T22:56:24.749556+00:00,126.84740000000002,121.48009765625,1.9740948045732423,0.0,1576,686,113.0,499.0
2026-06-18T22:56:24.850582+00:00,126.83739999999997,122.098740234375,1.3315855529053202,0.0,1527,686,173.0,499.0
2026-06-18T22:56:24.952121+00:00,126.82740000000004,121.958740234375,1.7685233083476624,0.0,1560,686,216.0,499.0
2026-06-18T22:56:25.348768+00:00,126.81739999999999,121.878740234375,1.8160019942084844,0.0,1564,686,60.0,499.0
2026-06-18T22:56:26.051627+00:00,126.69439999999994,122.67934570312501,1.0,0.0,1502,686,127.0,499.0
2026-06-18T22:56:26.157633+00:00,126.61319999999995,122.587939453125,1.222137699516507,0.0,1519,686,86.0,499.0
2026-06-18T22:56:26.259638+00:00,126.5898000000001,122.427939453125,1.3143234157175014,0.0,1526,686,74.0,499.0
2026-06-18T22:56:26.359669+00:00,126.55949999999993,122.287939453125,1.379855616675208,0.0,1531,686,364.0,499.0
2026-06-18T22:56:26.458802+00:00,126.5295000000001,122.12793945312501,1.4989469533194195,0.0,1540,686,80.0,499.0
2026-06-18T22:56:26.558670+00:00,126.49949999999998,122.047939453125,1.5556336342545676,0.0,1544,686,87.0,499.0
2026-06-18T22:56:26.659678+00:00,126.46949999999987,121.907939453125,1.6444168293470973,0.0,1551,686,146.0,499.0
2026-06-18T22:56:26.758681+00:00,126.43950000000004,121.747939453125,1.7447123045114765,0.0,1558,686,182.0,499.0
2026-06-18T22:56:26.858678+00:00,126.40949999999994,121.607939453125,1.8141005693428365,0.0,1564,686,453.0,499.0
2026-06-18T22:56:26.958783+00:00,126.37950000000009,121.447939453125,1.933819363636027,0.0,1573,686,74.0,499.0
2026-06-18T22:56:27.058811+00:00,126.34949999999999,121.307939453125,2.0048083527649996,0.0,1578,686,465.0,499.0
2026-06-18T22:56:27.158674+00:00,126.31949999999988,121.147939453125,2.1274604499954366,0.0,1587,686,175.0,499.0
2026-06-18T22:56:27.561724+00:00,126.19860000000007,122.569111328125,1.0,0.0,1502,686,248.0,499.0
2026-06-18T22:56:27.661709+00:00,126.16859999999997,122.81353515625,1.3432843244951054,0.0,1528,686,190.0,499.0
2026-06-18T22:56:27.761722+00:00,126.13859999999985,122.73353515625,1.3971874597821257,0.0,1532,686,34.0,499.0
2026-06-18T22:56:28.462878+00:00,126.01829999999991,122.13353515625,1.7757485716306052,0.0,1561,686,538.0,499.0
2026-06-18T22:56:28.865882+00:00,125.80740000000006,123.14066406250001,1.18605473321487,0.0,1516,686,278.0,499.0
2026-06-18T22:56:28.965505+00:00,125.77739999999994,123.4744140625,1.168108605565883,0.0,1515,686,86.0,499.0
2026-06-18T22:56:29.065206+00:00,125.74740000000011,123.3344140625,1.7296277827653126,0.0,1557,686,128.0,499.0
2026-06-18T22:56:29.166204+00:00,125.7174,123.1944140625,1.8637111320530038,0.0,1567,686,0.0,499.0
2026-06-18T22:56:29.564888+00:00,125.69579999999996,123.0344140625,2.0420396209703826,0.0,1581,686,538.0,499.0
2026-06-18T22:56:29.667357+00:00,125.65559999999996,124.2928125,1.1441237721009112,0.0,1513,686,190.0,499.0
2026-06-18T22:56:29.768010+00:00,125.64560000000002,124.3484765625,1.5856742984219179,0.0,1546,686,111.0,499.0
2026-06-18T22:56:29.866997+00:00,125.63559999999997,124.1884765625,1.7157157316813125,0.0,1556,686,157.0,499.0
2026-06-18T22:56:29.967895+00:00,125.62560000000003,124.0484765625,1.8354062985441082,0.0,1565,686,22.0,499.0
2026-06-18T22:56:30.067060+00:00,125.61559999999999,123.8884765625,1.9660977242120679,0.0,1575,686,162.0,499.0
2026-06-18T22:56:30.167757+00:00,125.60559999999995,123.7484765625,2.0862982321035797,0.0,1584,686,284.0,499.0
2026-06-18T22:56:30.268453+00:00,125.6,123.88477539062501,1.7768014446988827,0.0,1561,686,111.0,499.0
2026-06-18T22:56:30.368148+00:00,125.6,124.14375,1.6344714525704482,0.0,1550,686,115.0,499.0
2026-06-18T22:56:30.469885+00:00,125.6,124.3059375,1.922713361702651,0.0,1572,686,104.0,499.0
2026-06-18T22:56:30.568871+00:00,125.6,124.1459375,2.037007666359181,0.0,1581,686,236.0,499.0
2026-06-18T22:56:30.969315+00:00,125.6,124.5240234375,1.4490859070422544,0.0,1536,686,167.0,499.0
2026-06-18T22:56:31.671178+00:00,125.62960000000002,124.12121093750001,2.4143281478361125,0.0,1609,686,349.0,499.0
2026-06-18T22:56:31.773940+00:00,125.70979999999999,125.97904296875001,1.4655976102636865,0.0,1537,686,39.0,499.0
2026-06-18T22:56:31.874111+00:00,125.72980000000007,126.25791015625,1.4430441975502344,0.0,1535,686,48.0,499.0
2026-06-18T22:56:31.974960+00:00,125.75,126.11791015625,1.549581330897178,0.0,1544,686,133.0,499.0
2026-06-18T22:56:32.075954+00:00,125.77019999999993,125.95791015625001,1.6687974606948401,0.0,1553,686,81.0,499.0
2026-06-18T22:56:32.174948+00:00,125.7902,125.81791015625001,1.778431801456378,0.0,1561,686,252.0,499.0
2026-06-18T22:56:32.274951+00:00,125.82040000000015,125.65791015625,1.8926657593464546,0.0,1570,686,257.0,499.0
2026-06-18T22:56:32.377035+00:00,125.86080000000001,125.51791015625,1.969092825189788,0.0,1575,686,208.0,499.0
2026-06-18T22:56:32.477950+00:00,125.90119999999987,125.56313476562501,1.749464397605244,0.0,1559,686,77.0,499.0
2026-06-18T22:56:32.577000+00:00,125.94120000000002,126.2219921875,1.2673838144960392,0.0,1522,686,0.0,499.0
2026-06-18T22:56:32.677963+00:00,125.98120000000017,126.17771484375,1.652331378821601,0.0,1551,686,222.0,499.0
2026-06-18T22:56:32.777054+00:00,126.02119999999995,126.03771484375001,1.7264746772303607,0.0,1557,686,169.0,499.0
2026-06-18T22:56:32.878098+00:00,126.0612000000001,125.87771484375,1.811603201215322,0.0,1563,686,67.0,499.0
2026-06-18T22:56:32.978016+00:00,126.10119999999988,125.73771484375,1.8676894735477636,0.0,1568,686,263.0,499.0
2026-06-18T22:56:33.078004+00:00,126.14120000000003,125.57771484375,1.97671361352424,0.0,1576,686,225.0,499.0
2026-06-18T22:56:33.178015+00:00,126.18159999999989,125.590888671875,1.882251182684349,0.0,1569,686,162.0,499.0
2026-06-18T22:56:33.278041+00:00,126.22160000000004,126.250576171875,1.1903296653233895,0.0,1516,686,156.0,499.0
2026-06-18T22:56:33.378394+00:00,126.2619999999999,126.322666015625,1.6148406725354532,0.0,1549,686,304.0,499.0
2026-06-18T22:56:34.079719+00:00,126.42239999999983,125.742666015625,1.98987396185434,0.0,1577,686,185.0,499.0
2026-06-18T22:56:34.488118+00:00,126.70560000000005,127.23954101562501,1.1270345484638584,0.0,1511,686,106.0,499.0
2026-06-18T22:56:34.588091+00:00,126.74559999999983,127.09954101562501,1.2328113399025589,0.0,1520,686,205.0,499.0
2026-06-18T22:56:35.290574+00:00,126.90679999999993,126.559541015625,1.5850419199010402,0.0,1546,686,538.0,499.0
2026-06-18T22:56:35.393182+00:00,127.06759999999994,125.959541015625,1.8181921232883576,0.0,1564,686,224.0,499.0
2026-06-18T22:56:35.492256+00:00,127.10760000000009,125.799541015625,1.8839326526615294,0.0,1569,686,424.0,499.0
2026-06-18T22:56:35.891246+00:00,127.14759999999988,125.65954101562501,1.942645108616966,0.0,1573,686,538.0,499.0
2026-06-18T22:56:36.295949+00:00,127.30879999999998,125.139541015625,2.0263946892652855,0.0,1580,686,538.0,499.0
2026-06-18T22:56:36.997547+00:00,127.49480000000003,126.26734375000001,1.0092919304632,0.0,1503,686,276.0,499.0
2026-06-18T22:56:37.101184+00:00,127.57540000000007,126.36552734375,1.446735749751206,0.0,1536,686,69.0,499.0
2026-06-18T22:56:37.201381+00:00,127.5956,126.20552734375,1.5560348081195539,0.0,1544,686,179.0,499.0
2026-06-18T22:56:37.303395+00:00,127.61579999999994,126.06552734375,1.6257462208266458,0.0,1549,686,161.0,499.0
2026-06-18T22:56:37.404235+00:00,127.63600000000005,125.90552734375001,1.70414268994694,0.0,1555,686,75.0,499.0
2026-06-18T22:56:37.504234+00:00,127.65599999999995,125.76552734375001,1.77168097754709,0.0,1560,686,152.0,499.0
2026-06-18T22:56:37.604736+00:00,127.67600000000002,125.68552734375,1.7334526381037418,0.0,1557,686,22.0,499.0
2026-06-18T22:56:37.704755+00:00,127.69600000000008,125.52552734375,1.8956771146651015,0.0,1570,686,192.0,499.0
2026-06-18T22:56:37.804905+00:00,127.71599999999998,125.38552734375,1.9612403092276018,0.0,1575,686,112.0,499.0
2026-06-18T22:56:37.905763+00:00,127.73600000000006,125.24552734375,2.00481810315246,0.0,1578,686,295.0,499.0
2026-06-18T22:56:38.004297+00:00,127.75599999999994,125.08552734375,2.1027047116594018,0.0,1586,686,66.0,499.0
2026-06-18T22:56:38.105765+00:00,127.77600000000002,125.370732421875,1.5943947818301958,0.0,1547,686,196.0,499.0
2026-06-18T22:56:38.205765+00:00,127.79600000000009,126.003857421875,1.2824286234990971,0.0,1523,686,159.0,499.0
2026-06-18T22:56:38.304480+00:00,127.80799999999999,125.843857421875,1.7118120693263228,0.0,1556,686,144.0,499.0
2026-06-18T22:56:38.405741+00:00,127.81800000000003,125.703857421875,1.79487398711568,0.0,1562,686,123.0,499.0
2026-06-18T22:56:38.505760+00:00,127.82809999999999,125.543857421875,1.8854402894069522,0.0,1569,686,196.0,499.0
2026-06-18T22:56:38.905679+00:00,127.83819999999996,125.403857421875,1.9669536652125414,0.0,1575,686,24.0,499.0
2026-06-18T22:56:39.608508+00:00,127.9085,126.5541796875,1.0,0.0,1502,686,90.0,499.0
2026-06-18T22:56:40.014411+00:00,127.97889999999998,126.20322265625,1.7145426058858826,0.0,1556,686,208.0,499.0
2026-06-18T22:56:40.114392+00:00,127.98890000000002,126.06322265625,1.7361204313208627,0.0,1558,686,195.0,499.0
2026-06-18T22:56:40.213423+00:00,127.99899999999998,125.90322265625001,1.8274574536618617,0.0,1565,686,168.0,499.0
2026-06-18T22:56:40.313535+00:00,128.00900000000001,125.76322265625001,1.8907077280637083,0.0,1569,686,451.0,499.0
2026-06-18T22:56:40.414377+00:00,128.01899999999995,125.68322265625001,1.96353797260752,0.0,1575,686,261.0,499.0
2026-06-18T22:56:40.513458+00:00,128.029,125.52322265625,2.0568093913758263,0.0,1582,686,268.0,499.0
2026-06-18T22:56:40.613425+00:00,128.03900000000004,125.38322265625,2.1408301476335616,0.0,1588,686,195.0,499.0
2026-06-18T22:56:40.713424+00:00,128.04899999999998,125.427314453125,1.9248973824539743,0.0,1572,686,23.0,499.0
2026-06-18T22:56:40.813619+00:00,128.059,126.082119140625,1.4468963978444327,0.0,1536,686,77.0,499.0
2026-06-18T22:56:40.913788+00:00,128.06899999999996,126.2687109375,1.7337479970075218,0.0,1558,686,177.0,499.0
2026-06-18T22:56:41.013448+00:00,128.07899999999998,126.1287109375,1.79388149855179,0.0,1562,686,348.0,499.0
2026-06-18T22:56:41.114501+00:00,128.08900000000003,125.9687109375,1.9056296641161372,0.0,1571,686,239.0,499.0
2026-06-18T22:56:41.213467+00:00,128.09899999999996,125.8287109375,1.9877190039045167,0.0,1577,686,217.0,499.0
2026-06-18T22:56:41.313188+00:00,128.109,125.66871093750001,2.080657681182565,0.0,1584,686,241.0,499.0
2026-06-18T22:56:41.413482+00:00,128.11899999999994,125.96376953125001,1.5766814040771462,0.0,1546,686,133.0,499.0
2026-06-18T22:56:41.514486+00:00,128.129,126.26468750000001,1.8035199478838448,0.0,1563,686,164.0,499.0
2026-06-18T22:56:41.913768+00:00,128.13900000000004,126.18468750000001,1.8539375391928772,0.0,1567,686,167.0,499.0
2026-06-18T22:56:42.615570+00:00,128.20929999999998,127.435595703125,1.0,0.0,1502,686,277.0,499.0
2026-06-18T22:56:42.717701+00:00,128.24939999999998,127.444287109375,1.258136076149241,0.0,1521,686,182.0,499.0
2026-06-18T22:56:42.817673+00:00,128.2594,127.284287109375,1.3607987167751872,0.0,1529,686,186.0,499.0
2026-06-18T22:56:42.918102+00:00,128.26940000000005,127.144287109375,1.417600543389498,0.0,1534,686,455.0,499.0
2026-06-18T22:56:43.017815+00:00,128.27939999999998,127.064287109375,1.484018393765334,0.0,1539,686,31.0,499.0
2026-06-18T22:56:43.118603+00:00,128.28950000000006,126.904287109375,1.5717526660977499,0.0,1545,686,179.0,499.0
2026-06-18T22:56:43.218233+00:00,128.2995,126.764287109375,1.6331240283251003,0.0,1550,686,467.0,499.0
2026-06-18T22:56:43.318886+00:00,128.30950000000004,126.60428710937501,1.7387517078715984,0.0,1558,686,206.0,499.0
2026-06-18T22:56:43.418640+00:00,128.31949999999998,126.46428710937501,1.8180030880228304,0.0,1564,686,154.0,499.0
2026-06-18T22:56:43.518305+00:00,128.32950000000002,126.304287109375,1.9113996555612247,0.0,1571,686,243.0,499.0
2026-06-18T22:56:43.618558+00:00,128.33950000000004,126.164287109375,1.9906152774582528,0.0,1577,686,61.0,499.0
2026-06-18T22:56:43.718671+00:00,128.3495,126.004287109375,2.0823104200751414,0.0,1584,686,247.0,499.0
2026-06-18T22:56:43.819737+00:00,128.35960000000006,125.95900390625,2.002495218689709,0.0,1578,686,26.0,499.0
2026-06-18T22:56:43.919029+00:00,128.3696,126.727177734375,1.2673457522382472,0.0,1522,686,54.0,499.0
2026-06-18T22:56:44.021604+00:00,128.37970000000004,126.705048828125,1.7619785039576885,0.0,1560,686,52.0,499.0
2026-06-18T22:56:44.121639+00:00,128.3897,126.545048828125,1.84959374058176,0.0,1566,686,163.0,499.0
2026-06-18T22:56:44.221595+00:00,128.39970000000002,126.38504882812501,1.941202932912165,0.0,1573,686,89.0,499.0
2026-06-18T22:56:44.620920+00:00,128.4097,126.325048828125,1.9009210778890973,0.0,1570,686,98.0,499.0
2026-06-18T22:56:45.321821+00:00,128.4799,127.711826171875,1.0,0.0,1502,686,274.0,499.0
2026-06-18T22:56:45.425676+00:00,128.51999999999998,127.726748046875,1.290024506824233,0.0,1524,686,200.0,499.0
2026-06-18T22:56:45.525785+00:00,128.53000000000003,127.566748046875,1.361717748143941,0.0,1529,686,177.0,499.0
2026-06-18T22:56:45.625738+00:00,128.53999999999996,127.48674804687501,1.3140586153877527,0.0,1526,686,66.0,499.0
2026-06-18T22:56:45.725136+00:00,128.55,127.346748046875,1.456947108554842,0.0,1537,686,200.0,499.0
2026-06-18T22:56:45.824789+00:00,128.56000000000003,127.186748046875,1.5219970808117818,0.0,1541,686,154.0,499.0
2026-06-18T22:56:45.925296+00:00,128.56999999999996,127.04674804687501,1.581123762323677,0.0,1546,686,210.0,499.0
2026-06-18T22:56:46.024660+00:00,128.58,126.886748046875,1.649431403093721,0.0,1551,686,512.0,499.0
2026-06-18T22:56:46.124689+00:00,128.58999999999995,126.746748046875,1.7084866697875518,0.0,1556,686,122.0,499.0
2026-06-18T22:56:46.223703+00:00,128.6,126.606748046875,1.7483395624053337,0.0,1559,686,510.0,499.0
2026-06-18T22:56:46.323828+00:00,128.6,126.446748046875,1.8256290527732444,0.0,1564,686,492.0,499.0
2026-06-18T22:56:46.424700+00:00,128.6,126.306748046875,1.8619653714281068,0.0,1567,686,418.0,499.0
2026-06-18T22:56:46.525836+00:00,128.6,126.947255859375,1.0735228811381423,0.0,1507,686,256.0,499.0
2026-06-18T22:56:46.624705+00:00,128.6,126.92606445312501,1.515988291495892,0.0,1541,686,176.0,499.0
2026-06-18T22:56:46.724718+00:00,128.6,126.766064453125,1.5999888946391907,0.0,1547,686,434.0,499.0
2026-06-18T22:56:46.823883+00:00,128.6,126.626064453125,1.64709868311386,0.0,1551,686,29.0,499.0
2026-06-18T22:56:46.923747+00:00,128.6,126.466064453125,1.7050624577995452,0.0,1555,686,79.0,499.0
2026-06-18T22:56:47.023739+00:00,128.6,126.406064453125,1.6926635352208832,0.0,1554,686,161.0,499.0
2026-06-18T22:56:47.124747+00:00,128.6,126.246064453125,1.7719446093602071,0.0,1560,686,344.0,499.0
2026-06-18T22:56:47.223748+00:00,128.6,126.106064453125,1.8030103769904997,0.0,1563,686,353.0,499.0
2026-06-18T22:56:47.624609+00:00,128.58999999999995,125.946064453125,1.887110139310569,0.0,1569,686,239.0,499.0
2026-06-18T22:56:48.026822+00:00,128.51980000000003,126.34131835937501,1.2377176221404156,0.0,1520,686,64.0,499.0
2026-06-18T22:56:48.125974+00:00,128.50979999999998,126.66869140625,1.248212991747634,0.0,1521,686,84.0,499.0
2026-06-18T22:56:48.526043+00:00,128.49959999999993,126.50869140625001,1.426931531935936,0.0,1534,686,538.0,499.0
2026-06-18T22:56:48.626821+00:00,128.4196,125.98869140625,1.6950590484571495,0.0,1555,686,137.0,499.0
2026-06-18T22:56:48.725999+00:00,128.39959999999994,125.84869140625,1.7555600168973968,0.0,1559,686,455.0,499.0
2026-06-18T22:56:48.826818+00:00,128.3794,125.68869140625,1.8640620578431877,0.0,1567,686,73.0,499.0
2026-06-18T22:56:48.927850+00:00,128.3593999999999,125.52869140625,1.955907365596412,0.0,1574,686,70.0,499.0
2026-06-18T22:56:49.027156+00:00,128.3392,125.38869140625,2.01699171283791,0.0,1579,686,445.0,499.0
2026-06-18T22:56:49.127956+00:00,128.3191999999999,125.22869140625001,2.1275407872935994,0.0,1587,686,70.0,499.0
2026-06-18T22:56:49.527988+00:00,128.29920000000004,125.62947265625,1.5873899989420506,0.0,1546,686,538.0,499.0
2026-06-18T22:56:49.629309+00:00,128.21880000000002,125.54471679687501,2.0031315588183554,0.0,1578,686,291.0,499.0
2026-06-18T22:56:49.729981+00:00,128.19879999999995,125.40471679687501,2.061630331253374,0.0,1582,686,314.0,499.0
2026-06-18T22:56:49.830670+00:00,128.17860000000002,125.244716796875,2.172768772921086,0.0,1591,686,194.0,499.0
2026-06-18T22:56:49.930878+00:00,128.15859999999992,125.64583984375,1.6262510808048667,0.0,1549,686,186.0,499.0
2026-06-18T22:56:50.332126+00:00,128.07839999999996,125.59623046875001,2.0210030661584764,0.0,1579,686,281.0,499.0
2026-06-18T22:56:51.031973+00:00,127.99840000000003,127.76658203125,0.0,0.0,1426,686,107.0,499.0
2026-06-18T22:56:51.133993+00:00,127.91820000000007,127.614912109375,1.0,0.0,1502,686,34.0,499.0
2026-06-18T22:56:51.232935+00:00,127.8973,127.474912109375,1.0,0.0,1502,686,538.0,499.0
2026-06-18T22:56:51.334089+00:00,127.86729999999989,127.314912109375,1.0,0.0,1502,686,538.0,499.0
2026-06-18T22:56:51.432957+00:00,127.83730000000006,127.154912109375,1.0190478489169463,0.0,1503,686,538.0,499.0
2026-06-18T22:56:51.533026+00:00,127.80729999999994,127.014912109375,1.110803356276105,0.0,1510,686,137.0,499.0
2026-06-18T22:56:51.633944+00:00,127.77700000000004,126.874912109375,1.1846064705079629,0.0,1516,686,464.0,499.0
2026-06-18T22:56:51.735133+00:00,127.74699999999993,126.714912109375,1.3078164120195648,0.0,1525,686,19.0,499.0
2026-06-18T22:56:51.835090+00:00,127.7170000000001,126.574912109375,1.38950228819766,0.0,1531,686,441.0,499.0
2026-06-18T22:56:51.933998+00:00,127.68699999999998,126.41491210937501,1.5208939921518583,0.0,1541,686,148.0,499.0
2026-06-18T22:56:52.034986+00:00,127.65699999999988,126.27491210937501,1.6232158255907574,0.0,1549,686,84.0,499.0
2026-06-18T22:56:52.134008+00:00,127.62700000000004,126.194912109375,1.6961675804131657,0.0,1555,686,72.0,499.0
2026-06-18T22:56:52.233990+00:00,127.59799999999996,126.054912109375,1.7773243236824863,0.0,1561,686,142.0,499.0
2026-06-18T22:56:52.335122+00:00,127.57800000000006,125.894912109375,1.8881941483529303,0.0,1569,686,68.0,499.0
2026-06-18T22:56:52.434020+00:00,127.55799999999999,125.754912109375,1.96339064446888,0.0,1575,686,227.0,499.0
2026-06-18T22:56:52.535077+00:00,127.53799999999991,125.594912109375,2.0520264198760114,0.0,1582,686,258.0,499.0
2026-06-18T22:56:52.634027+00:00,127.51800000000003,125.77455078125,1.6545126170063926,0.0,1552,686,80.0,499.0
2026-06-18T22:56:53.033802+00:00,127.49799999999996,126.43974609375,1.2787399342266843,0.0,1523,686,44.0,499.0
2026-06-18T22:56:53.735638+00:00,127.35740000000006,127.410126953125,1.0,0.0,1502,686,277.0,499.0
2026-06-18T22:56:53.840294+00:00,127.27680000000001,127.664892578125,1.0129556578556917,0.0,1503,686,538.0,499.0
2026-06-18T22:56:53.941088+00:00,127.25679999999993,127.524892578125,1.0779762127271595,0.0,1508,686,99.0,499.0
2026-06-18T22:56:54.040110+00:00,127.23680000000004,127.384892578125,1.125408154729055,0.0,1511,686,454.0,499.0
2026-06-18T22:56:54.140310+00:00,127.21679999999996,127.22489257812501,1.224073513276313,0.0,1519,686,143.0,499.0
2026-06-18T22:56:54.540239+00:00,127.19680000000008,127.08489257812501,1.275423250259105,0.0,1523,686,538.0,499.0
2026-06-18T22:56:54.642134+00:00,127.11640000000007,126.484892578125,1.6973730830235607,0.0,1555,686,141.0,499.0
2026-06-18T22:56:54.742120+00:00,127.09639999999999,126.404892578125,1.6862272578625839,0.0,1554,686,32.0,499.0
2026-06-18T22:56:54.842239+00:00,127.07639999999992,126.264892578125,1.8508180435366746,0.0,1566,686,152.0,499.0
2026-06-18T22:56:54.942148+00:00,127.05640000000002,126.104892578125,1.9863904725425046,0.0,1577,686,208.0,499.0
2026-06-18T22:56:55.342308+00:00,126.98810000000003,125.50489257812501,2.443466771692053,0.0,1611,686,304.0,499.0
2026-06-18T22:56:55.443172+00:00,126.97799999999998,125.57017578125,2.1701684588716192,0.0,1591,686,30.0,499.0
2026-06-18T22:56:55.544217+00:00,126.96800000000003,126.32499023437501,1.5469309221372134,0.0,1543,686,303.0,499.0
2026-06-18T22:56:56.247830+00:00,126.9277,125.95771484375,2.2462364094540215,0.0,1596,686,283.0,499.0
2026-06-18T22:56:56.651656+00:00,126.85720000000002,127.91553710937501,1.037672096181184,0.0,1505,686,42.0,499.0
2026-06-18T22:56:56.752269+00:00,126.84709999999995,127.77553710937501,1.2474210608291394,0.0,1521,686,218.0,499.0
2026-06-18T22:56:56.851886+00:00,126.8371,127.615537109375,1.3454778563997154,0.0,1528,686,153.0,499.0
2026-06-18T22:56:56.954605+00:00,126.82699999999996,127.475537109375,1.3911469663666771,0.0,1532,686,500.0,499.0
2026-06-18T22:56:57.053456+00:00,126.81700000000001,127.315537109375,1.4906020135282985,0.0,1539,686,68.0,499.0
2026-06-18T22:56:57.153957+00:00,126.80699999999997,127.175537109375,1.5366021068733942,0.0,1543,686,411.0,499.0
2026-06-18T22:56:57.254283+00:00,126.79700000000003,127.015537109375,1.6539389012625794,0.0,1551,686,87.0,499.0
2026-06-18T22:56:57.353363+00:00,126.78699999999999,126.935537109375,1.6705650746240535,0.0,1553,686,51.0,499.0
2026-06-18T22:56:57.453271+00:00,126.77699999999994,126.795537109375,1.8785558760477474,0.0,1569,686,98.0,499.0
2026-06-18T22:56:57.554305+00:00,126.76700000000001,126.63553710937501,2.019432142099958,0.0,1579,686,233.0,499.0
2026-06-18T22:56:57.654284+00:00,126.75699999999998,126.49553710937501,2.129781122613628,0.0,1588,686,92.0,499.0
2026-06-18T22:56:57.754470+00:00,126.74700000000003,126.902880859375,1.5202658776978182,0.0,1541,686,241.0,499.0
2026-06-18T22:56:57.854286+00:00,126.737,127.4809765625,1.479084740574095,0.0,1538,686,74.0,499.0
2026-06-18T22:56:57.954341+00:00,126.72699999999995,127.32097656250001,1.8599354088108346,0.0,1567,686,146.0,499.0
2026-06-18T22:56:58.054323+00:00,126.71700000000001,127.644345703125,1.2672907313448036,0.0,1522,686,179.0,499.0
2026-06-18T22:56:58.154312+00:00,126.70699999999998,128.221826171875,1.22470385820974,0.0,1519,686,15.0,499.0
2026-06-18T22:56:58.254517+00:00,126.70299999999997,128.061826171875,1.5801958036081585,0.0,1546,686,186.0,499.0
2026-06-18T22:56:58.354315+00:00,126.71300000000001,127.901826171875,1.6591274122136392,0.0,1552,686,70.0,499.0
2026-06-18T22:56:58.754053+00:00,126.72300000000006,127.761826171875,1.726525110842174,0.0,1557,686,189.0,499.0
2026-06-18T22:56:59.453917+00:00,126.79309999999995,126.781826171875,2.2845903370996505,0.0,1599,686,278.0,499.0
2026-06-18T22:56:59.559406+00:00,126.83339999999998,129.3412890625,0.0,0.0,1426,686,280.0,499.0
2026-06-18T22:56:59.658357+00:00,126.84340000000002,129.2012890625,1.0245314169346487,0.0,1504,686,31.0,499.0
2026-06-18T22:56:59.757518+00:00,126.85339999999997,129.1212890625,1.0097588022058357,0.0,1503,686,115.0,499.0
2026-06-18T22:56:59.858461+00:00,126.8634,128.96128906250001,1.1816858662353376,0.0,1516,686,0.0,499.0
2026-06-18T22:56:59.958384+00:00,126.87340000000005,128.8212890625,1.242374162993457,0.0,1520,686,443.0,499.0
2026-06-18T22:57:00.057454+00:00,126.8834,128.6612890625,1.3546788353373065,0.0,1529,686,193.0,499.0
2026-06-18T22:57:00.157399+00:00,126.89340000000003,128.5012890625,1.4474263934711793,0.0,1536,686,59.0,499.0
2026-06-18T22:57:00.257570+00:00,126.90679999999993,128.3612890625,1.5322855201408427,0.0,1542,686,176.0,499.0
2026-06-18T22:57:00.358415+00:00,126.92700000000005,128.2012890625,1.620343181687212,0.0,1549,686,184.0,499.0
2026-06-18T22:57:00.458430+00:00,126.94699999999993,128.0612890625,1.7011583648007058,0.0,1555,686,159.0,499.0
2026-06-18T22:57:00.559459+00:00,126.96700000000001,127.9012890625,1.791037586309897,0.0,1562,686,24.0,499.0
2026-06-18T22:57:00.658430+00:00,126.98700000000008,127.7612890625,1.8717175809084046,0.0,1568,686,166.0,499.0
2026-06-18T22:57:00.758604+00:00,127.00699999999998,127.6012890625,1.9657566541552949,0.0,1575,686,137.0,499.0
2026-06-18T22:57:00.859447+00:00,127.02700000000004,127.4412890625,2.0616442700713487,0.0,1582,686,238.0,499.0
2026-06-18T22:57:00.959516+00:00,127.04699999999993,127.402119140625,2.0022223276068534,0.0,1578,686,121.0,499.0
2026-06-18T22:57:01.660067+00:00,127.14109999999991,127.84048828125,1.8612673781229194,0.0,1567,686,163.0,499.0
2026-06-18T22:57:02.062864+00:00,127.35169999999998,129.39224609375,1.0,0.0,1502,686,275.0,499.0
2026-06-18T22:57:02.162535+00:00,127.3817000000001,129.884306640625,1.0,0.0,1502,686,29.0,499.0
2026-06-18T22:57:02.263076+00:00,127.41199999999999,129.724306640625,1.0,0.0,1502,686,286.0,499.0
2026-06-18T22:57:02.364538+00:00,127.4420000000001,129.58430664062502,1.0722883355200419,0.0,1507,686,156.0,499.0
2026-06-18T22:57:02.464517+00:00,127.47199999999994,129.424306640625,1.1562190898409255,0.0,1514,686,260.0,499.0
2026-06-18T22:57:02.563162+00:00,127.50200000000005,129.364306640625,1.1146136217954887,0.0,1511,686,99.0,499.0
2026-06-18T22:57:02.663834+00:00,127.53199999999988,129.204306640625,1.2798543549927142,0.0,1523,686,102.0,499.0
2026-06-18T22:57:02.763636+00:00,127.562,129.064306640625,1.3411460196509977,0.0,1528,686,334.0,499.0
2026-06-18T22:57:03.162664+00:00,127.5920000000001,128.904306640625,1.4606301667299006,0.0,1537,686,538.0,499.0
2026-06-18T22:57:03.266000+00:00,127.71680000000015,128.30430664062501,1.8387689420144506,0.0,1565,686,179.0,499.0
2026-06-18T22:57:03.366674+00:00,127.7576000000001,128.144306640625,1.9209146820860143,0.0,1572,686,176.0,499.0
2026-06-18T22:57:03.468385+00:00,127.79799999999996,128.35677734375,1.4520220440112235,0.0,1536,686,186.0,499.0
2026-06-18T22:57:03.568109+00:00,127.83800000000011,128.825849609375,1.4575035473437665,0.0,1537,686,104.0,499.0
2026-06-18T22:57:03.667752+00:00,127.87799999999989,128.685849609375,1.6371627788001346,0.0,1550,686,242.0,499.0
2026-06-18T22:57:04.069577+00:00,127.91800000000002,128.525849609375,1.7371807510268105,0.0,1558,686,186.0,499.0
2026-06-18T22:57:04.772386+00:00,128.19959999999992,128.38899414062502,1.727068057533901,0.0,1557,686,37.0,499.0
2026-06-18T22:57:04.875675+00:00,128.36039999999994,128.5461328125,1.8435983418801876,0.0,1566,686,122.0,499.0
2026-06-18T22:57:04.975669+00:00,128.40040000000008,128.3861328125,1.9671285336395996,0.0,1575,686,19.0,499.0
2026-06-18T22:57:05.075702+00:00,128.44039999999987,128.2461328125,2.0432321978363586,0.0,1581,686,428.0,499.0
2026-06-18T22:57:05.174668+00:00,128.4804,128.395400390625,1.7821626925926435,0.0,1561,686,194.0,499.0
2026-06-18T22:57:05.276746+00:00,128.5255000000002,129.248896484375,1.0907909494510837,0.0,1509,686,118.0,499.0
2026-06-18T22:57:05.375694+00:00,128.57549999999992,129.237705078125,1.5883803864712898,0.0,1546,686,150.0,499.0
2026-06-18T22:57:05.474701+00:00,128.6255000000001,129.077705078125,1.6908790419735908,0.0,1554,686,153.0,499.0
2026-06-18T22:57:05.576772+00:00,128.67549999999983,128.937705078125,1.764311134713263,0.0,1560,686,228.0,499.0
2026-06-18T22:57:05.675713+00:00,128.7255,128.777705078125,1.8487766646915829,0.0,1566,686,104.0,499.0
2026-06-18T22:57:05.776833+00:00,128.7755000000002,128.637705078125,1.9241756319090442,0.0,1572,686,215.0,499.0
2026-06-18T22:57:05.874730+00:00,128.82549999999992,128.477705078125,2.01060803636043,0.0,1579,686,211.0,499.0
2026-06-18T22:57:05.975742+00:00,128.8755000000001,128.337705078125,2.087973878051526,0.0,1584,686,201.0,499.0
2026-06-18T22:57:06.075733+00:00,128.92599999999993,128.42724609375,1.8019881754054845,0.0,1563,686,127.0,499.0
2026-06-18T22:57:06.174718+00:00,128.9755,129.281875,1.1087288976725904,0.0,1510,686,184.0,499.0
2026-06-18T22:57:06.276771+00:00,129.02599999999984,129.141875,1.7079143650667818,0.0,1556,686,72.0,499.0
2026-06-18T22:57:06.375742+00:00,129.07600000000002,128.981875,1.8026161147946522,0.0,1563,686,32.0,499.0
2026-06-18T22:57:06.776149+00:00,129.12649999999985,128.821875,1.89744812210097,0.0,1570,686,213.0,499.0
2026-06-18T22:57:07.479939+00:00,129.47800000000007,130.284521484375,1.0,0.0,1502,686,274.0,499.0
2026-06-18T22:57:07.580835+00:00,129.71419999999998,130.35662109375,1.2224307482814871,0.0,1519,686,159.0,499.0
2026-06-18T22:57:07.680788+00:00,129.7742000000002,130.21662109375,1.2806061046905017,0.0,1523,686,424.0,499.0
2026-06-18T22:57:07.780935+00:00,129.83419999999987,130.05662109375,1.368033213091142,0.0,1530,686,170.0,499.0
2026-06-18T22:57:07.880835+00:00,129.8942000000001,129.97662109375,1.390861099787553,0.0,1532,686,3.0,499.0
2026-06-18T22:57:07.980830+00:00,129.95419999999976,129.83662109375,1.4446548667115529,0.0,1536,686,221.0,499.0
2026-06-18T22:57:08.081036+00:00,130.0142,129.67662109375001,1.5072864948501463,0.0,1540,686,173.0,499.0
2026-06-18T22:57:08.181813+00:00,130.07479999999978,129.53662109375,1.543004531255469,0.0,1543,686,423.0,499.0
2026-06-18T22:57:08.281857+00:00,130.129,129.37662109375,1.6304615778013876,0.0,1550,686,72.0,499.0
2026-06-18T22:57:08.381841+00:00,130.17900000000017,129.23662109375,1.694187164815742,0.0,1555,686,21.0,499.0
2026-06-18T22:57:08.481836+00:00,130.2289999999999,129.07662109375,1.766852393041318,0.0,1560,686,172.0,499.0
2026-06-18T22:57:08.582877+00:00,130.27950000000018,128.93662109375,1.8324276740278929,0.0,1565,686,99.0,499.0
2026-06-18T22:57:08.983940+00:00,130.3294999999999,128.79662109375,1.877495375342157,0.0,1568,686,538.0,499.0
2026-06-18T22:57:09.085883+00:00,130.53100000000003,128.27662109375,2.0379107595375947,0.0,1581,686,39.0,499.0
2026-06-18T22:57:09.485628+00:00,130.58100000000022,128.11662109375,2.1941635039755623,0.0,1592,686,538.0,499.0
2026-06-18T22:57:10.188517+00:00,130.86599999999999,129.637900390625,1.0,0.0,1502,686,84.0,499.0
2026-06-18T22:57:10.289106+00:00,131.01319999999996,129.691845703125,1.1224503381397133,0.0,1511,686,106.0,499.0
2026-06-18T22:57:10.389813+00:00,131.03320000000002,129.631845703125,1.0636522599530065,0.0,1507,686,48.0,499.0
2026-06-18T22:57:10.489926+00:00,131.05319999999992,129.471845703125,1.2136548071604114,0.0,1518,686,127.0,499.0
2026-06-18T22:57:10.590188+00:00,131.07319999999999,129.31184570312502,1.2864455009923454,0.0,1524,686,164.0,499.0
2026-06-18T22:57:10.688947+00:00,131.09320000000005,129.171845703125,1.3516987598201795,0.0,1529,686,100.0,499.0
2026-06-18T22:57:10.789988+00:00,131.11319999999995,129.011845703125,1.4198775072276646,0.0,1534,686,238.0,499.0
2026-06-18T22:57:10.889327+00:00,131.13320000000002,128.871845703125,1.4598268895400697,0.0,1537,686,538.0,499.0
2026-06-18T22:57:10.989065+00:00,131.1531999999999,128.711845703125,1.5507972952052813,0.0,1544,686,195.0,499.0
2026-06-18T22:57:11.090946+00:00,131.17340000000002,128.571845703125,1.5875992373123866,0.0,1546,686,538.0,499.0
2026-06-18T22:57:11.190963+00:00,131.1933999999999,128.411845703125,1.67966417251139,0.0,1553,686,305.0,499.0
2026-06-18T22:57:11.291024+00:00,131.20669999999998,128.271845703125,1.732612097867238,0.0,1557,686,199.0,499.0
2026-06-18T22:57:11.391984+00:00,131.21679999999995,128.111845703125,1.793620495219274,0.0,1562,686,477.0,499.0
2026-06-18T22:57:11.492989+00:00,131.2268,127.971845703125,1.8504455658944816,0.0,1566,686,123.0,499.0
2026-06-18T22:57:11.592648+00:00,131.23680000000004,127.811845703125,1.9164498842635167,0.0,1571,686,73.0,499.0
2026-06-18T22:57:11.692984+00:00,131.24679999999998,127.731845703125,1.942900116988027,0.0,1573,686,39.0,499.0
2026-06-18T22:57:11.793015+00:00,131.25680000000003,127.591845703125,1.9801245518671977,0.0,1576,686,151.0,499.0
2026-06-18T22:57:11.894045+00:00,131.2669,127.431845703125,2.0219211959235217,0.0,1579,686,209.0,499.0
2026-06-18T22:57:11.994016+00:00,131.27690000000004,127.291845703125,2.0577622634614596,0.0,1582,686,248.0,499.0
2026-06-18T22:57:12.095008+00:00,131.287,127.13184570312501,2.1020371540696354,0.0,1585,686,296.0,499.0
2026-06-18T22:57:12.494381+00:00,131.29700000000003,126.99184570312501,2.1403199889442344,0.0,1588,686,70.0,499.0
2026-06-18T22:57:13.192217+00:00,131.23299999999998,128.024677734375,1.0,0.0,1502,686,273.0,499.0
2026-06-18T22:57:13.296129+00:00,131.16399999999993,128.298359375,1.0,0.0,1502,686,538.0,499.0
2026-06-18T22:57:13.396101+00:00,131.11399999999975,128.138359375,1.0,0.0,1502,686,538.0,499.0
2026-06-18T22:57:13.497103+00:00,131.06400000000002,127.998359375,1.0,0.0,1502,686,538.0,499.0
2026-06-18T22:57:13.596157+00:00,131.01399999999984,127.838359375,1.0,0.0,1502,686,538.0,499.0
2026-06-18T22:57:13.696284+00:00,130.9640000000001,127.69835937500001,1.0,0.0,1502,686,538.0,499.0
2026-06-18T22:57:13.797221+00:00,130.91349999999983,127.538359375,1.0600995802896314,0.0,1506,686,65.0,499.0
2026-06-18T22:57:13.898120+00:00,130.8635000000001,127.398359375,1.123907482394591,0.0,1511,686,165.0,499.0
2026-06-18T22:57:13.997117+00:00,130.81349999999992,127.238359375,1.1946235621982793,0.0,1517,686,106.0,499.0
2026-06-18T22:57:14.097156+00:00,130.7635000000002,127.078359375,1.2699283886450616,0.0,1522,686,203.0,499.0
2026-06-18T22:57:14.197297+00:00,130.7135,126.938359375,1.3316544684482943,0.0,1527,686,6.0,499.0
2026-06-18T22:57:14.297160+00:00,130.6342999999997,126.798359375,1.3419817352990264,0.0,1528,686,481.0,499.0
2026-06-18T22:57:14.700311+00:00,130.27070000000012,126.258359375,1.5202370637274851,0.0,1541,686,54.0,499.0
2026-06-18T22:57:14.801197+00:00,130.1797999999996,126.118359375,1.5439603838831768,0.0,1543,686,70.0,499.0
2026-06-18T22:57:15.201940+00:00,130.08889999999994,125.958359375,1.5992826590395384,0.0,1547,686,475.0,499.0
2026-06-18T22:57:15.903772+00:00,129.26659999999958,124.91835937500001,1.7678614715396133,0.0,1560,686,538.0,499.0
2026-06-18T22:57:16.007387+00:00,128.7024000000005,124.398359375,1.0,0.0,1502,686,191.0,499.0
2026-06-18T22:57:16.107225+00:00,128.5624,124.238359375,1.0318320562973295,0.0,1504,686,538.0,499.0
2026-06-18T22:57:16.207787+00:00,128.42100000000048,124.078359375,1.0505289117902425,0.0,1506,686,345.0,499.0
2026-06-18T22:57:16.308488+00:00,128.23849999999993,123.938359375,1.0338280178808974,0.0,1504,686,356.0,499.0
2026-06-18T22:57:16.408211+00:00,128.04849999999925,123.77835937500001,1.0498873589888322,0.0,1506,686,55.0,499.0
2026-06-18T22:57:16.809302+00:00,127.28659999999955,123.178359375,1.0186923408486288,0.0,1503,686,538.0,499.0
2026-06-18T22:57:17.210411+00:00,126.52469999999985,122.658359375,1.0,0.0,1502,686,538.0,499.0
2026-06-18T22:57:17.310384+00:00,126.29119999999894,122.498359375,1.0,0.0,1502,686,538.0,499.0
2026-06-18T22:57:17.410067+00:00,126.05120000000025,122.358359375,1.0,0.0,1502,686,538.0,499.0
2026-06-18T22:57:17.509732+00:00,125.81119999999937,122.198359375,1.0,0.0,1502,686,538.0,499.0
2026-06-18T22:57:17.610314+00:00,125.57120000000067,122.05835937500001,1.0,0.0,1502,686,538.0,499.0
2026-06-18T22:57:17.710448+00:00,125.33119999999981,121.91835937500001,1.0,0.0,1502,686,538.0,499.0
2026-06-18T22:57:18.411052+00:00,124.36880000000019,121.298359375,0.0,0.0,1426,686,284.0,499.0
2026-06-18T22:57:18.815417+00:00,122.62499999999963,120.338359375,0.0,0.0,1426,686,538.0,499.0
2026-06-18T22:57:18.914391+00:00,122.375000000001,120.178359375,0.0,0.0,1426,686,538.0,499.0
2026-06-18T22:57:19.013379+00:00,122.12500000000009,120.018359375,0.0,0.0,1426,686,538.0,499.0
2026-06-18T22:57:19.114400+00:00,121.87499999999918,119.878359375,0.0,0.0,1426,686,538.0,499.0
2026-06-18T22:57:19.214459+00:00,121.62500000000054,119.738359375,0.0,0.0,1426,686,538.0,499.0
2026-06-18T22:57:19.314406+00:00,121.36599999999962,119.578359375,0.0,1.0,1426,742,538.0,22.0
2026-06-18T22:57:19.414417+00:00,121.10600000000103,119.41835937500001,0.0,1.0,1426,742,538.0,499.0
2026-06-18T22:57:19.513574+00:00,120.84600000000009,119.27835937500001,0.0,1.0,1426,742,538.0,499.0
2026-06-18T22:57:19.614416+00:00,120.58340000000098,119.118359375,0.0,1.0,1426,742,538.0,499.0
2026-06-18T22:57:19.716470+00:00,120.32079999999951,118.978359375,0.0,1.0,1426,742,538.0,499.0
2026-06-18T22:57:19.815432+00:00,120.06080000000092,118.898359375,0.0,1.0164964423402436,1426,743,538.0,350.0
2026-06-18T22:57:19.916457+00:00,119.80079999999998,118.758359375,0.0,1.124982205050249,1426,749,538.0,82.0
2026-06-18T22:57:20.015442+00:00,119.54079999999904,118.598359375,0.0,1.1819912540768283,1426,752,538.0,499.0
2026-06-18T22:57:20.115422+00:00,119.28080000000045,118.438359375,0.0,1.2597174873794081,1426,757,538.0,60.0
2026-06-18T22:57:20.216504+00:00,119.02079999999951,118.298359375,0.0,1.3468348335320282,1426,762,538.0,350.0
2026-06-18T22:57:20.315443+00:00,118.77000000000089,118.13835937500001,0.0,1.42029496266591,1426,766,538.0,101.0
2026-06-18T22:57:20.415523+00:00,118.51999999999998,117.978359375,0.0,1.498031670168713,1426,770,538.0,499.0
2026-06-18T22:57:20.516475+00:00,118.26999999999907,117.838359375,0.0,1.6064965544795728,1426,776,538.0,0.0
2026-06-18T22:57:20.915478+00:00,118.02000000000044,117.678359375,0.0,1.6635316764250054,1426,779,538.0,499.0
2026-06-18T22:57:21.621589+00:00,116.26480000000011,116.698359375,0.0,2.330427592913,1426,817,538.0,499.0
2026-06-18T22:57:21.723746+00:00,115.3,116.098359375,0.0,2.588559778116067,1426,831,538.0,198.0
2026-06-18T22:57:22.123587+00:00,115.05999999999912,115.938359375,0.0,2.6603918572015766,1426,835,538.0,348.0
2026-06-18T22:57:22.225591+00:00,114.09769999999952,115.338359375,0.0,2.9623221286811914,1426,852,538.0,94.0
2026-06-18T22:57:22.625577+00:00,113.1753999999999,114.798359375,0.0,3.3205326057459983,1426,873,538.0,199.0
2026-06-18T22:57:22.725682+00:00,112.94539999999905,114.658359375,0.0,3.3670049674834677,1426,875,538.0,55.0
2026-06-18T22:57:23.123861+00:00,112.71540000000032,114.498359375,0.0,3.416229132481208,1426,878,538.0,499.0
2026-06-18T22:57:23.525930+00:00,111.79310000000068,113.91835937500001,0.0,3.7321290397640707,1426,896,538.0,118.0
2026-06-18T22:57:24.229055+00:00,110.1761999999997,114.588251953125,0.0,5.269907351498607,1426,982,538.0,499.0
2026-06-18T22:57:24.631838+00:00,108.52319999999963,113.498896484375,0.0,5.641852857286284,1426,1003,538.0,95.0
2026-06-18T22:57:24.731702+00:00,108.28320000000095,113.24095703125,0.0,5.644460782308865,1426,1003,538.0,499.0
2026-06-18T22:57:24.831685+00:00,108.04320000000007,113.010439453125,0.0,5.694183984170946,1426,1006,538.0,414.0
2026-06-18T22:57:24.931721+00:00,107.8031999999992,112.7753515625,0.0,5.775146637601664,1426,1010,538.0,499.0
2026-06-18T22:57:25.031692+00:00,107.5632000000005,112.5009765625,0.0,5.768007217129789,1426,1010,538.0,499.0
2026-06-18T22:57:25.132870+00:00,107.32319999999963,112.25583984375,0.0,5.810848010418203,1426,1012,538.0,275.0
2026-06-18T22:57:25.231720+00:00,107.0839000000009,111.926494140625,0.0,5.772576636667036,1426,1010,538.0,499.0
2026-06-18T22:57:25.331729+00:00,106.85390000000007,111.790712890625,0.0,6.043076373346005,1426,1026,538.0,11.0
2026-06-18T22:57:25.430745+00:00,106.62389999999922,111.423291015625,0.0,5.833475730156897,1426,1014,538.0,201.0
2026-06-18T22:57:25.531740+00:00,106.39160000000001,110.974326171875,0.0,5.725787359948585,1426,1008,538.0,363.0
2026-06-18T22:57:25.632916+00:00,106.16159999999917,110.677607421875,0.0,5.907516951760031,1426,1018,538.0,66.0
2026-06-18T22:57:25.731732+00:00,105.93160000000043,110.523056640625,0.0,5.969992631815244,1426,1021,538.0,476.0
2026-06-18T22:57:25.832739+00:00,105.7015999999996,110.3848828125,0.0,6.0582786099731125,1426,1026,538.0,246.0
2026-06-18T22:57:25.934025+00:00,105.47160000000085,110.2235546875,0.0,6.136391226780859,1426,1031,538.0,399.0
2026-06-18T22:57:26.031871+00:00,105.24160000000002,109.8860546875,0.0,5.966071048424219,1426,1021,538.0,34.0
2026-06-18T22:57:26.132482+00:00,105.01159999999918,109.456181640625,0.0,5.96679037737823,1426,1021,538.0,499.0
2026-06-18T22:57:26.233219+00:00,104.78160000000044,108.955888671875,0.0,5.8082082921887075,1426,1012,538.0,57.0
2026-06-18T22:57:26.632602+00:00,104.5515999999996,108.67556640625,0.0,5.98487231563903,1426,1022,538.0,499.0
2026-06-18T22:57:27.335408+00:00,102.93240000000023,106.674423828125,0.0,5.870147245617321,1426,1016,538.0,499.0
2026-06-18T22:57:27.437843+00:00,102.05270000000056,105.5433984375,0.0,6.034587749886326,1426,1025,538.0,31.0
2026-06-18T22:57:27.537873+00:00,101.8426999999998,105.36580078125,0.0,6.094351473752236,1426,1028,538.0,351.0
2026-06-18T22:57:27.636927+00:00,101.63269999999902,105.158740234375,0.0,6.1385955861086545,1426,1031,538.0,499.0
2026-06-18T22:57:27.737844+00:00,101.42270000000018,104.973935546875,0.0,6.218206527734676,1426,1035,538.0,94.0
2026-06-18T22:57:27.836831+00:00,101.2126999999994,104.75849609375,0.0,6.216263309873192,1426,1035,538.0,499.0
2026-06-18T22:57:27.936859+00:00,101.00270000000056,104.6846875,0.0,6.34799863694078,1426,1043,538.0,225.0
2026-06-18T22:57:28.036988+00:00,100.7926999999998,104.14083984375,0.0,5.995284725810828,1426,1023,538.0,103.0
2026-06-18T22:57:28.136987+00:00,100.58269999999902,103.57778320312501,0.0,5.9064862245653,1426,1018,538.0,62.0
2026-06-18T22:57:28.236865+00:00,100.37660000000015,103.31226562500001,0.0,6.027208887248932,1426,1025,538.0,105.0
2026-06-18T22:57:28.636096+00:00,100.19659999999949,103.13681640625,0.0,6.070630457341101,1426,1027,538.0,499.0
2026-06-18T22:57:28.739955+00:00,99.47120000000068,102.44507812500001,0.0,2.310214534428592,1426,816,538.0,16.0
2026-06-18T22:57:28.839920+00:00,99.29120000000003,102.21708007812501,0.0,2.027443650018432,1426,800,538.0,0.0
2026-06-18T22:57:29.241087+00:00,99.11119999999937,102.07708007812501,0.0,1.9128550388927783,1426,793,538.0,0.0
2026-06-18T22:57:29.940350+00:00,98.01619999999947,101.07708007812501,0.0,1.0172567251667965,1426,743,538.0,499.0
2026-06-18T22:57:30.343173+00:00,97.45200000000041,100.477080078125,0.0,1.0,1426,742,538.0,499.0
2026-06-18T22:57:30.444766+00:00,96.9126999999994,99.957080078125,0.0,0.0,1426,686,538.0,112.0
2026-06-18T22:57:30.544407+00:00,96.78270000000012,99.817080078125,0.0,0.0,1426,686,538.0,499.0
2026-06-18T22:57:30.644239+00:00,96.65269999999964,99.657080078125,0.0,0.0,1426,686,538.0,499.0
2026-06-18T22:57:30.744872+00:00,96.52270000000036,99.517080078125,0.0,0.0,1426,686,538.0,499.0
2026-06-18T22:57:30.844486+00:00,96.39269999999988,99.35708007812501,0.0,0.0,1426,686,538.0,499.0
2026-06-18T22:57:30.945227+00:00,96.26140000000032,99.21708007812501,0.0,0.0,1426,686,538.0,499.0
2026-06-18T22:57:31.046099+00:00,96.13139999999986,99.057080078125,0.0,0.0,1426,686,538.0,499.0
2026-06-18T22:57:31.146191+00:00,96.00139999999938,98.917080078125,1.0,0.0,1502,686,43.0,499.0
2026-06-18T22:57:31.248222+00:00,95.87359999999963,98.757080078125,1.0,0.0,1502,686,538.0,499.0
2026-06-18T22:57:31.348123+00:00,95.76360000000022,98.617080078125,1.0,0.0,1502,686,538.0,499.0
2026-06-18T22:57:31.449079+00:00,95.65359999999983,98.477080078125,1.0,0.0,1502,686,538.0,499.0
2026-06-18T22:57:31.548110+00:00,95.54360000000042,98.337080078125,1.0,0.0,1502,686,538.0,499.0
2026-06-18T22:57:31.650191+00:00,95.43360000000003,98.177080078125,1.0360364148229682,0.0,1505,686,72.0,499.0
2026-06-18T22:57:31.750159+00:00,95.3225000000004,98.037080078125,1.114989576562719,0.0,1511,686,208.0,499.0
2026-06-18T22:57:32.450524+00:00,94.88139999999957,97.517080078125,1.4328268533786823,0.0,1535,686,283.0,499.0
2026-06-18T22:57:32.853162+00:00,94.1720000000003,96.457080078125,1.703407385541265,0.0,1555,686,24.0,499.0
2026-06-18T22:57:32.952170+00:00,94.07199999999993,96.311357421875,1.6853994856175665,0.0,1554,686,496.0,499.0
2026-06-18T22:57:33.053137+00:00,93.97199999999957,96.151357421875,1.7317372868903171,0.0,1557,686,538.0,499.0
2026-06-18T22:57:33.153168+00:00,93.87200000000011,96.011357421875,1.7486732659942996,0.0,1559,686,182.0,499.0
2026-06-18T22:57:33.252215+00:00,93.77199999999975,95.871357421875,1.7457775005064224,0.0,1558,686,538.0,499.0
2026-06-18T22:57:33.352158+00:00,93.67100000000009,95.791357421875,1.7507395525507237,0.0,1559,686,61.0,499.0
2026-06-18T22:57:33.453179+00:00,93.57099999999973,95.63135742187501,1.780250822043036,0.0,1561,686,538.0,499.0
2026-06-18T22:57:33.554155+00:00,93.47000000000007,95.49135742187501,1.7950501524331561,0.0,1562,686,234.0,499.0
2026-06-18T22:57:33.655199+00:00,93.3699999999997,95.331357421875,1.8250064944441071,0.0,1564,686,538.0,499.0
2026-06-18T22:57:33.755154+00:00,93.26900000000005,95.191357421875,1.8402553480780375,0.0,1566,686,0.0,499.0
2026-06-18T22:57:33.856184+00:00,93.16800000000039,95.031357421875,1.868524862693266,0.0,1568,686,538.0,499.0
2026-06-18T22:57:33.956194+00:00,93.06699999999982,94.891357421875,1.8858301835866018,0.0,1569,686,232.0,499.0
2026-06-18T22:57:34.057146+00:00,92.96700000000037,94.731357421875,1.9159709594729666,0.0,1571,686,538.0,499.0
2026-06-18T22:57:34.157211+00:00,92.8659999999998,94.591357421875,1.9343781989328424,0.0,1573,686,205.0,499.0
2026-06-18T22:57:34.258174+00:00,92.76500000000014,94.451357421875,2.0027227672948316,0.0,1578,686,5.0,499.0
2026-06-18T22:57:34.359182+00:00,92.66499999999978,94.291357421875,2.181711718476045,0.0,1592,686,177.0,499.0
2026-06-18T22:57:34.461215+00:00,92.56500000000032,94.13970703125,2.366429352763673,0.0,1606,686,99.0,499.0
2026-06-18T22:57:34.859002+00:00,92.46499999999996,94.056005859375,2.4574679044685066,0.0,1612,686,245.0,499.0
2026-06-18T22:57:35.560878+00:00,91.76959999999963,93.5056640625,3.4539400390357407,0.0,1688,686,146.0,499.0
2026-06-18T22:57:35.666247+00:00,91.4464,93.17351562500001,3.4766222027687297,0.0,1690,686,538.0,499.0
2026-06-18T22:57:35.766235+00:00,91.3663999999997,93.095478515625,3.475843356670744,0.0,1690,686,538.0,499.0
2026-06-18T22:57:36.467374+00:00,91.04479999999967,92.8322265625,3.4434176214171863,0.0,1687,686,538.0,499.0
2026-06-18T22:57:36.567611+00:00,90.72479999999996,92.50935546875,4.002611378580248,0.0,1730,686,287.0,499.0
2026-06-18T22:57:36.667359+00:00,90.64479999999966,92.40552734375,4.180032046203948,0.0,1743,686,166.0,499.0
2026-06-18T22:57:36.766997+00:00,90.5648000000001,92.30806640625,4.367021993104954,0.0,1757,686,69.0,499.0
2026-06-18T22:57:36.867660+00:00,90.48479999999982,92.2428125,4.507915830985127,0.0,1768,686,56.0,499.0
2026-06-18T22:57:36.967432+00:00,90.40480000000025,92.167080078125,4.675226205126995,0.0,1781,686,156.0,499.0
2026-06-18T22:57:37.068478+00:00,90.3239999999998,92.082578125,4.8346840699760225,0.0,1793,686,98.0,499.0
2026-06-18T22:57:37.467878+00:00,90.24400000000024,92.015810546875,5.0084255238488,0.0,1806,686,209.0,499.0
2026-06-18T22:57:38.171709+00:00,89.8105999999998,91.6335546875,5.629375050855011,0.0,1853,686,288.0,499.0
2026-06-18T22:57:38.275427+00:00,89.5744999999998,91.425625,5.932637464600219,0.0,1876,686,168.0,499.0
2026-06-18T22:57:38.374426+00:00,89.52450000000007,91.36294921875,5.949732400703041,0.0,1877,686,538.0,499.0
2026-06-18T22:57:38.476447+00:00,89.47449999999989,91.317734375,5.923811297181193,0.0,1875,686,538.0,499.0
2026-06-18T22:57:38.576549+00:00,89.42400000000006,91.27763671875,5.908873600016247,0.0,1874,686,538.0,499.0
2026-06-18T22:57:38.676405+00:00,89.37399999999988,91.231171875,5.909413792075527,0.0,1874,686,538.0,499.0
2026-06-18T22:57:38.777431+00:00,89.32400000000015,91.1899609375,5.895512673614011,0.0,1873,686,538.0,499.0
2026-06-18T22:57:38.876407+00:00,89.27399999999997,91.142216796875,5.896453227033139,0.0,1873,686,538.0,499.0
2026-06-18T22:57:38.977430+00:00,89.22350000000014,91.1180859375,5.855118962259311,0.0,1870,686,56.0,499.0
2026-06-18T22:57:39.078502+00:00,89.17349999999996,91.0754296875,5.871595025957486,0.0,1871,686,538.0,499.0
2026-06-18T22:57:39.177422+00:00,89.12349999999978,91.0322265625,5.857903144419124,0.0,1870,686,538.0,499.0
2026-06-18T22:57:39.277452+00:00,89.07350000000005,90.9821875,5.860234741901026,0.0,1871,686,538.0,499.0
2026-06-18T22:57:39.376431+00:00,89.02349999999987,90.937802734375,5.846924485753546,0.0,1870,686,538.0,499.0
2026-06-18T22:57:39.478519+00:00,88.97350000000014,90.88638671875,5.84997855663776,0.0,1870,686,538.0,499.0
2026-06-18T22:57:39.577573+00:00,88.92349999999996,90.834228515625,5.847158868646218,0.0,1870,686,538.0,499.0
2026-06-18T22:57:39.679481+00:00,88.87300000000013,90.78796875,5.834289718994633,0.0,1869,686,538.0,499.0
2026-06-18T22:57:39.778497+00:00,88.82299999999995,90.734384765625,5.8386905014641535,0.0,1869,686,538.0,499.0
2026-06-18T22:57:39.879509+00:00,88.77299999999977,90.686865234375,5.833215866076312,0.0,1869,686,538.0,499.0
2026-06-18T22:57:40.278138+00:00,88.72300000000004,90.631826171875,5.831696926058971,0.0,1868,686,538.0,499.0
2026-06-18T22:57:40.977938+00:00,88.37250000000003,90.284638671875,5.828658145956663,0.0,1868,686,538.0,499.0
2026-06-18T22:57:41.081637+00:00,88.17150000000001,90.05220703125,5.843593208654557,0.0,1869,686,538.0,499.0
2026-06-18T22:57:41.181526+00:00,88.12149999999983,89.988134765625,5.846951333595952,0.0,1870,686,538.0,499.0
2026-06-18T22:57:41.282541+00:00,88.0715000000001,89.93132812500001,5.838076449742633,0.0,1869,686,538.0,499.0
2026-06-18T22:57:41.381569+00:00,88.02149999999992,89.865556640625,5.850091769623418,0.0,1870,686,538.0,499.0
2026-06-18T22:57:41.481567+00:00,87.97100000000009,89.80724609375,5.841553657874856,0.0,1869,686,538.0,499.0
2026-06-18T22:57:41.581658+00:00,87.92150000000001,89.773603515625,5.805227358314174,0.0,1866,686,34.0,499.0
2026-06-18T22:57:41.680700+00:00,87.87149999999983,89.714169921875,5.830836961005718,0.0,1868,686,311.0,499.0
2026-06-18T22:57:41.780580+00:00,87.8215000000001,89.645361328125,5.84515178841543,0.0,1869,686,538.0,499.0
2026-06-18T22:57:41.880573+00:00,87.77149999999992,89.57558593750001,5.851102185898305,0.0,1870,686,538.0,499.0
2026-06-18T22:57:41.981630+00:00,87.72150000000019,89.51375,5.853142279604123,0.0,1870,686,538.0,499.0
2026-06-18T22:57:42.081632+00:00,87.67150000000001,89.45115234375,5.847118803907778,0.0,1870,686,538.0,499.0
2026-06-18T22:57:42.180630+00:00,87.62149999999983,89.37869140625,5.863839252664869,0.0,1871,686,538.0,499.0
2026-06-18T22:57:42.280626+00:00,87.5715000000001,89.31447265625,5.867196907752696,0.0,1871,686,538.0,499.0
2026-06-18T22:57:42.380655+00:00,87.52149999999992,89.24947265625,5.861626243936827,0.0,1871,686,538.0,499.0
2026-06-18T22:57:42.480633+00:00,87.47150000000019,89.17423828125,5.880068779569753,0.0,1872,686,538.0,499.0
2026-06-18T22:57:42.580661+00:00,87.42150000000001,89.10755859375,5.88435466299727,0.0,1872,686,538.0,499.0
2026-06-18T22:57:42.680633+00:00,87.37149999999983,89.03037109375,5.894803815496388,0.0,1873,686,538.0,499.0
2026-06-18T22:57:43.081393+00:00,87.3215000000001,88.961982421875,5.899861574669529,0.0,1874,686,538.0,499.0
2026-06-18T22:57:43.784216+00:00,86.96900000000014,88.45998046875,5.984597690836161,0.0,1880,686,107.0,499.0
2026-06-18T22:57:43.887856+00:00,86.76750000000001,88.131796875,6.045217191274162,0.0,1885,686,311.0,499.0
2026-06-18T22:57:43.989629+00:00,86.71700000000018,88.0528515625,6.04581580302094,0.0,1885,686,538.0,499.0
2026-06-18T22:57:44.089170+00:00,86.667,87.954658203125,6.073965156631273,0.0,1887,686,447.0,499.0
2026-06-18T22:57:44.490825+00:00,86.46650000000008,87.692060546875,5.875528545093593,0.0,1872,686,25.0,499.0
2026-06-18T22:57:44.590716+00:00,86.4164999999999,87.619501953125,5.793851057883623,0.0,1866,686,124.0,499.0
2026-06-18T22:57:44.690710+00:00,86.36650000000017,87.535595703125,5.734206916494225,0.0,1861,686,53.0,499.0
2026-06-18T22:57:44.790039+00:00,86.31649999999999,87.46130859375,5.646678769967877,0.0,1854,686,125.0,499.0
2026-06-18T22:57:44.890723+00:00,86.26649999999981,87.429072265625,5.503613767227213,0.0,1844,686,116.0,499.0
2026-06-18T22:57:44.990862+00:00,86.21650000000008,87.309599609375,5.5262166880084145,0.0,1845,686,538.0,499.0
2026-06-18T22:57:45.090057+00:00,86.1664999999999,87.18869140625,5.454447516557122,0.0,1840,686,138.0,499.0
2026-06-18T22:57:45.191712+00:00,86.11650000000017,87.048701171875,5.42659115230798,0.0,1838,686,538.0,499.0
2026-06-18T22:57:45.290665+00:00,86.0598,86.92462890625,5.48451067024534,0.0,1842,686,28.0,499.0
2026-06-18T22:57:45.390714+00:00,85.99979999999977,86.7990625,5.5858991906907995,0.0,1850,686,185.0,499.0
2026-06-18T22:57:45.789936+00:00,85.9398000000001,86.653720703125,5.734673398871103,0.0,1861,686,249.0,499.0
2026-06-18T22:57:46.492788+00:00,85.51859999999996,85.74504882812501,6.658020309617443,0.0,1931,686,113.0,499.0
2026-06-18T22:57:46.594774+00:00,85.31449999999995,85.35390625000001,6.4252176721375545,0.0,1913,686,145.0,499.0
2026-06-18T22:57:46.695082+00:00,85.26449999999977,85.269033203125,6.349006954209914,0.0,1908,686,61.0,499.0
2026-06-18T22:57:46.795782+00:00,85.21399999999994,85.220166015625,6.272992725497515,0.0,1902,686,302.0,499.0
2026-06-18T22:57:46.896788+00:00,85.16399999999976,85.198740234375,6.0961353891575705,0.0,1888,686,6.0,499.0
2026-06-18T22:57:46.996974+00:00,85.11400000000003,85.044931640625,6.166321141179578,0.0,1894,686,261.0,499.0
2026-06-18T22:57:47.096801+00:00,85.06399999999985,84.90876953125,6.104793146097109,0.0,1889,686,15.0,499.0
2026-06-18T22:57:47.196789+00:00,85.01400000000012,84.751328125,6.093542764956805,0.0,1888,686,506.0,499.0
2026-06-18T22:57:47.295825+00:00,84.95679999999993,84.59194335937501,6.121444294759145,0.0,1890,686,538.0,499.0
2026-06-18T22:57:47.396846+00:00,84.89679999999971,84.450869140625,6.169613325298154,0.0,1894,686,123.0,499.0
2026-06-18T22:57:47.495979+00:00,84.83680000000004,84.30828125000001,6.1992518991254535,0.0,1896,686,538.0,499.0
2026-06-18T22:57:47.596840+00:00,84.77679999999982,84.14345703125001,6.281139785293268,0.0,1902,686,440.0,499.0
2026-06-18T22:57:47.696991+00:00,84.71620000000003,83.99759765625001,6.310345686137535,0.0,1905,686,438.0,499.0
2026-06-18T22:57:47.797818+00:00,84.65560000000023,83.829013671875,6.39382372394053,0.0,1911,686,331.0,499.0
2026-06-18T22:57:47.898853+00:00,84.5949999999999,83.679853515625,6.428516971777881,0.0,1914,686,306.0,499.0
2026-06-18T22:57:47.999138+00:00,84.53500000000022,83.50748046875,6.51659447083248,0.0,1920,686,410.0,499.0
2026-06-18T22:57:48.099834+00:00,84.47439999999989,83.35498046875,6.5735604593219135,0.0,1925,686,117.0,499.0
2026-06-18T22:57:48.799697+00:00,84.2344000000001,82.8405859375,6.74261044636726,0.0,1937,686,183.0,499.0
2026-06-18T22:57:49.203981+00:00,83.81259999999983,81.99675781250001,7.017517322859458,0.0,1958,686,181.0,499.0
2026-06-18T22:57:49.303168+00:00,83.75260000000016,81.8645703125,7.050660357662269,0.0,1961,686,442.0,499.0
2026-06-18T22:57:49.403031+00:00,83.69259999999994,81.7361279296875,7.109781238006122,0.0,1965,686,193.0,499.0
2026-06-18T22:57:49.502428+00:00,83.63259999999973,81.61734375,7.135498775488226,0.0,1967,686,538.0,499.0
2026-06-18T22:57:49.603130+00:00,83.57260000000005,81.57251953125,7.126536929220141,0.0,1967,686,54.0,499.0
2026-06-18T22:57:49.703010+00:00,83.51259999999984,81.4522314453125,7.18621935294421,0.0,1971,686,447.0,499.0
2026-06-18T22:57:49.803021+00:00,83.45260000000016,81.3460791015625,7.223466463893105,0.0,1974,686,148.0,499.0
2026-06-18T22:57:49.903127+00:00,83.39199999999983,81.2237353515625,7.269607565706984,0.0,1977,686,478.0,499.0
2026-06-18T22:57:50.003819+00:00,83.33200000000015,81.115771484375,7.294115478344013,0.0,1979,686,365.0,499.0
2026-06-18T22:57:50.103536+00:00,83.27199999999993,80.9913525390625,7.356784700326271,0.0,1984,686,347.0,499.0
2026-06-18T22:57:50.203188+00:00,83.21199999999972,80.8658251953125,7.406166495682136,0.0,1988,686,179.0,499.0
2026-06-18T22:57:50.303019+00:00,83.15200000000004,80.755078125,7.447370598779425,0.0,1991,686,176.0,499.0
2026-06-18T22:57:50.705073+00:00,82.91080000000002,80.30759765625,7.597930554248973,0.0,2002,686,284.0,499.0
2026-06-18T22:57:50.804051+00:00,82.85139999999991,80.2072900390625,7.608571146862773,0.0,2003,686,538.0,499.0
2026-06-18T22:57:50.904109+00:00,82.79140000000025,80.091767578125,7.666868887170475,0.0,2008,686,320.0,499.0
2026-06-18T22:57:51.305931+00:00,82.73140000000002,80.03365234375,7.682277882126649,0.0,2009,686,82.0,499.0
2026-06-18T22:57:52.006728+00:00,82.3101999999999,79.2501123046875,7.530698129641209,0.0,1997,686,43.0,499.0
2026-06-18T22:57:52.110109+00:00,82.06899999999987,78.85012207031251,7.2523017326444705,0.0,1976,686,19.0,499.0
2026-06-18T22:57:52.210117+00:00,82.0090000000002,78.7775146484375,7.233008873407582,0.0,1975,686,48.0,499.0
2026-06-18T22:57:52.310115+00:00,81.93979999999983,78.70046386718751,7.074676446954717,0.0,1963,686,214.0,499.0
2026-06-18T22:57:52.410182+00:00,81.87049999999972,78.5059521484375,7.003793674160594,0.0,1957,686,79.0,499.0
2026-06-18T22:57:52.510192+00:00,81.8005000000001,78.3343408203125,6.902371746768817,0.0,1950,686,193.0,499.0
2026-06-18T22:57:52.611165+00:00,81.7297999999997,78.17900390625,6.7470395763059186,0.0,1938,686,145.0,499.0
2026-06-18T22:57:52.710146+00:00,81.65980000000009,77.9638818359375,6.719713616942614,0.0,1936,686,52.0,499.0
2026-06-18T22:57:52.811174+00:00,81.58909999999969,77.7468310546875,6.634299022119185,0.0,1929,686,124.0,499.0
2026-06-18T22:57:52.911166+00:00,81.51980000000022,77.55533691406251,6.541982417154686,0.0,1922,686,303.0,499.0
2026-06-18T22:57:53.011187+00:00,81.44909999999982,77.3346875,6.46023386428544,0.0,1916,686,96.0,499.0
2026-06-18T22:57:53.112158+00:00,81.3791000000002,77.1400439453125,6.370446568347529,0.0,1909,686,341.0,499.0
2026-06-18T22:57:53.212170+00:00,81.30909999999994,76.9439453125,6.2538990492133415,0.0,1900,686,184.0,499.0
2026-06-18T22:57:53.312246+00:00,81.2216999999996,76.71804199218751,6.051168011281198,0.0,1885,686,162.0,499.0
2026-06-18T22:57:53.413187+00:00,81.12989999999972,76.53439453125,5.736341098188748,0.0,1861,686,40.0,499.0
2026-06-18T22:57:53.514267+00:00,81.03990000000022,76.28884277343751,5.561245067327525,0.0,1848,686,11.0,499.0
2026-06-18T22:57:53.614526+00:00,80.9489999999997,76.1962158203125,5.220731769164233,0.0,1822,686,111.0,499.0
2026-06-18T22:57:53.716205+00:00,80.85719999999984,75.9515380859375,5.026506278718343,0.0,1807,686,107.0,499.0
2026-06-18T22:57:53.817237+00:00,80.76630000000014,75.7184326171875,4.755235261666794,0.0,1787,686,53.0,499.0
2026-06-18T22:57:54.215883+00:00,80.67629999999981,75.465888671875,4.551695551974776,0.0,1771,686,45.0,499.0
2026-06-18T22:57:54.917678+00:00,79.88649999999943,73.4205810546875,3.1419063672435157,0.0,1664,686,118.0,499.0
2026-06-18T22:57:55.022309+00:00,79.36260000000028,72.2134423828125,0.0,2.48613695124316,1426,826,150.0,62.0
2026-06-18T22:57:55.121277+00:00,79.23259999999982,71.8310107421875,0.0,2.3066673149845816,1426,816,129.0,100.0
2026-06-18T22:57:55.221291+00:00,79.10260000000052,71.3896923828125,0.0,2.10638410590939,1426,804,538.0,59.0
2026-06-18T22:57:55.322363+00:00,78.93340000000006,70.9999462890625,0.0,2.036376056117999,1426,800,538.0,304.0
2026-06-18T22:57:55.723398+00:00,78.76170000000066,70.6068701171875,0.0,1.8875591660780993,1426,792,538.0,264.0
2026-06-18T22:57:55.826287+00:00,78.07660000000024,68.827021484375,0.0,1.2071895336135645,1426,754,538.0,111.0
2026-06-18T22:57:55.925408+00:00,77.90659999999961,68.4165185546875,0.0,1.1294718145290812,1426,749,538.0,331.0
2026-06-18T22:57:56.026307+00:00,77.73660000000055,67.9435986328125,0.0,1.0,1426,742,538.0,295.0
2026-06-18T22:57:56.426491+00:00,76.93539999999949,66.379638671875,0.0,0.0,1426,686,538.0,225.0
2026-06-18T22:57:56.823768+00:00,76.70540000000074,65.8903955078125,0.0,0.0,1426,686,538.0,499.0
2026-06-18T22:57:57.227525+00:00,75.08880000000026,62.625498046875,1.0,0.0,1502,686,245.0,499.0
2026-06-18T22:57:57.628425+00:00,73.9660000000007,60.877880859375004,1.0,0.0,1502,686,538.0,499.0
2026-06-18T22:57:57.729905+00:00,73.6859999999997,60.353994140625,1.144655985750723,0.0,1513,686,82.0,499.0
2026-06-18T22:57:57.828589+00:00,73.40599999999867,59.893466796875,1.2728625029674934,0.0,1523,686,98.0,499.0
2026-06-18T22:57:57.928306+00:00,73.1260000000002,59.431044921875,1.3337675332898815,0.0,1527,686,404.0,499.0
2026-06-18T22:57:58.029019+00:00,72.84599999999918,58.9003271484375,1.5609123195988657,0.0,1544,686,16.0,499.0
2026-06-18T22:57:58.128645+00:00,72.56600000000071,58.434086914062505,1.6281418949160757,0.0,1550,686,291.0,499.0
2026-06-18T22:57:58.229442+00:00,72.28399999999965,57.8959814453125,1.8517693485688227,0.0,1566,686,146.0,499.0
2026-06-18T22:57:58.328430+00:00,71.96399999999848,57.4428173828125,1.9598310100153302,0.0,1575,686,96.0,499.0
2026-06-18T22:57:58.428788+00:00,71.64079999999957,56.9183251953125,2.108187051615947,0.0,1586,686,40.0,499.0
2026-06-18T22:57:58.530450+00:00,71.32080000000133,56.4796435546875,2.1700738005617906,0.0,1591,686,394.0,499.0
2026-06-18T22:57:58.630470+00:00,71.00080000000015,55.9771337890625,2.386590472757401,0.0,1607,686,212.0,499.0
2026-06-18T22:57:58.730476+00:00,70.680799999999,55.72544921875,2.1593083806717788,0.0,1590,686,128.0,499.0
2026-06-18T22:57:58.829501+00:00,70.36080000000074,55.2212939453125,2.5715061917455815,0.0,1621,686,261.0,499.0
2026-06-18T22:57:58.931460+00:00,70.04079999999958,54.7623681640625,2.720106663598842,0.0,1632,686,165.0,499.0
2026-06-18T22:57:59.031477+00:00,69.72080000000132,54.277236328125,2.841163541848686,0.0,1642,686,242.0,499.0
2026-06-18T22:57:59.129501+00:00,69.40080000000016,53.8433740234375,2.9737728742384224,0.0,1652,686,141.0,499.0
2026-06-18T22:57:59.229538+00:00,69.08079999999899,53.3787548828125,3.0926417397075276,0.0,1661,686,5.0,499.0
2026-06-18T22:57:59.331514+00:00,68.76080000000074,52.9720751953125,3.1447302903344196,0.0,1665,686,244.0,499.0
2026-06-18T22:57:59.729778+00:00,68.44079999999958,52.509775390625,3.331634194192115,0.0,1679,686,264.0,499.0
2026-06-18T22:58:00.432614+00:00,66.18800000000047,49.9530615234375,3.678029851110445,0.0,1705,686,134.0,499.0
2026-06-18T22:58:00.537556+00:00,64.90160000000033,48.4375634765625,3.9469787818040496,0.0,1725,686,220.0,499.0
2026-06-18T22:58:00.635876+00:00,64.58159999999917,48.049228515625,4.105245450434542,0.0,1737,686,215.0,499.0
2026-06-18T22:58:00.736562+00:00,64.26160000000091,47.710415039062504,4.191965272983067,0.0,1744,686,141.0,499.0
2026-06-18T22:58:00.836562+00:00,63.941599999999745,47.3725634765625,4.23995070259085,0.0,1748,686,236.0,499.0
2026-06-18T22:58:00.936857+00:00,63.62159999999858,46.9775927734375,4.423440529065589,0.0,1762,686,211.0,499.0
2026-06-18T22:58:01.036605+00:00,63.30160000000033,46.664140625,4.485478584398663,0.0,1766,686,98.0,499.0
2026-06-18T22:58:01.136581+00:00,62.98159999999916,46.307275390625,4.592402087826712,0.0,1774,686,221.0,499.0
2026-06-18T22:58:01.237615+00:00,62.66100000000024,45.9328759765625,4.728975216623276,0.0,1785,686,113.0,499.0
2026-06-18T22:58:01.337609+00:00,62.36099999999915,45.8114697265625,4.652013931441119,0.0,1779,686,36.0,499.0
2026-06-18T22:58:01.436791+00:00,62.06100000000079,45.4887939453125,4.785603780734021,0.0,1789,686,53.0,499.0
2026-06-18T22:58:01.536622+00:00,61.7609999999997,45.2077783203125,4.815937485618231,0.0,1791,686,481.0,499.0
2026-06-18T22:58:01.937938+00:00,60.56100000000079,44.018017578125004,5.075573595283595,0.0,1811,686,189.0,499.0
2026-06-18T22:58:02.036699+00:00,60.2609999999997,43.70490234375,5.192810937871094,0.0,1820,686,236.0,499.0
2026-06-18T22:58:02.136724+00:00,59.960999999998606,43.436796875,5.224792220033182,0.0,1822,686,64.0,499.0
2026-06-18T22:58:02.837193+00:00,58.85219999999918,42.387392578125,5.455052911059603,0.0,1840,686,200.0,499.0
2026-06-18T22:58:03.540979+00:00,56.95679999999993,40.87174560546875,5.665185330608168,0.0,1856,686,176.0,499.0
2026-06-18T22:58:03.643566+00:00,55.99199999999983,40.035168457031254,5.819918424137932,0.0,1867,686,181.0,499.0
2026-06-18T22:58:03.743255+00:00,55.75199999999895,39.86005126953125,5.8412399424625585,0.0,1869,686,521.0,499.0
2026-06-18T22:58:04.142937+00:00,55.51200000000026,39.6615283203125,5.921417958611125,0.0,1875,686,538.0,499.0
2026-06-18T22:58:04.247766+00:00,54.54239999999918,39.02822265625,5.944934135457299,0.0,1877,686,41.0,499.0
2026-06-18T22:58:04.348418+00:00,54.300000000000004,38.8370263671875,5.9938455576905545,0.0,1881,686,408.0,499.0
2026-06-18T22:58:04.449091+00:00,54.057600000000825,38.6711474609375,6.026749129069621,0.0,1883,686,205.0,499.0
2026-06-18T22:58:04.548825+00:00,53.81759999999995,38.50658935546875,6.041398547608661,0.0,1884,686,538.0,499.0
2026-06-18T22:58:04.649447+00:00,53.57759999999908,38.32014404296875,6.1115300334232,0.0,1890,686,316.0,499.0
2026-06-18T22:58:04.748749+00:00,53.337600000000386,38.1584228515625,6.1182753626450985,0.0,1890,686,509.0,499.0
2026-06-18T22:58:04.848845+00:00,53.09759999999952,37.97521484375,6.181778923251469,0.0,1895,686,473.0,499.0
2026-06-18T22:58:04.949885+00:00,52.85760000000082,37.815849609375,6.192958412189592,0.0,1896,686,538.0,499.0
2026-06-18T22:58:05.049770+00:00,52.61759999999995,37.666286621093754,6.214140842364309,0.0,1897,686,538.0,499.0
2026-06-18T22:58:05.754070+00:00,51.62499999999882,37.11859130859375,6.087252442523842,0.0,1888,686,11.0,499.0
2026-06-18T22:58:06.159871+00:00,49.86499999999951,36.28491455078125,5.71778173766061,0.0,1860,686,215.0,499.0
2026-06-18T22:58:06.257843+00:00,49.601400000001014,36.2140576171875,5.637147368015754,0.0,1854,686,160.0,499.0
2026-06-18T22:58:06.357873+00:00,49.311399999999956,35.99100830078125,5.744213665842635,0.0,1862,686,212.0,499.0
2026-06-18T22:58:06.458919+00:00,49.021399999998906,35.73831298828125,5.811132963658879,0.0,1867,686,350.0,499.0
2026-06-18T22:58:06.558865+00:00,48.731400000000484,35.5191455078125,5.798855811476439,0.0,1866,686,538.0,499.0
2026-06-18T22:58:06.657861+00:00,48.44139999999943,35.270893554687504,5.861575133515304,0.0,1871,686,337.0,499.0
2026-06-18T22:58:06.757913+00:00,48.15140000000101,35.055625,5.836700807749742,0.0,1869,686,122.0,499.0
2026-06-18T22:58:06.858896+00:00,47.86139999999996,34.93343505859375,5.816087230373484,0.0,1867,686,23.0,499.0
2026-06-18T22:58:06.960000+00:00,47.5713999999989,34.69083984375,5.8222335034113755,0.0,1868,686,508.0,499.0
2026-06-18T22:58:07.058324+00:00,47.28140000000048,34.48052734375,5.81185642145952,0.0,1867,686,59.0,499.0
2026-06-18T22:58:07.157910+00:00,46.99139999999943,34.242412109375,5.815348575328393,0.0,1867,686,538.0,499.0
2026-06-18T22:58:07.257908+00:00,46.68780000000115,34.03602294921875,5.789689588440008,0.0,1865,686,483.0,499.0
2026-06-18T22:58:07.358896+00:00,46.35779999999995,33.83146484375,5.745960105923441,0.0,1862,686,55.0,499.0
2026-06-18T22:58:07.460453+00:00,46.02779999999875,33.5999267578125,5.77677031086862,0.0,1864,686,538.0,499.0
2026-06-18T22:58:07.558928+00:00,45.69780000000055,33.3992919921875,5.763884366386853,0.0,1863,686,364.0,499.0
2026-06-18T22:58:07.659936+00:00,45.361200000001006,33.17223876953125,5.758388351715226,0.0,1863,686,538.0,499.0
2026-06-18T22:58:07.761361+00:00,45.03119999999981,32.97552490234375,5.739353114742634,0.0,1861,686,505.0,499.0
2026-06-18T22:58:07.860987+00:00,44.70119999999861,32.7806396484375,5.677320027736044,0.0,1857,686,67.0,499.0
2026-06-18T22:58:07.960112+00:00,44.37120000000041,32.560146484375004,5.683567674778385,0.0,1857,686,538.0,499.0
2026-06-18T22:58:08.360181+00:00,44.04119999999921,32.45079345703125,5.497359256307466,0.0,1843,686,231.0,499.0
2026-06-18T22:58:09.062887+00:00,41.55600000000013,31.04676025390625,5.196650100772993,0.0,1820,686,7.0,499.0
2026-06-18T22:58:09.164010+00:00,40.11600000000144,30.16942138671875,5.141906242258863,0.0,1816,686,277.0,499.0
2026-06-18T22:58:09.263987+00:00,39.760000000000126,29.94174560546875,5.1726405517655945,0.0,1818,686,379.0,499.0
2026-06-18T22:58:09.664130+00:00,39.40999999999885,29.828894042968752,5.123792541634824,0.0,1815,686,538.0,499.0
2026-06-18T22:58:09.764141+00:00,38.010000000000126,29.03030029296875,4.987891929215291,0.0,1804,686,191.0,499.0
2026-06-18T22:58:09.865039+00:00,37.65650000000132,28.81601806640625,5.022017687359785,0.0,1807,686,253.0,499.0
2026-06-18T22:58:09.963189+00:00,37.31000000000076,28.63064208984375,4.995400622602832,0.0,1805,686,230.0,499.0
2026-06-18T22:58:10.362165+00:00,36.95999999999949,28.42119873046875,5.031374126760346,0.0,1808,686,538.0,499.0
2026-06-18T22:58:10.466445+00:00,35.62239999999874,27.75813720703125,4.845335127648263,0.0,1794,686,4.0,499.0
2026-06-18T22:58:10.867136+00:00,35.299199999999836,27.584189453125,4.914064789590382,0.0,1799,686,538.0,499.0
2026-06-18T22:58:11.571076+00:00,33.07040000000061,26.3287744140625,4.917901490976103,0.0,1799,686,62.0,499.0
2026-06-18T22:58:11.975227+00:00,31.175,25.2620849609375,4.956169177162473,0.0,1802,686,538.0,499.0
2026-06-18T22:58:12.074138+00:00,30.904999999999017,25.116826171875,5.029727872464727,0.0,1808,686,294.0,499.0
2026-06-18T22:58:12.175204+00:00,30.635000000000492,24.952951660156252,5.090570531985208,0.0,1812,686,352.0,499.0
2026-06-18T22:58:12.276385+00:00,30.387799999999153,24.791337890625,5.141435481673453,0.0,1816,686,161.0,499.0
2026-06-18T22:58:12.376220+00:00,30.165599999999905,24.6517626953125,5.128872693900953,0.0,1815,686,538.0,499.0
2026-06-18T22:58:12.477256+00:00,29.945599999999104,24.4943310546875,5.1679014040124756,0.0,1818,686,538.0,499.0
2026-06-18T22:58:12.577193+00:00,29.723399999999856,24.3583837890625,5.152309197341618,0.0,1817,686,538.0,499.0
2026-06-18T22:58:12.678197+00:00,29.50120000000061,24.2050634765625,5.184277238527252,0.0,1819,686,538.0,499.0
2026-06-18T22:58:12.779221+00:00,29.27899999999936,24.072685546875,5.174269495200711,0.0,1819,686,457.0,499.0
2026-06-18T22:58:12.880287+00:00,29.056800000000113,23.923408203125,5.215072678063711,0.0,1822,686,538.0,499.0
2026-06-18T22:58:12.980302+00:00,28.83679999999931,23.79453369140625,5.209874716475503,0.0,1821,686,538.0,499.0
2026-06-18T22:58:13.080240+00:00,28.616800000000513,23.64922607421875,5.248648873069135,0.0,1824,686,393.0,499.0
2026-06-18T22:58:13.181206+00:00,28.39679999999971,23.5237939453125,5.241728904413366,0.0,1824,686,538.0,499.0
2026-06-18T22:58:13.280264+00:00,28.18800000000083,23.3823828125,5.282897729103753,0.0,1827,686,538.0,499.0
2026-06-18T22:58:13.381248+00:00,27.985999999999695,23.3124462890625,5.185034123130132,0.0,1819,686,53.0,499.0
2026-06-18T22:58:13.482266+00:00,27.786000000000787,23.19128173828125,5.256427915640598,0.0,1825,686,242.0,499.0
2026-06-18T22:58:13.582231+00:00,27.58399999999965,23.07166259765625,5.235194650471328,0.0,1823,686,538.0,499.0
2026-06-18T22:58:13.981594+00:00,27.384000000000743,22.9368310546875,5.259316831516892,0.0,1825,686,538.0,499.0
2026-06-18T22:58:14.684472+00:00,25.99409999999989,22.092565917968752,5.1732528109415,0.0,1818,686,78.0,499.0
2026-06-18T22:58:14.788366+00:00,25.230299999999804,21.708291015625,5.103590766000528,0.0,1813,686,122.0,499.0
2026-06-18T22:58:14.886492+00:00,25.040299999999114,21.593847656250002,5.092153222895893,0.0,1812,686,538.0,499.0
2026-06-18T22:58:14.989335+00:00,24.848399999999764,21.49514404296875,5.075285895908682,0.0,1811,686,538.0,499.0
2026-06-18T22:58:15.088317+00:00,24.6584000000008,21.39776611328125,5.040437956511321,0.0,1808,686,74.0,499.0
2026-06-18T22:58:15.188350+00:00,24.46840000000011,21.2880810546875,5.041385434651686,0.0,1808,686,505.0,499.0
2026-06-18T22:58:15.288399+00:00,24.27839999999942,21.180087890625,5.023849361896483,0.0,1807,686,538.0,499.0
2026-06-18T22:58:15.388481+00:00,24.088400000000455,21.086962890625,4.994245750718787,0.0,1805,686,538.0,499.0
2026-06-18T22:58:15.489367+00:00,23.896499999999378,20.98208251953125,4.9702519160214695,0.0,1803,686,341.0,499.0
2026-06-18T22:58:15.590439+00:00,23.704600000000028,20.89165283203125,4.926663294445066,0.0,1800,686,103.0,499.0
2026-06-18T22:58:15.690372+00:00,23.514599999999337,20.789814453125,4.914083731548387,0.0,1799,686,538.0,499.0
2026-06-18T22:58:15.790350+00:00,23.324600000000373,20.70201171875,4.865046377051914,0.0,1795,686,15.0,499.0
2026-06-18T22:58:15.889453+00:00,23.134599999999683,20.60314453125,4.843205446482471,0.0,1793,686,538.0,499.0
2026-06-18T22:58:15.990348+00:00,22.94460000000072,20.5071630859375,4.80982197514383,0.0,1791,686,58.0,499.0
2026-06-18T22:58:16.089357+00:00,22.75460000000003,20.441809082031252,4.7754381174628975,0.0,1788,686,112.0,499.0
2026-06-18T22:58:16.189377+00:00,22.564599999999338,20.312615966796876,4.755054647577095,0.0,1787,686,538.0,499.0
2026-06-18T22:58:16.290356+00:00,22.365999999999985,20.201217041015624,4.7129600505546705,0.0,1784,686,313.0,499.0
2026-06-18T22:58:16.390132+00:00,22.165999999999258,20.09133544921875,4.654156484596082,0.0,1779,686,123.0,499.0
2026-06-18T22:58:16.790927+00:00,21.96600000000035,19.967593994140625,4.634455772293227,0.0,1778,686,538.0,499.0
2026-06-18T22:58:17.492818+00:00,20.55999999999949,18.999515380859375,4.311815138248958,0.0,1753,686,188.0,499.0
2026-06-18T22:58:17.896666+00:00,18.952100000000517,18.104451904296877,3.82530033466512,0.0,1716,686,199.0,499.0
2026-06-18T22:58:17.996215+00:00,18.72209999999968,17.963309326171874,3.7893677673508614,0.0,1713,686,367.0,499.0
2026-06-18T22:58:18.096845+00:00,18.492100000000935,17.82644287109375,3.704550906380258,0.0,1707,686,411.0,499.0
2026-06-18T22:58:18.196592+00:00,18.2621000000001,17.633721923828126,3.6943601236716095,0.0,1706,686,315.0,499.0
2026-06-18T22:58:18.296259+00:00,18.002899999999133,17.439442138671875,3.5921298148063956,0.0,1698,686,141.0,499.0
2026-06-18T22:58:18.396492+00:00,17.73290000000061,17.32960205078125,3.4117621581837367,0.0,1685,686,14.0,499.0
2026-06-18T22:58:18.496623+00:00,17.462899999999625,17.112471923828124,3.4798426011352968,0.0,1690,686,203.0,499.0
2026-06-18T22:58:18.597527+00:00,17.1929000000011,16.915087890625,3.442032609602439,0.0,1687,686,113.0,499.0
2026-06-18T22:58:18.697493+00:00,16.92290000000012,16.700987548828124,3.3635332531441255,0.0,1681,686,45.0,499.0
2026-06-18T22:58:18.797559+00:00,16.652899999999136,16.45983154296875,3.341860632662641,0.0,1680,686,533.0,499.0
2026-06-18T22:58:18.898581+00:00,16.38290000000061,16.222408447265625,3.2790873963020415,0.0,1675,686,334.0,499.0
2026-06-18T22:58:18.997550+00:00,16.112899999999627,16.0177001953125,3.1691653423651873,0.0,1666,686,88.0,499.0
2026-06-18T22:58:19.098561+00:00,15.8429000000011,15.7871875,3.1326253473374495,0.0,1664,686,538.0,499.0
2026-06-18T22:58:19.197529+00:00,15.572900000000118,15.588475341796876,3.049285789650723,0.0,1657,686,282.0,499.0
2026-06-18T22:58:19.297527+00:00,15.266399999998976,15.3556787109375,2.9842151653940627,0.0,1652,686,324.0,499.0
2026-06-18T22:58:19.696982+00:00,14.946400000000722,15.133260498046875,2.9241020291726194,0.0,1648,686,297.0,499.0
2026-06-18T22:58:20.398740+00:00,12.700000000000001,13.60660888671875,2.366045466795465,0.0,1605,686,65.0,499.0
2026-06-18T22:58:20.502639+00:00,11.302800000553843,12.653157958984375,2.1826868535915755,0.0,1592,686,232.0,499.0
2026-06-18T22:58:20.603613+00:00,10.939200000757074,12.40871826171875,2.1420077895279386,0.0,1588,686,82.0,499.0
2026-06-18T22:58:20.703644+00:00,10.579200000955764,12.19816162109375,2.0847426263462037,0.0,1584,686,360.0,499.0
2026-06-18T22:58:20.802622+00:00,10.219200001154455,11.961291503906251,2.0430415065830525,0.0,1581,686,538.0,499.0
2026-06-18T22:58:20.903713+00:00,9.859200001356418,11.873492431640626,1.901863746557547,0.0,1570,686,132.0,499.0
2026-06-18T22:58:21.002667+00:00,9.49920000155511,11.642077636718751,1.887322169892757,0.0,1569,686,538.0,499.0
2026-06-18T22:58:21.102635+00:00,9.139200001757073,11.44280517578125,1.826385945660272,0.0,1565,686,360.0,499.0
2026-06-18T22:58:21.202648+00:00,8.779200001955765,11.218701171875,1.7785678897043242,0.0,1561,686,538.0,499.0
2026-06-18T22:58:21.302677+00:00,8.427000001998497,11.025758056640624,1.588808851996185,0.0,1547,686,37.0,499.0
2026-06-18T22:58:21.402688+00:00,8.077000002000407,10.80881103515625,1.4299013457025564,0.0,1534,686,154.0,499.0
2026-06-18T22:58:21.502669+00:00,7.727000001999134,10.622061767578126,1.1998968156635392,0.0,1517,686,149.0,499.0
2026-06-18T22:58:21.602681+00:00,7.3770000020010436,10.412114257812501,1.0313185184808562,0.0,1504,686,201.0,499.0
2026-06-18T22:58:21.703672+00:00,7.02700000199977,10.231421508789063,1.0,0.0,1502,686,538.0,499.0
2026-06-18T22:58:21.801674+00:00,6.677000001998497,10.028316650390625,1.0,0.0,1502,686,538.0,499.0
2026-06-18T22:58:21.901756+00:00,6.327000002000407,9.853541870117187,0.0,0.0,1426,686,223.0,499.0
2026-06-18T22:58:22.001723+00:00,5.9770000019991345,9.657119750976562,0.0,0.0,1426,686,515.0,499.0
2026-06-18T22:58:22.102698+00:00,5.627000002001044,9.584365844726562,0.0,0.0,1426,686,538.0,499.0
2026-06-18T22:58:22.502314+00:00,5.277000001999771,9.392742309570313,0.0,1.0,1426,742,538.0,499.0
2026-06-18T22:58:23.203165+00:00,1.664000002535687,8.207842407226563,1.5336261876989057,0.0,1542,686,89.0,499.0
2026-06-18T22:58:23.304808+00:00,2.5640099999996345e-09,7.67712158203125,0.0,20.16795835823933,1426,1819,151.0,435.0
2026-06-18T22:58:23.404938+00:00,2.2850100000011574e-09,7.602153930664063,0.0,20.233607519475502,1426,1823,469.0,17.0
2026-06-18T22:58:23.505181+00:00,2.0032199999995736e-09,7.648684692382813,0.0,20.203539777137717,1426,1821,538.0,71.0
2026-06-18T22:58:23.605845+00:00,1.7242200000010963e-09,6.971785888671875,0.0,19.639493332560527,1426,1789,538.0,65.0
2026-06-18T22:58:23.705510+00:00,1.4452200000000812e-09,6.40614501953125,0.0,19.456745684078054,1426,1779,538.0,26.0
2026-06-18T22:58:23.805825+00:00,1.1662199999990662e-09,5.926289672851563,0.0,19.288428597419344,1426,1770,538.0,72.0
2026-06-18T22:58:23.905889+00:00,8.844300000000203e-10,5.552427368164063,0.0,19.15802322365385,1426,1762,538.0,86.0
2026-06-18T22:58:24.006594+00:00,6.054299999990054e-10,5.194605102539063,0.0,19.07330910330642,1426,1758,538.0,343.0
2026-06-18T22:58:24.105816+00:00,3.264300000005278e-10,4.823372497558593,0.0,18.872710973408545,1426,1746,538.0,80.0
2026-06-18T22:58:24.206955+00:00,4.463999999894448e-11,4.469484252929687,0.0,18.727359597496104,1426,1738,538.0,76.0
2026-06-18T22:58:24.307702+00:00,0.0,4.132184143066406,0.0,18.591462033053475,1426,1730,538.0,74.0
2026-06-18T22:58:24.410349+00:00,0.0,3.8584713745117187,0.0,18.48939867576322,1426,1725,538.0,49.0
2026-06-18T22:58:24.507990+00:00,0.0,3.7137234497070315,0.0,18.58400441961333,1426,1730,538.0,65.0
2026-06-18T22:58:24.608725+00:00,0.0,3.4685513305664064,0.0,18.342977035601262,1426,1717,538.0,65.0
2026-06-18T22:58:24.708822+00:00,0.0,3.2005932617187502,0.0,18.229075194104137,1426,1710,538.0,57.0
2026-06-18T22:58:24.809112+00:00,0.0,2.9753005981445315,0.0,18.17895563633551,1426,1707,538.0,352.0
2026-06-18T22:58:24.909898+00:00,0.0,2.75119384765625,0.0,18.05544129407968,1426,1700,538.0,53.0
2026-06-18T22:58:25.009871+00:00,0.0,2.5635879516601565,0.0,18.00580176128845,1426,1698,538.0,499.0
2026-06-18T22:58:25.712414+00:00,0.0,1.8420506286621094,0.0,17.59461622967197,1426,1674,538.0,499.0
2026-06-18T22:58:26.116939+00:00,0.0,1.0537640380859374,0.0,17.28820530895664,1426,1657,538.0,103.0
2026-06-18T22:58:26.516902+00:00,0.0,0.6840510559082031,0.0,17.124591820759324,1426,1648,538.0,113.0
2026-06-18T22:58:26.615896+00:00,0.0,0.5934297943115234,0.0,17.114316200680438,1426,1647,538.0,499.0
2026-06-18T22:58:26.717910+00:00,0.0,0.5367218017578125,0.0,17.11280295496202,1426,1647,538.0,499.0
2026-06-18T22:58:26.818052+00:00,0.0,0.47464092254638673,0.0,17.077056808388356,1426,1645,538.0,499.0
2026-06-18T22:58:26.918014+00:00,0.0,0.44465328216552735,0.0,17.09497045871021,1426,1646,538.0,499.0
2026-06-18T22:58:27.016926+00:00,0.0,0.3938041687011719,0.0,17.05002638226717,1426,1644,538.0,499.0
2026-06-18T22:58:27.116963+00:00,0.0,0.33814067840576173,0.0,17.0179846530081,1426,1642,538.0,54.0
2026-06-18T22:58:27.215929+00:00,0.0,0.29149120330810546,0.0,16.9972685670973,1426,1641,538.0,499.0
2026-06-18T22:58:27.316168+00:00,0.0,0.24042713165283203,0.0,16.9741901934744,1426,1640,538.0,499.0
2026-06-18T22:58:27.417941+00:00,0.0,0.19763408660888673,0.0,16.954838864100083,1426,1639,538.0,499.0
2026-06-18T22:58:27.516971+00:00,0.0,0.15653103828430176,0.0,16.941942474543808,1426,1638,538.0,499.0
2026-06-18T22:58:27.617041+00:00,0.0,0.11154088020324707,0.0,16.91523767267475,1426,1636,538.0,47.0
2026-06-18T22:58:27.715967+00:00,0.0,0.07383998870849609,0.0,16.90273566294585,1426,1636,538.0,499.0
2026-06-18T22:58:27.817177+00:00,0.0,0.028415184020996093,0.0,16.871969641093358,1426,1634,538.0,499.0
2026-06-18T22:58:28.519543+00:00,0.0,0.0,0.0,16.878324856371535,1426,1634,538.0,499.0
